gene,culture_condition,n_sig
A1BG,Rest,0
A1BG,Stim48hr,0
A1BG,Stim8hr,0
A2M,Rest,0
A2M,Stim48hr,0
A2M,Stim8hr,0
AAAS,Rest,0
AAAS,Stim48hr,0
AAAS,Stim8hr,0
AACS,Rest,0
AACS,Stim48hr,0
AACS,Stim8hr,0
AAGAB,Rest,0
AAGAB,Stim48hr,0
AAGAB,Stim8hr,0
AAK1,Rest,0
AAK1,Stim48hr,0
AAK1,Stim8hr,0
AAMDC,Rest,0
AAMDC,Stim48hr,0
AAMDC,Stim8hr,0
AAR2,Rest,0
AAR2,Stim48hr,1
AAR2,Stim8hr,0
AARS2,Rest,0
AARSD1,Rest,0
AARSD1,Stim48hr,0
AARSD1,Stim8hr,0
AASDH,Rest,0
AASDH,Stim48hr,0
AASDH,Stim8hr,0
AASDHPPT,Rest,0
AASDHPPT,Stim48hr,0
AASDHPPT,Stim8hr,0
AASS,Rest,0
AASS,Stim48hr,0
AASS,Stim8hr,0
ABAT,Rest,0
ABAT,Stim48hr,0
ABAT,Stim8hr,0
ABCA1,Rest,1
ABCA1,Stim48hr,1
ABCA1,Stim8hr,1
ABCA2,Rest,0
ABCA2,Stim48hr,0
ABCA2,Stim8hr,0
ABCA3,Rest,0
ABCA3,Stim48hr,2
ABCA3,Stim8hr,0
ABCA5,Rest,0
ABCA5,Stim48hr,0
ABCA5,Stim8hr,0
ABCA7,Rest,0
ABCA7,Stim48hr,0
ABCA7,Stim8hr,0
ABCB1,Rest,0
ABCB1,Stim48hr,0
ABCB1,Stim8hr,0
ABCB6,Rest,0
ABCB6,Stim48hr,0
ABCB6,Stim8hr,0
ABCB7,Stim8hr,1
ABCB8,Rest,0
ABCB8,Stim48hr,0
ABCB8,Stim8hr,0
ABCB9,Rest,0
ABCB9,Stim48hr,0
ABCB9,Stim8hr,0
ABCC1,Rest,1
ABCC1,Stim48hr,0
ABCC1,Stim8hr,0
ABCC10,Rest,0
ABCC10,Stim48hr,0
ABCC10,Stim8hr,0
ABCC2,Rest,0
ABCC2,Stim48hr,0
ABCC2,Stim8hr,0
ABCC3,Rest,0
ABCC3,Stim48hr,0
ABCC3,Stim8hr,0
ABCC4,Rest,0
ABCC4,Stim48hr,0
ABCC4,Stim8hr,0
ABCC5,Rest,0
ABCC5,Stim48hr,0
ABCC5,Stim8hr,0
ABCC8,Rest,0
ABCC8,Stim48hr,0
ABCC8,Stim8hr,0
ABCD2,Rest,3
ABCD2,Stim48hr,0
ABCD2,Stim8hr,1
ABCD3,Rest,0
ABCD3,Stim48hr,0
ABCD3,Stim8hr,0
ABCD4,Rest,0
ABCD4,Stim48hr,0
ABCD4,Stim8hr,0
ABCE1,Rest,0
ABCE1,Stim48hr,0
ABCE1,Stim8hr,0
ABCF2,Rest,0
ABCF2,Stim48hr,0
ABCF2,Stim8hr,0
ABCF3,Rest,0
ABCF3,Stim48hr,0
ABCF3,Stim8hr,0
ABCG1,Rest,0
ABCG1,Stim48hr,0
ABCG1,Stim8hr,0
ABHD10,Rest,0
ABHD10,Stim48hr,0
ABHD10,Stim8hr,0
ABHD11,Rest,0
ABHD11,Stim48hr,0
ABHD11,Stim8hr,0
ABHD12,Rest,0
ABHD12,Stim48hr,0
ABHD12,Stim8hr,0
ABHD13,Rest,2
ABHD13,Stim48hr,0
ABHD13,Stim8hr,2
ABHD14A,Rest,0
ABHD14A,Stim48hr,0
ABHD14A,Stim8hr,0
ABHD14B,Rest,1
ABHD14B,Stim48hr,0
ABHD14B,Stim8hr,0
ABHD15,Stim48hr,0
ABHD16A,Rest,0
ABHD16A,Stim48hr,0
ABHD16A,Stim8hr,0
ABHD16B,Rest,3
ABHD16B,Stim48hr,0
ABHD16B,Stim8hr,0
ABHD17A,Rest,0
ABHD17A,Stim48hr,0
ABHD17A,Stim8hr,0
ABHD17B,Rest,0
ABHD17B,Stim48hr,0
ABHD17B,Stim8hr,0
ABHD18,Rest,0
ABHD18,Stim48hr,0
ABHD18,Stim8hr,0
ABHD2,Rest,0
ABHD2,Stim48hr,0
ABHD2,Stim8hr,0
ABHD3,Rest,0
ABHD3,Stim48hr,0
ABHD3,Stim8hr,0
ABHD4,Rest,0
ABHD4,Stim48hr,0
ABHD4,Stim8hr,0
ABHD5,Rest,1
ABHD5,Stim48hr,0
ABHD5,Stim8hr,0
ABHD6,Rest,2
ABHD6,Stim48hr,0
ABHD6,Stim8hr,0
ABHD8,Rest,0
ABHD8,Stim48hr,0
ABHD8,Stim8hr,0
ABI1,Rest,0
ABI1,Stim48hr,0
ABI1,Stim8hr,0
ABI2,Rest,0
ABI2,Stim48hr,0
ABI2,Stim8hr,0
ABI3,Rest,1
ABI3,Stim48hr,0
ABI3,Stim8hr,0
ABITRAM,Rest,0
ABITRAM,Stim48hr,0
ABITRAM,Stim8hr,0
ABL1,Rest,1
ABL1,Stim48hr,0
ABL1,Stim8hr,0
ABL2,Rest,0
ABL2,Stim48hr,0
ABL2,Stim8hr,0
ABLIM3,Rest,0
ABLIM3,Stim48hr,0
ABLIM3,Stim8hr,0
ABRACL,Rest,0
ABRACL,Stim48hr,0
ABRACL,Stim8hr,0
ABRAXAS1,Rest,0
ABRAXAS1,Stim48hr,0
ABRAXAS1,Stim8hr,0
ABRAXAS2,Rest,0
ABRAXAS2,Stim48hr,0
ABRAXAS2,Stim8hr,0
ABT1,Stim8hr,0
ABTB1,Rest,0
ABTB1,Stim48hr,0
ABTB1,Stim8hr,0
ABTB2,Rest,0
ABTB2,Stim48hr,0
ABTB2,Stim8hr,0
ABTB3,Rest,0
ABTB3,Stim48hr,0
ABTB3,Stim8hr,0
ACAA1,Rest,0
ACAA1,Stim48hr,0
ACAA1,Stim8hr,0
ACAA2,Rest,0
ACAA2,Stim48hr,0
ACAA2,Stim8hr,0
ACACA,Rest,0
ACACA,Stim48hr,0
ACACA,Stim8hr,0
ACACB,Rest,0
ACACB,Stim48hr,0
ACACB,Stim8hr,0
ACAD10,Rest,0
ACAD10,Stim48hr,0
ACAD10,Stim8hr,0
ACAD11,Rest,2
ACAD11,Stim48hr,1
ACAD11,Stim8hr,3
ACAD8,Rest,0
ACAD8,Stim48hr,0
ACAD8,Stim8hr,0
ACAD9,Rest,0
ACAD9,Stim48hr,1
ACAD9,Stim8hr,0
ACADM,Rest,0
ACADM,Stim48hr,0
ACADM,Stim8hr,0
ACADS,Rest,0
ACADS,Stim48hr,0
ACADS,Stim8hr,0
ACADSB,Rest,0
ACADSB,Stim48hr,0
ACADSB,Stim8hr,0
ACADVL,Rest,0
ACADVL,Stim48hr,0
ACADVL,Stim8hr,0
ACAP1,Rest,0
ACAP1,Stim48hr,0
ACAP1,Stim8hr,1
ACAP2,Rest,0
ACAP2,Stim48hr,0
ACAP2,Stim8hr,0
ACAP3,Rest,0
ACAP3,Stim48hr,0
ACAP3,Stim8hr,0
ACAT1,Rest,0
ACAT1,Stim48hr,0
ACAT1,Stim8hr,0
ACAT2,Rest,0
ACAT2,Stim48hr,0
ACAT2,Stim8hr,0
ACBD3,Rest,0
ACBD3,Stim48hr,0
ACBD3,Stim8hr,0
ACBD4,Rest,0
ACBD4,Stim48hr,0
ACBD4,Stim8hr,0
ACBD5,Rest,0
ACBD5,Stim48hr,0
ACBD5,Stim8hr,0
ACBD6,Rest,0
ACBD6,Stim48hr,0
ACBD6,Stim8hr,0
ACCS,Rest,0
ACCS,Stim48hr,0
ACCS,Stim8hr,0
ACD,Stim48hr,0
ACE,Rest,0
ACE,Stim48hr,0
ACE,Stim8hr,0
ACER1,Rest,0
ACER1,Stim48hr,0
ACER1,Stim8hr,0
ACER2,Rest,0
ACER2,Stim48hr,0
ACER2,Stim8hr,0
ACER3,Rest,0
ACER3,Stim48hr,0
ACER3,Stim8hr,0
ACIN1,Rest,0
ACIN1,Stim48hr,0
ACIN1,Stim8hr,0
ACKR3,Rest,0
ACKR3,Stim48hr,0
ACKR3,Stim8hr,0
ACLY,Rest,0
ACLY,Stim48hr,7
ACLY,Stim8hr,0
ACO1,Rest,0
ACO1,Stim48hr,0
ACO1,Stim8hr,0
ACO2,Rest,0
ACO2,Stim48hr,0
ACO2,Stim8hr,0
ACOT13,Rest,0
ACOT13,Stim48hr,0
ACOT13,Stim8hr,0
ACOT2,Rest,0
ACOT2,Stim48hr,0
ACOT2,Stim8hr,0
ACOT4,Rest,0
ACOT4,Stim48hr,0
ACOT4,Stim8hr,0
ACOT7,Rest,0
ACOT7,Stim48hr,0
ACOT7,Stim8hr,0
ACOT8,Rest,0
ACOT8,Stim48hr,0
ACOT8,Stim8hr,0
ACOT9,Rest,0
ACOT9,Stim48hr,0
ACOT9,Stim8hr,0
ACOX1,Rest,0
ACOX1,Stim48hr,0
ACOX1,Stim8hr,0
ACOX3,Rest,0
ACOX3,Stim48hr,0
ACOX3,Stim8hr,0
ACP1,Rest,0
ACP1,Stim48hr,0
ACP1,Stim8hr,0
ACP2,Rest,0
ACP2,Stim48hr,0
ACP2,Stim8hr,0
ACP5,Rest,0
ACP5,Stim48hr,0
ACP5,Stim8hr,0
ACP6,Rest,0
ACP6,Stim48hr,0
ACP6,Stim8hr,0
ACRBP,Rest,0
ACRBP,Stim48hr,0
ACRBP,Stim8hr,0
ACSF2,Rest,0
ACSF2,Stim48hr,0
ACSF2,Stim8hr,0
ACSF3,Rest,0
ACSF3,Stim48hr,0
ACSF3,Stim8hr,0
ACSL1,Rest,0
ACSL1,Stim48hr,0
ACSL1,Stim8hr,0
ACSL3,Rest,0
ACSL3,Stim48hr,0
ACSL3,Stim8hr,0
ACSL4,Rest,0
ACSL4,Stim48hr,0
ACSL4,Stim8hr,0
ACSL5,Rest,0
ACSL5,Stim48hr,0
ACSL5,Stim8hr,0
ACSL6,Rest,1
ACSL6,Stim48hr,0
ACSL6,Stim8hr,0
ACSM3,Rest,0
ACSM3,Stim48hr,0
ACSM3,Stim8hr,0
ACSS1,Rest,0
ACSS1,Stim48hr,0
ACSS1,Stim8hr,0
ACSS2,Rest,0
ACSS2,Stim48hr,0
ACSS2,Stim8hr,0
ACTA2,Rest,0
ACTA2,Stim48hr,0
ACTA2,Stim8hr,0
ACTB,Rest,0
ACTB,Stim48hr,0
ACTB,Stim8hr,0
ACTG1,Rest,0
ACTG1,Stim48hr,0
ACTG1,Stim8hr,0
ACTMAP,Rest,0
ACTMAP,Stim48hr,0
ACTMAP,Stim8hr,0
ACTN1,Rest,0
ACTN1,Stim48hr,0
ACTN1,Stim8hr,0
ACTN4,Rest,0
ACTN4,Stim48hr,0
ACTN4,Stim8hr,0
ACTR1A,Rest,0
ACTR1A,Stim48hr,0
ACTR1A,Stim8hr,0
ACTR1B,Rest,0
ACTR1B,Stim48hr,0
ACTR1B,Stim8hr,0
ACTR2,Rest,0
ACTR2,Stim48hr,2
ACTR2,Stim8hr,4
ACTR3,Rest,0
ACTR3,Stim48hr,0
ACTR3,Stim8hr,0
ACTR3B,Rest,0
ACTR3B,Stim48hr,0
ACTR3B,Stim8hr,0
ACTR3C,Rest,0
ACTR3C,Stim48hr,0
ACTR3C,Stim8hr,0
ACTR5,Rest,0
ACTR5,Stim48hr,0
ACTR5,Stim8hr,0
ACTR8,Rest,2
ACTR8,Stim48hr,2
ACTR8,Stim8hr,4
ACVR1,Rest,0
ACVR1,Stim48hr,0
ACVR1,Stim8hr,0
ACVR1B,Rest,0
ACVR1B,Stim48hr,0
ACVR1B,Stim8hr,0
ACVR1C,Rest,0
ACVR1C,Stim48hr,0
ACVR1C,Stim8hr,0
ACVR2A,Rest,0
ACVR2A,Stim48hr,0
ACVR2A,Stim8hr,0
ACVR2B,Rest,0
ACVR2B,Stim48hr,0
ACVR2B,Stim8hr,0
ACY1,Rest,0
ACY1,Stim48hr,0
ACY1,Stim8hr,0
ACYP1,Rest,0
ACYP1,Stim48hr,0
ACYP1,Stim8hr,0
ACYP2,Rest,0
ACYP2,Stim48hr,0
ACYP2,Stim8hr,0
ADA,Rest,0
ADA,Stim48hr,0
ADA,Stim8hr,0
ADA2,Rest,0
ADA2,Stim48hr,0
ADA2,Stim8hr,0
ADAM10,Rest,0
ADAM10,Stim48hr,0
ADAM10,Stim8hr,0
ADAM12,Rest,0
ADAM12,Stim48hr,0
ADAM12,Stim8hr,0
ADAM15,Rest,0
ADAM15,Stim48hr,1
ADAM15,Stim8hr,0
ADAM17,Rest,0
ADAM17,Stim48hr,0
ADAM17,Stim8hr,0
ADAM19,Rest,3
ADAM19,Stim48hr,0
ADAM19,Stim8hr,0
ADAM22,Rest,0
ADAM22,Stim48hr,0
ADAM22,Stim8hr,0
ADAM23,Rest,0
ADAM23,Stim48hr,0
ADAM23,Stim8hr,0
ADAM28,Rest,0
ADAM28,Stim48hr,0
ADAM28,Stim8hr,0
ADAM8,Rest,0
ADAM8,Stim48hr,0
ADAM8,Stim8hr,0
ADAM9,Rest,0
ADAM9,Stim48hr,0
ADAM9,Stim8hr,0
ADAMTS1,Rest,0
ADAMTS1,Stim48hr,0
ADAMTS1,Stim8hr,0
ADAMTS10,Rest,2
ADAMTS10,Stim48hr,0
ADAMTS10,Stim8hr,0
ADAMTS17,Rest,0
ADAMTS17,Stim48hr,0
ADAMTS17,Stim8hr,0
ADAMTS6,Rest,0
ADAMTS6,Stim48hr,0
ADAMTS6,Stim8hr,0
ADAMTSL5,Rest,0
ADAMTSL5,Stim48hr,0
ADAMTSL5,Stim8hr,0
ADAP1,Rest,0
ADAP1,Stim48hr,0
ADAP1,Stim8hr,0
ADAR,Stim48hr,0
ADAR,Stim8hr,0
ADARB1,Rest,0
ADARB1,Stim48hr,0
ADARB1,Stim8hr,0
ADARB2,Rest,0
ADARB2,Stim48hr,0
ADARB2,Stim8hr,0
ADAT1,Rest,0
ADAT1,Stim48hr,0
ADAT1,Stim8hr,0
ADAT2,Rest,1
ADAT2,Stim48hr,0
ADAT2,Stim8hr,2
ADAT3,Rest,1
ADAT3,Stim48hr,0
ADAT3,Stim8hr,2
ADCK1,Rest,0
ADCK1,Stim48hr,0
ADCK1,Stim8hr,0
ADCK2,Rest,0
ADCK2,Stim48hr,0
ADCK2,Stim8hr,0
ADCK5,Rest,0
ADCK5,Stim48hr,0
ADCK5,Stim8hr,0
ADCY1,Rest,0
ADCY1,Stim48hr,0
ADCY1,Stim8hr,0
ADCY3,Rest,0
ADCY3,Stim48hr,0
ADCY3,Stim8hr,0
ADCY4,Rest,0
ADCY4,Stim48hr,0
ADCY4,Stim8hr,0
ADCY7,Rest,0
ADCY7,Stim48hr,0
ADCY7,Stim8hr,0
ADCY9,Rest,0
ADCY9,Stim48hr,0
ADCY9,Stim8hr,0
ADD1,Rest,0
ADD1,Stim48hr,0
ADD1,Stim8hr,0
ADD2,Rest,0
ADD2,Stim48hr,0
ADD2,Stim8hr,0
ADD3,Rest,0
ADD3,Stim48hr,0
ADD3,Stim8hr,0
ADGRA3,Rest,0
ADGRA3,Stim48hr,0
ADGRA3,Stim8hr,0
ADGRB2,Rest,0
ADGRB2,Stim48hr,0
ADGRB2,Stim8hr,0
ADGRE2,Rest,0
ADGRE2,Stim48hr,0
ADGRE2,Stim8hr,0
ADGRE5,Rest,0
ADGRE5,Stim48hr,0
ADGRE5,Stim8hr,0
ADGRG1,Rest,0
ADGRG1,Stim48hr,0
ADGRG1,Stim8hr,0
ADGRG5,Rest,0
ADGRG5,Stim48hr,0
ADGRG5,Stim8hr,0
ADGRL1,Rest,0
ADGRL1,Stim48hr,0
ADGRL1,Stim8hr,0
ADGRV1,Rest,0
ADGRV1,Stim48hr,0
ADGRV1,Stim8hr,0
ADH1B,Rest,0
ADH1B,Stim48hr,0
ADH1B,Stim8hr,0
ADH5,Rest,0
ADH5,Stim48hr,0
ADH5,Stim8hr,0
ADHFE1,Rest,0
ADHFE1,Stim48hr,0
ADHFE1,Stim8hr,0
ADI1,Rest,0
ADI1,Stim48hr,0
ADI1,Stim8hr,0
ADIPOR1,Rest,0
ADIPOR1,Stim48hr,0
ADIPOR1,Stim8hr,0
ADIPOR2,Rest,0
ADIPOR2,Stim48hr,0
ADIPOR2,Stim8hr,0
ADIRF,Rest,0
ADIRF,Stim48hr,0
ADIRF,Stim8hr,0
ADISSP,Rest,0
ADISSP,Stim48hr,0
ADISSP,Stim8hr,0
ADK,Rest,1
ADK,Stim48hr,0
ADK,Stim8hr,0
ADM,Rest,0
ADM,Stim48hr,0
ADM,Stim8hr,0
ADM5,Rest,0
ADM5,Stim48hr,0
ADM5,Stim8hr,0
ADNP,Rest,0
ADNP,Stim48hr,0
ADNP,Stim8hr,0
ADNP2,Rest,0
ADNP2,Stim48hr,1
ADNP2,Stim8hr,0
ADO,Rest,0
ADO,Stim48hr,0
ADO,Stim8hr,1
ADORA2A,Rest,0
ADORA2A,Stim48hr,0
ADORA2A,Stim8hr,1
ADORA2B,Rest,2
ADORA2B,Stim48hr,0
ADORA2B,Stim8hr,0
ADPGK,Rest,0
ADPGK,Stim48hr,0
ADPGK,Stim8hr,0
ADPRH,Rest,2
ADPRH,Stim48hr,0
ADPRH,Stim8hr,0
ADPRM,Rest,0
ADPRM,Stim48hr,0
ADPRM,Stim8hr,0
ADPRS,Rest,0
ADPRS,Stim48hr,0
ADPRS,Stim8hr,0
ADRB2,Rest,3
ADRB2,Stim48hr,0
ADRB2,Stim8hr,0
ADRM1,Rest,0
ADRM1,Stim48hr,0
ADRM1,Stim8hr,0
ADSS2,Rest,1
ADSS2,Stim8hr,0
ADTRP,Rest,0
ADTRP,Stim48hr,0
ADTRP,Stim8hr,0
AEBP1,Rest,0
AEBP1,Stim48hr,0
AEBP1,Stim8hr,0
AEBP2,Rest,0
AEBP2,Stim48hr,1
AEBP2,Stim8hr,0
AEN,Rest,0
AEN,Stim48hr,0
AEN,Stim8hr,0
AFAP1,Rest,0
AFAP1,Stim8hr,0
AFAP1L2,Rest,0
AFAP1L2,Stim48hr,0
AFAP1L2,Stim8hr,0
AFDN,Rest,0
AFDN,Stim48hr,0
AFDN,Stim8hr,0
AFF1,Rest,0
AFF1,Stim48hr,0
AFF1,Stim8hr,0
AFF2,Rest,0
AFF2,Stim48hr,0
AFF2,Stim8hr,0
AFF3,Rest,0
AFF3,Stim48hr,0
AFF3,Stim8hr,0
AFF4,Rest,0
AFF4,Stim48hr,0
AFF4,Stim8hr,0
AFG2A,Stim8hr,0
AFG2B,Rest,0
AFG2B,Stim48hr,0
AFG2B,Stim8hr,0
AFG3L2,Rest,0
AFG3L2,Stim48hr,1
AFG3L2,Stim8hr,0
AFMID,Rest,0
AFMID,Stim48hr,0
AFMID,Stim8hr,0
AFTPH,Rest,0
AFTPH,Stim48hr,0
AFTPH,Stim8hr,0
AGA,Rest,0
AGA,Stim48hr,0
AGA,Stim8hr,0
AGAP1,Rest,0
AGAP1,Stim48hr,0
AGAP1,Stim8hr,0
AGAP2,Rest,0
AGAP2,Stim48hr,0
AGAP2,Stim8hr,0
AGAP3,Rest,0
AGAP3,Stim48hr,0
AGAP3,Stim8hr,0
AGAP4,Rest,0
AGAP4,Stim48hr,0
AGAP4,Stim8hr,0
AGAP5,Rest,0
AGAP5,Stim48hr,0
AGAP5,Stim8hr,0
AGAP6,Rest,0
AGAP6,Stim48hr,0
AGAP6,Stim8hr,0
AGAP9,Rest,0
AGAP9,Stim48hr,0
AGAP9,Stim8hr,0
AGBL2,Rest,0
AGBL2,Stim48hr,0
AGBL2,Stim8hr,0
AGBL5,Rest,0
AGBL5,Stim48hr,0
AGBL5,Stim8hr,0
AGER,Rest,0
AGER,Stim48hr,0
AGER,Stim8hr,0
AGFG1,Rest,0
AGFG1,Stim48hr,0
AGFG1,Stim8hr,0
AGFG2,Rest,0
AGFG2,Stim48hr,0
AGFG2,Stim8hr,0
AGGF1,Rest,0
AGGF1,Stim48hr,0
AGGF1,Stim8hr,0
AGK,Rest,0
AGK,Stim48hr,0
AGK,Stim8hr,0
AGL,Rest,0
AGL,Stim48hr,0
AGL,Stim8hr,0
AGMAT,Rest,0
AGMAT,Stim48hr,0
AGMAT,Stim8hr,0
AGO1,Rest,0
AGO1,Stim48hr,0
AGO1,Stim8hr,0
AGO2,Rest,1
AGO2,Stim48hr,0
AGO2,Stim8hr,0
AGO3,Rest,0
AGO3,Stim48hr,0
AGO3,Stim8hr,0
AGO4,Stim48hr,0
AGO4,Stim8hr,0
AGPAT1,Rest,4
AGPAT1,Stim48hr,0
AGPAT1,Stim8hr,1
AGPAT2,Rest,0
AGPAT2,Stim48hr,0
AGPAT2,Stim8hr,0
AGPAT3,Rest,0
AGPAT3,Stim48hr,0
AGPAT3,Stim8hr,0
AGPAT4,Rest,0
AGPAT4,Stim48hr,0
AGPAT4,Stim8hr,0
AGPAT5,Rest,0
AGPAT5,Stim48hr,0
AGPAT5,Stim8hr,0
AGPS,Rest,0
AGPS,Stim48hr,0
AGPS,Stim8hr,0
AGR2,Rest,2
AGR2,Stim48hr,0
AGR2,Stim8hr,0
AGR3,Rest,0
AGR3,Stim48hr,0
AGR3,Stim8hr,0
AGRN,Rest,0
AGRN,Stim48hr,0
AGRN,Stim8hr,0
AGTPBP1,Rest,1
AGTPBP1,Stim48hr,0
AGTPBP1,Stim8hr,0
AGTRAP,Rest,0
AGTRAP,Stim48hr,0
AGTRAP,Stim8hr,0
AHCYL1,Rest,0
AHCYL1,Stim48hr,0
AHCYL1,Stim8hr,0
AHCYL2,Rest,0
AHCYL2,Stim48hr,0
AHCYL2,Stim8hr,0
AHDC1,Rest,0
AHDC1,Stim48hr,0
AHDC1,Stim8hr,0
AHI1,Rest,0
AHI1,Stim48hr,0
AHI1,Stim8hr,0
AHNAK,Rest,2
AHNAK,Stim48hr,0
AHNAK,Stim8hr,0
AHR,Rest,6
AHR,Stim48hr,1
AHR,Stim8hr,3
AHRR,Rest,0
AHRR,Stim48hr,0
AHRR,Stim8hr,0
AHSA1,Rest,0
AHSA1,Stim48hr,0
AHSA1,Stim8hr,0
AHSP,Rest,0
AHSP,Stim48hr,0
AHSP,Stim8hr,0
AIDA,Rest,0
AIDA,Stim48hr,0
AIDA,Stim8hr,0
AIF1,Rest,0
AIF1,Stim48hr,0
AIF1,Stim8hr,0
AIFM1,Rest,1
AIFM1,Stim48hr,0
AIFM1,Stim8hr,1
AIFM2,Rest,0
AIFM2,Stim48hr,0
AIFM2,Stim8hr,0
AIG1,Rest,0
AIG1,Stim48hr,0
AIG1,Stim8hr,0
AIM2,Rest,0
AIM2,Stim48hr,0
AIM2,Stim8hr,0
AIMP1,Rest,1
AIMP1,Stim48hr,0
AIMP1,Stim8hr,0
AIMP2,Rest,0
AIMP2,Stim48hr,0
AIMP2,Stim8hr,0
AIP,Rest,0
AIP,Stim48hr,0
AIP,Stim8hr,0
AIRE,Rest,0
AIRE,Stim48hr,0
AIRE,Stim8hr,0
AIRIM,Rest,0
AIRIM,Stim48hr,0
AIRIM,Stim8hr,1
AJAP1,Rest,0
AJAP1,Stim48hr,0
AJAP1,Stim8hr,0
AK1,Rest,0
AK1,Stim48hr,0
AK1,Stim8hr,0
AK3,Rest,1
AK3,Stim48hr,0
AK3,Stim8hr,0
AK4,Rest,0
AK4,Stim48hr,0
AK4,Stim8hr,0
AK5,Rest,0
AK5,Stim8hr,1
AK9,Rest,0
AK9,Stim48hr,0
AK9,Stim8hr,0
AKAP1,Rest,0
AKAP1,Stim48hr,0
AKAP1,Stim8hr,0
AKAP10,Rest,0
AKAP10,Stim48hr,0
AKAP10,Stim8hr,0
AKAP11,Rest,0
AKAP11,Stim48hr,0
AKAP11,Stim8hr,0
AKAP12,Rest,0
AKAP12,Stim48hr,0
AKAP12,Stim8hr,0
AKAP13,Rest,0
AKAP13,Stim48hr,0
AKAP13,Stim8hr,0
AKAP17A,Rest,1
AKAP17A,Stim48hr,0
AKAP17A,Stim8hr,1
AKAP19,Rest,0
AKAP19,Stim48hr,0
AKAP19,Stim8hr,0
AKAP5,Rest,0
AKAP5,Stim48hr,0
AKAP5,Stim8hr,0
AKAP7,Rest,0
AKAP7,Stim48hr,0
AKAP7,Stim8hr,0
AKAP8,Rest,0
AKAP8,Stim48hr,0
AKAP8,Stim8hr,0
AKAP8L,Rest,0
AKAP8L,Stim48hr,0
AKAP8L,Stim8hr,0
AKAP9,Rest,0
AKAP9,Stim48hr,0
AKAP9,Stim8hr,0
AKIP1,Rest,0
AKIP1,Stim48hr,0
AKIP1,Stim8hr,0
AKIRIN1,Rest,0
AKIRIN1,Stim48hr,0
AKIRIN1,Stim8hr,0
AKIRIN2,Rest,0
AKIRIN2,Stim48hr,0
AKIRIN2,Stim8hr,0
AKNA,Rest,0
AKNA,Stim48hr,0
AKNA,Stim8hr,0
AKR1A1,Rest,0
AKR1A1,Stim48hr,0
AKR1A1,Stim8hr,0
AKR1B1,Rest,0
AKR1B1,Stim48hr,0
AKR1B1,Stim8hr,0
AKR1C1,Rest,2
AKR1C1,Stim48hr,0
AKR1C1,Stim8hr,0
AKR1C3,Rest,5
AKR1C3,Stim48hr,0
AKR1C3,Stim8hr,0
AKR1E2,Rest,0
AKR1E2,Stim48hr,0
AKR1E2,Stim8hr,0
AKR7A2,Rest,0
AKR7A2,Stim48hr,0
AKR7A2,Stim8hr,0
AKR7A3,Rest,0
AKR7A3,Stim48hr,0
AKR7A3,Stim8hr,0
AKT1,Rest,0
AKT1,Stim48hr,0
AKT1,Stim8hr,0
AKT1S1,Rest,0
AKT1S1,Stim48hr,0
AKT1S1,Stim8hr,0
AKT2,Rest,0
AKT2,Stim48hr,0
AKT2,Stim8hr,0
AKT3,Rest,0
AKT3,Stim48hr,0
AKT3,Stim8hr,0
AKTIP,Rest,0
AKTIP,Stim48hr,0
AKTIP,Stim8hr,0
ALAD,Rest,0
ALAD,Stim48hr,0
ALAD,Stim8hr,0
ALAS1,Rest,0
ALAS1,Stim48hr,0
ALAS1,Stim8hr,0
ALAS2,Rest,0
ALAS2,Stim48hr,0
ALAS2,Stim8hr,0
ALCAM,Rest,0
ALCAM,Stim48hr,0
ALCAM,Stim8hr,0
ALDH16A1,Rest,0
ALDH16A1,Stim48hr,0
ALDH16A1,Stim8hr,0
ALDH18A1,Rest,1
ALDH18A1,Stim48hr,0
ALDH18A1,Stim8hr,1
ALDH1A1,Rest,0
ALDH1A1,Stim48hr,0
ALDH1A1,Stim8hr,0
ALDH1B1,Rest,0
ALDH1B1,Stim48hr,0
ALDH1B1,Stim8hr,0
ALDH2,Rest,0
ALDH2,Stim48hr,0
ALDH2,Stim8hr,0
ALDH3A2,Rest,0
ALDH3A2,Stim48hr,0
ALDH3A2,Stim8hr,0
ALDH5A1,Rest,0
ALDH5A1,Stim48hr,0
ALDH5A1,Stim8hr,0
ALDH7A1,Rest,0
ALDH7A1,Stim48hr,0
ALDH7A1,Stim8hr,0
ALDH8A1,Rest,0
ALDH8A1,Stim48hr,0
ALDH8A1,Stim8hr,0
ALDH9A1,Rest,0
ALDH9A1,Stim48hr,0
ALDH9A1,Stim8hr,0
ALDOA,Rest,0
ALDOA,Stim48hr,0
ALDOA,Stim8hr,1
ALDOC,Rest,0
ALDOC,Stim48hr,0
ALDOC,Stim8hr,0
ALG1,Rest,1
ALG1,Stim48hr,0
ALG1,Stim8hr,3
ALG10,Rest,0
ALG10,Stim48hr,0
ALG10,Stim8hr,0
ALG10B,Rest,1
ALG10B,Stim48hr,0
ALG10B,Stim8hr,0
ALG12,Rest,1
ALG12,Stim48hr,0
ALG12,Stim8hr,1
ALG13,Rest,1
ALG13,Stim48hr,0
ALG13,Stim8hr,0
ALG14,Rest,0
ALG14,Stim48hr,1
ALG14,Stim8hr,1
ALG2,Rest,0
ALG2,Stim48hr,0
ALG2,Stim8hr,1
ALG3,Rest,0
ALG3,Stim48hr,0
ALG3,Stim8hr,1
ALG5,Rest,1
ALG5,Stim48hr,0
ALG5,Stim8hr,0
ALG6,Rest,2
ALG6,Stim48hr,0
ALG6,Stim8hr,2
ALG8,Rest,2
ALG8,Stim48hr,0
ALG8,Stim8hr,3
ALG9,Rest,0
ALG9,Stim48hr,0
ALG9,Stim8hr,0
ALKAL2,Rest,0
ALKAL2,Stim48hr,0
ALKAL2,Stim8hr,0
ALKBH1,Rest,0
ALKBH1,Stim48hr,0
ALKBH1,Stim8hr,0
ALKBH2,Rest,1
ALKBH2,Stim48hr,0
ALKBH2,Stim8hr,0
ALKBH3,Rest,0
ALKBH3,Stim48hr,0
ALKBH3,Stim8hr,0
ALKBH4,Rest,0
ALKBH4,Stim48hr,0
ALKBH4,Stim8hr,0
ALKBH5,Rest,0
ALKBH5,Stim48hr,0
ALKBH5,Stim8hr,1
ALKBH6,Rest,0
ALKBH6,Stim48hr,0
ALKBH6,Stim8hr,0
ALKBH7,Rest,0
ALKBH7,Stim48hr,0
ALKBH7,Stim8hr,0
ALKBH8,Rest,0
ALKBH8,Stim48hr,0
ALKBH8,Stim8hr,0
ALMS1,Rest,0
ALMS1,Stim48hr,0
ALMS1,Stim8hr,0
ALOX12,Rest,0
ALOX12,Stim48hr,0
ALOX12,Stim8hr,0
ALOX5,Rest,0
ALOX5,Stim48hr,0
ALOX5,Stim8hr,0
ALOX5AP,Rest,0
ALOX5AP,Stim48hr,0
ALOX5AP,Stim8hr,0
ALPK1,Rest,0
ALPK1,Stim48hr,0
ALPK1,Stim8hr,0
ALPL,Rest,0
ALPL,Stim48hr,0
ALPL,Stim8hr,0
ALS2,Rest,0
ALS2,Stim48hr,0
ALS2,Stim8hr,0
ALS2CL,Rest,0
ALS2CL,Stim48hr,0
ALS2CL,Stim8hr,0
ALX1,Rest,0
ALX1,Stim48hr,0
ALX1,Stim8hr,0
ALX3,Rest,0
ALX3,Stim48hr,0
ALX3,Stim8hr,0
ALX4,Rest,0
ALX4,Stim48hr,0
ALX4,Stim8hr,0
AMBRA1,Rest,0
AMBRA1,Stim48hr,0
AMBRA1,Stim8hr,0
AMD1,Rest,0
AMD1,Stim48hr,0
AMD1,Stim8hr,0
AMDHD1,Rest,0
AMDHD1,Stim48hr,0
AMDHD1,Stim8hr,0
AMDHD2,Rest,0
AMDHD2,Stim48hr,0
AMDHD2,Stim8hr,0
AMER1,Rest,0
AMER1,Stim48hr,0
AMER1,Stim8hr,0
AMFR,Rest,0
AMFR,Stim48hr,0
AMFR,Stim8hr,0
AMIGO1,Rest,0
AMIGO1,Stim48hr,0
AMIGO1,Stim8hr,0
AMIGO2,Rest,0
AMIGO2,Stim48hr,0
AMIGO2,Stim8hr,0
AMMECR1,Rest,0
AMMECR1,Stim48hr,0
AMMECR1,Stim8hr,0
AMMECR1L,Stim48hr,0
AMMECR1L,Stim8hr,0
AMN,Stim8hr,0
AMN1,Rest,0
AMN1,Stim48hr,0
AMN1,Stim8hr,0
AMOT,Rest,0
AMOT,Stim48hr,0
AMOT,Stim8hr,0
AMPD2,Rest,0
AMPD2,Stim48hr,0
AMPD2,Stim8hr,0
AMPD3,Rest,0
AMPD3,Stim48hr,0
AMPD3,Stim8hr,0
AMT,Rest,0
AMT,Stim48hr,0
AMT,Stim8hr,0
AMY2B,Rest,0
AMY2B,Stim48hr,0
AMY2B,Stim8hr,0
AMZ2,Rest,0
AMZ2,Stim48hr,0
AMZ2,Stim8hr,0
ANAPC10,Rest,0
ANAPC10,Stim48hr,0
ANAPC10,Stim8hr,0
ANAPC11,Rest,0
ANAPC11,Stim48hr,0
ANAPC11,Stim8hr,0
ANAPC13,Rest,0
ANAPC13,Stim48hr,0
ANAPC13,Stim8hr,0
ANAPC15,Rest,0
ANAPC15,Stim48hr,0
ANAPC15,Stim8hr,0
ANAPC16,Rest,0
ANAPC16,Stim48hr,0
ANAPC16,Stim8hr,0
ANAPC5,Stim48hr,0
ANAPC5,Stim8hr,0
ANAPC7,Rest,0
ANAPC7,Stim48hr,0
ANAPC7,Stim8hr,0
ANGEL1,Rest,0
ANGEL1,Stim48hr,0
ANGEL1,Stim8hr,0
ANGEL2,Rest,0
ANGEL2,Stim48hr,0
ANGEL2,Stim8hr,0
ANGPT2,Rest,0
ANGPT2,Stim48hr,0
ANGPT2,Stim8hr,0
ANGPTL4,Rest,0
ANGPTL4,Stim48hr,0
ANGPTL4,Stim8hr,0
ANGPTL6,Rest,0
ANGPTL6,Stim48hr,0
ANGPTL6,Stim8hr,0
ANHX,Rest,0
ANHX,Stim48hr,0
ANHX,Stim8hr,0
ANK1,Rest,0
ANK1,Stim48hr,0
ANK1,Stim8hr,0
ANK3,Rest,0
ANK3,Stim48hr,0
ANK3,Stim8hr,0
ANKAR,Rest,5
ANKAR,Stim48hr,0
ANKAR,Stim8hr,0
ANKDD1A,Rest,0
ANKDD1A,Stim48hr,0
ANKDD1A,Stim8hr,0
ANKEF1,Rest,0
ANKEF1,Stim48hr,0
ANKEF1,Stim8hr,0
ANKFY1,Rest,0
ANKFY1,Stim48hr,0
ANKFY1,Stim8hr,0
ANKH,Rest,0
ANKH,Stim48hr,0
ANKH,Stim8hr,0
ANKHD1-EIF4EBP3,Rest,0
ANKHD1-EIF4EBP3,Stim48hr,0
ANKHD1-EIF4EBP3,Stim8hr,0
ANKK1,Rest,0
ANKK1,Stim48hr,0
ANKK1,Stim8hr,0
ANKLE1,Rest,0
ANKLE1,Stim48hr,0
ANKLE1,Stim8hr,0
ANKLE2,Rest,0
ANKLE2,Stim48hr,0
ANKLE2,Stim8hr,0
ANKMY1,Rest,0
ANKMY1,Stim48hr,0
ANKMY1,Stim8hr,0
ANKMY2,Rest,0
ANKMY2,Stim48hr,0
ANKMY2,Stim8hr,1
ANKRA2,Stim8hr,0
ANKRD10,Rest,0
ANKRD10,Stim48hr,0
ANKRD10,Stim8hr,0
ANKRD11,Rest,0
ANKRD11,Stim48hr,0
ANKRD11,Stim8hr,1
ANKRD12,Rest,0
ANKRD12,Stim48hr,0
ANKRD12,Stim8hr,0
ANKRD13A,Rest,0
ANKRD13A,Stim48hr,0
ANKRD13A,Stim8hr,0
ANKRD13B,Rest,0
ANKRD13B,Stim48hr,0
ANKRD13B,Stim8hr,0
ANKRD13C,Rest,0
ANKRD13C,Stim48hr,0
ANKRD13C,Stim8hr,0
ANKRD13C-DT,Rest,0
ANKRD13C-DT,Stim48hr,0
ANKRD13C-DT,Stim8hr,0
ANKRD13D,Rest,0
ANKRD13D,Stim48hr,0
ANKRD13D,Stim8hr,0
ANKRD16,Rest,0
ANKRD16,Stim48hr,0
ANKRD16,Stim8hr,0
ANKRD17,Rest,0
ANKRD17,Stim48hr,0
ANKRD17,Stim8hr,0
ANKRD18A,Rest,0
ANKRD18A,Stim48hr,0
ANKRD18A,Stim8hr,0
ANKRD23,Rest,0
ANKRD23,Stim48hr,0
ANKRD23,Stim8hr,0
ANKRD26,Rest,0
ANKRD26,Stim48hr,0
ANKRD26,Stim8hr,0
ANKRD27,Rest,0
ANKRD27,Stim48hr,0
ANKRD27,Stim8hr,0
ANKRD28,Rest,0
ANKRD28,Stim48hr,0
ANKRD28,Stim8hr,0
ANKRD31,Rest,0
ANKRD31,Stim48hr,0
ANKRD31,Stim8hr,0
ANKRD33B,Rest,0
ANKRD33B,Stim48hr,0
ANKRD33B,Stim8hr,0
ANKRD36,Rest,0
ANKRD36,Stim48hr,0
ANKRD36,Stim8hr,0
ANKRD36B,Rest,0
ANKRD36B,Stim48hr,0
ANKRD36B,Stim8hr,0
ANKRD36C,Rest,0
ANKRD36C,Stim48hr,0
ANKRD36C,Stim8hr,0
ANKRD37,Rest,0
ANKRD37,Stim48hr,0
ANKRD37,Stim8hr,0
ANKRD39,Rest,0
ANKRD39,Stim48hr,0
ANKRD39,Stim8hr,0
ANKRD40,Rest,0
ANKRD40,Stim48hr,0
ANKRD40,Stim8hr,0
ANKRD42,Rest,0
ANKRD42,Stim48hr,0
ANKRD42,Stim8hr,0
ANKRD44,Rest,0
ANKRD44,Stim48hr,0
ANKRD44,Stim8hr,0
ANKRD46,Rest,0
ANKRD46,Stim48hr,0
ANKRD46,Stim8hr,0
ANKRD49,Rest,0
ANKRD49,Stim48hr,0
ANKRD49,Stim8hr,0
ANKRD52,Stim48hr,0
ANKRD52,Stim8hr,0
ANKRD54,Rest,0
ANKRD54,Stim48hr,0
ANKRD54,Stim8hr,0
ANKRD6,Rest,0
ANKRD6,Stim8hr,0
ANKRD61,Rest,0
ANKRD61,Stim48hr,0
ANKRD61,Stim8hr,0
ANKRD9,Rest,0
ANKRD9,Stim48hr,0
ANKRD9,Stim8hr,0
ANKS1A,Rest,0
ANKS1A,Stim48hr,0
ANKS1A,Stim8hr,0
ANKS3,Rest,0
ANKS3,Stim48hr,0
ANKS3,Stim8hr,0
ANKS6,Rest,0
ANKS6,Stim48hr,0
ANKS6,Stim8hr,0
ANKZF1,Rest,5
ANKZF1,Stim48hr,0
ANKZF1,Stim8hr,0
ANO10,Rest,0
ANO10,Stim48hr,0
ANO10,Stim8hr,0
ANO6,Rest,0
ANO6,Stim48hr,0
ANO6,Stim8hr,0
ANO8,Rest,0
ANO8,Stim48hr,0
ANO8,Stim8hr,0
ANO9,Rest,0
ANO9,Stim48hr,0
ANO9,Stim8hr,0
ANP32A,Rest,0
ANP32A,Stim48hr,0
ANP32A,Stim8hr,0
ANP32B,Rest,0
ANP32B,Stim48hr,1
ANP32B,Stim8hr,2
ANP32E,Rest,0
ANP32E,Stim48hr,0
ANP32E,Stim8hr,0
ANPEP,Rest,0
ANPEP,Stim48hr,0
ANPEP,Stim8hr,0
ANTKMT,Rest,0
ANTKMT,Stim48hr,0
ANTKMT,Stim8hr,0
ANTXR2,Rest,0
ANTXR2,Stim48hr,0
ANTXR2,Stim8hr,0
ANXA1,Rest,0
ANXA1,Stim48hr,0
ANXA1,Stim8hr,0
ANXA11,Rest,0
ANXA11,Stim48hr,0
ANXA11,Stim8hr,0
ANXA2,Rest,0
ANXA2,Stim48hr,0
ANXA2,Stim8hr,0
ANXA2R,Rest,0
ANXA2R,Stim48hr,0
ANXA2R,Stim8hr,0
ANXA3,Rest,0
ANXA3,Stim48hr,0
ANXA3,Stim8hr,0
ANXA4,Rest,0
ANXA4,Stim48hr,0
ANXA4,Stim8hr,0
ANXA5,Rest,0
ANXA5,Stim48hr,0
ANXA5,Stim8hr,0
ANXA6,Rest,0
ANXA6,Stim48hr,0
ANXA6,Stim8hr,0
ANXA7,Rest,0
ANXA7,Stim48hr,0
ANXA7,Stim8hr,0
ANXA9,Rest,0
ANXA9,Stim48hr,0
ANXA9,Stim8hr,0
AOAH,Rest,0
AOAH,Stim48hr,0
AOAH,Stim8hr,0
AOC2,Rest,0
AOC2,Stim48hr,0
AOC2,Stim8hr,0
AOC3,Rest,0
AOC3,Stim48hr,0
AOC3,Stim8hr,0
AOPEP,Rest,0
AOPEP,Stim48hr,0
AOPEP,Stim8hr,0
AP1AR,Rest,0
AP1AR,Stim8hr,0
AP1B1,Rest,0
AP1B1,Stim48hr,0
AP1B1,Stim8hr,0
AP1G1,Rest,0
AP1G1,Stim48hr,0
AP1G1,Stim8hr,0
AP1G2,Rest,0
AP1G2,Stim48hr,0
AP1G2,Stim8hr,0
AP1M1,Rest,0
AP1M1,Stim48hr,0
AP1M1,Stim8hr,0
AP1S1,Rest,0
AP1S1,Stim48hr,0
AP1S1,Stim8hr,0
AP1S2,Rest,3
AP1S2,Stim48hr,0
AP1S2,Stim8hr,0
AP1S3,Rest,0
AP1S3,Stim48hr,0
AP1S3,Stim8hr,0
AP2A1,Rest,0
AP2A1,Stim48hr,0
AP2A1,Stim8hr,0
AP2A2,Rest,0
AP2A2,Stim48hr,0
AP2A2,Stim8hr,0
AP2B1,Rest,0
AP2B1,Stim48hr,0
AP2B1,Stim8hr,0
AP2S1,Rest,0
AP2S1,Stim48hr,0
AP2S1,Stim8hr,0
AP3B1,Rest,0
AP3B1,Stim48hr,0
AP3B1,Stim8hr,0
AP3D1,Rest,0
AP3D1,Stim48hr,0
AP3D1,Stim8hr,0
AP3M1,Rest,0
AP3M1,Stim48hr,0
AP3M1,Stim8hr,0
AP3M2,Rest,0
AP3M2,Stim48hr,0
AP3M2,Stim8hr,0
AP3S1,Rest,0
AP3S1,Stim48hr,0
AP3S1,Stim8hr,0
AP3S2,Rest,0
AP3S2,Stim48hr,0
AP3S2,Stim8hr,0
AP4B1,Rest,0
AP4B1,Stim48hr,0
AP4B1,Stim8hr,0
AP4E1,Rest,0
AP4E1,Stim48hr,0
AP4E1,Stim8hr,0
AP4M1,Rest,0
AP4M1,Stim48hr,0
AP4M1,Stim8hr,0
AP4S1,Rest,0
AP4S1,Stim48hr,0
AP4S1,Stim8hr,0
AP5B1,Rest,0
AP5B1,Stim48hr,0
AP5B1,Stim8hr,0
AP5M1,Rest,0
AP5M1,Stim48hr,0
AP5M1,Stim8hr,0
AP5S1,Rest,0
AP5S1,Stim48hr,0
AP5S1,Stim8hr,0
AP5Z1,Rest,0
AP5Z1,Stim48hr,0
AP5Z1,Stim8hr,0
APAF1,Rest,0
APAF1,Stim48hr,0
APAF1,Stim8hr,0
APBA1,Rest,0
APBA1,Stim48hr,0
APBA1,Stim8hr,0
APBA2,Rest,4
APBA2,Stim48hr,0
APBA2,Stim8hr,0
APBA3,Rest,0
APBA3,Stim48hr,0
APBA3,Stim8hr,0
APBB1,Rest,4
APBB1,Stim48hr,0
APBB1,Stim8hr,1
APBB1IP,Rest,0
APBB1IP,Stim48hr,0
APBB1IP,Stim8hr,0
APBB2,Rest,0
APBB2,Stim48hr,0
APBB2,Stim8hr,0
APBB3,Rest,0
APBB3,Stim48hr,0
APBB3,Stim8hr,0
APC,Rest,1
APC,Stim48hr,0
APC,Stim8hr,1
APEH,Rest,0
APEH,Stim48hr,0
APEH,Stim8hr,0
APEX1,Rest,0
APEX1,Stim48hr,0
APEX1,Stim8hr,1
APEX2,Rest,0
APEX2,Stim48hr,0
APEX2,Stim8hr,0
APH1A,Rest,0
APH1A,Stim48hr,0
APH1A,Stim8hr,0
APH1B,Rest,0
APH1B,Stim48hr,0
APH1B,Stim8hr,0
API5,Rest,0
API5,Stim48hr,0
API5,Stim8hr,0
APIP,Rest,1
APIP,Stim48hr,0
APIP,Stim8hr,0
APLF,Rest,0
APLF,Stim48hr,0
APLF,Stim8hr,0
APLP1,Rest,0
APLP1,Stim48hr,0
APLP1,Stim8hr,0
APLP2,Rest,0
APLP2,Stim48hr,0
APLP2,Stim8hr,0
APMAP,Rest,0
APMAP,Stim48hr,0
APMAP,Stim8hr,0
APOA1,Rest,0
APOA1,Stim48hr,0
APOA1,Stim8hr,0
APOA4,Rest,0
APOA4,Stim48hr,0
APOA4,Stim8hr,0
APOBEC2,Rest,0
APOBEC2,Stim48hr,0
APOBEC2,Stim8hr,0
APOBEC3A,Rest,0
APOBEC3A,Stim48hr,0
APOBEC3A,Stim8hr,0
APOBEC3B,Rest,0
APOBEC3B,Stim48hr,0
APOBEC3B,Stim8hr,0
APOBEC3C,Rest,0
APOBEC3C,Stim48hr,0
APOBEC3C,Stim8hr,0
APOBEC3D,Rest,0
APOBEC3D,Stim48hr,1
APOBEC3D,Stim8hr,0
APOBEC3F,Rest,0
APOBEC3F,Stim48hr,0
APOBEC3F,Stim8hr,0
APOBEC3G,Rest,0
APOBEC3G,Stim48hr,0
APOBEC3G,Stim8hr,0
APOBEC3H,Rest,0
APOBEC3H,Stim48hr,0
APOBEC3H,Stim8hr,0
APOBR,Rest,0
APOBR,Stim48hr,0
APOBR,Stim8hr,0
APOC1,Rest,0
APOC1,Stim48hr,0
APOC1,Stim8hr,0
APOC3,Rest,0
APOC3,Stim48hr,0
APOC3,Stim8hr,0
APOD,Rest,0
APOD,Stim48hr,0
APOD,Stim8hr,0
APOE,Rest,0
APOE,Stim48hr,0
APOE,Stim8hr,0
APOL1,Rest,0
APOL1,Stim48hr,0
APOL1,Stim8hr,0
APOL2,Rest,0
APOL2,Stim48hr,0
APOL2,Stim8hr,0
APOL3,Rest,0
APOL3,Stim48hr,0
APOL3,Stim8hr,0
APOL6,Rest,0
APOL6,Stim48hr,0
APOL6,Stim8hr,0
APOLD1,Rest,0
APOLD1,Stim48hr,0
APOLD1,Stim8hr,0
APOM,Rest,0
APOM,Stim48hr,0
APOM,Stim8hr,0
APOO,Rest,0
APOO,Stim48hr,0
APOO,Stim8hr,0
APOOL,Rest,0
APOOL,Stim48hr,0
APOOL,Stim8hr,0
APP,Rest,0
APP,Stim48hr,0
APP,Stim8hr,0
APPBP2,Rest,0
APPBP2,Stim48hr,0
APPBP2,Stim8hr,0
APPL2,Rest,0
APPL2,Stim48hr,0
APPL2,Stim8hr,4
APRT,Rest,0
APRT,Stim48hr,0
APRT,Stim8hr,0
APTX,Rest,0
APTX,Stim48hr,0
APTX,Stim8hr,0
AQP1,Rest,0
AQP1,Stim48hr,0
AQP1,Stim8hr,0
AQP11,Rest,0
AQP11,Stim48hr,0
AQP11,Stim8hr,0
AQP3,Rest,0
AQP3,Stim48hr,0
AQP3,Stim8hr,0
AQP5,Rest,0
AQP5,Stim48hr,0
AQP5,Stim8hr,0
AQP9,Rest,0
AQP9,Stim48hr,0
AQP9,Stim8hr,0
AR,Rest,0
AR,Stim48hr,0
AR,Stim8hr,0
ARAF,Rest,0
ARAF,Stim48hr,0
ARAF,Stim8hr,0
ARAP1,Rest,0
ARAP1,Stim48hr,0
ARAP1,Stim8hr,0
ARAP2,Rest,0
ARAP2,Stim48hr,0
ARAP2,Stim8hr,0
ARAP3,Rest,0
ARAP3,Stim48hr,0
ARAP3,Stim8hr,0
ARB2A,Rest,0
ARB2A,Stim48hr,0
ARB2A,Stim8hr,0
ARC,Rest,0
ARC,Stim48hr,0
ARC,Stim8hr,0
AREG,Rest,0
AREG,Stim48hr,0
AREG,Stim8hr,0
AREL1,Rest,0
AREL1,Stim48hr,0
AREL1,Stim8hr,0
ARF1,Rest,0
ARF1,Stim48hr,0
ARF1,Stim8hr,0
ARF3,Rest,0
ARF3,Stim48hr,0
ARF3,Stim8hr,0
ARF4,Rest,0
ARF4,Stim48hr,0
ARF4,Stim8hr,0
ARF5,Rest,0
ARF5,Stim48hr,0
ARF5,Stim8hr,0
ARF6,Rest,0
ARF6,Stim48hr,0
ARF6,Stim8hr,0
ARFGAP1,Rest,0
ARFGAP1,Stim48hr,0
ARFGAP1,Stim8hr,0
ARFGAP2,Rest,0
ARFGAP2,Stim48hr,0
ARFGAP2,Stim8hr,0
ARFGAP3,Rest,0
ARFGAP3,Stim48hr,0
ARFGAP3,Stim8hr,0
ARFGEF1,Rest,0
ARFGEF1,Stim48hr,0
ARFGEF1,Stim8hr,1
ARFGEF2,Rest,0
ARFGEF2,Stim48hr,0
ARFGEF2,Stim8hr,0
ARFIP1,Rest,0
ARFIP1,Stim48hr,0
ARFIP1,Stim8hr,0
ARFIP2,Rest,0
ARFIP2,Stim48hr,0
ARFIP2,Stim8hr,0
ARFRP1,Rest,0
ARFRP1,Stim48hr,0
ARFRP1,Stim8hr,0
ARG1,Rest,0
ARG1,Stim48hr,0
ARG1,Stim8hr,0
ARG2,Rest,0
ARG2,Stim48hr,0
ARG2,Stim8hr,0
ARGFX,Rest,0
ARGFX,Stim48hr,0
ARGFX,Stim8hr,0
ARGLU1,Rest,0
ARGLU1,Stim48hr,0
ARGLU1,Stim8hr,0
ARHGAP1,Rest,0
ARHGAP1,Stim48hr,0
ARHGAP1,Stim8hr,0
ARHGAP10,Rest,0
ARHGAP10,Stim48hr,0
ARHGAP10,Stim8hr,0
ARHGAP11A,Rest,1
ARHGAP11A,Stim48hr,0
ARHGAP11A,Stim8hr,0
ARHGAP11B,Rest,0
ARHGAP11B,Stim48hr,0
ARHGAP11B,Stim8hr,0
ARHGAP12,Rest,0
ARHGAP12,Stim48hr,0
ARHGAP12,Stim8hr,0
ARHGAP15,Rest,0
ARHGAP15,Stim48hr,0
ARHGAP15,Stim8hr,0
ARHGAP17,Rest,0
ARHGAP17,Stim48hr,0
ARHGAP17,Stim8hr,0
ARHGAP18,Rest,0
ARHGAP18,Stim48hr,0
ARHGAP18,Stim8hr,0
ARHGAP19,Rest,0
ARHGAP19,Stim48hr,0
ARHGAP19,Stim8hr,0
ARHGAP21,Rest,0
ARHGAP21,Stim48hr,0
ARHGAP21,Stim8hr,0
ARHGAP24,Rest,0
ARHGAP24,Stim48hr,0
ARHGAP24,Stim8hr,0
ARHGAP25,Rest,0
ARHGAP25,Stim48hr,0
ARHGAP25,Stim8hr,0
ARHGAP26,Rest,0
ARHGAP26,Stim48hr,0
ARHGAP26,Stim8hr,0
ARHGAP27,Rest,0
ARHGAP27,Stim48hr,0
ARHGAP27,Stim8hr,6
ARHGAP30,Rest,1
ARHGAP30,Stim48hr,0
ARHGAP30,Stim8hr,0
ARHGAP31,Rest,0
ARHGAP31,Stim48hr,0
ARHGAP31,Stim8hr,0
ARHGAP32,Rest,0
ARHGAP32,Stim48hr,0
ARHGAP32,Stim8hr,0
ARHGAP33,Rest,0
ARHGAP33,Stim48hr,0
ARHGAP33,Stim8hr,0
ARHGAP45,Rest,1
ARHGAP45,Stim48hr,0
ARHGAP45,Stim8hr,1
ARHGAP5,Rest,0
ARHGAP5,Stim48hr,0
ARHGAP5,Stim8hr,0
ARHGAP6,Rest,0
ARHGAP6,Stim48hr,0
ARHGAP6,Stim8hr,0
ARHGAP9,Rest,0
ARHGAP9,Stim48hr,0
ARHGAP9,Stim8hr,0
ARHGDIA,Rest,0
ARHGDIA,Stim48hr,0
ARHGDIA,Stim8hr,0
ARHGDIB,Rest,0
ARHGDIB,Stim48hr,0
ARHGDIB,Stim8hr,0
ARHGEF1,Rest,0
ARHGEF1,Stim48hr,0
ARHGEF1,Stim8hr,0
ARHGEF10,Rest,0
ARHGEF10,Stim48hr,0
ARHGEF10,Stim8hr,0
ARHGEF11,Rest,0
ARHGEF11,Stim48hr,0
ARHGEF11,Stim8hr,0
ARHGEF12,Rest,0
ARHGEF12,Stim48hr,0
ARHGEF12,Stim8hr,0
ARHGEF18,Rest,0
ARHGEF18,Stim48hr,0
ARHGEF18,Stim8hr,0
ARHGEF19,Rest,0
ARHGEF19,Stim48hr,0
ARHGEF19,Stim8hr,0
ARHGEF2,Rest,0
ARHGEF2,Stim48hr,0
ARHGEF2,Stim8hr,0
ARHGEF3,Stim48hr,0
ARHGEF3,Stim8hr,0
ARHGEF39,Rest,0
ARHGEF39,Stim48hr,0
ARHGEF39,Stim8hr,0
ARHGEF40,Rest,0
ARHGEF40,Stim48hr,0
ARHGEF40,Stim8hr,0
ARHGEF5,Rest,0
ARHGEF5,Stim48hr,0
ARHGEF5,Stim8hr,0
ARHGEF6,Rest,1
ARHGEF6,Stim48hr,0
ARHGEF6,Stim8hr,0
ARHGEF7,Rest,0
ARHGEF7,Stim48hr,0
ARHGEF7,Stim8hr,0
ARHGEF9,Rest,0
ARHGEF9,Stim48hr,0
ARHGEF9,Stim8hr,0
ARID1A,Rest,0
ARID1A,Stim48hr,2
ARID1A,Stim8hr,0
ARID1B,Rest,0
ARID1B,Stim48hr,0
ARID1B,Stim8hr,0
ARID2,Rest,1
ARID2,Stim48hr,0
ARID2,Stim8hr,0
ARID3A,Rest,0
ARID3A,Stim48hr,1
ARID3A,Stim8hr,0
ARID3B,Rest,0
ARID3B,Stim48hr,0
ARID3B,Stim8hr,0
ARID3C,Rest,1
ARID3C,Stim48hr,0
ARID3C,Stim8hr,0
ARID4A,Rest,0
ARID4A,Stim48hr,1
ARID4A,Stim8hr,0
ARID4B,Rest,0
ARID4B,Stim48hr,0
ARID4B,Stim8hr,3
ARID5A,Rest,0
ARID5A,Stim48hr,0
ARID5A,Stim8hr,0
ARID5B,Rest,0
ARID5B,Stim48hr,0
ARID5B,Stim8hr,0
ARIH1,Rest,1
ARIH1,Stim48hr,3
ARIH1,Stim8hr,1
ARIH2,Rest,0
ARIH2,Stim48hr,0
ARIH2,Stim8hr,0
ARIH2OS,Rest,0
ARIH2OS,Stim48hr,0
ARIH2OS,Stim8hr,0
ARK2N,Rest,0
ARK2N,Stim48hr,0
ARK2N,Stim8hr,0
ARL1,Rest,0
ARL1,Stim48hr,0
ARL1,Stim8hr,0
ARL10,Rest,0
ARL10,Stim48hr,0
ARL10,Stim8hr,0
ARL13A,Rest,0
ARL13A,Stim48hr,0
ARL13A,Stim8hr,0
ARL13B,Rest,0
ARL13B,Stim48hr,0
ARL13B,Stim8hr,0
ARL14,Rest,0
ARL14,Stim48hr,0
ARL14,Stim8hr,0
ARL14EP,Rest,0
ARL14EP,Stim48hr,0
ARL14EP,Stim8hr,0
ARL15,Rest,0
ARL15,Stim48hr,0
ARL15,Stim8hr,0
ARL16,Rest,0
ARL16,Stim48hr,0
ARL16,Stim8hr,1
ARL17A,Stim48hr,0
ARL17A,Stim8hr,0
ARL17B,Rest,0
ARL17B,Stim48hr,0
ARL17B,Stim8hr,0
ARL2BP,Rest,0
ARL2BP,Stim48hr,0
ARL2BP,Stim8hr,0
ARL3,Rest,0
ARL3,Stim48hr,0
ARL3,Stim8hr,0
ARL4A,Rest,0
ARL4A,Stim48hr,1
ARL4A,Stim8hr,0
ARL4C,Rest,0
ARL4C,Stim48hr,0
ARL4C,Stim8hr,0
ARL4D,Rest,0
ARL4D,Stim8hr,0
ARL5A,Rest,0
ARL5A,Stim48hr,0
ARL5A,Stim8hr,0
ARL5B,Rest,0
ARL5B,Stim48hr,0
ARL5B,Stim8hr,0
ARL6,Rest,0
ARL6,Stim48hr,0
ARL6,Stim8hr,0
ARL6IP1,Rest,0
ARL6IP1,Stim48hr,0
ARL6IP1,Stim8hr,0
ARL6IP4,Rest,0
ARL6IP4,Stim48hr,0
ARL6IP4,Stim8hr,0
ARL6IP5,Rest,0
ARL6IP5,Stim48hr,0
ARL6IP5,Stim8hr,0
ARL6IP6,Rest,0
ARL6IP6,Stim48hr,0
ARL6IP6,Stim8hr,0
ARL8A,Rest,0
ARL8A,Stim48hr,0
ARL8A,Stim8hr,0
ARL8B,Rest,0
ARL8B,Stim48hr,0
ARL8B,Stim8hr,0
ARL9,Rest,0
ARL9,Stim48hr,0
ARL9,Stim8hr,0
ARLN,Rest,0
ARLN,Stim48hr,0
ARLN,Stim8hr,0
ARMC1,Rest,0
ARMC1,Stim48hr,0
ARMC1,Stim8hr,0
ARMC10,Rest,0
ARMC10,Stim48hr,0
ARMC10,Stim8hr,0
ARMC12,Rest,1
ARMC12,Stim48hr,0
ARMC12,Stim8hr,0
ARMC2,Rest,0
ARMC2,Stim48hr,0
ARMC2,Stim8hr,0
ARMC5,Rest,0
ARMC5,Stim48hr,0
ARMC5,Stim8hr,0
ARMC6,Rest,0
ARMC6,Stim48hr,0
ARMC6,Stim8hr,0
ARMC7,Rest,0
ARMC7,Stim48hr,0
ARMC7,Stim8hr,0
ARMC8,Rest,0
ARMC8,Stim48hr,1
ARMC8,Stim8hr,1
ARMCX2,Rest,0
ARMCX2,Stim48hr,1
ARMCX2,Stim8hr,0
ARMCX3,Rest,0
ARMCX3,Stim48hr,0
ARMCX3,Stim8hr,0
ARMCX4,Rest,0
ARMCX4,Stim48hr,0
ARMCX4,Stim8hr,0
ARMCX5,Rest,0
ARMCX5,Stim48hr,0
ARMCX5,Stim8hr,0
ARMCX6,Rest,0
ARMCX6,Stim48hr,0
ARMCX6,Stim8hr,0
ARMH1,Rest,0
ARMH1,Stim48hr,0
ARMH1,Stim8hr,0
ARMH2,Rest,0
ARMH2,Stim48hr,0
ARMH2,Stim8hr,0
ARMH3,Rest,0
ARMH3,Stim48hr,0
ARMH3,Stim8hr,0
ARNT,Rest,5
ARNT,Stim48hr,6
ARNT,Stim8hr,8
ARNT2,Rest,0
ARNT2,Stim48hr,0
ARNT2,Stim8hr,0
ARPC1A,Rest,0
ARPC1A,Stim48hr,0
ARPC1A,Stim8hr,0
ARPC1B,Rest,0
ARPC1B,Stim48hr,0
ARPC1B,Stim8hr,0
ARPC2,Rest,0
ARPC2,Stim48hr,5
ARPC2,Stim8hr,9
ARPC3,Rest,0
ARPC3,Stim48hr,4
ARPC3,Stim8hr,4
ARPC4-TTLL3,Rest,0
ARPC4-TTLL3,Stim48hr,0
ARPC4-TTLL3,Stim8hr,0
ARPC5,Rest,0
ARPC5,Stim48hr,0
ARPC5,Stim8hr,0
ARPC5L,Rest,0
ARPC5L,Stim48hr,0
ARPC5L,Stim8hr,0
ARRB1,Rest,0
ARRB1,Stim48hr,0
ARRB1,Stim8hr,0
ARRB2,Rest,0
ARRB2,Stim48hr,0
ARRDC1,Rest,0
ARRDC1,Stim48hr,0
ARRDC1,Stim8hr,0
ARRDC2,Rest,0
ARRDC2,Stim48hr,0
ARRDC2,Stim8hr,0
ARRDC3,Rest,0
ARRDC3,Stim48hr,0
ARRDC3,Stim8hr,0
ARRDC4,Rest,1
ARRDC4,Stim48hr,1
ARRDC4,Stim8hr,0
ARSA,Rest,0
ARSA,Stim48hr,0
ARSA,Stim8hr,0
ARSB,Rest,0
ARSB,Stim48hr,0
ARSB,Stim8hr,0
ARSG,Rest,0
ARSG,Stim48hr,0
ARSG,Stim8hr,0
ARSK,Rest,0
ARSK,Stim48hr,0
ARSK,Stim8hr,1
ARV1,Rest,0
ARV1,Stim48hr,0
ARV1,Stim8hr,0
ARX,Rest,0
ARX,Stim48hr,0
ARX,Stim8hr,0
ASAH1,Rest,0
ASAH1,Stim48hr,0
ASAH1,Stim8hr,0
ASAH2B,Rest,0
ASAH2B,Stim48hr,0
ASAH2B,Stim8hr,0
ASAP2,Rest,0
ASAP2,Stim48hr,0
ASAP2,Stim8hr,0
ASAP3,Rest,0
ASAP3,Stim48hr,0
ASAP3,Stim8hr,0
ASB1,Rest,0
ASB1,Stim48hr,0
ASB1,Stim8hr,0
ASB13,Rest,1
ASB13,Stim48hr,0
ASB13,Stim8hr,0
ASB14,Rest,0
ASB14,Stim48hr,0
ASB14,Stim8hr,0
ASB2,Rest,0
ASB2,Stim48hr,0
ASB2,Stim8hr,0
ASB6,Rest,0
ASB6,Stim8hr,0
ASB7,Rest,0
ASB7,Stim48hr,0
ASB7,Stim8hr,0
ASB8,Rest,0
ASB8,Stim48hr,0
ASB8,Stim8hr,0
ASCC1,Rest,0
ASCC1,Stim48hr,0
ASCC1,Stim8hr,0
ASCC2,Rest,0
ASCC2,Stim48hr,0
ASCC2,Stim8hr,0
ASCC3,Stim48hr,0
ASCL1,Rest,0
ASCL1,Stim48hr,0
ASCL1,Stim8hr,0
ASCL2,Rest,0
ASCL2,Stim48hr,0
ASCL2,Stim8hr,0
ASCL3,Rest,0
ASCL3,Stim48hr,0
ASCL3,Stim8hr,0
ASCL4,Rest,0
ASCL4,Stim48hr,0
ASCL4,Stim8hr,0
ASCL5,Rest,0
ASCL5,Stim48hr,0
ASCL5,Stim8hr,0
ASF1A,Rest,0
ASF1A,Stim48hr,0
ASF1A,Stim8hr,0
ASF1B,Rest,0
ASH1L,Rest,0
ASH1L,Stim48hr,0
ASH1L,Stim8hr,0
ASH2L,Stim48hr,0
ASH2L,Stim8hr,4
ASIC1,Rest,0
ASIC1,Stim48hr,0
ASIC1,Stim8hr,0
ASIC3,Rest,0
ASIC3,Stim48hr,0
ASIC3,Stim8hr,0
ASL,Rest,0
ASL,Stim48hr,0
ASL,Stim8hr,0
ASMTL,Rest,0
ASMTL,Stim48hr,0
ASMTL,Stim8hr,0
ASNS,Rest,0
ASNS,Stim48hr,0
ASNS,Stim8hr,0
ASNSD1,Rest,0
ASNSD1,Stim48hr,0
ASNSD1,Stim8hr,0
ASPH,Rest,0
ASPH,Stim48hr,0
ASPH,Stim8hr,0
ASPHD2,Rest,0
ASPHD2,Stim48hr,0
ASPHD2,Stim8hr,0
ASPM,Rest,0
ASPM,Stim48hr,0
ASPM,Stim8hr,0
ASPRV1,Rest,0
ASPRV1,Stim48hr,0
ASPRV1,Stim8hr,0
ASPSCR1,Rest,0
ASPSCR1,Stim48hr,0
ASPSCR1,Stim8hr,0
ASRGL1,Rest,0
ASRGL1,Stim48hr,0
ASRGL1,Stim8hr,0
ASTE1,Rest,0
ASTE1,Stim48hr,0
ASTE1,Stim8hr,0
ASTL,Rest,0
ASTL,Stim48hr,0
ASTL,Stim8hr,0
ASXL1,Rest,0
ASXL1,Stim48hr,0
ASXL1,Stim8hr,0
ASXL2,Rest,0
ASXL2,Stim8hr,0
ATAD1,Rest,0
ATAD1,Stim48hr,0
ATAD1,Stim8hr,0
ATAD2,Rest,0
ATAD2,Stim48hr,0
ATAD2,Stim8hr,0
ATAD2B,Rest,0
ATAD2B,Stim48hr,0
ATAD2B,Stim8hr,0
ATAD3A,Rest,0
ATAD3A,Stim48hr,0
ATAD3A,Stim8hr,0
ATAD3B,Rest,0
ATAD3B,Stim48hr,0
ATAD3B,Stim8hr,0
ATAD5,Rest,11
ATAD5,Stim48hr,7
ATAD5,Stim8hr,10
ATAT1,Rest,0
ATAT1,Stim48hr,0
ATAT1,Stim8hr,0
ATE1,Rest,0
ATE1,Stim48hr,0
ATE1,Stim8hr,0
ATF1,Rest,0
ATF1,Stim48hr,0
ATF1,Stim8hr,0
ATF2,Rest,0
ATF2,Stim48hr,0
ATF2,Stim8hr,0
ATF3,Rest,0
ATF3,Stim48hr,0
ATF3,Stim8hr,0
ATF4,Rest,0
ATF4,Stim48hr,1
ATF4,Stim8hr,8
ATF6,Rest,0
ATF6,Stim48hr,0
ATF6,Stim8hr,0
ATF6B,Rest,0
ATF6B,Stim48hr,0
ATF6B,Stim8hr,0
ATF7,Rest,0
ATF7,Stim48hr,0
ATF7,Stim8hr,0
ATF7IP,Rest,0
ATF7IP,Stim48hr,0
ATF7IP,Stim8hr,0
ATF7IP2,Rest,2
ATF7IP2,Stim48hr,0
ATF7IP2,Stim8hr,3
ATG10,Rest,0
ATG10,Stim48hr,0
ATG10,Stim8hr,0
ATG101,Rest,0
ATG101,Stim48hr,0
ATG101,Stim8hr,0
ATG12,Rest,4
ATG12,Stim48hr,0
ATG12,Stim8hr,0
ATG13,Rest,0
ATG13,Stim48hr,0
ATG13,Stim8hr,0
ATG14,Rest,0
ATG14,Stim48hr,0
ATG14,Stim8hr,0
ATG16L1,Rest,0
ATG16L1,Stim48hr,0
ATG16L1,Stim8hr,0
ATG16L2,Rest,0
ATG16L2,Stim48hr,0
ATG16L2,Stim8hr,0
ATG2A,Rest,0
ATG2A,Stim48hr,0
ATG2A,Stim8hr,0
ATG2B,Rest,0
ATG2B,Stim48hr,0
ATG2B,Stim8hr,0
ATG3,Rest,0
ATG3,Stim48hr,0
ATG3,Stim8hr,0
ATG4A,Rest,0
ATG4A,Stim48hr,0
ATG4A,Stim8hr,0
ATG4B,Rest,0
ATG4B,Stim48hr,0
ATG4B,Stim8hr,0
ATG4C,Rest,0
ATG4C,Stim48hr,0
ATG4C,Stim8hr,0
ATG4D,Rest,0
ATG4D,Stim48hr,0
ATG4D,Stim8hr,0
ATG5,Rest,0
ATG5,Stim48hr,0
ATG5,Stim8hr,0
ATG7,Rest,0
ATG7,Stim48hr,0
ATG7,Stim8hr,0
ATG9A,Rest,1
ATG9A,Stim48hr,0
ATG9A,Stim8hr,0
ATG9B,Rest,0
ATG9B,Stim48hr,0
ATG9B,Stim8hr,0
ATIC,Rest,0
ATIC,Stim8hr,1
ATL1,Rest,3
ATL1,Stim48hr,0
ATL1,Stim8hr,0
ATL2,Rest,0
ATL2,Stim48hr,0
ATL2,Stim8hr,2
ATL3,Rest,0
ATL3,Stim48hr,1
ATL3,Stim8hr,0
ATM,Rest,0
ATM,Stim48hr,1
ATM,Stim8hr,0
ATMIN,Rest,0
ATMIN,Stim48hr,0
ATMIN,Stim8hr,0
ATN1,Rest,0
ATN1,Stim48hr,0
ATN1,Stim8hr,0
ATOH1,Rest,0
ATOH1,Stim48hr,0
ATOH1,Stim8hr,0
ATOH7,Rest,0
ATOH7,Stim48hr,0
ATOH7,Stim8hr,0
ATOH8,Rest,0
ATOH8,Stim48hr,1
ATOH8,Stim8hr,0
ATOSA,Rest,0
ATOSA,Stim48hr,0
ATOSA,Stim8hr,0
ATOSB,Rest,0
ATOSB,Stim48hr,0
ATOSB,Stim8hr,0
ATOX1,Rest,0
ATOX1,Stim48hr,0
ATOX1,Stim8hr,0
ATP10A,Rest,0
ATP10A,Stim48hr,0
ATP10A,Stim8hr,0
ATP10D,Rest,0
ATP10D,Stim48hr,0
ATP10D,Stim8hr,0
ATP11A,Rest,0
ATP11A,Stim48hr,0
ATP11A,Stim8hr,0
ATP11B,Rest,0
ATP11B,Stim48hr,0
ATP13A1,Rest,0
ATP13A1,Stim48hr,0
ATP13A1,Stim8hr,0
ATP13A2,Rest,0
ATP13A2,Stim48hr,0
ATP13A2,Stim8hr,0
ATP13A3,Rest,0
ATP13A3,Stim48hr,0
ATP13A3,Stim8hr,0
ATP1A3,Rest,0
ATP1A3,Stim48hr,0
ATP1A3,Stim8hr,0
ATP1B1,Rest,0
ATP1B1,Stim48hr,0
ATP1B1,Stim8hr,0
ATP1B3,Rest,1
ATP1B3,Stim48hr,3
ATP1B3,Stim8hr,3
ATP23,Rest,0
ATP23,Stim48hr,0
ATP23,Stim8hr,0
ATP2A2,Rest,9
ATP2A2,Stim48hr,13
ATP2A2,Stim8hr,12
ATP2A3,Rest,0
ATP2A3,Stim48hr,0
ATP2A3,Stim8hr,0
ATP2B1,Rest,0
ATP2B1,Stim48hr,0
ATP2B1,Stim8hr,1
ATP2B4,Rest,0
ATP2B4,Stim48hr,0
ATP2B4,Stim8hr,0
ATP2C1,Rest,0
ATP2C1,Stim48hr,0
ATP2C1,Stim8hr,0
ATP5F1A,Rest,8
ATP5F1A,Stim48hr,1
ATP5F1A,Stim8hr,1
ATP5F1B,Rest,0
ATP5F1B,Stim48hr,0
ATP5F1B,Stim8hr,1
ATP5F1C,Stim8hr,0
ATP5F1D,Rest,0
ATP5F1D,Stim48hr,0
ATP5F1D,Stim8hr,0
ATP5F1E,Rest,1
ATP5F1E,Stim48hr,1
ATP5F1E,Stim8hr,1
ATP5IF1,Rest,0
ATP5IF1,Stim48hr,0
ATP5IF1,Stim8hr,0
ATP5MC1,Rest,0
ATP5MC1,Stim48hr,0
ATP5MC1,Stim8hr,0
ATP5MC2,Rest,0
ATP5MC2,Stim48hr,0
ATP5MC2,Stim8hr,0
ATP5MC3,Rest,0
ATP5MC3,Stim48hr,0
ATP5MC3,Stim8hr,0
ATP5ME,Rest,3
ATP5ME,Stim48hr,0
ATP5ME,Stim8hr,1
ATP5MF,Rest,1
ATP5MF,Stim48hr,2
ATP5MF,Stim8hr,1
ATP5MF-PTCD1,Rest,1
ATP5MF-PTCD1,Stim48hr,1
ATP5MF-PTCD1,Stim8hr,1
ATP5MG,Rest,1
ATP5MG,Stim48hr,0
ATP5MG,Stim8hr,0
ATP5PD,Rest,1
ATP5PD,Stim48hr,0
ATP5PD,Stim8hr,0
ATP5PF,Rest,0
ATP5PF,Stim48hr,1
ATP5PF,Stim8hr,1
ATP5PO,Rest,1
ATP5PO,Stim48hr,4
ATP5PO,Stim8hr,2
ATP6AP2,Rest,0
ATP6AP2,Stim48hr,2
ATP6AP2,Stim8hr,0
ATP6V0A1,Rest,0
ATP6V0A1,Stim48hr,0
ATP6V0A1,Stim8hr,1
ATP6V0A2,Rest,0
ATP6V0A2,Stim8hr,0
ATP6V0E1,Rest,0
ATP6V0E1,Stim48hr,0
ATP6V0E1,Stim8hr,0
ATP6V0E2,Rest,0
ATP6V0E2,Stim48hr,0
ATP6V0E2,Stim8hr,0
ATP6V1C2,Rest,0
ATP6V1C2,Stim48hr,0
ATP6V1C2,Stim8hr,0
ATP6V1D,Rest,0
ATP6V1D,Stim48hr,0
ATP6V1D,Stim8hr,0
ATP6V1E1,Rest,0
ATP6V1E1,Stim48hr,0
ATP6V1E1,Stim8hr,0
ATP6V1E2,Rest,0
ATP6V1E2,Stim48hr,0
ATP6V1E2,Stim8hr,0
ATP6V1G2,Rest,0
ATP6V1G2,Stim48hr,0
ATP6V1G2,Stim8hr,0
ATP7A,Rest,0
ATP7A,Stim48hr,0
ATP7A,Stim8hr,0
ATP8A1,Rest,0
ATP8A1,Stim48hr,0
ATP8A1,Stim8hr,0
ATP8A2,Rest,0
ATP8A2,Stim48hr,0
ATP8A2,Stim8hr,0
ATP8B1,Rest,0
ATP8B1,Stim48hr,0
ATP8B1,Stim8hr,0
ATP8B2,Rest,0
ATP8B2,Stim48hr,0
ATP8B2,Stim8hr,0
ATP8B3,Rest,0
ATP8B3,Stim48hr,0
ATP8B3,Stim8hr,0
ATP8B4,Rest,0
ATP8B4,Stim48hr,0
ATP8B4,Stim8hr,0
ATP9A,Rest,0
ATP9A,Stim48hr,0
ATP9A,Stim8hr,0
ATP9B,Rest,0
ATP9B,Stim48hr,0
ATP9B,Stim8hr,0
ATPAF1,Rest,3
ATPAF1,Stim48hr,0
ATPAF1,Stim8hr,0
ATPAF2,Rest,0
ATPAF2,Stim48hr,0
ATPAF2,Stim8hr,0
ATPSCKMT,Stim8hr,0
ATRAID,Rest,0
ATRAID,Stim48hr,0
ATRAID,Stim8hr,0
ATRN,Rest,0
ATRN,Stim48hr,0
ATRN,Stim8hr,0
ATRX,Rest,2
ATRX,Stim48hr,0
ATRX,Stim8hr,2
ATXN1,Rest,0
ATXN1,Stim48hr,0
ATXN1,Stim8hr,0
ATXN10,Rest,2
ATXN10,Stim8hr,5
ATXN1L,Rest,0
ATXN1L,Stim48hr,0
ATXN1L,Stim8hr,0
ATXN2,Rest,0
ATXN2,Stim48hr,0
ATXN2,Stim8hr,0
ATXN2L,Rest,0
ATXN2L,Stim48hr,0
ATXN2L,Stim8hr,0
ATXN3,Rest,0
ATXN3,Stim48hr,1
ATXN3,Stim8hr,0
ATXN7L1,Rest,0
ATXN7L1,Stim48hr,1
ATXN7L1,Stim8hr,0
ATXN7L2,Rest,0
ATXN7L2,Stim48hr,0
ATXN7L2,Stim8hr,0
ATXN7L3,Rest,1
ATXN7L3,Stim48hr,1
ATXN7L3,Stim8hr,3
ATXN7L3B,Rest,0
ATXN7L3B,Stim48hr,0
ATXN7L3B,Stim8hr,0
AUH,Rest,0
AUH,Stim48hr,0
AUH,Stim8hr,0
AUNIP,Rest,0
AUNIP,Stim48hr,0
AUNIP,Stim8hr,0
AUP1,Rest,0
AUP1,Stim48hr,0
AUP1,Stim8hr,1
AURKAIP1,Rest,0
AURKAIP1,Stim48hr,0
AURKAIP1,Stim8hr,0
AUTS2,Rest,0
AUTS2,Stim48hr,0
AUTS2,Stim8hr,0
AVEN,Rest,0
AVEN,Stim48hr,0
AVEN,Stim8hr,2
AVIL,Rest,0
AVIL,Stim48hr,0
AVIL,Stim8hr,0
AVL9,Rest,0
AVL9,Stim48hr,0
AVL9,Stim8hr,0
AVPI1,Rest,0
AVPI1,Stim48hr,0
AVPI1,Stim8hr,0
AVPR2,Rest,0
AVPR2,Stim48hr,0
AVPR2,Stim8hr,0
AXIN1,Stim48hr,0
AXIN2,Rest,0
AXIN2,Stim48hr,0
AXIN2,Stim8hr,0
AXL,Rest,1
AXL,Stim48hr,0
AXL,Stim8hr,0
AZGP1,Rest,0
AZGP1,Stim48hr,0
AZGP1,Stim8hr,0
AZI2,Rest,0
AZI2,Stim48hr,0
AZI2,Stim8hr,0
AZIN1,Rest,0
AZIN1,Stim48hr,0
AZIN1,Stim8hr,0
AZIN2,Rest,0
AZIN2,Stim48hr,0
AZIN2,Stim8hr,0
B2M,Rest,0
B2M,Stim48hr,0
B2M,Stim8hr,0
B3GALNT2,Rest,0
B3GALNT2,Stim48hr,0
B3GALNT2,Stim8hr,0
B3GALT2,Rest,0
B3GALT2,Stim48hr,0
B3GALT2,Stim8hr,0
B3GALT4,Rest,0
B3GALT4,Stim48hr,0
B3GALT4,Stim8hr,0
B3GALT6,Rest,0
B3GALT6,Stim48hr,0
B3GALT6,Stim8hr,0
B3GAT1,Rest,0
B3GAT1,Stim48hr,0
B3GAT1,Stim8hr,0
B3GAT2,Rest,0
B3GAT2,Stim48hr,0
B3GAT2,Stim8hr,0
B3GAT3,Rest,0
B3GAT3,Stim48hr,0
B3GAT3,Stim8hr,0
B3GLCT,Rest,0
B3GLCT,Stim48hr,0
B3GLCT,Stim8hr,0
B3GNT2,Rest,2
B3GNT2,Stim48hr,0
B3GNT2,Stim8hr,0
B3GNT5,Rest,0
B3GNT5,Stim48hr,0
B3GNT5,Stim8hr,0
B3GNT9,Rest,0
B3GNT9,Stim48hr,0
B3GNT9,Stim8hr,0
B4GALNT1,Rest,0
B4GALNT1,Stim48hr,0
B4GALNT1,Stim8hr,0
B4GALNT3,Rest,0
B4GALNT3,Stim48hr,0
B4GALNT3,Stim8hr,1
B4GALNT4,Rest,0
B4GALNT4,Stim48hr,0
B4GALNT4,Stim8hr,0
B4GALT1,Rest,0
B4GALT1,Stim48hr,0
B4GALT1,Stim8hr,0
B4GALT2,Rest,0
B4GALT2,Stim48hr,0
B4GALT2,Stim8hr,0
B4GALT3,Rest,0
B4GALT3,Stim48hr,0
B4GALT3,Stim8hr,0
B4GALT4,Rest,0
B4GALT4,Stim8hr,0
B4GALT5,Rest,0
B4GALT5,Stim48hr,0
B4GALT5,Stim8hr,0
B4GALT7,Rest,1
B4GALT7,Stim48hr,0
B4GALT7,Stim8hr,0
B4GAT1,Rest,0
B4GAT1,Stim48hr,0
B4GAT1,Stim8hr,0
B9D2,Rest,0
B9D2,Stim48hr,0
B9D2,Stim8hr,1
BABAM1,Rest,0
BABAM1,Stim48hr,0
BABAM1,Stim8hr,0
BABAM2,Rest,0
BABAM2,Stim48hr,1
BABAM2,Stim8hr,0
BACE1,Rest,0
BACE1,Stim48hr,0
BACE1,Stim8hr,0
BACH1,Rest,0
BACH1,Stim48hr,0
BACH1,Stim8hr,0
BACH2,Rest,0
BACH2,Stim48hr,0
BACH2,Stim8hr,0
BAD,Rest,0
BAD,Stim48hr,0
BAD,Stim8hr,0
BAG1,Rest,0
BAG1,Stim48hr,0
BAG1,Stim8hr,0
BAG2,Rest,0
BAG2,Stim48hr,0
BAG2,Stim8hr,0
BAG3,Rest,0
BAG3,Stim48hr,0
BAG3,Stim8hr,0
BAG4,Rest,0
BAG4,Stim48hr,0
BAG4,Stim8hr,0
BAG5,Rest,0
BAG5,Stim48hr,0
BAG5,Stim8hr,0
BAHD1,Rest,1
BAHD1,Stim48hr,0
BAHD1,Stim8hr,0
BAIAP2,Rest,0
BAIAP2,Stim48hr,0
BAIAP2,Stim8hr,0
BAIAP2L1,Rest,0
BAIAP2L1,Stim48hr,0
BAIAP2L1,Stim8hr,0
BAIAP2L2,Rest,0
BAIAP2L2,Stim48hr,0
BAIAP2L2,Stim8hr,0
BAIAP3,Rest,0
BAIAP3,Stim48hr,0
BAIAP3,Stim8hr,0
BAK1,Rest,0
BAK1,Stim48hr,0
BAK1,Stim8hr,0
BAMBI,Rest,0
BAMBI,Stim48hr,0
BAMBI,Stim8hr,0
BANK1,Rest,0
BANK1,Stim48hr,0
BANK1,Stim8hr,0
BAP1,Rest,0
BAP1,Stim48hr,1
BAP1,Stim8hr,1
BARHL1,Rest,0
BARHL1,Stim48hr,0
BARHL1,Stim8hr,0
BARHL2,Rest,0
BARHL2,Stim48hr,0
BARHL2,Stim8hr,0
BARX1,Rest,0
BARX1,Stim48hr,0
BARX1,Stim8hr,0
BARX2,Rest,0
BARX2,Stim48hr,0
BARX2,Stim8hr,0
BASP1,Rest,0
BASP1,Stim48hr,0
BASP1,Stim8hr,0
BATF,Rest,2
BATF,Stim48hr,9
BATF,Stim8hr,7
BATF2,Rest,0
BATF2,Stim48hr,0
BATF2,Stim8hr,0
BATF3,Rest,0
BATF3,Stim48hr,0
BATF3,Stim8hr,0
BAX,Rest,0
BAX,Stim48hr,0
BAX,Stim8hr,0
BAZ1A,Rest,0
BAZ1A,Stim48hr,0
BAZ1A,Stim8hr,0
BAZ1B,Rest,0
BAZ1B,Stim48hr,0
BAZ1B,Stim8hr,0
BAZ2A,Rest,0
BAZ2A,Stim48hr,0
BAZ2A,Stim8hr,0
BAZ2B,Rest,0
BAZ2B,Stim48hr,0
BAZ2B,Stim8hr,0
BBC3,Rest,0
BBC3,Stim48hr,0
BBC3,Stim8hr,0
BBIP1,Rest,0
BBIP1,Stim48hr,0
BBIP1,Stim8hr,0
BBLN,Rest,0
BBLN,Stim48hr,0
BBLN,Stim8hr,0
BBS1,Rest,0
BBS1,Stim48hr,0
BBS1,Stim8hr,0
BBS10,Rest,0
BBS10,Stim48hr,0
BBS10,Stim8hr,0
BBS12,Rest,0
BBS12,Stim48hr,0
BBS12,Stim8hr,0
BBS2,Rest,0
BBS2,Stim48hr,0
BBS2,Stim8hr,0
BBS4,Rest,0
BBS4,Stim48hr,0
BBS4,Stim8hr,0
BBS7,Rest,0
BBS7,Stim48hr,0
BBS7,Stim8hr,0
BBS9,Rest,0
BBS9,Stim48hr,0
BBS9,Stim8hr,0
BBX,Rest,0
BBX,Stim48hr,0
BBX,Stim8hr,0
BCAP29,Rest,0
BCAP29,Stim48hr,0
BCAP29,Stim8hr,0
BCAP31,Rest,0
BCAP31,Stim48hr,0
BCAP31,Stim8hr,0
BCAS3,Rest,0
BCAS3,Stim48hr,0
BCAS3,Stim8hr,0
BCAS4,Rest,0
BCAS4,Stim48hr,0
BCAS4,Stim8hr,0
BCAT1,Rest,0
BCAT1,Stim48hr,0
BCAT1,Stim8hr,0
BCAT2,Rest,0
BCAT2,Stim48hr,4
BCAT2,Stim8hr,12
BCDIN3D,Rest,0
BCDIN3D,Stim48hr,0
BCDIN3D,Stim8hr,0
BCKDHA,Rest,1
BCKDHA,Stim8hr,0
BCKDHB,Rest,0
BCKDHB,Stim48hr,0
BCKDHB,Stim8hr,0
BCKDK,Rest,0
BCKDK,Stim48hr,0
BCKDK,Stim8hr,0
BCL10,Rest,0
BCL10,Stim48hr,4
BCL10,Stim8hr,7
BCL11A,Rest,0
BCL11A,Stim48hr,0
BCL11A,Stim8hr,0
BCL11B,Stim48hr,6
BCL11B,Stim8hr,5
BCL2,Rest,0
BCL2,Stim48hr,0
BCL2,Stim8hr,0
BCL2A1,Rest,0
BCL2A1,Stim48hr,0
BCL2A1,Stim8hr,0
BCL2L1,Rest,0
BCL2L1,Stim48hr,0
BCL2L1,Stim8hr,0
BCL2L11,Rest,0
BCL2L11,Stim48hr,0
BCL2L11,Stim8hr,0
BCL2L12,Rest,0
BCL2L12,Stim48hr,0
BCL2L12,Stim8hr,0
BCL2L13,Rest,0
BCL2L13,Stim48hr,0
BCL2L13,Stim8hr,0
BCL2L14,Rest,0
BCL2L14,Stim48hr,0
BCL2L14,Stim8hr,0
BCL2L2,Rest,0
BCL2L2,Stim48hr,0
BCL2L2,Stim8hr,0
BCL3,Rest,0
BCL3,Stim48hr,1
BCL3,Stim8hr,1
BCL6,Rest,0
BCL6,Stim48hr,0
BCL6,Stim8hr,0
BCL6B,Rest,0
BCL6B,Stim48hr,0
BCL6B,Stim8hr,0
BCL7A,Rest,0
BCL7A,Stim48hr,0
BCL7A,Stim8hr,0
BCL7B,Rest,0
BCL7B,Stim48hr,0
BCL7B,Stim8hr,0
BCL7C,Rest,0
BCL7C,Stim48hr,0
BCL7C,Stim8hr,0
BCL9,Rest,0
BCL9,Stim48hr,0
BCL9,Stim8hr,0
BCL9L,Rest,0
BCL9L,Stim48hr,0
BCL9L,Stim8hr,0
BCLAF1,Rest,0
BCLAF1,Stim48hr,0
BCLAF1,Stim8hr,0
BCOR,Rest,0
BCOR,Stim48hr,0
BCOR,Stim8hr,0
BCORL1,Rest,0
BCORL1,Stim48hr,0
BCORL1,Stim8hr,0
BCR,Rest,0
BCR,Stim48hr,0
BCR,Stim8hr,0
BCS1L,Rest,0
BCS1L,Stim48hr,3
BCS1L,Stim8hr,0
BDH1,Rest,0
BDH1,Stim48hr,0
BDH1,Stim8hr,0
BDH2,Rest,0
BDH2,Stim48hr,0
BDH2,Stim8hr,0
BDP1,Rest,0
BDP1,Stim48hr,0
BDP1,Stim8hr,0
BEGAIN,Rest,0
BEGAIN,Stim48hr,0
BEGAIN,Stim8hr,0
BEND2,Rest,0
BEND2,Stim48hr,0
BEND2,Stim8hr,0
BEND3,Rest,0
BEND3,Stim48hr,0
BEND3,Stim8hr,0
BEND4,Rest,0
BEND4,Stim48hr,0
BEND4,Stim8hr,0
BEND5,Rest,0
BEND5,Stim48hr,0
BEND5,Stim8hr,0
BEST1,Rest,0
BEST1,Stim48hr,0
BEST1,Stim8hr,0
BEST4,Rest,0
BEST4,Stim48hr,0
BEST4,Stim8hr,0
BET1L,Rest,0
BET1L,Stim48hr,0
BET1L,Stim8hr,0
BEX1,Rest,0
BEX1,Stim48hr,0
BEX1,Stim8hr,0
BEX2,Rest,0
BEX2,Stim48hr,0
BEX2,Stim8hr,0
BEX3,Rest,0
BEX3,Stim48hr,0
BEX3,Stim8hr,1
BEX4,Rest,0
BEX4,Stim48hr,0
BEX4,Stim8hr,0
BEX5,Rest,0
BEX5,Stim48hr,0
BEX5,Stim8hr,0
BFAR,Rest,0
BFAR,Stim48hr,0
BFAR,Stim8hr,0
BHLHA15,Rest,0
BHLHA15,Stim48hr,0
BHLHA15,Stim8hr,0
BHLHA9,Rest,0
BHLHA9,Stim48hr,0
BHLHA9,Stim8hr,0
BHLHE22,Rest,0
BHLHE22,Stim48hr,0
BHLHE22,Stim8hr,0
BHLHE23,Rest,0
BHLHE23,Stim48hr,0
BHLHE23,Stim8hr,0
BHLHE40,Rest,2
BHLHE40,Stim48hr,6
BHLHE40,Stim8hr,6
BHLHE41,Rest,0
BHLHE41,Stim48hr,0
BHLHE41,Stim8hr,0
BICD1,Rest,0
BICD1,Stim48hr,0
BICD1,Stim8hr,0
BICD2,Rest,0
BICD2,Stim48hr,0
BICD2,Stim8hr,0
BICDL1,Rest,0
BICDL1,Stim48hr,0
BICDL1,Stim8hr,0
BICRA,Rest,0
BICRA,Stim48hr,0
BICRA,Stim8hr,0
BICRAL,Rest,0
BICRAL,Stim48hr,0
BICRAL,Stim8hr,0
BID,Rest,0
BID,Stim48hr,0
BID,Stim8hr,0
BIK,Rest,0
BIK,Stim48hr,0
BIK,Stim8hr,0
BIN1,Rest,0
BIN1,Stim48hr,0
BIN1,Stim8hr,0
BIN2,Rest,0
BIN2,Stim48hr,0
BIN2,Stim8hr,0
BIN3,Rest,0
BIN3,Stim48hr,0
BIN3,Stim8hr,0
BIRC2,Rest,0
BIRC2,Stim48hr,0
BIRC2,Stim8hr,0
BIRC3,Rest,0
BIRC3,Stim48hr,0
BIRC3,Stim8hr,0
BIRC6,Rest,0
BIRC6,Stim48hr,0
BIRC6,Stim8hr,0
BIVM,Rest,0
BIVM,Stim48hr,0
BIVM,Stim8hr,0
BIVM-ERCC5,Rest,0
BIVM-ERCC5,Stim48hr,0
BIVM-ERCC5,Stim8hr,0
BKGD,Rest,1
BKGD,Stim48hr,2
BKGD,Stim8hr,1
BLCAP,Rest,0
BLCAP,Stim48hr,0
BLCAP,Stim8hr,0
BLK,Rest,0
BLK,Stim48hr,0
BLK,Stim8hr,0
BLM,Rest,0
BLM,Stim48hr,0
BLM,Stim8hr,0
BLMH,Rest,0
BLMH,Stim48hr,0
BLMH,Stim8hr,0
BLOC1S1,Rest,0
BLOC1S1,Stim48hr,0
BLOC1S1,Stim8hr,0
BLOC1S2,Rest,1
BLOC1S2,Stim48hr,2
BLOC1S2,Stim8hr,2
BLOC1S3,Rest,0
BLOC1S3,Stim48hr,0
BLOC1S3,Stim8hr,0
BLOC1S4,Rest,0
BLOC1S4,Stim48hr,0
BLOC1S4,Stim8hr,1
BLOC1S5,Rest,0
BLOC1S5,Stim48hr,0
BLOC1S5,Stim8hr,0
BLOC1S6,Rest,0
BLOC1S6,Stim48hr,0
BLOC1S6,Stim8hr,0
BLTP1,Rest,0
BLTP1,Stim48hr,0
BLTP1,Stim8hr,0
BLTP2,Rest,0
BLTP2,Stim48hr,0
BLTP2,Stim8hr,0
BLTP3A,Rest,0
BLTP3A,Stim48hr,0
BLTP3A,Stim8hr,0
BLTP3B,Rest,0
BLTP3B,Stim48hr,1
BLTP3B,Stim8hr,0
BLVRA,Rest,0
BLVRA,Stim48hr,0
BLVRA,Stim8hr,0
BLVRB,Rest,0
BLVRB,Stim48hr,0
BLVRB,Stim8hr,0
BLZF1,Rest,0
BLZF1,Stim48hr,0
BLZF1,Stim8hr,0
BMAL1,Rest,0
BMAL1,Stim48hr,0
BMAL1,Stim8hr,0
BMAL2,Rest,0
BMAL2,Stim48hr,0
BMAL2,Stim8hr,0
BMERB1,Rest,0
BMERB1,Stim48hr,0
BMERB1,Stim8hr,0
BMF,Rest,0
BMF,Stim48hr,0
BMF,Stim8hr,0
BMI1,Rest,0
BMI1,Stim48hr,0
BMI1,Stim8hr,0
BMP1,Rest,0
BMP1,Stim48hr,0
BMP1,Stim8hr,0
BMP2K,Rest,0
BMP2K,Stim48hr,0
BMP2K,Stim8hr,0
BMP6,Rest,0
BMP6,Stim48hr,0
BMP6,Stim8hr,0
BMP8A,Rest,1
BMP8A,Stim48hr,0
BMP8A,Stim8hr,0
BMP8B,Rest,0
BMP8B,Stim48hr,0
BMP8B,Stim8hr,0
BMPR1A,Rest,0
BMPR1A,Stim48hr,0
BMPR1A,Stim8hr,0
BMPR2,Rest,0
BMPR2,Stim8hr,0
BNC1,Rest,0
BNC1,Stim48hr,0
BNC1,Stim8hr,0
BNC2,Rest,0
BNC2,Stim48hr,0
BNC2,Stim8hr,0
BNIP2,Rest,1
BNIP2,Stim48hr,0
BNIP2,Stim8hr,0
BNIP3,Rest,0
BNIP3,Stim48hr,0
BNIP3,Stim8hr,0
BNIP3L,Rest,0
BNIP3L,Stim48hr,0
BNIP3L,Stim8hr,0
BOD1,Rest,0
BOD1,Stim48hr,0
BOD1,Stim8hr,0
BOD1L1,Stim48hr,0
BOK,Rest,0
BOK,Stim48hr,0
BOK,Stim8hr,0
BOLA1,Rest,0
BOLA1,Stim48hr,0
BOLA1,Stim8hr,0
BOLA2B,Rest,0
BOLA2B,Stim48hr,0
BOLA2B,Stim8hr,0
BOLA3,Rest,0
BOLA3,Stim48hr,0
BOLA3,Stim8hr,0
BORCS5,Rest,0
BORCS5,Stim48hr,0
BORCS5,Stim8hr,0
BORCS6,Rest,0
BORCS6,Stim48hr,0
BORCS6,Stim8hr,0
BORCS7,Rest,0
BORCS7,Stim48hr,0
BORCS7,Stim8hr,0
BORCS8,Rest,0
BORCS8,Stim48hr,0
BORCS8,Stim8hr,0
BORCS8-MEF2B,Rest,0
BORCS8-MEF2B,Stim48hr,0
BORCS8-MEF2B,Stim8hr,0
BPGM,Rest,0
BPGM,Stim48hr,0
BPGM,Stim8hr,0
BPHL,Rest,0
BPHL,Stim48hr,0
BPHL,Stim8hr,0
BPIFA2,Rest,0
BPIFA2,Stim48hr,0
BPIFA2,Stim8hr,0
BPNT1,Rest,0
BPNT1,Stim48hr,0
BPNT1,Stim8hr,0
BPNT2,Stim48hr,0
BPNT2,Stim8hr,0
BPTF,Rest,1
BPTF,Stim48hr,1
BPTF,Stim8hr,0
BRAF,Rest,0
BRAF,Stim48hr,0
BRAF,Stim8hr,0
BRAP,Rest,0
BRAP,Stim48hr,0
BRAP,Stim8hr,0
BRAT1,Rest,0
BRAT1,Stim48hr,0
BRAT1,Stim8hr,0
BRCA1,Stim8hr,0
BRCC3,Rest,0
BRCC3,Stim48hr,0
BRCC3,Stim8hr,0
BRD1,Rest,0
BRD1,Stim48hr,3
BRD1,Stim8hr,2
BRD10,Rest,0
BRD10,Stim48hr,0
BRD10,Stim8hr,0
BRD2,Rest,0
BRD2,Stim48hr,0
BRD2,Stim8hr,0
BRD3,Rest,0
BRD3,Stim48hr,0
BRD3,Stim8hr,0
BRD4,Rest,0
BRD4,Stim48hr,0
BRD4,Stim8hr,0
BRD7,Rest,0
BRD7,Stim48hr,0
BRD7,Stim8hr,0
BRD8,Rest,1
BRD8,Stim48hr,1
BRD8,Stim8hr,5
BRD9,Rest,0
BRD9,Stim48hr,1
BRD9,Stim8hr,0
BRF2,Rest,0
BRF2,Stim48hr,0
BRF2,Stim8hr,0
BRI3BP,Rest,0
BRI3BP,Stim48hr,0
BRI3BP,Stim8hr,0
BRIP1,Rest,0
BRIP1,Stim48hr,0
BRIP1,Stim8hr,0
BRK1,Rest,2
BRK1,Stim48hr,1
BRK1,Stim8hr,1
BRME1,Rest,0
BRME1,Stim48hr,0
BRME1,Stim8hr,0
BRMS1,Rest,0
BRMS1,Stim48hr,0
BRMS1,Stim8hr,0
BRMS1L,Rest,0
BRMS1L,Stim48hr,0
BRMS1L,Stim8hr,0
BROX,Rest,0
BROX,Stim48hr,0
BROX,Stim8hr,0
BRPF1,Rest,0
BRPF1,Stim48hr,0
BRPF1,Stim8hr,5
BRPF3,Rest,0
BRPF3,Stim48hr,0
BRPF3,Stim8hr,0
BRSK1,Rest,0
BRSK1,Stim48hr,0
BRSK1,Stim8hr,0
BRWD1,Rest,0
BRWD1,Stim48hr,1
BRWD1,Stim8hr,0
BRWD3,Rest,0
BRWD3,Stim48hr,0
BRWD3,Stim8hr,0
BSCL2,Rest,0
BSCL2,Stim48hr,0
BSCL2,Stim8hr,0
BSDC1,Rest,0
BSDC1,Stim48hr,0
BSDC1,Stim8hr,0
BSG,Rest,0
BSG,Stim48hr,0
BSG,Stim8hr,0
BSPRY,Rest,0
BSPRY,Stim48hr,0
BSPRY,Stim8hr,0
BST1,Rest,0
BST1,Stim48hr,0
BST1,Stim8hr,0
BST2,Rest,0
BST2,Stim48hr,0
BST2,Stim8hr,0
BSX,Rest,0
BSX,Stim48hr,0
BSX,Stim8hr,0
BTAF1,Rest,3
BTAF1,Stim48hr,7
BTAF1,Stim8hr,2
BTBD1,Rest,0
BTBD1,Stim48hr,0
BTBD1,Stim8hr,0
BTBD10,Rest,0
BTBD10,Stim48hr,0
BTBD10,Stim8hr,0
BTBD19,Rest,0
BTBD19,Stim48hr,0
BTBD19,Stim8hr,0
BTBD2,Rest,0
BTBD2,Stim8hr,0
BTBD3,Rest,0
BTBD3,Stim48hr,0
BTBD3,Stim8hr,0
BTBD6,Rest,0
BTBD6,Stim48hr,0
BTBD6,Stim8hr,0
BTBD7,Rest,0
BTBD7,Stim48hr,0
BTBD7,Stim8hr,0
BTBD8,Rest,0
BTBD8,Stim48hr,0
BTBD8,Stim8hr,0
BTD,Rest,0
BTD,Stim48hr,0
BTD,Stim8hr,0
BTF3L4,Rest,0
BTF3L4,Stim48hr,0
BTF3L4,Stim8hr,0
BTG1,Rest,0
BTG1,Stim48hr,0
BTG1,Stim8hr,0
BTG2,Rest,0
BTG2,Stim48hr,0
BTG2,Stim8hr,0
BTG3,Rest,0
BTG3,Stim48hr,0
BTG3,Stim8hr,0
BTK,Rest,0
BTK,Stim48hr,0
BTK,Stim8hr,0
BTLA,Rest,0
BTLA,Stim48hr,0
BTLA,Stim8hr,0
BTN2A1,Rest,0
BTN2A1,Stim48hr,0
BTN2A1,Stim8hr,0
BTN2A2,Rest,0
BTN2A2,Stim48hr,0
BTN2A2,Stim8hr,0
BTN3A1,Rest,0
BTN3A1,Stim48hr,0
BTN3A1,Stim8hr,0
BTN3A2,Rest,0
BTN3A2,Stim48hr,0
BTN3A2,Stim8hr,0
BTN3A3,Rest,0
BTN3A3,Stim48hr,0
BTN3A3,Stim8hr,0
BTNL9,Rest,0
BTNL9,Stim48hr,0
BTNL9,Stim8hr,0
BTRC,Rest,0
BTRC,Stim48hr,0
BTRC,Stim8hr,0
BUD23,Stim8hr,5
BUD31,Rest,0
BUD31,Stim48hr,0
BUD31,Stim8hr,0
BZW1,Rest,0
BZW1,Stim48hr,0
BZW1,Stim8hr,0
BZW2,Rest,0
BZW2,Stim48hr,0
BZW2,Stim8hr,0
C10orf88,Rest,0
C10orf88,Stim48hr,0
C10orf88,Stim8hr,0
C10orf95,Rest,0
C10orf95,Stim48hr,0
C10orf95,Stim8hr,0
C11orf21,Rest,0
C11orf21,Stim48hr,0
C11orf21,Stim8hr,0
C11orf24,Rest,0
C11orf24,Stim48hr,0
C11orf24,Stim8hr,0
C11orf58,Rest,0
C11orf58,Stim48hr,0
C11orf58,Stim8hr,0
C11orf65,Rest,0
C11orf65,Stim48hr,0
C11orf65,Stim8hr,0
C11orf68,Rest,0
C11orf68,Stim48hr,0
C11orf68,Stim8hr,0
C11orf71,Rest,0
C11orf71,Stim48hr,0
C11orf71,Stim8hr,0
C11orf96,Rest,0
C11orf96,Stim48hr,0
C11orf96,Stim8hr,0
C11orf98,Rest,0
C11orf98,Stim48hr,0
C11orf98,Stim8hr,0
C12orf43,Rest,0
C12orf43,Stim48hr,0
C12orf43,Stim8hr,1
C12orf57,Rest,0
C12orf57,Stim48hr,0
C12orf57,Stim8hr,0
C12orf75,Rest,0
C12orf75,Stim48hr,0
C12orf75,Stim8hr,0
C12orf76,Rest,0
C12orf76,Stim48hr,0
C12orf76,Stim8hr,0
C14orf119,Rest,0
C14orf119,Stim48hr,0
C14orf119,Stim8hr,0
C14orf132,Rest,0
C14orf132,Stim48hr,0
C14orf132,Stim8hr,0
C14orf93,Rest,0
C14orf93,Stim48hr,0
C14orf93,Stim8hr,0
C15orf40,Rest,0
C15orf40,Stim48hr,0
C15orf40,Stim8hr,0
C15orf61,Rest,0
C15orf61,Stim48hr,0
C15orf61,Stim8hr,0
C15orf62,Rest,0
C15orf62,Stim48hr,0
C15orf62,Stim8hr,0
C16orf46,Rest,0
C16orf46,Stim48hr,0
C16orf46,Stim8hr,0
C16orf54,Rest,0
C16orf54,Stim48hr,0
C16orf54,Stim8hr,0
C16orf86,Rest,0
C16orf86,Stim48hr,0
C16orf86,Stim8hr,0
C16orf95,Rest,0
C16orf95,Stim48hr,0
C16orf95,Stim8hr,0
C17orf107,Rest,0
C17orf107,Stim48hr,0
C17orf107,Stim8hr,0
C17orf58,Rest,0
C17orf58,Stim48hr,0
C17orf58,Stim8hr,0
C17orf67,Rest,0
C17orf67,Stim48hr,0
C17orf67,Stim8hr,0
C17orf75,Rest,0
C17orf75,Stim48hr,0
C17orf75,Stim8hr,0
C18orf32,Rest,0
C18orf32,Stim48hr,0
C18orf32,Stim8hr,0
C18orf54,Rest,0
C18orf54,Stim48hr,0
C18orf54,Stim8hr,0
C19orf12,Rest,0
C19orf12,Stim48hr,0
C19orf12,Stim8hr,0
C19orf18,Rest,0
C19orf18,Stim48hr,0
C19orf18,Stim8hr,0
C19orf33,Rest,0
C19orf33,Stim48hr,0
C19orf33,Stim8hr,0
C19orf38,Rest,0
C19orf38,Stim48hr,0
C19orf38,Stim8hr,0
C19orf44,Rest,0
C19orf44,Stim48hr,0
C19orf44,Stim8hr,0
C19orf47,Rest,0
C19orf47,Stim48hr,0
C19orf47,Stim8hr,0
C19orf48P,Rest,0
C19orf48P,Stim48hr,0
C19orf48P,Stim8hr,0
C19orf53,Rest,1
C19orf53,Stim48hr,0
C19orf53,Stim8hr,0
C19orf73,Rest,0
C19orf73,Stim48hr,0
C19orf73,Stim8hr,0
C1D,Rest,2
C1D,Stim48hr,3
C1D,Stim8hr,2
C1GALT1,Rest,0
C1GALT1,Stim48hr,0
C1GALT1,Stim8hr,0
C1GALT1C1,Rest,0
C1GALT1C1,Stim48hr,0
C1GALT1C1,Stim8hr,0
C1QA,Rest,0
C1QA,Stim48hr,0
C1QA,Stim8hr,0
C1QB,Rest,0
C1QB,Stim48hr,0
C1QB,Stim8hr,0
C1QBP,Rest,0
C1QBP,Stim48hr,0
C1QBP,Stim8hr,0
C1QC,Rest,0
C1QC,Stim48hr,0
C1QC,Stim8hr,0
C1QL3,Rest,0
C1QL3,Stim48hr,0
C1QL3,Stim8hr,0
C1QTNF6,Rest,0
C1QTNF6,Stim48hr,0
C1QTNF6,Stim8hr,0
C1R,Rest,0
C1R,Stim48hr,0
C1R,Stim8hr,0
C1RL,Rest,0
C1RL,Stim48hr,0
C1RL,Stim8hr,0
C1S,Stim48hr,2
C1S,Stim8hr,1
C1orf115,Rest,0
C1orf115,Stim48hr,0
C1orf115,Stim8hr,0
C1orf122,Rest,0
C1orf122,Stim48hr,0
C1orf122,Stim8hr,0
C1orf159,Rest,0
C1orf159,Stim48hr,1
C1orf159,Stim8hr,0
C1orf162,Rest,0
C1orf162,Stim48hr,0
C1orf162,Stim8hr,0
C1orf174,Rest,0
C1orf174,Stim48hr,0
C1orf174,Stim8hr,0
C1orf198,Rest,0
C1orf198,Stim48hr,0
C1orf198,Stim8hr,0
C1orf21,Rest,0
C1orf21,Stim48hr,0
C1orf21,Stim8hr,0
C1orf216,Rest,0
C1orf216,Stim48hr,0
C1orf216,Stim8hr,0
C1orf35,Rest,0
C1orf35,Stim48hr,0
C1orf35,Stim8hr,0
C1orf50,Rest,0
C1orf50,Stim48hr,0
C1orf50,Stim8hr,0
C1orf52,Rest,0
C1orf52,Stim48hr,0
C1orf52,Stim8hr,0
C1orf54,Rest,0
C1orf54,Stim48hr,1
C1orf54,Stim8hr,0
C1orf56,Rest,0
C1orf56,Stim8hr,0
C1orf74,Rest,0
C1orf74,Stim48hr,1
C1orf74,Stim8hr,0
C20orf202,Rest,0
C20orf202,Stim48hr,0
C20orf202,Stim8hr,0
C20orf96,Rest,0
C20orf96,Stim48hr,0
C20orf96,Stim8hr,0
C21orf58,Rest,1
C21orf58,Stim48hr,0
C21orf58,Stim8hr,0
C21orf91,Rest,0
C21orf91,Stim48hr,0
C21orf91,Stim8hr,0
C22orf23,Rest,0
C22orf23,Stim48hr,0
C22orf23,Stim8hr,0
C22orf46P,Rest,0
C22orf46P,Stim48hr,0
C22orf46P,Stim8hr,0
C2CD2L,Rest,0
C2CD2L,Stim48hr,0
C2CD2L,Stim8hr,0
C2CD3,Rest,0
C2CD3,Stim48hr,1
C2CD3,Stim8hr,0
C2CD4D,Rest,0
C2CD4D,Stim48hr,0
C2CD4D,Stim8hr,0
C2CD5,Rest,0
C2CD5,Stim48hr,0
C2CD5,Stim8hr,0
C2orf15,Rest,0
C2orf15,Stim48hr,0
C2orf15,Stim8hr,0
C2orf42,Rest,0
C2orf42,Stim48hr,0
C2orf42,Stim8hr,0
C2orf68,Rest,0
C2orf68,Stim48hr,0
C2orf68,Stim8hr,0
C2orf69,Rest,0
C2orf69,Stim48hr,0
C2orf69,Stim8hr,0
C2orf76,Rest,0
C2orf76,Stim48hr,0
C2orf76,Stim8hr,0
C3,Rest,0
C3,Stim48hr,0
C3,Stim8hr,0
C3AR1,Rest,0
C3AR1,Stim48hr,1
C3AR1,Stim8hr,0
C3orf18,Rest,0
C3orf18,Stim48hr,0
C3orf18,Stim8hr,0
C3orf38,Rest,0
C3orf38,Stim48hr,0
C3orf38,Stim8hr,0
C3orf52,Rest,0
C3orf52,Stim48hr,0
C3orf52,Stim8hr,0
C3orf62,Rest,0
C3orf62,Stim48hr,0
C3orf62,Stim8hr,0
C4BPB,Rest,0
C4BPB,Stim48hr,0
C4BPB,Stim8hr,0
C4orf33,Rest,0
C4orf33,Stim48hr,1
C4orf33,Stim8hr,0
C4orf46,Rest,0
C4orf46,Stim48hr,0
C4orf46,Stim8hr,0
C5AR1,Rest,0
C5AR1,Stim48hr,0
C5AR1,Stim8hr,0
C5orf15,Rest,0
C5orf15,Stim48hr,0
C5orf15,Stim8hr,0
C5orf24,Rest,0
C5orf24,Stim48hr,0
C5orf24,Stim8hr,0
C5orf34,Rest,0
C5orf34,Stim48hr,0
C5orf34,Stim8hr,0
C5orf58,Rest,0
C5orf58,Stim48hr,0
C5orf58,Stim8hr,0
C5orf63,Rest,1
C5orf63,Stim48hr,0
C5orf63,Stim8hr,0
C6orf120,Rest,0
C6orf120,Stim48hr,0
C6orf120,Stim8hr,0
C6orf136,Rest,0
C6orf136,Stim48hr,0
C6orf136,Stim8hr,0
C6orf163,Stim48hr,0
C6orf163,Stim8hr,0
C6orf47,Rest,0
C6orf47,Stim48hr,0
C6orf47,Stim8hr,0
C6orf62,Rest,1
C6orf62,Stim48hr,0
C6orf62,Stim8hr,0
C6orf89,Rest,0
C6orf89,Stim48hr,0
C6orf89,Stim8hr,0
C7,Rest,0
C7,Stim48hr,0
C7,Stim8hr,0
C8orf33,Rest,0
C8orf33,Stim48hr,0
C8orf33,Stim8hr,0
C8orf44,Rest,0
C8orf44,Stim48hr,0
C8orf44,Stim8hr,0
C8orf58,Rest,0
C8orf58,Stim48hr,0
C8orf58,Stim8hr,0
C8orf76,Rest,0
C8orf76,Stim48hr,0
C8orf76,Stim8hr,0
C8orf82,Rest,0
C8orf82,Stim48hr,0
C8orf82,Stim8hr,0
C8orf88,Rest,0
C8orf88,Stim48hr,0
C8orf88,Stim8hr,0
C9orf40,Rest,0
C9orf40,Stim48hr,0
C9orf40,Stim8hr,0
C9orf72,Rest,0
C9orf72,Stim48hr,0
C9orf72,Stim8hr,0
C9orf78,Stim48hr,1
C9orf78,Stim8hr,1
C9orf85,Rest,0
C9orf85,Stim48hr,0
C9orf85,Stim8hr,0
CA1,Rest,0
CA1,Stim48hr,0
CA1,Stim8hr,0
CA10,Rest,1
CA10,Stim48hr,0
CA10,Stim8hr,0
CA11,Rest,0
CA11,Stim48hr,0
CA11,Stim8hr,0
CA14,Rest,0
CA14,Stim48hr,0
CA14,Stim8hr,0
CA2,Rest,0
CA2,Stim48hr,0
CA2,Stim8hr,0
CA5B,Rest,0
CA5B,Stim48hr,0
CA5B,Stim8hr,0
CA6,Rest,0
CA6,Stim48hr,0
CA6,Stim8hr,0
CA7,Rest,0
CA7,Stim48hr,0
CA7,Stim8hr,0
CA9,Rest,0
CA9,Stim48hr,0
CA9,Stim8hr,0
CAAP1,Rest,0
CAAP1,Stim48hr,0
CAAP1,Stim8hr,0
CAB39,Rest,0
CAB39,Stim48hr,0
CAB39,Stim8hr,2
CAB39L,Rest,0
CAB39L,Stim48hr,0
CAB39L,Stim8hr,0
CABIN1,Rest,0
CABIN1,Stim48hr,0
CABIN1,Stim8hr,0
CABLES1,Rest,0
CABLES1,Stim48hr,0
CABLES1,Stim8hr,0
CABLES2,Rest,0
CABLES2,Stim48hr,0
CABLES2,Stim8hr,0
CABP4,Rest,0
CABP4,Stim48hr,0
CABP4,Stim8hr,0
CABP5,Rest,0
CABP5,Stim48hr,0
CABP5,Stim8hr,0
CACFD1,Rest,0
CACFD1,Stim48hr,0
CACFD1,Stim8hr,0
CACHD1,Rest,0
CACHD1,Stim48hr,0
CACHD1,Stim8hr,4
CACNA1A,Rest,0
CACNA1A,Stim48hr,0
CACNA1A,Stim8hr,0
CACNA1C,Rest,0
CACNA1C,Stim48hr,0
CACNA1C,Stim8hr,0
CACNA1D,Rest,0
CACNA1D,Stim48hr,0
CACNA1D,Stim8hr,0
CACNA1E,Rest,0
CACNA1E,Stim48hr,0
CACNA1E,Stim8hr,0
CACNA1H,Rest,0
CACNA1H,Stim48hr,0
CACNA1H,Stim8hr,0
CACNA2D2,Rest,0
CACNA2D2,Stim48hr,0
CACNA2D2,Stim8hr,0
CACNA2D4,Rest,0
CACNA2D4,Stim48hr,0
CACNA2D4,Stim8hr,0
CACNB1,Rest,0
CACNB1,Stim48hr,1
CACNB1,Stim8hr,0
CACNB2,Rest,0
CACNB2,Stim48hr,1
CACNB2,Stim8hr,0
CACNB3,Rest,0
CACNB3,Stim48hr,0
CACNB3,Stim8hr,0
CACNB4,Rest,0
CACNB4,Stim48hr,0
CACNB4,Stim8hr,0
CACUL1,Rest,0
CACUL1,Stim48hr,0
CACUL1,Stim8hr,0
CACYBP,Rest,0
CACYBP,Stim48hr,0
CACYBP,Stim8hr,0
CAD,Rest,0
CAD,Stim8hr,0
CADM1,Rest,0
CADM1,Stim48hr,0
CADM1,Stim8hr,0
CALCB,Rest,0
CALCB,Stim48hr,0
CALCB,Stim8hr,0
CALCOCO1,Rest,0
CALCOCO1,Stim48hr,0
CALCOCO1,Stim8hr,0
CALCOCO2,Rest,0
CALCOCO2,Stim48hr,3
CALCOCO2,Stim8hr,9
CALD1,Rest,0
CALD1,Stim48hr,0
CALD1,Stim8hr,0
CALHM2,Rest,0
CALHM2,Stim48hr,0
CALHM2,Stim8hr,0
CALHM6,Rest,0
CALHM6,Stim48hr,0
CALHM6,Stim8hr,0
CALM1,Rest,0
CALM1,Stim48hr,0
CALM1,Stim8hr,1
CALM2,Rest,0
CALM2,Stim48hr,0
CALM2,Stim8hr,0
CALM3,Rest,0
CALM3,Stim48hr,0
CALM3,Stim8hr,0
CALML4,Rest,0
CALML4,Stim48hr,0
CALML4,Stim8hr,0
CALML5,Rest,0
CALML5,Stim48hr,0
CALML5,Stim8hr,0
CALR,Rest,1
CALR,Stim48hr,0
CALR,Stim8hr,0
CALU,Rest,0
CALU,Stim48hr,0
CALU,Stim8hr,0
CALY,Rest,0
CALY,Stim48hr,0
CALY,Stim8hr,0
CAMK1,Rest,0
CAMK1,Stim48hr,0
CAMK1,Stim8hr,0
CAMK1D,Rest,0
CAMK1D,Stim48hr,0
CAMK1D,Stim8hr,0
CAMK2D,Rest,0
CAMK2D,Stim48hr,0
CAMK2D,Stim8hr,0
CAMK2G,Rest,0
CAMK2G,Stim48hr,0
CAMK2G,Stim8hr,0
CAMK2N1,Rest,0
CAMK2N1,Stim48hr,0
CAMK2N1,Stim8hr,1
CAMK4,Rest,0
CAMK4,Stim48hr,0
CAMK4,Stim8hr,0
CAMKK1,Rest,0
CAMKK1,Stim48hr,0
CAMKK1,Stim8hr,0
CAMKMT,Rest,0
CAMKMT,Stim48hr,0
CAMKMT,Stim8hr,0
CAMLG,Rest,0
CAMLG,Stim48hr,0
CAMLG,Stim8hr,0
CAMSAP1,Rest,0
CAMSAP1,Stim48hr,0
CAMSAP1,Stim8hr,6
CAMSAP2,Rest,0
CAMSAP2,Stim48hr,1
CAMSAP2,Stim8hr,0
CAMTA1,Rest,0
CAMTA1,Stim48hr,0
CAMTA1,Stim8hr,0
CAMTA2,Stim48hr,0
CAND1,Rest,4
CAND1,Stim48hr,0
CAND1,Stim8hr,3
CANT1,Rest,0
CANT1,Stim48hr,0
CANT1,Stim8hr,0
CANX,Rest,0
CANX,Stim48hr,0
CANX,Stim8hr,0
CAP1,Rest,0
CAP1,Stim48hr,0
CAP1,Stim8hr,0
CAPG,Rest,0
CAPG,Stim48hr,0
CAPG,Stim8hr,0
CAPN1,Rest,0
CAPN1,Stim48hr,0
CAPN1,Stim8hr,0
CAPN10,Rest,0
CAPN10,Stim48hr,0
CAPN10,Stim8hr,0
CAPN12,Rest,0
CAPN12,Stim48hr,0
CAPN12,Stim8hr,0
CAPN15,Rest,0
CAPN15,Stim48hr,0
CAPN15,Stim8hr,0
CAPN2,Rest,0
CAPN2,Stim48hr,0
CAPN2,Stim8hr,0
CAPN3,Rest,0
CAPN3,Stim48hr,0
CAPN3,Stim8hr,0
CAPN5,Rest,0
CAPN5,Stim48hr,0
CAPN5,Stim8hr,1
CAPN7,Rest,0
CAPN7,Stim48hr,0
CAPN7,Stim8hr,0
CAPNS1,Rest,0
CAPNS1,Stim48hr,0
CAPNS1,Stim8hr,0
CAPRIN2,Rest,0
CAPRIN2,Stim48hr,0
CAPRIN2,Stim8hr,0
CAPZA1,Rest,0
CAPZA1,Stim48hr,0
CAPZA1,Stim8hr,1
CAPZA2,Rest,0
CAPZA2,Stim48hr,0
CAPZA2,Stim8hr,0
CARD11,Rest,0
CARD11,Stim48hr,0
CARD11,Stim8hr,1
CARD16,Rest,0
CARD16,Stim48hr,0
CARD16,Stim8hr,0
CARD17P,Rest,0
CARD17P,Stim48hr,0
CARD17P,Stim8hr,0
CARD19,Rest,0
CARD19,Stim48hr,0
CARD19,Stim8hr,0
CARD6,Rest,0
CARD6,Stim48hr,0
CARD6,Stim8hr,0
CARD8,Rest,0
CARD8,Stim48hr,0
CARD8,Stim8hr,0
CARD9,Rest,0
CARD9,Stim48hr,0
CARD9,Stim8hr,0
CARHSP1,Rest,0
CARHSP1,Stim48hr,0
CARHSP1,Stim8hr,0
CARM1,Rest,0
CARM1,Stim48hr,1
CARM1,Stim8hr,0
CARMIL1,Rest,0
CARMIL1,Stim48hr,0
CARMIL1,Stim8hr,0
CARMIL2,Rest,1
CARMIL2,Stim48hr,5
CARMIL2,Stim8hr,5
CARNMT1,Rest,0
CARNMT1,Stim48hr,0
CARNMT1,Stim8hr,0
CARNS1,Rest,0
CARNS1,Stim48hr,0
CARNS1,Stim8hr,0
CARS2,Rest,1
CARS2,Stim48hr,2
CARS2,Stim8hr,0
CASC3,Rest,1
CASC3,Stim48hr,1
CASC3,Stim8hr,5
CASD1,Stim48hr,0
CASD1,Stim8hr,0
CASK,Rest,0
CASK,Stim48hr,0
CASK,Stim8hr,0
CASP1,Rest,0
CASP1,Stim48hr,0
CASP1,Stim8hr,0
CASP10,Rest,0
CASP10,Stim48hr,0
CASP10,Stim8hr,0
CASP2,Rest,0
CASP2,Stim48hr,0
CASP2,Stim8hr,0
CASP3,Rest,0
CASP3,Stim48hr,0
CASP3,Stim8hr,0
CASP4,Rest,0
CASP4,Stim48hr,0
CASP4,Stim8hr,0
CASP6,Rest,0
CASP6,Stim48hr,0
CASP6,Stim8hr,0
CASP7,Rest,0
CASP7,Stim48hr,0
CASP7,Stim8hr,0
CASP8,Rest,0
CASP8,Stim48hr,0
CASP8,Stim8hr,0
CASP9,Rest,0
CASP9,Stim48hr,0
CASP9,Stim8hr,0
CASS4,Rest,0
CASS4,Stim48hr,0
CASS4,Stim8hr,0
CAST,Rest,0
CAST,Stim48hr,1
CAST,Stim8hr,0
CASTOR1,Rest,0
CASTOR1,Stim48hr,0
CASTOR1,Stim8hr,0
CAT,Rest,0
CAT,Stim48hr,0
CAT,Stim8hr,0
CATSPER2,Rest,0
CATSPER2,Stim48hr,0
CATSPER2,Stim8hr,0
CATSPERB,Rest,0
CATSPERB,Stim48hr,0
CATSPERB,Stim8hr,0
CATSPERG,Rest,0
CATSPERG,Stim48hr,0
CATSPERG,Stim8hr,0
CAV1,Rest,0
CAV1,Stim48hr,0
CAV1,Stim8hr,0
CAVIN1,Rest,0
CAVIN1,Stim48hr,0
CAVIN1,Stim8hr,0
CAVIN2,Rest,0
CAVIN2,Stim48hr,0
CAVIN2,Stim8hr,0
CAVIN3,Rest,0
CAVIN3,Stim48hr,0
CAVIN3,Stim8hr,0
CBFA2T2,Rest,0
CBFA2T2,Stim48hr,0
CBFA2T2,Stim8hr,0
CBFB,Rest,2
CBFB,Stim48hr,3
CBFB,Stim8hr,6
CBL,Rest,0
CBL,Stim48hr,0
CBL,Stim8hr,0
CBLB,Rest,0
CBLB,Stim48hr,0
CBLB,Stim8hr,5
CBLL1,Rest,0
CBLL1,Stim48hr,0
CBLL1,Stim8hr,0
CBLN3,Rest,0
CBLN3,Stim48hr,0
CBLN3,Stim8hr,0
CBR1,Rest,0
CBR1,Stim48hr,0
CBR1,Stim8hr,0
CBR3,Rest,0
CBR3,Stim48hr,0
CBR3,Stim8hr,0
CBR4,Rest,0
CBR4,Stim48hr,0
CBR4,Stim8hr,0
CBS,Rest,1
CBS,Stim48hr,0
CBS,Stim8hr,0
CBX1,Rest,0
CBX1,Stim48hr,0
CBX1,Stim8hr,0
CBX2,Rest,0
CBX2,Stim48hr,0
CBX2,Stim8hr,0
CBX3,Rest,0
CBX3,Stim48hr,0
CBX3,Stim8hr,0
CBX4,Rest,0
CBX4,Stim48hr,0
CBX4,Stim8hr,0
CBX5,Rest,0
CBX5,Stim48hr,0
CBX5,Stim8hr,0
CBX6,Rest,0
CBX6,Stim48hr,0
CBX6,Stim8hr,0
CBX7,Rest,0
CBX7,Stim48hr,0
CBX7,Stim8hr,0
CBY1,Rest,0
CBY1,Stim48hr,0
CBY1,Stim8hr,0
CC2D1A,Rest,0
CC2D1A,Stim48hr,0
CC2D1A,Stim8hr,0
CC2D1B,Rest,0
CC2D1B,Stim48hr,0
CC2D1B,Stim8hr,0
CCAR1,Rest,0
CCAR1,Stim48hr,0
CCAR1,Stim8hr,1
CCAR2,Rest,0
CCAR2,Stim48hr,0
CCAR2,Stim8hr,0
CCDC102A,Rest,0
CCDC102A,Stim48hr,0
CCDC102A,Stim8hr,0
CCDC102B,Rest,0
CCDC102B,Stim48hr,0
CCDC102B,Stim8hr,0
CCDC106,Rest,0
CCDC106,Stim48hr,0
CCDC106,Stim8hr,0
CCDC107,Rest,0
CCDC107,Stim48hr,0
CCDC107,Stim8hr,0
CCDC112,Rest,0
CCDC112,Stim48hr,0
CCDC112,Stim8hr,0
CCDC117,Rest,0
CCDC117,Stim48hr,0
CCDC117,Stim8hr,0
CCDC12,Rest,2
CCDC12,Stim48hr,0
CCDC12,Stim8hr,0
CCDC120,Rest,0
CCDC120,Stim48hr,0
CCDC120,Stim8hr,0
CCDC122,Rest,0
CCDC122,Stim48hr,0
CCDC122,Stim8hr,0
CCDC124,Rest,0
CCDC124,Stim48hr,0
CCDC124,Stim8hr,1
CCDC125,Rest,0
CCDC125,Stim48hr,0
CCDC125,Stim8hr,0
CCDC126,Rest,0
CCDC126,Stim48hr,0
CCDC126,Stim8hr,0
CCDC127,Rest,0
CCDC127,Stim48hr,0
CCDC127,Stim8hr,0
CCDC134,Rest,1
CCDC134,Stim48hr,3
CCDC134,Stim8hr,1
CCDC136,Rest,0
CCDC136,Stim48hr,0
CCDC136,Stim8hr,0
CCDC137,Rest,0
CCDC137,Stim48hr,0
CCDC137,Stim8hr,0
CCDC138,Rest,3
CCDC138,Stim48hr,0
CCDC138,Stim8hr,0
CCDC14,Rest,0
CCDC14,Stim48hr,0
CCDC14,Stim8hr,0
CCDC141,Rest,0
CCDC141,Stim48hr,0
CCDC141,Stim8hr,0
CCDC142,Rest,0
CCDC142,Stim48hr,0
CCDC142,Stim8hr,0
CCDC144A,Rest,0
CCDC144A,Stim48hr,0
CCDC144A,Stim8hr,0
CCDC15,Rest,0
CCDC15,Stim48hr,0
CCDC15,Stim8hr,0
CCDC150,Rest,2
CCDC150,Stim48hr,0
CCDC150,Stim8hr,0
CCDC152,Rest,0
CCDC152,Stim48hr,0
CCDC152,Stim8hr,0
CCDC154,Rest,0
CCDC154,Stim48hr,0
CCDC154,Stim8hr,0
CCDC159,Rest,0
CCDC159,Stim48hr,0
CCDC159,Stim8hr,0
CCDC167,Rest,0
CCDC167,Stim48hr,0
CCDC167,Stim8hr,0
CCDC169-SOHLH2,Rest,0
CCDC169-SOHLH2,Stim48hr,0
CCDC169-SOHLH2,Stim8hr,0
CCDC171,Rest,0
CCDC171,Stim48hr,0
CCDC171,Stim8hr,0
CCDC18,Rest,0
CCDC18,Stim48hr,0
CCDC18,Stim8hr,0
CCDC180,Rest,0
CCDC180,Stim48hr,0
CCDC180,Stim8hr,0
CCDC184,Rest,0
CCDC184,Stim48hr,0
CCDC184,Stim8hr,0
CCDC186,Rest,0
CCDC186,Stim48hr,0
CCDC186,Stim8hr,0
CCDC191,Rest,0
CCDC191,Stim48hr,0
CCDC191,Stim8hr,0
CCDC22,Rest,0
CCDC22,Stim48hr,1
CCDC22,Stim8hr,0
CCDC25,Rest,0
CCDC25,Stim48hr,0
CCDC25,Stim8hr,0
CCDC28A,Rest,0
CCDC28A,Stim48hr,0
CCDC28A,Stim8hr,0
CCDC28B,Rest,1
CCDC28B,Stim48hr,0
CCDC28B,Stim8hr,2
CCDC30,Rest,0
CCDC30,Stim48hr,0
CCDC30,Stim8hr,0
CCDC32,Rest,0
CCDC32,Stim48hr,0
CCDC32,Stim8hr,0
CCDC34,Rest,0
CCDC34,Stim48hr,0
CCDC34,Stim8hr,0
CCDC39,Rest,0
CCDC39,Stim48hr,0
CCDC39,Stim8hr,0
CCDC43,Rest,0
CCDC43,Stim48hr,0
CCDC43,Stim8hr,0
CCDC47,Rest,0
CCDC47,Stim48hr,0
CCDC47,Stim8hr,0
CCDC50,Rest,0
CCDC50,Stim48hr,0
CCDC50,Stim8hr,0
CCDC51,Rest,0
CCDC51,Stim48hr,0
CCDC51,Stim8hr,0
CCDC57,Rest,0
CCDC57,Stim48hr,0
CCDC57,Stim8hr,0
CCDC59,Rest,0
CCDC59,Stim48hr,0
CCDC59,Stim8hr,0
CCDC6,Rest,1
CCDC6,Stim48hr,0
CCDC6,Stim8hr,0
CCDC61,Rest,0
CCDC61,Stim48hr,0
CCDC61,Stim8hr,0
CCDC66,Rest,0
CCDC66,Stim48hr,0
CCDC66,Stim8hr,0
CCDC69,Rest,0
CCDC69,Stim48hr,0
CCDC69,Stim8hr,0
CCDC7,Rest,0
CCDC7,Stim48hr,0
CCDC7,Stim8hr,0
CCDC71,Rest,0
CCDC71,Stim48hr,0
CCDC71,Stim8hr,0
CCDC71L,Rest,0
CCDC71L,Stim48hr,0
CCDC71L,Stim8hr,0
CCDC77,Rest,0
CCDC77,Stim48hr,0
CCDC77,Stim8hr,0
CCDC78,Rest,0
CCDC78,Stim48hr,0
CCDC78,Stim8hr,0
CCDC82,Rest,0
CCDC82,Stim48hr,0
CCDC82,Stim8hr,0
CCDC85B,Rest,0
CCDC85B,Stim48hr,0
CCDC85B,Stim8hr,0
CCDC85C,Rest,0
CCDC85C,Stim48hr,0
CCDC85C,Stim8hr,0
CCDC88A,Rest,0
CCDC88A,Stim48hr,0
CCDC88A,Stim8hr,0
CCDC88B,Rest,0
CCDC88B,Stim48hr,0
CCDC88B,Stim8hr,0
CCDC88C,Rest,0
CCDC88C,Stim48hr,0
CCDC88C,Stim8hr,0
CCDC9,Rest,0
CCDC9,Stim48hr,1
CCDC9,Stim8hr,0
CCDC90B,Rest,0
CCDC90B,Stim48hr,0
CCDC90B,Stim8hr,0
CCDC91,Rest,0
CCDC91,Stim48hr,0
CCDC91,Stim8hr,0
CCDC92,Rest,0
CCDC92,Stim48hr,0
CCDC92,Stim8hr,0
CCDC93,Rest,0
CCDC93,Stim48hr,0
CCDC93,Stim8hr,1
CCDC97,Rest,0
CCDC97,Stim48hr,0
CCDC97,Stim8hr,0
CCHCR1,Rest,0
CCHCR1,Stim48hr,0
CCHCR1,Stim8hr,0
CCL1,Rest,0
CCL1,Stim48hr,0
CCL1,Stim8hr,0
CCL18,Rest,0
CCL18,Stim48hr,0
CCL18,Stim8hr,0
CCL2,Rest,0
CCL2,Stim48hr,0
CCL2,Stim8hr,0
CCL20,Rest,0
CCL20,Stim48hr,0
CCL20,Stim8hr,0
CCL22,Rest,0
CCL22,Stim48hr,0
CCL22,Stim8hr,0
CCL25,Rest,0
CCL25,Stim48hr,0
CCL25,Stim8hr,0
CCL28,Rest,0
CCL28,Stim48hr,0
CCL28,Stim8hr,0
CCL3,Rest,0
CCL3,Stim48hr,0
CCL3,Stim8hr,0
CCL3L3,Rest,0
CCL3L3,Stim48hr,0
CCL3L3,Stim8hr,0
CCL4,Rest,0
CCL4,Stim48hr,0
CCL4,Stim8hr,0
CCL4L2,Rest,0
CCL4L2,Stim48hr,0
CCL4L2,Stim8hr,0
CCL5,Rest,0
CCL5,Stim48hr,0
CCL5,Stim8hr,0
CCM2,Rest,0
CCM2,Stim48hr,0
CCM2,Stim8hr,0
CCN1,Rest,0
CCN1,Stim48hr,1
CCN1,Stim8hr,0
CCNA1,Rest,0
CCNA1,Stim48hr,0
CCNA1,Stim8hr,0
CCNA2,Rest,0
CCNA2,Stim48hr,0
CCNA2,Stim8hr,0
CCNB1,Rest,0
CCNB1,Stim48hr,0
CCNB1,Stim8hr,0
CCNB1IP1,Rest,0
CCNB1IP1,Stim48hr,0
CCNB1IP1,Stim8hr,0
CCNB2,Rest,0
CCNB2,Stim48hr,0
CCNB2,Stim8hr,0
CCNC,Rest,7
CCNC,Stim48hr,8
CCNC,Stim8hr,2
CCND1,Rest,0
CCND1,Stim48hr,0
CCND1,Stim8hr,0
CCND2,Rest,1
CCND2,Stim48hr,0
CCND2,Stim8hr,0
CCND3,Rest,0
CCND3,Stim48hr,0
CCND3,Stim8hr,0
CCNDBP1,Rest,0
CCNDBP1,Stim48hr,0
CCNDBP1,Stim8hr,0
CCNE1,Rest,0
CCNE1,Stim48hr,0
CCNE1,Stim8hr,0
CCNE2,Rest,0
CCNE2,Stim48hr,0
CCNE2,Stim8hr,0
CCNF,Rest,0
CCNF,Stim48hr,0
CCNF,Stim8hr,0
CCNG1,Rest,0
CCNG1,Stim48hr,0
CCNG1,Stim8hr,0
CCNG2,Rest,0
CCNG2,Stim48hr,0
CCNG2,Stim8hr,0
CCNH,Stim48hr,0
CCNI,Rest,0
CCNI,Stim48hr,0
CCNI,Stim8hr,0
CCNI2,Rest,0
CCNI2,Stim48hr,0
CCNI2,Stim8hr,0
CCNJ,Rest,0
CCNJ,Stim48hr,0
CCNJ,Stim8hr,0
CCNK,Rest,0
CCNK,Stim48hr,0
CCNK,Stim8hr,0
CCNL1,Rest,0
CCNL1,Stim48hr,0
CCNL1,Stim8hr,0
CCNL2,Rest,0
CCNL2,Stim48hr,0
CCNL2,Stim8hr,0
CCNQ,Rest,0
CCNQ,Stim48hr,2
CCNQ,Stim8hr,0
CCNT1,Rest,0
CCNT1,Stim48hr,3
CCNT1,Stim8hr,0
CCNT2,Rest,0
CCNT2,Stim48hr,0
CCNT2,Stim8hr,0
CCNY,Rest,0
CCNY,Stim48hr,0
CCNY,Stim8hr,0
CCNYL1,Rest,0
CCNYL1,Stim48hr,0
CCNYL1,Stim8hr,0
CCP110,Rest,0
CCP110,Stim48hr,0
CCP110,Stim8hr,0
CCPG1,Rest,0
CCPG1,Stim48hr,0
CCPG1,Stim8hr,0
CCR1,Rest,0
CCR1,Stim48hr,0
CCR1,Stim8hr,0
CCR10,Rest,0
CCR10,Stim48hr,0
CCR10,Stim8hr,0
CCR2,Rest,0
CCR2,Stim48hr,0
CCR2,Stim8hr,0
CCR4,Rest,2
CCR4,Stim48hr,0
CCR4,Stim8hr,0
CCR5,Rest,0
CCR5,Stim48hr,0
CCR5,Stim8hr,0
CCR6,Rest,0
CCR6,Stim48hr,0
CCR6,Stim8hr,0
CCR7,Rest,0
CCR7,Stim48hr,0
CCR7,Stim8hr,0
CCR8,Rest,0
CCR8,Stim48hr,0
CCR8,Stim8hr,0
CCR9,Rest,1
CCR9,Stim48hr,0
CCR9,Stim8hr,0
CCS,Rest,0
CCS,Stim48hr,0
CCS,Stim8hr,2
CCSAP,Rest,1
CCSAP,Stim48hr,0
CCSAP,Stim8hr,0
CCSER2,Rest,0
CCSER2,Stim48hr,0
CCSER2,Stim8hr,0
CCZ1,Rest,0
CCZ1,Stim48hr,0
CCZ1,Stim8hr,0
CCZ1B,Rest,0
CCZ1B,Stim48hr,0
CCZ1B,Stim8hr,0
CD101,Rest,0
CD101,Stim48hr,0
CD101,Stim8hr,0
CD109,Rest,0
CD109,Stim48hr,0
CD109,Stim8hr,0
CD14,Rest,0
CD14,Stim48hr,0
CD14,Stim8hr,0
CD151,Rest,0
CD151,Stim48hr,0
CD151,Stim8hr,0
CD160,Rest,0
CD160,Stim48hr,0
CD160,Stim8hr,0
CD163,Rest,0
CD163,Stim48hr,0
CD163,Stim8hr,0
CD164,Rest,0
CD164,Stim48hr,0
CD164,Stim8hr,0
CD177,Rest,0
CD177,Stim48hr,0
CD177,Stim8hr,0
CD19,Rest,0
CD19,Stim48hr,0
CD19,Stim8hr,0
CD2,Rest,0
CD2,Stim48hr,2
CD2,Stim8hr,6
CD200,Rest,0
CD200,Stim48hr,0
CD200,Stim8hr,0
CD200R1,Rest,0
CD200R1,Stim48hr,0
CD200R1,Stim8hr,0
CD22,Rest,0
CD22,Stim48hr,0
CD22,Stim8hr,0
CD226,Rest,0
CD226,Stim48hr,0
CD226,Stim8hr,0
CD24,Rest,0
CD24,Stim48hr,0
CD24,Stim8hr,0
CD244,Rest,1
CD244,Stim48hr,0
CD244,Stim8hr,1
CD247,Rest,0
CD247,Stim48hr,6
CD247,Stim8hr,13
CD248,Rest,2
CD248,Stim48hr,0
CD248,Stim8hr,0
CD27,Rest,0
CD27,Stim48hr,0
CD27,Stim8hr,0
CD274,Rest,0
CD274,Stim48hr,0
CD274,Stim8hr,0
CD276,Rest,0
CD276,Stim48hr,0
CD276,Stim8hr,0
CD28,Rest,0
CD28,Stim48hr,5
CD28,Stim8hr,4
CD2AP,Rest,0
CD2AP,Stim48hr,0
CD2AP,Stim8hr,0
CD2BP2,Rest,0
CD2BP2,Stim48hr,0
CD2BP2,Stim8hr,0
CD300A,Rest,0
CD300A,Stim48hr,0
CD300A,Stim8hr,0
CD300E,Rest,0
CD300E,Stim48hr,0
CD300E,Stim8hr,0
CD300LF,Rest,0
CD300LF,Stim48hr,0
CD300LF,Stim8hr,0
CD302,Rest,0
CD302,Stim48hr,0
CD302,Stim8hr,0
CD320,Rest,0
CD320,Stim48hr,0
CD320,Stim8hr,0
CD33,Rest,0
CD33,Stim48hr,0
CD33,Stim8hr,0
CD36,Rest,0
CD36,Stim48hr,0
CD36,Stim8hr,0
CD37,Rest,2
CD37,Stim48hr,0
CD37,Stim8hr,0
CD38,Rest,0
CD38,Stim48hr,0
CD38,Stim8hr,0
CD3D,Rest,0
CD3D,Stim48hr,5
CD3D,Stim8hr,15
CD3E,Rest,0
CD3E,Stim48hr,9
CD3E,Stim8hr,20
CD3G,Rest,0
CD3G,Stim48hr,8
CD3G,Stim8hr,17
CD4,Rest,0
CD4,Stim48hr,0
CD4,Stim8hr,0
CD40,Rest,0
CD40,Stim48hr,1
CD40,Stim8hr,0
CD40LG,Rest,0
CD40LG,Stim48hr,0
CD40LG,Stim8hr,0
CD44,Rest,0
CD44,Stim48hr,0
CD44,Stim8hr,0
CD46,Rest,0
CD46,Stim48hr,0
CD46,Stim8hr,0
CD47,Rest,0
CD47,Stim48hr,0
CD47,Stim8hr,0
CD48,Rest,0
CD48,Stim48hr,0
CD48,Stim8hr,0
CD5,Rest,0
CD5,Stim48hr,1
CD5,Stim8hr,1
CD52,Rest,0
CD52,Stim48hr,0
CD52,Stim8hr,0
CD53,Rest,0
CD53,Stim48hr,0
CD53,Stim8hr,0
CD55,Rest,0
CD55,Stim48hr,0
CD55,Stim8hr,0
CD58,Rest,0
CD58,Stim48hr,0
CD58,Stim8hr,0
CD6,Rest,0
CD6,Stim48hr,0
CD6,Stim8hr,0
CD63,Rest,0
CD63,Stim48hr,0
CD63,Stim8hr,0
CD68,Rest,0
CD68,Stim48hr,0
CD68,Stim8hr,0
CD69,Rest,0
CD69,Stim48hr,0
CD69,Stim8hr,0
CD7,Rest,1
CD7,Stim48hr,0
CD7,Stim8hr,0
CD70,Rest,0
CD70,Stim48hr,0
CD70,Stim8hr,0
CD72,Rest,0
CD72,Stim48hr,0
CD72,Stim8hr,0
CD74,Rest,0
CD74,Stim48hr,0
CD74,Stim8hr,0
CD79A,Rest,0
CD79A,Stim48hr,0
CD79A,Stim8hr,0
CD79B,Rest,0
CD79B,Stim48hr,0
CD79B,Stim8hr,0
CD80,Rest,0
CD80,Stim48hr,0
CD80,Stim8hr,0
CD81,Rest,0
CD81,Stim48hr,0
CD81,Stim8hr,0
CD82,Rest,0
CD82,Stim8hr,0
CD83,Rest,0
CD83,Stim48hr,0
CD83,Stim8hr,0
CD84,Rest,0
CD84,Stim48hr,0
CD84,Stim8hr,0
CD86,Rest,0
CD86,Stim48hr,0
CD86,Stim8hr,0
CD8A,Rest,0
CD8A,Stim48hr,0
CD8A,Stim8hr,0
CD8B,Rest,0
CD8B,Stim48hr,0
CD8B,Stim8hr,0
CD9,Rest,0
CD9,Stim48hr,0
CD9,Stim8hr,0
CD93,Rest,0
CD93,Stim48hr,0
CD93,Stim8hr,0
CD96,Rest,0
CD96,Stim48hr,0
CD96,Stim8hr,0
CD99,Rest,0
CD99,Stim48hr,0
CD99,Stim8hr,0
CD99L2,Stim48hr,0
CD99L2,Stim8hr,0
CDA,Rest,0
CDA,Stim48hr,0
CDA,Stim8hr,0
CDADC1,Rest,1
CDADC1,Stim48hr,0
CDADC1,Stim8hr,0
CDC123,Rest,1
CDC123,Stim48hr,0
CDC123,Stim8hr,1
CDC14A,Rest,0
CDC14A,Stim48hr,0
CDC14A,Stim8hr,0
CDC25A,Rest,0
CDC25A,Stim48hr,0
CDC25A,Stim8hr,0
CDC25B,Rest,3
CDC25B,Stim48hr,0
CDC25B,Stim8hr,2
CDC25C,Rest,0
CDC25C,Stim48hr,0
CDC25C,Stim8hr,0
CDC34,Rest,0
CDC34,Stim48hr,0
CDC34,Stim8hr,0
CDC37,Rest,0
CDC37,Stim48hr,0
CDC37,Stim8hr,0
CDC37L1,Rest,0
CDC37L1,Stim48hr,0
CDC37L1,Stim8hr,0
CDC42,Rest,2
CDC42,Stim48hr,0
CDC42,Stim8hr,0
CDC42BPA,Rest,0
CDC42BPA,Stim48hr,0
CDC42BPA,Stim8hr,0
CDC42BPB,Rest,0
CDC42BPB,Stim48hr,0
CDC42BPB,Stim8hr,0
CDC42BPG,Rest,0
CDC42BPG,Stim48hr,0
CDC42BPG,Stim8hr,0
CDC42EP3,Rest,0
CDC42EP3,Stim48hr,0
CDC42EP3,Stim8hr,0
CDC42EP4,Rest,0
CDC42EP4,Stim48hr,0
CDC42EP4,Stim8hr,0
CDC42EP5,Rest,0
CDC42EP5,Stim48hr,0
CDC42EP5,Stim8hr,0
CDC42SE1,Rest,0
CDC42SE1,Stim48hr,0
CDC42SE1,Stim8hr,0
CDC42SE2,Rest,0
CDC42SE2,Stim48hr,0
CDC42SE2,Stim8hr,0
CDC50A,Rest,0
CDC50A,Stim48hr,0
CDC50A,Stim8hr,0
CDC50B,Rest,0
CDC50B,Stim48hr,0
CDC50B,Stim8hr,0
CDCA2,Rest,0
CDCA2,Stim48hr,1
CDCA2,Stim8hr,0
CDCA3,Rest,0
CDCA3,Stim48hr,0
CDCA3,Stim8hr,1
CDCA4,Rest,0
CDCA4,Stim48hr,0
CDCA4,Stim8hr,0
CDCA7,Rest,0
CDCA7,Stim48hr,0
CDCA7,Stim8hr,0
CDCA7L,Rest,0
CDCA7L,Stim48hr,0
CDCA7L,Stim8hr,1
CDCP1,Rest,0
CDCP1,Stim48hr,0
CDCP1,Stim8hr,0
CDH1,Rest,0
CDH1,Stim48hr,0
CDH1,Stim8hr,0
CDH23,Rest,0
CDH23,Stim48hr,0
CDH23,Stim8hr,0
CDH24,Rest,0
CDH24,Stim48hr,0
CDH24,Stim8hr,0
CDH3,Rest,0
CDH3,Stim48hr,0
CDH3,Stim8hr,0
CDHR5,Rest,0
CDHR5,Stim48hr,0
CDHR5,Stim8hr,0
CDIP1,Rest,0
CDIP1,Stim48hr,0
CDIP1,Stim8hr,1
CDIPT,Rest,0
CDIPT,Stim48hr,0
CDIPT,Stim8hr,2
CDK10,Rest,0
CDK10,Stim48hr,0
CDK10,Stim8hr,0
CDK11A,Rest,0
CDK11A,Stim48hr,0
CDK11A,Stim8hr,0
CDK12,Stim48hr,2
CDK13,Rest,1
CDK13,Stim48hr,1
CDK13,Stim8hr,1
CDK16,Rest,0
CDK16,Stim48hr,0
CDK16,Stim8hr,0
CDK17,Rest,0
CDK17,Stim48hr,0
CDK17,Stim8hr,0
CDK19,Rest,0
CDK19,Stim48hr,0
CDK19,Stim8hr,0
CDK2,Rest,0
CDK2,Stim48hr,0
CDK2,Stim8hr,0
CDK20,Rest,0
CDK20,Stim48hr,0
CDK20,Stim8hr,0
CDK2AP1,Rest,0
CDK2AP1,Stim48hr,0
CDK2AP1,Stim8hr,0
CDK2AP2,Rest,0
CDK2AP2,Stim48hr,0
CDK2AP2,Stim8hr,0
CDK4,Rest,0
CDK4,Stim48hr,0
CDK4,Stim8hr,0
CDK5,Rest,0
CDK5,Stim48hr,0
CDK5,Stim8hr,0
CDK5R1,Rest,0
CDK5R1,Stim48hr,0
CDK5R1,Stim8hr,0
CDK5RAP1,Rest,0
CDK5RAP1,Stim48hr,0
CDK5RAP1,Stim8hr,0
CDK5RAP2,Rest,0
CDK5RAP2,Stim48hr,0
CDK5RAP2,Stim8hr,0
CDK5RAP3,Rest,0
CDK5RAP3,Stim48hr,0
CDK5RAP3,Stim8hr,0
CDK6,Rest,0
CDK6,Stim48hr,0
CDK6,Stim8hr,0
CDK7,Rest,0
CDK7,Stim48hr,0
CDK7,Stim8hr,0
CDK8,Rest,0
CDK8,Stim48hr,0
CDK8,Stim8hr,0
CDK9,Rest,0
CDK9,Stim48hr,0
CDK9,Stim8hr,0
CDKAL1,Rest,0
CDKAL1,Stim48hr,0
CDKAL1,Stim8hr,0
CDKL1,Rest,0
CDKL1,Stim48hr,0
CDKL1,Stim8hr,0
CDKL2,Rest,0
CDKL2,Stim48hr,0
CDKL2,Stim8hr,0
CDKL5,Rest,0
CDKL5,Stim48hr,0
CDKL5,Stim8hr,0
CDKN1A,Rest,0
CDKN1A,Stim48hr,0
CDKN1A,Stim8hr,0
CDKN1B,Rest,0
CDKN1B,Stim48hr,0
CDKN1B,Stim8hr,0
CDKN1C,Rest,0
CDKN1C,Stim48hr,0
CDKN1C,Stim8hr,0
CDKN2A,Rest,0
CDKN2A,Stim48hr,0
CDKN2A,Stim8hr,0
CDKN2AIP,Rest,0
CDKN2AIP,Stim48hr,0
CDKN2AIP,Stim8hr,0
CDKN2C,Rest,0
CDKN2C,Stim48hr,0
CDKN2C,Stim8hr,0
CDKN3,Rest,1
CDKN3,Stim48hr,0
CDKN3,Stim8hr,0
CDO1,Rest,0
CDO1,Stim48hr,0
CDO1,Stim8hr,0
CDON,Rest,0
CDON,Stim48hr,0
CDON,Stim8hr,0
CDPF1,Rest,0
CDPF1,Stim48hr,0
CDPF1,Stim8hr,0
CDR2,Rest,0
CDR2,Stim48hr,0
CDR2,Stim8hr,0
CDRT4,Rest,0
CDRT4,Stim48hr,0
CDRT4,Stim8hr,0
CDS1,Rest,0
CDS1,Stim48hr,0
CDS1,Stim8hr,0
CDS2,Rest,0
CDS2,Stim48hr,1
CDS2,Stim8hr,4
CDV3,Rest,0
CDV3,Stim48hr,0
CDV3,Stim8hr,0
CDX1,Rest,0
CDX1,Stim48hr,0
CDX1,Stim8hr,0
CDX2,Rest,0
CDX2,Stim48hr,0
CDX2,Stim8hr,0
CDX4,Rest,0
CDX4,Stim48hr,0
CDX4,Stim8hr,0
CDYL,Rest,0
CDYL,Stim48hr,0
CDYL,Stim8hr,0
CDYL2,Rest,0
CDYL2,Stim48hr,0
CDYL2,Stim8hr,0
CEACAM1,Rest,0
CEACAM1,Stim48hr,0
CEACAM1,Stim8hr,0
CEACAM21,Rest,0
CEACAM21,Stim48hr,0
CEACAM21,Stim8hr,0
CEACAM4,Rest,0
CEACAM4,Stim48hr,0
CEACAM4,Stim8hr,0
CEBPA,Rest,0
CEBPA,Stim48hr,0
CEBPA,Stim8hr,0
CEBPB,Rest,0
CEBPB,Stim48hr,0
CEBPB,Stim8hr,0
CEBPD,Rest,0
CEBPD,Stim48hr,0
CEBPD,Stim8hr,0
CEBPE,Rest,0
CEBPE,Stim48hr,0
CEBPE,Stim8hr,0
CELF1,Rest,0
CELF1,Stim48hr,0
CELF1,Stim8hr,0
CELF2,Rest,0
CELF2,Stim48hr,0
CELF2,Stim8hr,0
CELSR2,Rest,0
CELSR2,Stim48hr,0
CELSR2,Stim8hr,0
CELSR3,Rest,0
CELSR3,Stim48hr,0
CELSR3,Stim8hr,0
CEMIP,Rest,0
CEMIP,Stim48hr,0
CEMIP,Stim8hr,0
CEMIP2,Rest,0
CEMIP2,Stim48hr,0
CEMIP2,Stim8hr,0
CENATAC,Stim48hr,0
CENATAC,Stim8hr,0
CENPB,Rest,0
CENPB,Stim48hr,0
CENPB,Stim8hr,0
CENPBD1P,Rest,0
CENPBD1P,Stim48hr,0
CENPBD1P,Stim8hr,0
CENPE,Stim48hr,1
CENPE,Stim8hr,0
CENPF,Rest,0
CENPF,Stim48hr,0
CENPF,Stim8hr,0
CENPO,Rest,0
CENPO,Stim48hr,0
CENPO,Stim8hr,0
CENPP,Rest,0
CENPP,Stim48hr,0
CENPQ,Rest,0
CENPQ,Stim48hr,0
CENPQ,Stim8hr,0
CENPS,Rest,0
CENPS,Stim48hr,0
CENPS,Stim8hr,0
CENPT,Stim8hr,1
CENPU,Rest,0
CENPU,Stim48hr,0
CENPU,Stim8hr,0
CENPV,Rest,1
CENPV,Stim48hr,0
CENPV,Stim8hr,0
CENPW,Rest,0
CENPW,Stim8hr,0
CENPX,Rest,0
CENPX,Stim48hr,0
CENPX,Stim8hr,0
CEP104,Rest,0
CEP104,Stim48hr,0
CEP104,Stim8hr,0
CEP112,Rest,0
CEP112,Stim48hr,0
CEP112,Stim8hr,0
CEP120,Rest,0
CEP120,Stim48hr,0
CEP120,Stim8hr,0
CEP126,Rest,0
CEP126,Stim48hr,1
CEP126,Stim8hr,0
CEP128,Rest,0
CEP128,Stim48hr,0
CEP128,Stim8hr,0
CEP131,Rest,0
CEP131,Stim48hr,0
CEP131,Stim8hr,0
CEP135,Rest,0
CEP135,Stim48hr,1
CEP135,Stim8hr,0
CEP15,Rest,0
CEP15,Stim48hr,0
CEP15,Stim8hr,0
CEP162,Rest,0
CEP162,Stim48hr,0
CEP162,Stim8hr,0
CEP164,Rest,0
CEP164,Stim48hr,0
CEP164,Stim8hr,0
CEP170,Rest,0
CEP170,Stim48hr,0
CEP170,Stim8hr,0
CEP170B,Rest,0
CEP170B,Stim48hr,0
CEP170B,Stim8hr,0
CEP19,Rest,0
CEP19,Stim48hr,0
CEP19,Stim8hr,0
CEP20,Rest,0
CEP20,Stim48hr,0
CEP20,Stim8hr,0
CEP250,Rest,0
CEP250,Stim48hr,0
CEP250,Stim8hr,0
CEP290,Rest,1
CEP290,Stim48hr,0
CEP290,Stim8hr,0
CEP295,Rest,0
CEP295,Stim48hr,0
CEP295,Stim8hr,0
CEP350,Rest,0
CEP350,Stim48hr,0
CEP350,Stim8hr,0
CEP41,Rest,0
CEP41,Stim48hr,0
CEP41,Stim8hr,0
CEP43,Rest,5
CEP43,Stim48hr,4
CEP43,Stim8hr,1
CEP44,Rest,0
CEP44,Stim48hr,1
CEP44,Stim8hr,0
CEP55,Rest,0
CEP55,Stim48hr,0
CEP55,Stim8hr,0
CEP57,Rest,0
CEP57,Stim48hr,0
CEP57,Stim8hr,0
CEP57L1,Rest,0
CEP57L1,Stim48hr,0
CEP57L1,Stim8hr,0
CEP68,Rest,0
CEP68,Stim48hr,0
CEP68,Stim8hr,0
CEP70,Rest,0
CEP70,Stim48hr,0
CEP70,Stim8hr,0
CEP72,Rest,0
CEP72,Stim48hr,0
CEP72,Stim8hr,0
CEP76,Rest,1
CEP76,Stim48hr,0
CEP76,Stim8hr,0
CEP78,Rest,0
CEP78,Stim48hr,0
CEP78,Stim8hr,0
CEP83,Rest,0
CEP83,Stim48hr,0
CEP83,Stim8hr,0
CEP85,Rest,0
CEP85,Stim8hr,0
CEP85L,Rest,0
CEP85L,Stim48hr,0
CEP85L,Stim8hr,0
CEP89,Rest,0
CEP89,Stim48hr,0
CEP89,Stim8hr,0
CEP95,Rest,0
CEP95,Stim48hr,0
CEP95,Stim8hr,0
CEP97,Rest,0
CEP97,Stim48hr,0
CEP97,Stim8hr,0
CEPT1,Rest,2
CEPT1,Stim48hr,0
CEPT1,Stim8hr,0
CERK,Rest,0
CERK,Stim48hr,0
CERK,Stim8hr,0
CERKL,Rest,0
CERKL,Stim48hr,0
CERKL,Stim8hr,0
CERS2,Rest,0
CERS2,Stim48hr,0
CERS2,Stim8hr,0
CERS4,Rest,0
CERS4,Stim48hr,0
CERS4,Stim8hr,0
CERS5,Rest,0
CERS5,Stim48hr,0
CERS5,Stim8hr,0
CERS6,Rest,0
CERS6,Stim48hr,0
CERS6,Stim8hr,0
CERT1,Rest,0
CERT1,Stim48hr,0
CERT1,Stim8hr,2
CES2,Rest,0
CES2,Stim48hr,0
CES2,Stim8hr,0
CES3,Rest,0
CES3,Stim48hr,0
CES3,Stim8hr,0
CES4A,Rest,0
CES4A,Stim48hr,0
CES4A,Stim8hr,0
CETN2,Rest,0
CETN2,Stim48hr,0
CETN2,Stim8hr,0
CETN3,Rest,0
CETN3,Stim48hr,0
CETN3,Stim8hr,0
CETP,Rest,0
CETP,Stim48hr,0
CETP,Stim8hr,0
CFAP126,Rest,0
CFAP126,Stim48hr,0
CFAP126,Stim8hr,0
CFAP141,Rest,0
CFAP141,Stim48hr,0
CFAP141,Stim8hr,0
CFAP184,Rest,0
CFAP184,Stim48hr,0
CFAP184,Stim8hr,0
CFAP20,Rest,0
CFAP20,Stim48hr,10
CFAP20,Stim8hr,3
CFAP210,Rest,1
CFAP210,Stim48hr,0
CFAP210,Stim8hr,0
CFAP298,Rest,0
CFAP298,Stim8hr,2
CFAP36,Rest,0
CFAP36,Stim48hr,0
CFAP36,Stim8hr,1
CFAP410,Rest,0
CFAP410,Stim48hr,0
CFAP410,Stim8hr,0
CFAP418,Rest,0
CFAP418,Stim48hr,0
CFAP418,Stim8hr,0
CFAP44,Rest,0
CFAP44,Stim48hr,0
CFAP44,Stim8hr,0
CFAP45,Rest,0
CFAP45,Stim48hr,0
CFAP45,Stim8hr,0
CFAP68,Rest,0
CFAP68,Stim48hr,0
CFAP68,Stim8hr,0
CFAP96,Rest,0
CFAP96,Stim48hr,0
CFAP96,Stim8hr,0
CFAP97,Rest,0
CFAP97,Stim48hr,0
CFAP97,Stim8hr,0
CFD,Rest,0
CFD,Stim48hr,0
CFD,Stim8hr,0
CFH,Rest,0
CFH,Stim48hr,0
CFH,Stim8hr,0
CFL2,Rest,0
CFL2,Stim48hr,0
CFL2,Stim8hr,0
CFP,Rest,0
CFP,Stim48hr,0
CFP,Stim8hr,0
CGAS,Rest,0
CGAS,Stim48hr,0
CGAS,Stim8hr,0
CGGBP1,Rest,0
CGGBP1,Stim8hr,0
CGREF1,Rest,0
CGREF1,Stim48hr,0
CGREF1,Stim8hr,0
CGRRF1,Rest,0
CGRRF1,Stim48hr,0
CGRRF1,Stim8hr,0
CH25H,Rest,0
CH25H,Stim48hr,0
CH25H,Stim8hr,0
CHAC1,Rest,0
CHAC1,Stim48hr,0
CHAC1,Stim8hr,0
CHAC2,Rest,0
CHAC2,Stim48hr,0
CHAC2,Stim8hr,0
CHAMP1,Rest,0
CHAMP1,Stim48hr,0
CHAMP1,Stim8hr,0
CHCHD1,Rest,0
CHCHD1,Stim48hr,0
CHCHD1,Stim8hr,0
CHCHD10,Rest,0
CHCHD10,Stim48hr,0
CHCHD10,Stim8hr,0
CHCHD2,Rest,0
CHCHD2,Stim48hr,0
CHCHD2,Stim8hr,0
CHCHD5,Rest,0
CHCHD5,Stim48hr,1
CHCHD5,Stim8hr,0
CHCHD6,Rest,0
CHCHD6,Stim48hr,0
CHCHD6,Stim8hr,0
CHCHD7,Rest,0
CHCHD7,Stim48hr,0
CHCHD7,Stim8hr,0
CHD1,Rest,2
CHD1,Stim48hr,0
CHD1,Stim8hr,0
CHD1L,Rest,0
CHD1L,Stim48hr,0
CHD1L,Stim8hr,0
CHD2,Rest,0
CHD2,Stim48hr,0
CHD2,Stim8hr,0
CHD3,Rest,0
CHD3,Stim48hr,0
CHD3,Stim8hr,0
CHD4,Rest,0
CHD4,Stim48hr,0
CHD4,Stim8hr,1
CHD6,Rest,0
CHD6,Stim48hr,0
CHD6,Stim8hr,1
CHD7,Rest,2
CHD7,Stim48hr,1
CHD7,Stim8hr,0
CHD8,Rest,0
CHD8,Stim48hr,0
CHD8,Stim8hr,0
CHD9,Stim48hr,0
CHDH,Rest,0
CHDH,Stim48hr,0
CHDH,Stim8hr,0
CHEK2,Rest,0
CHEK2,Stim8hr,0
CHFR,Rest,0
CHFR,Stim48hr,0
CHFR,Stim8hr,0
CHI3L2,Rest,0
CHI3L2,Stim48hr,0
CHI3L2,Stim8hr,0
CHIC1,Rest,0
CHIC1,Stim48hr,0
CHIC1,Stim8hr,0
CHIC2,Rest,0
CHIC2,Stim48hr,0
CHIC2,Stim8hr,0
CHID1,Rest,0
CHID1,Stim48hr,0
CHID1,Stim8hr,0
CHIT1,Rest,0
CHIT1,Stim48hr,0
CHIT1,Stim8hr,0
CHKA,Rest,0
CHKA,Stim48hr,0
CHKA,Stim8hr,0
CHKB,Rest,0
CHKB,Stim48hr,0
CHKB,Stim8hr,0
CHLSN,Rest,0
CHLSN,Stim48hr,0
CHLSN,Stim8hr,0
CHM,Rest,0
CHM,Stim48hr,0
CHM,Stim8hr,0
CHML,Rest,0
CHML,Stim48hr,0
CHML,Stim8hr,0
CHMP1A,Rest,0
CHMP1A,Stim48hr,0
CHMP1A,Stim8hr,0
CHMP1B,Rest,0
CHMP1B,Stim48hr,0
CHMP1B,Stim8hr,0
CHMP2B,Rest,0
CHMP2B,Stim48hr,0
CHMP2B,Stim8hr,0
CHMP4A,Rest,0
CHMP4A,Stim48hr,0
CHMP4A,Stim8hr,0
CHMP4B,Rest,0
CHMP4B,Stim48hr,0
CHMP4B,Stim8hr,0
CHMP7,Rest,0
CHMP7,Stim48hr,0
CHMP7,Stim8hr,0
CHN1,Rest,0
CHN1,Stim48hr,0
CHN1,Stim8hr,0
CHN2,Rest,0
CHN2,Stim48hr,0
CHN2,Stim8hr,0
CHORDC1,Rest,0
CHORDC1,Stim48hr,0
CHORDC1,Stim8hr,0
CHP1,Rest,0
CHP1,Stim48hr,0
CHP1,Stim8hr,0
CHPF,Rest,0
CHPF,Stim48hr,0
CHPF,Stim8hr,0
CHPF2,Rest,0
CHPF2,Stim48hr,0
CHPF2,Stim8hr,0
CHPT1,Rest,0
CHPT1,Stim48hr,0
CHPT1,Stim8hr,0
CHRAC1,Rest,0
CHRAC1,Stim48hr,0
CHRAC1,Stim8hr,0
CHRM4,Rest,0
CHRM4,Stim48hr,0
CHRM4,Stim8hr,0
CHRNA1,Rest,0
CHRNA1,Stim48hr,0
CHRNA1,Stim8hr,0
CHRNA10,Rest,0
CHRNA10,Stim48hr,0
CHRNA10,Stim8hr,0
CHRNA5,Rest,0
CHRNA5,Stim48hr,0
CHRNA5,Stim8hr,0
CHRNA6,Rest,0
CHRNA6,Stim48hr,0
CHRNA6,Stim8hr,0
CHRNB1,Rest,0
CHRNB1,Stim48hr,0
CHRNB1,Stim8hr,0
CHRNE,Rest,0
CHRNE,Stim48hr,0
CHRNE,Stim8hr,0
CHST10,Rest,0
CHST10,Stim48hr,0
CHST10,Stim8hr,0
CHST11,Rest,0
CHST11,Stim48hr,0
CHST11,Stim8hr,0
CHST12,Rest,0
CHST12,Stim48hr,0
CHST12,Stim8hr,0
CHST14,Rest,0
CHST14,Stim48hr,0
CHST14,Stim8hr,0
CHST15,Rest,0
CHST15,Stim48hr,0
CHST15,Stim8hr,0
CHST2,Rest,0
CHST2,Stim48hr,0
CHST2,Stim8hr,0
CHST7,Rest,0
CHST7,Stim48hr,0
CHST7,Stim8hr,0
CHSY1,Rest,0
CHSY1,Stim48hr,0
CHSY1,Stim8hr,0
CHTF18,Rest,0
CHTF18,Stim48hr,0
CHTF18,Stim8hr,0
CHTOP,Rest,0
CHTOP,Stim48hr,0
CHTOP,Stim8hr,0
CHUK,Rest,0
CHUK,Stim48hr,0
CHUK,Stim8hr,0
CHURC1,Rest,1
CHURC1,Stim48hr,0
CHURC1,Stim8hr,0
CIAO1,Rest,0
CIAO1,Stim48hr,0
CIAO1,Stim8hr,0
CIAO2A,Rest,0
CIAO2A,Stim48hr,0
CIAO2A,Stim8hr,0
CIAPIN1,Rest,0
CIART,Rest,0
CIART,Stim48hr,0
CIART,Stim8hr,0
CIB1,Rest,0
CIB1,Stim48hr,0
CIB1,Stim8hr,0
CIB2,Rest,0
CIB2,Stim8hr,1
CIBAR1,Rest,0
CIBAR1,Stim48hr,0
CIBAR1,Stim8hr,1
CIC,Rest,0
CIC,Stim48hr,0
CIC,Stim8hr,0
CIDEB,Rest,0
CIDEB,Stim48hr,0
CIDEB,Stim8hr,0
CIITA,Rest,0
CIITA,Stim48hr,0
CIITA,Stim8hr,0
CILK1,Rest,0
CILK1,Stim48hr,0
CILK1,Stim8hr,0
CIMAP1B,Rest,0
CIMAP1B,Stim48hr,0
CIMAP1B,Stim8hr,0
CIMIP5,Rest,0
CIMIP5,Stim48hr,0
CIMIP5,Stim8hr,0
CIP2A,Stim48hr,0
CIP2A,Stim8hr,1
CIPC,Rest,0
CIPC,Stim48hr,0
CIPC,Stim8hr,0
CIRBP,Rest,0
CIRBP,Stim48hr,0
CIRBP,Stim8hr,0
CIRSR,Rest,0
CIRSR,Stim48hr,0
CIRSR,Stim8hr,0
CISD1,Rest,5
CISD1,Stim48hr,0
CISD1,Stim8hr,1
CISD2,Rest,0
CISD2,Stim48hr,0
CISD2,Stim8hr,1
CISD3,Rest,0
CISD3,Stim48hr,0
CISD3,Stim8hr,0
CISH,Rest,0
CISH,Stim48hr,0
CISH,Stim8hr,0
CIT,Rest,1
CIT,Stim48hr,0
CIT,Stim8hr,0
CITED2,Rest,0
CITED2,Stim48hr,0
CITED2,Stim8hr,0
CITED4,Rest,0
CITED4,Stim48hr,0
CITED4,Stim8hr,0
CIZ1,Rest,0
CIZ1,Stim48hr,0
CIZ1,Stim8hr,0
CKAP2,Rest,0
CKAP2,Stim48hr,0
CKAP2,Stim8hr,0
CKAP2L,Rest,0
CKAP2L,Stim48hr,0
CKAP2L,Stim8hr,0
CKAP4,Rest,0
CKAP4,Stim48hr,0
CKAP4,Stim8hr,0
CKB,Rest,0
CKB,Stim48hr,0
CKB,Stim8hr,0
CKLF-CMTM1,Rest,0
CKLF-CMTM1,Stim48hr,0
CKLF-CMTM1,Stim8hr,0
CKS1B,Rest,3
CKS1B,Stim48hr,0
CKS1B,Stim8hr,0
CKS2,Rest,0
CKS2,Stim48hr,0
CKS2,Stim8hr,0
CLASP1,Rest,0
CLASP1,Stim48hr,0
CLASP1,Stim8hr,0
CLASP2,Rest,0
CLASP2,Stim48hr,0
CLASP2,Stim8hr,0
CLASRP,Rest,0
CLASRP,Stim48hr,0
CLASRP,Stim8hr,2
CLBA1,Rest,0
CLBA1,Stim48hr,0
CLBA1,Stim8hr,0
CLC,Rest,0
CLC,Stim48hr,0
CLC,Stim8hr,0
CLCA1,Rest,0
CLCA1,Stim48hr,0
CLCA1,Stim8hr,0
CLCC1,Rest,3
CLCC1,Stim48hr,1
CLCC1,Stim8hr,2
CLCF1,Rest,0
CLCF1,Stim48hr,0
CLCF1,Stim8hr,0
CLCN2,Rest,0
CLCN2,Stim48hr,0
CLCN2,Stim8hr,0
CLCN3,Rest,0
CLCN3,Stim48hr,0
CLCN3,Stim8hr,0
CLCN5,Rest,0
CLCN5,Stim48hr,0
CLCN5,Stim8hr,0
CLCN6,Rest,0
CLCN6,Stim48hr,0
CLCN6,Stim8hr,0
CLCN7,Stim48hr,0
CLCN7,Stim8hr,0
CLDN1,Rest,0
CLDN1,Stim48hr,0
CLDN1,Stim8hr,0
CLDN15,Rest,0
CLDN15,Stim48hr,0
CLDN15,Stim8hr,0
CLDN20,Rest,0
CLDN20,Stim48hr,0
CLDN20,Stim8hr,0
CLDN3,Rest,0
CLDN3,Stim48hr,0
CLDN3,Stim8hr,0
CLDN4,Rest,1
CLDN4,Stim48hr,0
CLDN4,Stim8hr,0
CLDN5,Rest,0
CLDN5,Stim48hr,0
CLDN5,Stim8hr,0
CLDN7,Rest,1
CLDN7,Stim48hr,1
CLDN7,Stim8hr,0
CLDND1,Rest,0
CLDND1,Stim48hr,0
CLDND1,Stim8hr,0
CLDND2,Rest,0
CLDND2,Stim48hr,0
CLDND2,Stim8hr,1
CLEC11A,Rest,0
CLEC11A,Stim48hr,0
CLEC11A,Stim8hr,0
CLEC12A,Rest,0
CLEC12A,Stim48hr,0
CLEC12A,Stim8hr,0
CLEC16A,Rest,0
CLEC16A,Stim48hr,0
CLEC16A,Stim8hr,0
CLEC2B,Rest,0
CLEC2B,Stim48hr,0
CLEC2B,Stim8hr,0
CLEC2D,Rest,2
CLEC2D,Stim48hr,0
CLEC2D,Stim8hr,0
CLEC4E,Rest,0
CLEC4E,Stim48hr,0
CLEC4E,Stim8hr,0
CLEC7A,Rest,1
CLEC7A,Stim48hr,0
CLEC7A,Stim8hr,0
CLECL1,Rest,0
CLECL1,Stim48hr,0
CLECL1,Stim8hr,0
CLHC1,Rest,0
CLHC1,Stim48hr,0
CLHC1,Stim8hr,0
CLIC1,Rest,0
CLIC1,Stim48hr,0
CLIC1,Stim8hr,0
CLIC2,Rest,0
CLIC2,Stim48hr,0
CLIC2,Stim8hr,0
CLIC3,Rest,0
CLIC3,Stim48hr,0
CLIC3,Stim8hr,0
CLIC4,Rest,0
CLIC4,Stim48hr,0
CLIC4,Stim8hr,0
CLIC5,Rest,0
CLIC5,Stim48hr,0
CLIC5,Stim8hr,0
CLINT1,Rest,0
CLINT1,Stim48hr,0
CLINT1,Stim8hr,0
CLIP1,Rest,0
CLIP1,Stim48hr,0
CLIP1,Stim8hr,0
CLIP2,Rest,0
CLIP2,Stim48hr,0
CLIP2,Stim8hr,0
CLIP3,Rest,0
CLIP3,Stim48hr,0
CLIP3,Stim8hr,0
CLIP4,Rest,0
CLIP4,Stim48hr,0
CLIP4,Stim8hr,0
CLK1,Rest,0
CLK1,Stim48hr,0
CLK1,Stim8hr,0
CLK2,Rest,0
CLK2,Stim48hr,0
CLK2,Stim8hr,0
CLK3,Rest,0
CLK3,Stim48hr,0
CLK3,Stim8hr,0
CLK4,Rest,0
CLK4,Stim48hr,0
CLK4,Stim8hr,0
CLMB,Rest,0
CLMB,Stim48hr,0
CLMB,Stim8hr,0
CLMP,Rest,0
CLMP,Stim48hr,0
CLMP,Stim8hr,0
CLN3,Rest,0
CLN3,Stim48hr,0
CLN3,Stim8hr,0
CLN5,Rest,0
CLN5,Stim48hr,0
CLN5,Stim8hr,0
CLN6,Rest,0
CLN6,Stim48hr,0
CLN6,Stim8hr,0
CLN8,Rest,0
CLN8,Stim48hr,0
CLN8,Stim8hr,0
CLNK,Rest,0
CLNK,Stim48hr,0
CLNK,Stim8hr,0
CLOCK,Rest,0
CLOCK,Stim48hr,0
CLOCK,Stim8hr,0
CLP1,Rest,0
CLP1,Stim48hr,0
CLP1,Stim8hr,0
CLPB,Rest,0
CLPB,Stim48hr,1
CLPB,Stim8hr,0
CLPP,Rest,0
CLPP,Stim48hr,0
CLPP,Stim8hr,0
CLPTM1,Rest,0
CLPTM1,Stim48hr,0
CLPTM1,Stim8hr,0
CLPTM1L,Rest,0
CLPTM1L,Stim48hr,0
CLPTM1L,Stim8hr,0
CLPX,Rest,0
CLPX,Stim48hr,0
CLPX,Stim8hr,0
CLSTN1,Rest,0
CLSTN1,Stim8hr,0
CLSTN3,Rest,0
CLSTN3,Stim48hr,0
CLSTN3,Stim8hr,0
CLTA,Rest,0
CLTA,Stim48hr,0
CLTA,Stim8hr,0
CLTB,Rest,0
CLTB,Stim48hr,0
CLTB,Stim8hr,0
CLU,Rest,0
CLU,Stim48hr,0
CLU,Stim8hr,0
CLUH,Rest,0
CLUH,Stim48hr,0
CLUH,Stim8hr,0
CLYBL,Rest,0
CLYBL,Stim48hr,0
CLYBL,Stim8hr,0
CMAS,Rest,0
CMAS,Stim48hr,0
CMAS,Stim8hr,2
CMC1,Rest,0
CMC1,Stim48hr,0
CMC1,Stim8hr,0
CMC2,Rest,0
CMC2,Stim48hr,0
CMC2,Stim8hr,0
CMIP,Rest,0
CMIP,Stim48hr,0
CMIP,Stim8hr,0
CMKLR1,Rest,0
CMKLR1,Stim48hr,0
CMKLR1,Stim8hr,0
CMPK2,Rest,0
CMPK2,Stim48hr,0
CMPK2,Stim8hr,0
CMSS1,Rest,0
CMSS1,Stim48hr,0
CMSS1,Stim8hr,0
CMTM1,Rest,0
CMTM1,Stim48hr,0
CMTM1,Stim8hr,1
CMTM2,Rest,0
CMTM2,Stim48hr,0
CMTM2,Stim8hr,0
CMTM3,Rest,0
CMTM3,Stim48hr,0
CMTM3,Stim8hr,0
CMTM5,Rest,0
CMTM5,Stim48hr,1
CMTM5,Stim8hr,0
CMTM6,Rest,0
CMTM6,Stim48hr,0
CMTM6,Stim8hr,0
CMTM7,Rest,0
CMTM7,Stim48hr,0
CMTM7,Stim8hr,0
CMTM8,Rest,0
CMTM8,Stim48hr,0
CMTM8,Stim8hr,0
CMTR1,Rest,0
CMTR1,Stim48hr,0
CMTR1,Stim8hr,0
CMTR2,Rest,0
CMTR2,Stim48hr,0
CMTR2,Stim8hr,4
CNBD2,Rest,0
CNBD2,Stim48hr,0
CNBD2,Stim8hr,0
CNBP,Rest,0
CNBP,Stim48hr,0
CNBP,Stim8hr,0
CNDP2,Rest,0
CNDP2,Stim48hr,0
CNDP2,Stim8hr,0
CNEP1R1,Rest,0
CNEP1R1,Stim48hr,0
CNEP1R1,Stim8hr,1
CNIH1,Rest,0
CNIH1,Stim48hr,0
CNIH1,Stim8hr,0
CNIH2,Rest,0
CNIH2,Stim48hr,0
CNIH2,Stim8hr,0
CNIH4,Rest,0
CNIH4,Stim48hr,0
CNIH4,Stim8hr,0
CNKSR1,Rest,0
CNKSR1,Stim48hr,0
CNKSR1,Stim8hr,0
CNKSR2,Rest,0
CNKSR2,Stim48hr,0
CNKSR2,Stim8hr,0
CNKSR3,Rest,0
CNKSR3,Stim48hr,0
CNKSR3,Stim8hr,0
CNN2,Rest,0
CNN2,Stim48hr,0
CNN2,Stim8hr,0
CNN3,Rest,0
CNN3,Stim48hr,0
CNN3,Stim8hr,0
CNNM2,Rest,0
CNNM2,Stim48hr,0
CNNM2,Stim8hr,0
CNNM3,Rest,0
CNNM3,Stim48hr,0
CNNM3,Stim8hr,0
CNNM4,Rest,0
CNNM4,Stim48hr,0
CNNM4,Stim8hr,0
CNOT10,Rest,0
CNOT10,Stim48hr,0
CNOT10,Stim8hr,0
CNOT11,Rest,0
CNOT11,Stim48hr,1
CNOT11,Stim8hr,0
CNOT12,Rest,0
CNOT12,Stim48hr,0
CNOT12,Stim8hr,0
CNOT2,Rest,0
CNOT2,Stim48hr,0
CNOT2,Stim8hr,0
CNOT4,Rest,0
CNOT4,Stim48hr,1
CNOT4,Stim8hr,0
CNOT6,Rest,0
CNOT6,Stim48hr,0
CNOT6,Stim8hr,0
CNOT6L,Rest,0
CNOT6L,Stim48hr,0
CNOT6L,Stim8hr,0
CNOT7,Rest,0
CNOT7,Stim48hr,0
CNOT7,Stim8hr,0
CNOT8,Rest,0
CNOT8,Stim48hr,0
CNOT8,Stim8hr,0
CNOT9,Rest,0
CNOT9,Stim48hr,0
CNOT9,Stim8hr,1
CNP,Rest,0
CNP,Stim48hr,0
CNP,Stim8hr,0
CNPPD1,Rest,0
CNPPD1,Stim48hr,0
CNPPD1,Stim8hr,0
CNPY2,Rest,0
CNPY2,Stim48hr,0
CNPY2,Stim8hr,0
CNPY3,Rest,0
CNPY3,Stim48hr,0
CNPY3,Stim8hr,0
CNPY4,Rest,0
CNPY4,Stim48hr,0
CNPY4,Stim8hr,0
CNST,Rest,0
CNST,Stim48hr,0
CNST,Stim8hr,0
CNTD1,Rest,0
CNTD1,Stim48hr,0
CNTD1,Stim8hr,0
CNTF,Rest,0
CNTF,Stim48hr,0
CNTF,Stim8hr,0
CNTNAP1,Rest,0
CNTNAP1,Stim48hr,0
CNTNAP1,Stim8hr,0
CNTRL,Rest,0
CNTRL,Stim48hr,0
CNTRL,Stim8hr,0
CNTROB,Rest,0
CNTROB,Stim48hr,0
CNTROB,Stim8hr,0
COA1,Rest,0
COA1,Stim48hr,0
COA1,Stim8hr,0
COA3,Rest,0
COA3,Stim48hr,1
COA3,Stim8hr,0
COA4,Rest,0
COA4,Stim48hr,0
COA4,Stim8hr,0
COA5,Rest,0
COA5,Stim48hr,1
COA5,Stim8hr,0
COA6,Rest,0
COA6,Stim48hr,0
COA6,Stim8hr,0
COA7,Rest,0
COA7,Stim48hr,2
COA7,Stim8hr,0
COA8,Rest,0
COA8,Stim48hr,0
COA8,Stim8hr,0
COASY,Rest,3
COASY,Stim48hr,1
COASY,Stim8hr,2
COBLL1,Rest,0
COBLL1,Stim48hr,0
COBLL1,Stim8hr,0
COG5,Rest,1
COG5,Stim48hr,0
COG5,Stim8hr,0
COG6,Rest,1
COG6,Stim48hr,1
COG6,Stim8hr,2
COG7,Rest,0
COG7,Stim48hr,0
COG7,Stim8hr,0
COG8,Stim48hr,0
COIL,Rest,0
COIL,Stim48hr,0
COIL,Stim8hr,0
COL11A2,Rest,0
COL11A2,Stim48hr,0
COL11A2,Stim8hr,0
COL16A1,Rest,0
COL16A1,Stim48hr,0
COL16A1,Stim8hr,0
COL18A1,Rest,0
COL18A1,Stim48hr,0
COL18A1,Stim8hr,0
COL1A1,Rest,3
COL1A1,Stim48hr,0
COL1A1,Stim8hr,0
COL22A1,Rest,0
COL22A1,Stim48hr,0
COL22A1,Stim8hr,0
COL27A1,Rest,0
COL27A1,Stim48hr,0
COL27A1,Stim8hr,0
COL4A1,Rest,0
COL4A1,Stim48hr,0
COL4A1,Stim8hr,0
COL4A2,Rest,0
COL4A2,Stim48hr,0
COL4A2,Stim8hr,0
COL5A1,Rest,4
COL5A1,Stim8hr,0
COL5A2,Rest,0
COL5A2,Stim48hr,0
COL5A2,Stim8hr,0
COL5A3,Rest,0
COL5A3,Stim48hr,0
COL5A3,Stim8hr,0
COL6A1,Rest,0
COL6A1,Stim48hr,1
COL6A1,Stim8hr,0
COL6A2,Rest,0
COL6A2,Stim48hr,0
COL6A2,Stim8hr,0
COL6A3,Rest,0
COL6A3,Stim48hr,0
COL6A3,Stim8hr,0
COL7A1,Rest,0
COL7A1,Stim48hr,0
COL7A1,Stim8hr,0
COL9A2,Rest,0
COL9A2,Stim48hr,0
COL9A2,Stim8hr,0
COLGALT1,Rest,0
COLGALT1,Stim48hr,0
COLGALT1,Stim8hr,1
COLGALT2,Rest,0
COLGALT2,Stim48hr,0
COLGALT2,Stim8hr,0
COLQ,Rest,0
COLQ,Stim48hr,0
COLQ,Stim8hr,0
COMMD1,Rest,0
COMMD1,Stim48hr,0
COMMD1,Stim8hr,0
COMMD10,Rest,0
COMMD10,Stim48hr,0
COMMD10,Stim8hr,0
COMMD2,Rest,0
COMMD2,Stim48hr,0
COMMD2,Stim8hr,0
COMMD3-BMI1,Rest,0
COMMD3-BMI1,Stim48hr,0
COMMD3-BMI1,Stim8hr,0
COMMD4,Rest,0
COMMD4,Stim48hr,0
COMMD4,Stim8hr,0
COMMD5,Rest,0
COMMD5,Stim48hr,2
COMMD5,Stim8hr,0
COMMD6,Rest,0
COMMD6,Stim48hr,0
COMMD6,Stim8hr,0
COMMD7,Rest,0
COMMD7,Stim48hr,0
COMMD7,Stim8hr,0
COMMD8,Rest,0
COMMD8,Stim48hr,1
COMMD8,Stim8hr,0
COMMD9,Rest,0
COMMD9,Stim48hr,0
COMMD9,Stim8hr,0
COMT,Rest,0
COMT,Stim48hr,0
COMT,Stim8hr,0
COMTD1,Rest,0
COMTD1,Stim48hr,0
COMTD1,Stim8hr,0
COP1,Rest,0
COP1,Stim48hr,0
COP1,Stim8hr,0
COPG1,Rest,0
COPG1,Stim48hr,0
COPG1,Stim8hr,0
COPG2,Rest,0
COPG2,Stim48hr,0
COPG2,Stim8hr,0
COPRS,Rest,0
COPRS,Stim48hr,0
COPRS,Stim8hr,0
COPS4,Rest,0
COPS4,Stim48hr,0
COPS4,Stim8hr,0
COPS5,Rest,0
COPS5,Stim48hr,0
COPS5,Stim8hr,0
COPS7A,Rest,0
COPS7A,Stim48hr,0
COPS7A,Stim8hr,0
COPS7B,Rest,0
COPS7B,Stim48hr,0
COPS7B,Stim8hr,0
COPS8,Rest,2
COPS8,Stim48hr,3
COPS8,Stim8hr,0
COPS9,Rest,0
COPS9,Stim48hr,0
COPS9,Stim8hr,0
COQ10A,Rest,0
COQ10A,Stim48hr,0
COQ10A,Stim8hr,0
COQ10B,Rest,0
COQ10B,Stim48hr,0
COQ10B,Stim8hr,0
COQ2,Rest,0
COQ2,Stim8hr,1
COQ3,Rest,0
COQ3,Stim48hr,1
COQ3,Stim8hr,1
COQ4,Rest,0
COQ4,Stim48hr,0
COQ4,Stim8hr,1
COQ5,Rest,0
COQ5,Stim48hr,0
COQ5,Stim8hr,0
COQ6,Rest,0
COQ6,Stim48hr,1
COQ6,Stim8hr,0
COQ7,Rest,0
COQ7,Stim48hr,0
COQ7,Stim8hr,0
COQ8A,Rest,0
COQ8A,Stim48hr,0
COQ8A,Stim8hr,0
COQ8B,Rest,0
COQ8B,Stim48hr,0
COQ8B,Stim8hr,0
COQ9,Rest,0
COQ9,Stim48hr,0
COQ9,Stim8hr,0
CORO1A,Rest,0
CORO1A,Stim48hr,0
CORO1A,Stim8hr,0
CORO1B,Rest,0
CORO1B,Stim48hr,0
CORO1B,Stim8hr,0
CORO1C,Rest,0
CORO1C,Stim48hr,0
CORO1C,Stim8hr,0
CORO2A,Rest,0
CORO2A,Stim48hr,0
CORO2A,Stim8hr,0
CORO6,Rest,0
CORO6,Stim48hr,0
CORO6,Stim8hr,0
CORO7,Rest,0
CORO7,Stim48hr,0
CORO7,Stim8hr,0
COTL1,Rest,0
COTL1,Stim48hr,0
COTL1,Stim8hr,0
COX10,Rest,0
COX10,Stim48hr,1
COX10,Stim8hr,0
COX11,Rest,0
COX11,Stim48hr,1
COX11,Stim8hr,1
COX14,Rest,0
COX14,Stim48hr,0
COX14,Stim8hr,0
COX15,Rest,1
COX15,Stim48hr,0
COX15,Stim8hr,0
COX16,Rest,0
COX16,Stim48hr,0
COX16,Stim8hr,0
COX17,Rest,0
COX17,Stim48hr,0
COX17,Stim8hr,0
COX18,Rest,0
COX18,Stim48hr,0
COX18,Stim8hr,0
COX19,Rest,0
COX19,Stim48hr,2
COX19,Stim8hr,0
COX20,Rest,0
COX20,Stim48hr,0
COX20,Stim8hr,0
COX4I1,Rest,0
COX4I1,Stim48hr,1
COX4I1,Stim8hr,0
COX5A,Rest,0
COX5A,Stim48hr,0
COX5A,Stim8hr,0
COX5B,Rest,0
COX5B,Stim48hr,0
COX5B,Stim8hr,0
COX6A1,Rest,0
COX6A1,Stim48hr,0
COX6A1,Stim8hr,0
COX6B1,Rest,0
COX6B1,Stim48hr,0
COX6B1,Stim8hr,1
COX6C,Rest,0
COX6C,Stim48hr,2
COX6C,Stim8hr,3
COX7A2,Rest,1
COX7A2,Stim48hr,0
COX7A2,Stim8hr,0
COX7A2L,Rest,0
COX7A2L,Stim48hr,0
COX7A2L,Stim8hr,0
COX7B,Rest,0
COX7B,Stim48hr,0
COX7B,Stim8hr,0
COX7C,Rest,0
COX7C,Stim48hr,0
COX7C,Stim8hr,0
COX8A,Rest,0
COX8A,Stim48hr,0
COX8A,Stim8hr,0
COXFA4,Rest,0
COXFA4,Stim48hr,0
COXFA4,Stim8hr,0
COXFA4L3,Rest,0
COXFA4L3,Stim48hr,0
COXFA4L3,Stim8hr,0
CPA5,Rest,0
CPA5,Stim48hr,0
CPA5,Stim8hr,0
CPAP,Rest,0
CPAP,Stim48hr,0
CPAP,Stim8hr,0
CPD,Rest,0
CPD,Stim48hr,0
CPD,Stim8hr,0
CPEB1,Rest,0
CPEB1,Stim48hr,0
CPEB1,Stim8hr,0
CPEB2,Rest,0
CPEB2,Stim48hr,0
CPEB2,Stim8hr,0
CPEB3,Rest,2
CPEB3,Stim48hr,0
CPEB3,Stim8hr,0
CPEB4,Rest,0
CPEB4,Stim48hr,0
CPEB4,Stim8hr,0
CPLANE1,Rest,0
CPLANE1,Stim48hr,1
CPLANE1,Stim8hr,0
CPLANE2,Rest,0
CPLANE2,Stim48hr,0
CPLANE2,Stim8hr,0
CPM,Rest,0
CPM,Stim48hr,0
CPM,Stim8hr,0
CPNE1,Stim8hr,1
CPNE2,Rest,0
CPNE2,Stim48hr,0
CPNE2,Stim8hr,0
CPNE3,Rest,0
CPNE3,Stim48hr,0
CPNE3,Stim8hr,0
CPNE5,Rest,0
CPNE5,Stim48hr,0
CPNE5,Stim8hr,0
CPNE7,Stim48hr,2
CPNE8,Rest,0
CPNE8,Stim48hr,0
CPNE8,Stim8hr,0
CPOX,Rest,0
CPOX,Stim48hr,0
CPOX,Stim8hr,0
CPPED1,Rest,0
CPPED1,Stim48hr,0
CPPED1,Stim8hr,0
CPQ,Rest,0
CPQ,Stim48hr,0
CPQ,Stim8hr,0
CPSF6,Rest,2
CPSF6,Stim48hr,5
CPSF6,Stim8hr,8
CPSF7,Rest,0
CPSF7,Stim48hr,0
CPSF7,Stim8hr,0
CPT1A,Rest,0
CPT1A,Stim48hr,0
CPT1A,Stim8hr,0
CPT1B,Rest,0
CPT1B,Stim48hr,0
CPT1B,Stim8hr,0
CPT2,Rest,0
CPT2,Stim48hr,0
CPT2,Stim8hr,0
CPTP,Rest,0
CPTP,Stim48hr,0
CPTP,Stim8hr,0
CPVL,Rest,0
CPVL,Stim48hr,0
CPVL,Stim8hr,0
CPXCR1,Rest,0
CPXCR1,Stim48hr,0
CPXCR1,Stim8hr,0
CPXM1,Rest,0
CPXM1,Stim48hr,0
CPXM1,Stim8hr,0
CR1,Rest,0
CR1,Stim48hr,0
CR1,Stim8hr,0
CR2,Rest,0
CR2,Stim48hr,0
CR2,Stim8hr,0
CRABP2,Rest,0
CRABP2,Stim48hr,0
CRABP2,Stim8hr,0
CRACR2A,Rest,0
CRACR2A,Stim48hr,0
CRACR2A,Stim8hr,0
CRADD,Rest,0
CRADD,Stim48hr,0
CRADD,Stim8hr,0
CRAMP1,Rest,0
CRAMP1,Stim48hr,0
CRAMP1,Stim8hr,0
CRAT,Rest,0
CRAT,Stim48hr,0
CRAT,Stim8hr,0
CRB3,Rest,0
CRB3,Stim48hr,0
CRB3,Stim8hr,0
CRBN,Rest,0
CRBN,Stim48hr,0
CRBN,Stim8hr,0
CREB1,Rest,1
CREB1,Stim48hr,1
CREB1,Stim8hr,0
CREB3,Rest,0
CREB3,Stim48hr,0
CREB3,Stim8hr,0
CREB3L1,Rest,0
CREB3L1,Stim48hr,0
CREB3L1,Stim8hr,0
CREB3L2,Rest,0
CREB3L3,Rest,0
CREB3L3,Stim48hr,0
CREB3L3,Stim8hr,0
CREB3L4,Rest,0
CREB3L4,Stim48hr,0
CREB3L4,Stim8hr,0
CREB5,Rest,0
CREB5,Stim48hr,0
CREB5,Stim8hr,0
CREBBP,Rest,1
CREBBP,Stim48hr,4
CREBBP,Stim8hr,11
CREBL2,Rest,0
CREBL2,Stim48hr,0
CREBL2,Stim8hr,0
CREBRF,Rest,0
CREBRF,Stim48hr,0
CREBRF,Stim8hr,0
CREBZF,Rest,0
CREBZF,Stim48hr,0
CREBZF,Stim8hr,0
CREG1,Rest,0
CREG1,Stim48hr,0
CREG1,Stim8hr,0
CRELD1,Rest,0
CRELD1,Stim48hr,0
CRELD1,Stim8hr,0
CRELD2,Rest,0
CRELD2,Stim48hr,0
CRELD2,Stim8hr,0
CREM,Rest,0
CREM,Stim48hr,0
CREM,Stim8hr,0
CRIM1,Rest,0
CRIM1,Stim48hr,0
CRIM1,Stim8hr,0
CRIP1,Rest,0
CRIP1,Stim48hr,0
CRIP1,Stim8hr,0
CRIP2,Rest,0
CRIP2,Stim48hr,0
CRIP2,Stim8hr,0
CRIP3,Rest,0
CRIP3,Stim48hr,0
CRIP3,Stim8hr,0
CRIPT,Rest,0
CRIPT,Stim48hr,0
CRIPT,Stim8hr,0
CRISPLD2,Rest,0
CRISPLD2,Stim48hr,0
CRISPLD2,Stim8hr,0
CRK,Rest,0
CRK,Stim48hr,0
CRK,Stim8hr,0
CRKL,Rest,0
CRKL,Stim48hr,0
CRKL,Stim8hr,0
CRLF2,Rest,0
CRLF2,Stim48hr,0
CRLF2,Stim8hr,0
CRLF3,Rest,0
CRLF3,Stim48hr,0
CRLF3,Stim8hr,0
CRLS1,Rest,1
CRLS1,Stim48hr,1
CRLS1,Stim8hr,1
CROT,Rest,1
CROT,Stim48hr,0
CROT,Stim8hr,2
CRTAM,Rest,0
CRTAM,Stim48hr,0
CRTAM,Stim8hr,0
CRTAP,Rest,0
CRTAP,Stim48hr,0
CRTAP,Stim8hr,0
CRTC1,Rest,0
CRTC1,Stim48hr,0
CRTC1,Stim8hr,0
CRTC2,Rest,0
CRTC2,Stim48hr,0
CRTC2,Stim8hr,0
CRTC3,Rest,0
CRTC3,Stim48hr,0
CRTC3,Stim8hr,0
CRX,Rest,0
CRX,Stim48hr,0
CRX,Stim8hr,0
CRY1,Rest,0
CRY1,Stim48hr,0
CRY1,Stim8hr,0
CRY2,Rest,0
CRY2,Stim48hr,0
CRY2,Stim8hr,0
CRYAB,Rest,1
CRYAB,Stim48hr,0
CRYAB,Stim8hr,0
CRYBG1,Rest,0
CRYBG1,Stim48hr,0
CRYBG1,Stim8hr,0
CRYBG3,Rest,0
CRYBG3,Stim48hr,0
CRYBG3,Stim8hr,0
CRYL1,Rest,0
CRYL1,Stim48hr,0
CRYL1,Stim8hr,0
CRYZ,Rest,0
CRYZ,Stim48hr,0
CRYZ,Stim8hr,0
CRYZL1,Rest,7
CRYZL1,Stim48hr,0
CRYZL1,Stim8hr,0
CS,Rest,0
CS,Stim48hr,0
CS,Stim8hr,0
CSAD,Rest,0
CSAD,Stim48hr,0
CSAD,Stim8hr,0
CSDE1,Rest,1
CSDE1,Stim48hr,0
CSDE1,Stim8hr,4
CSF1,Rest,0
CSF1,Stim48hr,0
CSF1,Stim8hr,0
CSF1R,Rest,0
CSF1R,Stim8hr,0
CSF2,Rest,0
CSF2,Stim48hr,0
CSF2,Stim8hr,0
CSF2RA,Rest,0
CSF2RA,Stim48hr,0
CSF2RA,Stim8hr,0
CSF2RB,Rest,0
CSF2RB,Stim48hr,0
CSF2RB,Stim8hr,1
CSF3R,Rest,0
CSF3R,Stim48hr,0
CSF3R,Stim8hr,0
CSGALNACT1,Rest,0
CSGALNACT1,Stim48hr,0
CSGALNACT1,Stim8hr,0
CSGALNACT2,Rest,0
CSGALNACT2,Stim48hr,0
CSGALNACT2,Stim8hr,0
CSH1,Rest,0
CSH1,Stim48hr,0
CSH1,Stim8hr,0
CSK,Rest,0
CSK,Stim48hr,0
CSK,Stim8hr,3
CSKMT,Rest,0
CSKMT,Stim48hr,0
CSKMT,Stim8hr,0
CSMD1,Rest,0
CSMD1,Stim48hr,0
CSMD1,Stim8hr,0
CSMD2,Rest,0
CSMD2,Stim48hr,0
CSMD2,Stim8hr,0
CSNK1D,Rest,0
CSNK1D,Stim48hr,0
CSNK1D,Stim8hr,0
CSNK1E,Rest,0
CSNK1E,Stim48hr,0
CSNK1E,Stim8hr,0
CSNK1G1,Rest,0
CSNK1G1,Stim48hr,0
CSNK1G1,Stim8hr,0
CSNK1G2,Rest,0
CSNK1G2,Stim48hr,0
CSNK1G2,Stim8hr,0
CSNK1G3,Rest,0
CSNK1G3,Stim48hr,0
CSNK1G3,Stim8hr,0
CSNK2A1,Rest,0
CSNK2A1,Stim48hr,0
CSNK2A1,Stim8hr,1
CSNK2A2,Rest,0
CSNK2A2,Stim48hr,0
CSNK2A2,Stim8hr,0
CSNK2B,Rest,0
CSNK2B,Stim48hr,0
CSNK2B,Stim8hr,0
CSPP1,Rest,0
CSPP1,Stim48hr,0
CSPP1,Stim8hr,0
CSRNP1,Rest,2
CSRNP1,Stim48hr,0
CSRNP1,Stim8hr,0
CSRNP2,Rest,0
CSRNP2,Stim48hr,0
CSRNP2,Stim8hr,0
CSRNP3,Rest,0
CSRNP3,Stim48hr,0
CSRNP3,Stim8hr,0
CSRP1,Rest,0
CSRP1,Stim48hr,0
CSRP1,Stim8hr,0
CST3,Rest,0
CST3,Stim48hr,0
CST3,Stim8hr,0
CST7,Rest,2
CST7,Stim48hr,0
CST7,Stim8hr,0
CSTA,Rest,0
CSTA,Stim48hr,0
CSTA,Stim8hr,0
CSTB,Rest,1
CSTB,Stim48hr,0
CSTB,Stim8hr,0
CSTF2,Rest,0
CSTF2,Stim48hr,0
CSTF2,Stim8hr,0
CSTF2T,Rest,0
CSTF2T,Stim48hr,0
CSTF2T,Stim8hr,0
CSTPP1,Rest,0
CSTPP1,Stim48hr,0
CSTPP1,Stim8hr,0
CTBP1,Rest,4
CTBP1,Stim48hr,7
CTBP1,Stim8hr,5
CTBP2,Rest,0
CTBP2,Stim48hr,0
CTBP2,Stim8hr,0
CTBS,Rest,0
CTBS,Stim48hr,0
CTBS,Stim8hr,0
CTC1,Rest,0
CTC1,Stim48hr,0
CTC1,Stim8hr,0
CTCF,Stim8hr,0
CTCFL,Rest,0
CTCFL,Stim48hr,0
CTCFL,Stim8hr,0
CTDNEP1,Rest,0
CTDNEP1,Stim48hr,0
CTDNEP1,Stim8hr,0
CTDSP1,Rest,0
CTDSP1,Stim48hr,0
CTDSP1,Stim8hr,0
CTDSP2,Rest,0
CTDSP2,Stim48hr,0
CTDSP2,Stim8hr,0
CTDSPL,Rest,0
CTDSPL,Stim48hr,0
CTDSPL,Stim8hr,1
CTDSPL2,Rest,1
CTDSPL2,Stim48hr,0
CTDSPL2,Stim8hr,0
CTH,Rest,1
CTH,Stim48hr,0
CTH,Stim8hr,0
CTLA4,Rest,0
CTLA4,Stim48hr,0
CTLA4,Stim8hr,0
CTNNA1,Rest,0
CTNNA1,Stim48hr,0
CTNNA1,Stim8hr,0
CTNNAL1,Rest,2
CTNNAL1,Stim8hr,0
CTNNB1,Rest,0
CTNNB1,Stim48hr,0
CTNNB1,Stim8hr,0
CTNNBIP1,Rest,0
CTNNBIP1,Stim48hr,0
CTNNBIP1,Stim8hr,0
CTNNBL1,Rest,0
CTNNBL1,Stim48hr,0
CTNNBL1,Stim8hr,0
CTNND1,Rest,0
CTNND1,Stim48hr,0
CTNND1,Stim8hr,0
CTNS,Rest,0
CTNS,Stim48hr,1
CTNS,Stim8hr,0
CTPS1,Rest,0
CTPS1,Stim48hr,1
CTPS1,Stim8hr,3
CTPS2,Rest,0
CTPS2,Stim48hr,0
CTPS2,Stim8hr,0
CTRL,Rest,0
CTRL,Stim48hr,0
CTRL,Stim8hr,0
CTSA,Rest,0
CTSA,Stim48hr,0
CTSA,Stim8hr,0
CTSB,Rest,0
CTSB,Stim48hr,0
CTSB,Stim8hr,0
CTSC,Rest,0
CTSC,Stim48hr,0
CTSC,Stim8hr,0
CTSD,Rest,0
CTSD,Stim48hr,0
CTSD,Stim8hr,0
CTSF,Rest,0
CTSF,Stim48hr,0
CTSF,Stim8hr,0
CTSH,Rest,0
CTSH,Stim48hr,0
CTSH,Stim8hr,0
CTSK,Rest,2
CTSK,Stim48hr,0
CTSK,Stim8hr,0
CTSL,Rest,0
CTSL,Stim48hr,0
CTSL,Stim8hr,0
CTSO,Rest,0
CTSO,Stim48hr,0
CTSO,Stim8hr,0
CTSS,Rest,0
CTSS,Stim48hr,0
CTSS,Stim8hr,0
CTSW,Rest,0
CTSW,Stim48hr,0
CTSW,Stim8hr,0
CTSZ,Rest,0
CTSZ,Stim48hr,0
CTSZ,Stim8hr,0
CTTN,Rest,0
CTTN,Stim48hr,0
CTTN,Stim8hr,0
CTU1,Rest,1
CTU1,Stim48hr,0
CTU1,Stim8hr,2
CTU2,Rest,1
CTU2,Stim48hr,0
CTU2,Stim8hr,2
CUEDC2,Rest,0
CUEDC2,Stim48hr,0
CUEDC2,Stim8hr,0
CUL3,Rest,5
CUL3,Stim48hr,1
CUL3,Stim8hr,0
CUL4A,Rest,0
CUL4A,Stim48hr,0
CUL4A,Stim8hr,0
CUL4B,Rest,0
CUL4B,Stim48hr,0
CUL4B,Stim8hr,0
CUL5,Rest,0
CUL5,Stim48hr,0
CUL5,Stim8hr,0
CUL7,Rest,0
CUL7,Stim48hr,0
CUL7,Stim8hr,0
CUL9,Rest,0
CUL9,Stim48hr,0
CUL9,Stim8hr,0
CUTA,Rest,0
CUTA,Stim48hr,0
CUTA,Stim8hr,0
CUTC,Rest,0
CUTC,Stim48hr,0
CUTC,Stim8hr,0
CUX1,Rest,0
CUX1,Stim48hr,0
CUX1,Stim8hr,0
CUX2,Rest,0
CUX2,Stim48hr,0
CUX2,Stim8hr,0
CUZD1,Rest,0
CUZD1,Stim48hr,0
CUZD1,Stim8hr,0
CWC25,Rest,0
CWC25,Stim48hr,0
CWC25,Stim8hr,0
CWC27,Rest,0
CWC27,Stim48hr,0
CWC27,Stim8hr,0
CWF19L1,Rest,0
CWF19L1,Stim48hr,0
CWF19L1,Stim8hr,0
CX3CR1,Rest,0
CX3CR1,Stim48hr,0
CX3CR1,Stim8hr,0
CXADR,Rest,0
CXADR,Stim48hr,0
CXADR,Stim8hr,0
CXCL1,Rest,0
CXCL1,Stim48hr,0
CXCL1,Stim8hr,0
CXCL10,Rest,0
CXCL10,Stim48hr,0
CXCL10,Stim8hr,0
CXCL11,Rest,0
CXCL11,Stim48hr,0
CXCL11,Stim8hr,0
CXCL13,Rest,0
CXCL13,Stim48hr,0
CXCL13,Stim8hr,0
CXCL14,Rest,0
CXCL14,Stim48hr,0
CXCL14,Stim8hr,0
CXCL16,Rest,0
CXCL16,Stim48hr,0
CXCL16,Stim8hr,0
CXCL3,Rest,0
CXCL3,Stim48hr,0
CXCL3,Stim8hr,0
CXCL5,Rest,0
CXCL5,Stim48hr,0
CXCL5,Stim8hr,0
CXCL8,Rest,0
CXCL8,Stim48hr,0
CXCL8,Stim8hr,0
CXCL9,Rest,0
CXCL9,Stim48hr,0
CXCL9,Stim8hr,0
CXCR2,Rest,0
CXCR2,Stim48hr,0
CXCR2,Stim8hr,0
CXCR3,Rest,0
CXCR3,Stim48hr,0
CXCR3,Stim8hr,0
CXCR4,Rest,0
CXCR4,Stim48hr,0
CXCR4,Stim8hr,0
CXCR5,Rest,0
CXCR5,Stim48hr,0
CXCR5,Stim8hr,0
CXCR6,Rest,0
CXCR6,Stim48hr,0
CXCR6,Stim8hr,0
CXXC1,Rest,4
CXXC1,Stim48hr,11
CXXC1,Stim8hr,8
CXXC4,Rest,0
CXXC4,Stim48hr,0
CXXC4,Stim8hr,0
CXXC5,Rest,0
CXXC5,Stim48hr,0
CXXC5,Stim8hr,0
CXorf38,Rest,0
CXorf38,Stim48hr,0
CXorf38,Stim8hr,0
CXorf65,Rest,0
CXorf65,Stim48hr,0
CXorf65,Stim8hr,0
CYB561,Rest,0
CYB561,Stim48hr,0
CYB561,Stim8hr,0
CYB561A3,Rest,0
CYB561A3,Stim48hr,0
CYB561A3,Stim8hr,0
CYB561D1,Rest,0
CYB561D1,Stim48hr,0
CYB561D1,Stim8hr,0
CYB561D2,Rest,0
CYB561D2,Stim48hr,0
CYB561D2,Stim8hr,0
CYB5A,Rest,0
CYB5A,Stim48hr,0
CYB5A,Stim8hr,0
CYB5B,Rest,0
CYB5B,Stim48hr,0
CYB5B,Stim8hr,0
CYB5D1,Rest,0
CYB5D1,Stim48hr,0
CYB5D1,Stim8hr,0
CYB5D2,Rest,0
CYB5D2,Stim48hr,1
CYB5D2,Stim8hr,0
CYB5R1,Rest,0
CYB5R1,Stim48hr,0
CYB5R1,Stim8hr,0
CYB5R3,Rest,0
CYB5R3,Stim48hr,0
CYB5R3,Stim8hr,0
CYB5R4,Rest,0
CYB5R4,Stim48hr,2
CYB5R4,Stim8hr,11
CYB5RL,Rest,0
CYB5RL,Stim48hr,0
CYB5RL,Stim8hr,0
CYBA,Rest,0
CYBA,Stim48hr,0
CYBA,Stim8hr,0
CYBB,Rest,0
CYBB,Stim48hr,0
CYBB,Stim8hr,0
CYBC1,Rest,0
CYBC1,Stim48hr,0
CYBC1,Stim8hr,0
CYBRD1,Rest,0
CYBRD1,Stim48hr,0
CYBRD1,Stim8hr,0
CYC1,Rest,0
CYC1,Stim48hr,0
CYC1,Stim8hr,1
CYCS,Rest,0
CYCS,Stim48hr,0
CYCS,Stim8hr,0
CYFIP1,Rest,0
CYFIP1,Stim48hr,0
CYFIP1,Stim8hr,0
CYFIP2,Rest,0
CYFIP2,Stim48hr,0
CYFIP2,Stim8hr,0
CYGB,Rest,0
CYGB,Stim48hr,0
CYGB,Stim8hr,0
CYLD,Rest,3
CYLD,Stim48hr,0
CYLD,Stim8hr,0
CYP1B1,Rest,0
CYP1B1,Stim48hr,0
CYP1B1,Stim8hr,0
CYP20A1,Rest,0
CYP20A1,Stim48hr,0
CYP20A1,Stim8hr,0
CYP27B1,Rest,1
CYP27B1,Stim48hr,0
CYP27B1,Stim8hr,0
CYP2D6,Rest,0
CYP2D6,Stim48hr,0
CYP2D6,Stim8hr,0
CYP2E1,Rest,0
CYP2E1,Stim48hr,0
CYP2E1,Stim8hr,0
CYP2R1,Rest,0
CYP2R1,Stim48hr,0
CYP2R1,Stim8hr,0
CYP2U1,Rest,0
CYP2U1,Stim48hr,0
CYP2U1,Stim8hr,0
CYP3A5,Rest,0
CYP3A5,Stim48hr,0
CYP3A5,Stim8hr,0
CYP46A1,Rest,0
CYP46A1,Stim48hr,0
CYP46A1,Stim8hr,0
CYP4V2,Rest,1
CYP4V2,Stim48hr,0
CYP4V2,Stim8hr,0
CYP51A1,Rest,0
CYP51A1,Stim48hr,0
CYP51A1,Stim8hr,0
CYP7B1,Rest,0
CYP7B1,Stim48hr,0
CYP7B1,Stim8hr,0
CYREN,Rest,0
CYREN,Stim48hr,0
CYREN,Stim8hr,1
CYRIA,Rest,0
CYRIA,Stim48hr,0
CYRIA,Stim8hr,0
CYRIB,Rest,0
CYRIB,Stim48hr,0
CYRIB,Stim8hr,0
CYSLTR1,Rest,1
CYSLTR1,Stim48hr,0
CYSLTR1,Stim8hr,0
CYSLTR2,Rest,0
CYSLTR2,Stim48hr,0
CYSLTR2,Stim8hr,0
CYSTM1,Rest,0
CYSTM1,Stim48hr,0
CYSTM1,Stim8hr,0
CYTH1,Rest,0
CYTH1,Stim48hr,0
CYTH1,Stim8hr,0
CYTH2,Rest,0
CYTH2,Stim48hr,0
CYTH2,Stim8hr,0
CYTH3,Rest,0
CYTH3,Stim48hr,0
CYTH3,Stim8hr,0
CYTH4,Rest,0
CYTH4,Stim48hr,0
CYTH4,Stim8hr,0
CYTIP,Rest,0
CYTIP,Stim48hr,0
CYTIP,Stim8hr,0
CZIB,Rest,0
CZIB,Stim48hr,0
CZIB,Stim8hr,0
D2HGDH,Rest,0
D2HGDH,Stim48hr,0
D2HGDH,Stim8hr,0
DAAM1,Rest,0
DAAM1,Stim48hr,0
DAAM1,Stim8hr,0
DAB2,Rest,0
DAB2,Stim48hr,0
DAB2,Stim8hr,0
DACH1,Rest,0
DACH1,Stim48hr,0
DACH1,Stim8hr,0
DACH2,Rest,0
DACH2,Stim48hr,0
DACH2,Stim8hr,0
DACT1,Rest,0
DACT1,Stim48hr,0
DACT1,Stim8hr,0
DAD1,Rest,0
DAD1,Stim8hr,1
DAG1,Rest,0
DAG1,Stim48hr,0
DAG1,Stim8hr,0
DAGLA,Rest,0
DAGLA,Stim48hr,1
DAGLA,Stim8hr,1
DAGLB,Rest,0
DAGLB,Stim48hr,0
DAGLB,Stim8hr,0
DALRD3,Rest,0
DALRD3,Stim48hr,0
DALRD3,Stim8hr,0
DAP,Rest,0
DAP,Stim48hr,0
DAP,Stim8hr,1
DAP3,Rest,0
DAP3,Stim48hr,0
DAP3,Stim8hr,0
DAPK1,Rest,0
DAPK1,Stim48hr,0
DAPK1,Stim8hr,0
DAPK2,Rest,0
DAPK2,Stim48hr,0
DAPK2,Stim8hr,0
DAPK3,Rest,0
DAPK3,Stim48hr,0
DAPK3,Stim8hr,0
DAPP1,Rest,0
DAPP1,Stim48hr,0
DAPP1,Stim8hr,0
DARS1,Rest,0
DARS1,Stim48hr,0
DARS1,Stim8hr,2
DARS2,Rest,0
DARS2,Stim48hr,0
DARS2,Stim8hr,0
DAXX,Rest,0
DAXX,Stim48hr,0
DAXX,Stim8hr,1
DAZAP1,Rest,0
DAZAP1,Stim48hr,1
DAZAP1,Stim8hr,0
DAZAP2,Rest,0
DAZAP2,Stim48hr,0
DAZAP2,Stim8hr,0
DBF4,Rest,0
DBF4,Stim48hr,0
DBF4,Stim8hr,0
DBF4B,Rest,0
DBF4B,Stim48hr,0
DBF4B,Stim8hr,0
DBH,Rest,0
DBH,Stim48hr,0
DBH,Stim8hr,0
DBI,Rest,0
DBI,Stim48hr,0
DBI,Stim8hr,0
DBN1,Rest,0
DBN1,Stim48hr,0
DBN1,Stim8hr,0
DBNDD1,Rest,0
DBNDD1,Stim48hr,0
DBNDD1,Stim8hr,0
DBNDD2,Rest,0
DBNDD2,Stim48hr,0
DBNDD2,Stim8hr,0
DBNL,Rest,0
DBNL,Stim48hr,0
DBNL,Stim8hr,0
DBP,Rest,0
DBP,Stim48hr,0
DBP,Stim8hr,0
DBT,Rest,0
DBT,Stim48hr,0
DBT,Stim8hr,0
DBX2,Rest,0
DBX2,Stim48hr,0
DBX2,Stim8hr,0
DCAF1,Rest,0
DCAF1,Stim48hr,0
DCAF1,Stim8hr,0
DCAF10,Stim48hr,1
DCAF10,Stim8hr,0
DCAF11,Rest,0
DCAF11,Stim48hr,0
DCAF11,Stim8hr,0
DCAF12,Rest,0
DCAF12,Stim48hr,0
DCAF12,Stim8hr,0
DCAF15,Rest,0
DCAF15,Stim48hr,0
DCAF15,Stim8hr,0
DCAF16,Rest,0
DCAF16,Stim48hr,0
DCAF16,Stim8hr,0
DCAF17,Rest,0
DCAF17,Stim48hr,0
DCAF17,Stim8hr,0
DCAF4,Rest,0
DCAF4,Stim48hr,0
DCAF4,Stim8hr,0
DCAF5,Rest,0
DCAF5,Stim48hr,0
DCAF5,Stim8hr,0
DCAF6,Rest,0
DCAF6,Stim48hr,0
DCAF6,Stim8hr,0
DCAF7,Stim48hr,0
DCAF7,Stim8hr,0
DCAKD,Rest,2
DCAKD,Stim48hr,1
DCAKD,Stim8hr,2
DCBLD1,Rest,0
DCBLD1,Stim48hr,0
DCBLD1,Stim8hr,0
DCBLD2,Rest,0
DCBLD2,Stim48hr,0
DCBLD2,Stim8hr,0
DCHS1,Rest,0
DCHS1,Stim48hr,0
DCHS1,Stim8hr,0
DCK,Stim48hr,0
DCK,Stim8hr,0
DCLRE1A,Rest,0
DCLRE1A,Stim48hr,0
DCLRE1A,Stim8hr,0
DCLRE1B,Rest,0
DCLRE1B,Stim48hr,0
DCLRE1B,Stim8hr,0
DCLRE1C,Rest,0
DCLRE1C,Stim48hr,0
DCLRE1C,Stim8hr,0
DCN,Rest,0
DCN,Stim48hr,0
DCN,Stim8hr,0
DCP1A,Rest,0
DCP1A,Stim48hr,0
DCP1A,Stim8hr,0
DCP1B,Rest,0
DCP1B,Stim48hr,0
DCP1B,Stim8hr,0
DCP2,Rest,3
DCP2,Stim48hr,0
DCP2,Stim8hr,1
DCPH1,Rest,0
DCPH1,Stim48hr,0
DCPH1,Stim8hr,0
DCPS,Rest,0
DCPS,Stim8hr,3
DCST2,Rest,0
DCST2,Stim48hr,0
DCST2,Stim8hr,0
DCTD,Rest,0
DCTD,Stim48hr,0
DCTD,Stim8hr,0
DCTN4,Rest,0
DCTN4,Stim48hr,0
DCTN4,Stim8hr,0
DCTPP1,Rest,0
DCTPP1,Stim48hr,0
DCTPP1,Stim8hr,0
DCUN1D1,Rest,0
DCUN1D1,Stim48hr,0
DCUN1D1,Stim8hr,0
DCUN1D2,Rest,0
DCUN1D2,Stim48hr,0
DCUN1D2,Stim8hr,0
DCUN1D3,Rest,0
DCUN1D3,Stim48hr,0
DCUN1D3,Stim8hr,0
DCUN1D4,Rest,0
DCUN1D4,Stim48hr,0
DCUN1D4,Stim8hr,0
DCUN1D5,Rest,0
DCUN1D5,Stim48hr,0
DCUN1D5,Stim8hr,0
DCXR,Rest,0
DCXR,Stim48hr,0
DCXR,Stim8hr,0
DDA1,Rest,1
DDA1,Stim48hr,1
DDA1,Stim8hr,2
DDAH2,Rest,0
DDAH2,Stim48hr,0
DDAH2,Stim8hr,0
DDB2,Rest,0
DDB2,Stim48hr,0
DDB2,Stim8hr,0
DDHD1,Rest,0
DDHD1,Stim48hr,0
DDHD1,Stim8hr,0
DDHD2,Rest,0
DDHD2,Stim48hr,0
DDHD2,Stim8hr,0
DDI2,Rest,0
DDI2,Stim48hr,0
DDI2,Stim8hr,0
DDIAS,Rest,0
DDIAS,Stim48hr,0
DDIAS,Stim8hr,0
DDIT3,Rest,0
DDIT3,Stim48hr,0
DDIT3,Stim8hr,0
DDIT4,Rest,0
DDIT4,Stim48hr,0
DDIT4,Stim8hr,0
DDOST,Stim48hr,1
DDR1,Rest,0
DDR1,Stim48hr,0
DDR1,Stim8hr,0
DDR2,Rest,0
DDR2,Stim48hr,0
DDR2,Stim8hr,0
DDRGK1,Rest,1
DDRGK1,Stim48hr,2
DDRGK1,Stim8hr,10
DDT,Rest,0
DDT,Stim48hr,0
DDT,Stim8hr,0
DDTL,Rest,0
DDTL,Stim48hr,0
DDTL,Stim8hr,0
DDX1,Rest,1
DDX1,Stim8hr,5
DDX17,Rest,0
DDX17,Stim48hr,0
DDX17,Stim8hr,1
DDX19A,Rest,0
DDX19A,Stim48hr,0
DDX19A,Stim8hr,0
DDX19B,Rest,0
DDX19B,Stim48hr,0
DDX19B,Stim8hr,0
DDX20,Rest,0
DDX20,Stim48hr,0
DDX20,Stim8hr,0
DDX28,Rest,0
DDX28,Stim48hr,0
DDX28,Stim8hr,0
DDX31,Rest,0
DDX31,Stim48hr,1
DDX31,Stim8hr,0
DDX39A,Rest,0
DDX39A,Stim48hr,0
DDX39A,Stim8hr,0
DDX39B,Rest,0
DDX39B,Stim48hr,1
DDX39B,Stim8hr,0
DDX3X,Rest,0
DDX3X,Stim48hr,0
DDX3X,Stim8hr,0
DDX3Y,Rest,0
DDX3Y,Stim48hr,0
DDX3Y,Stim8hr,0
DDX42,Rest,0
DDX42,Stim48hr,0
DDX42,Stim8hr,0
DDX43,Rest,0
DDX43,Stim48hr,0
DDX43,Stim8hr,0
DDX5,Rest,0
DDX5,Stim48hr,0
DDX5,Stim8hr,0
DDX50,Rest,0
DDX50,Stim48hr,0
DDX50,Stim8hr,0
DDX52,Rest,0
DDX55,Rest,0
DDX55,Stim48hr,0
DDX55,Stim8hr,0
DDX6,Rest,1
DDX6,Stim48hr,2
DDX6,Stim8hr,2
DDX60,Rest,0
DDX60,Stim48hr,0
DDX60,Stim8hr,0
DDX60L,Rest,0
DDX60L,Stim48hr,0
DDX60L,Stim8hr,0
DEAF1,Rest,0
DEAF1,Stim48hr,0
DEAF1,Stim8hr,0
DECR1,Rest,0
DECR1,Stim48hr,0
DECR1,Stim8hr,0
DECR2,Rest,0
DECR2,Stim48hr,0
DECR2,Stim8hr,1
DEDD,Rest,0
DEDD,Stim48hr,0
DEDD,Stim8hr,0
DEDD2,Rest,0
DEDD2,Stim48hr,0
DEDD2,Stim8hr,0
DEF6,Rest,0
DEF6,Stim48hr,0
DEF6,Stim8hr,0
DEF8,Rest,0
DEF8,Stim48hr,1
DEF8,Stim8hr,0
DEFA3,Rest,0
DEFA3,Stim48hr,0
DEFA3,Stim8hr,0
DEFA5,Rest,0
DEFA5,Stim48hr,0
DEFA5,Stim8hr,0
DEFA6,Rest,0
DEFA6,Stim48hr,0
DEFA6,Stim8hr,0
DEFB1,Rest,0
DEFB1,Stim48hr,0
DEFB1,Stim8hr,0
DEFB131B,Rest,0
DEFB131B,Stim48hr,0
DEFB131B,Stim8hr,0
DEGS1,Rest,0
DEGS1,Stim48hr,0
DEGS1,Stim8hr,0
DEGS2,Rest,0
DEGS2,Stim48hr,0
DEGS2,Stim8hr,0
DEK,Rest,0
DEK,Stim48hr,0
DEK,Stim8hr,2
DELE1,Rest,0
DELE1,Stim48hr,0
DELE1,Stim8hr,0
DEMA1,Rest,0
DEMA1,Stim48hr,0
DEMA1,Stim8hr,0
DENND10,Rest,0
DENND10,Stim48hr,0
DENND10,Stim8hr,0
DENND11,Rest,0
DENND11,Stim48hr,0
DENND11,Stim8hr,0
DENND1A,Rest,0
DENND1A,Stim48hr,0
DENND1A,Stim8hr,1
DENND1B,Rest,0
DENND1B,Stim48hr,0
DENND1B,Stim8hr,0
DENND1C,Rest,1
DENND1C,Stim48hr,0
DENND1C,Stim8hr,1
DENND2B,Rest,0
DENND2B,Stim48hr,0
DENND2B,Stim8hr,0
DENND2D,Rest,0
DENND2D,Stim48hr,0
DENND2D,Stim8hr,0
DENND3,Rest,0
DENND3,Stim48hr,0
DENND3,Stim8hr,0
DENND4A,Rest,0
DENND4A,Stim48hr,0
DENND4A,Stim8hr,0
DENND4B,Rest,0
DENND4B,Stim48hr,0
DENND4B,Stim8hr,0
DENND4C,Rest,0
DENND4C,Stim48hr,0
DENND4C,Stim8hr,0
DENND5A,Rest,0
DENND5A,Stim48hr,0
DENND5A,Stim8hr,0
DENND6A,Rest,0
DENND6A,Stim8hr,0
DENND6B,Rest,0
DENND6B,Stim48hr,0
DENND6B,Stim8hr,0
DENR,Rest,1
DENR,Stim48hr,0
DENR,Stim8hr,4
DEPDC1,Rest,0
DEPDC1,Stim48hr,0
DEPDC1,Stim8hr,0
DEPDC1B,Rest,0
DEPDC1B,Stim48hr,0
DEPDC1B,Stim8hr,0
DEPDC5,Rest,0
DEPDC5,Stim48hr,0
DEPDC5,Stim8hr,0
DEPDC7,Rest,0
DEPDC7,Stim48hr,0
DEPDC7,Stim8hr,0
DEPTOR,Rest,0
DEPTOR,Stim48hr,0
DEPTOR,Stim8hr,0
DERA,Rest,0
DERA,Stim48hr,0
DERA,Stim8hr,0
DERL1,Rest,0
DERL1,Stim48hr,0
DERL1,Stim8hr,0
DERL3,Rest,0
DERL3,Stim48hr,0
DERL3,Stim8hr,0
DESI1,Rest,0
DESI1,Stim48hr,0
DESI1,Stim8hr,0
DESI2,Rest,0
DESI2,Stim48hr,0
DESI2,Stim8hr,0
DET1,Rest,0
DET1,Stim48hr,0
DET1,Stim8hr,0
DEXI,Rest,0
DEXI,Stim48hr,0
DEXI,Stim8hr,0
DFFA,Rest,0
DFFA,Stim48hr,0
DFFA,Stim8hr,0
DFFB,Rest,0
DFFB,Stim48hr,0
DFFB,Stim8hr,0
DGAT1,Rest,0
DGAT1,Stim48hr,0
DGAT1,Stim8hr,0
DGCR2,Rest,0
DGCR2,Stim48hr,0
DGCR2,Stim8hr,0
DGCR6,Rest,0
DGCR6,Stim48hr,0
DGCR6,Stim8hr,0
DGCR6L,Rest,0
DGCR6L,Stim48hr,0
DGCR6L,Stim8hr,0
DGKA,Rest,0
DGKA,Stim48hr,0
DGKA,Stim8hr,0
DGKD,Rest,0
DGKD,Stim48hr,0
DGKD,Stim8hr,1
DGKE,Rest,0
DGKE,Stim48hr,0
DGKE,Stim8hr,0
DGKH,Rest,0
DGKH,Stim48hr,0
DGKH,Stim8hr,0
DGKI,Rest,0
DGKI,Stim48hr,0
DGKI,Stim8hr,0
DGKQ,Rest,0
DGKQ,Stim48hr,0
DGKQ,Stim8hr,0
DGKZ,Rest,0
DGKZ,Stim48hr,0
DGKZ,Stim8hr,0
DGLUCY,Rest,0
DGLUCY,Stim48hr,0
DGLUCY,Stim8hr,0
DGUOK,Rest,0
DGUOK,Stim48hr,0
DGUOK,Stim8hr,0
DHCR24,Rest,0
DHCR24,Stim48hr,0
DHCR24,Stim8hr,0
DHCR7,Rest,0
DHCR7,Stim48hr,0
DHCR7,Stim8hr,0
DHFR2,Rest,0
DHFR2,Stim48hr,0
DHFR2,Stim8hr,0
DHODH,Rest,0
DHODH,Stim8hr,0
DHPS,Rest,0
DHPS,Stim48hr,1
DHPS,Stim8hr,1
DHRS1,Rest,0
DHRS1,Stim48hr,0
DHRS1,Stim8hr,0
DHRS11,Rest,0
DHRS11,Stim48hr,0
DHRS11,Stim8hr,0
DHRS12,Rest,0
DHRS12,Stim48hr,0
DHRS12,Stim8hr,0
DHRS13,Rest,0
DHRS13,Stim48hr,0
DHRS13,Stim8hr,0
DHRS2,Rest,0
DHRS2,Stim48hr,0
DHRS2,Stim8hr,0
DHRS3,Rest,0
DHRS3,Stim48hr,0
DHRS3,Stim8hr,0
DHRS4,Rest,0
DHRS4,Stim48hr,0
DHRS4,Stim8hr,0
DHRS4L2,Rest,0
DHRS4L2,Stim48hr,1
DHRS4L2,Stim8hr,0
DHRS7,Rest,0
DHRS7,Stim48hr,0
DHRS7,Stim8hr,0
DHRS7B,Rest,0
DHRS7B,Stim48hr,0
DHRS7B,Stim8hr,0
DHTKD1,Rest,0
DHTKD1,Stim48hr,0
DHTKD1,Stim8hr,0
DHX30,Rest,0
DHX30,Stim48hr,0
DHX30,Stim8hr,0
DHX32,Rest,0
DHX32,Stim48hr,0
DHX32,Stim8hr,0
DHX33,Rest,0
DHX34,Rest,0
DHX34,Stim48hr,0
DHX34,Stim8hr,0
DHX35,Rest,0
DHX35,Stim48hr,1
DHX35,Stim8hr,0
DHX36,Rest,2
DHX36,Stim48hr,8
DHX36,Stim8hr,5
DHX38,Rest,0
DHX38,Stim48hr,0
DHX38,Stim8hr,0
DHX40,Rest,0
DHX40,Stim48hr,0
DHX40,Stim8hr,0
DHX57,Rest,0
DHX57,Stim48hr,0
DHX57,Stim8hr,0
DHX58,Rest,0
DHX58,Stim48hr,0
DHX58,Stim8hr,0
DHX9,Rest,0
DHX9,Stim48hr,0
DHX9,Stim8hr,1
DIABLO,Rest,0
DIABLO,Stim48hr,0
DIABLO,Stim8hr,0
DIAPH1,Rest,0
DIAPH1,Stim48hr,0
DIAPH1,Stim8hr,0
DIAPH2,Rest,0
DIAPH2,Stim48hr,0
DIAPH2,Stim8hr,0
DIAPH3,Rest,0
DIAPH3,Stim48hr,0
DIAPH3,Stim8hr,0
DIDO1,Rest,0
DIDO1,Stim48hr,0
DIDO1,Stim8hr,0
DIP2A,Rest,0
DIP2A,Stim48hr,0
DIP2A,Stim8hr,0
DIP2B,Rest,0
DIP2B,Stim48hr,0
DIP2B,Stim8hr,0
DIP2C,Rest,0
DIP2C,Stim48hr,0
DIP2C,Stim8hr,0
DIPK1A,Rest,0
DIPK1A,Stim48hr,0
DIPK1A,Stim8hr,0
DIPK1B,Rest,0
DIPK1B,Stim48hr,0
DIPK1B,Stim8hr,0
DIPK2A,Stim48hr,0
DIPK2A,Stim8hr,0
DIS3,Rest,1
DIS3,Stim48hr,0
DIS3,Stim8hr,0
DIS3L,Rest,0
DIS3L,Stim48hr,0
DIS3L,Stim8hr,1
DIS3L2,Rest,3
DIS3L2,Stim48hr,0
DIS3L2,Stim8hr,0
DISC1,Rest,0
DISC1,Stim48hr,0
DISC1,Stim8hr,0
DISP1,Stim48hr,0
DIXDC1,Rest,0
DIXDC1,Stim48hr,0
DIXDC1,Stim8hr,0
DKK3,Rest,0
DKK3,Stim48hr,0
DKK3,Stim8hr,0
DLAT,Rest,0
DLAT,Stim48hr,4
DLAT,Stim8hr,0
DLD,Rest,0
DLD,Stim48hr,0
DLD,Stim8hr,1
DLEC1,Rest,0
DLEC1,Stim48hr,0
DLEC1,Stim8hr,0
DLG1,Rest,0
DLG1,Stim48hr,0
DLG1,Stim8hr,0
DLG3,Rest,1
DLG3,Stim48hr,0
DLG3,Stim8hr,0
DLG4,Rest,1
DLG4,Stim48hr,0
DLG4,Stim8hr,0
DLG5,Rest,0
DLG5,Stim48hr,0
DLG5,Stim8hr,0
DLGAP4,Rest,0
DLGAP4,Stim48hr,0
DLGAP4,Stim8hr,0
DLGAP5,Rest,0
DLGAP5,Stim48hr,0
DLGAP5,Stim8hr,0
DLK2,Rest,0
DLK2,Stim48hr,0
DLK2,Stim8hr,0
DLL1,Rest,0
DLL1,Stim48hr,0
DLL1,Stim8hr,0
DLX1,Rest,0
DLX1,Stim48hr,0
DLX1,Stim8hr,0
DLX2,Rest,0
DLX2,Stim48hr,0
DLX2,Stim8hr,0
DLX3,Rest,0
DLX3,Stim48hr,0
DLX3,Stim8hr,0
DLX4,Rest,1
DLX4,Stim48hr,0
DLX4,Stim8hr,0
DLX5,Rest,0
DLX5,Stim48hr,0
DLX5,Stim8hr,0
DLX6,Rest,0
DLX6,Stim48hr,0
DLX6,Stim8hr,0
DMAC1,Rest,0
DMAC1,Stim48hr,0
DMAC1,Stim8hr,0
DMAC2,Rest,0
DMAC2,Stim48hr,0
DMAC2,Stim8hr,0
DMAC2L,Rest,0
DMAC2L,Stim48hr,0
DMAC2L,Stim8hr,0
DMBT1,Rest,0
DMBT1,Stim48hr,0
DMBT1,Stim8hr,0
DMBX1,Rest,0
DMBX1,Stim48hr,0
DMBX1,Stim8hr,0
DMC1,Rest,0
DMC1,Stim48hr,0
DMC1,Stim8hr,0
DMD,Rest,0
DMD,Stim48hr,0
DMD,Stim8hr,0
DMGDH,Rest,1
DMGDH,Stim48hr,0
DMGDH,Stim8hr,0
DMRT1,Rest,0
DMRT1,Stim48hr,0
DMRT1,Stim8hr,0
DMRT2,Rest,0
DMRT2,Stim48hr,0
DMRT2,Stim8hr,0
DMRT3,Rest,0
DMRT3,Stim48hr,0
DMRT3,Stim8hr,0
DMRTA1,Rest,0
DMRTA1,Stim48hr,0
DMRTA1,Stim8hr,0
DMRTA2,Rest,0
DMRTA2,Stim48hr,0
DMRTA2,Stim8hr,0
DMRTB1,Rest,0
DMRTB1,Stim48hr,0
DMRTB1,Stim8hr,0
DMRTC2,Rest,0
DMRTC2,Stim48hr,0
DMRTC2,Stim8hr,0
DMTF1,Rest,0
DMTF1,Stim48hr,0
DMTF1,Stim8hr,0
DMTN,Rest,0
DMTN,Stim48hr,0
DMTN,Stim8hr,0
DMWD,Rest,0
DMWD,Stim48hr,0
DMWD,Stim8hr,0
DMXL1,Rest,0
DMXL1,Stim48hr,0
DMXL1,Stim8hr,0
DMXL2,Rest,0
DMXL2,Stim48hr,0
DMXL2,Stim8hr,0
DNAAF10,Rest,0
DNAAF10,Stim48hr,0
DNAAF10,Stim8hr,0
DNAAF2,Rest,0
DNAAF2,Stim48hr,0
DNAAF2,Stim8hr,0
DNAAF5,Rest,0
DNAAF5,Stim48hr,0
DNAAF5,Stim8hr,0
DNAAF9,Rest,0
DNAAF9,Stim48hr,0
DNAAF9,Stim8hr,0
DNAH10,Rest,0
DNAH10,Stim48hr,0
DNAH10,Stim8hr,0
DNAH17,Rest,0
DNAH17,Stim48hr,0
DNAH17,Stim8hr,0
DNAH2,Rest,0
DNAH2,Stim48hr,0
DNAH2,Stim8hr,0
DNAH3,Rest,0
DNAH3,Stim48hr,0
DNAH3,Stim8hr,1
DNAH6,Rest,0
DNAH6,Stim48hr,0
DNAH6,Stim8hr,0
DNAH9,Rest,0
DNAH9,Stim48hr,0
DNAH9,Stim8hr,0
DNAI2,Rest,0
DNAI2,Stim48hr,0
DNAI2,Stim8hr,0
DNAJA1,Rest,0
DNAJA1,Stim48hr,0
DNAJA1,Stim8hr,0
DNAJA2,Rest,0
DNAJA2,Stim48hr,0
DNAJA2,Stim8hr,0
DNAJA3,Rest,0
DNAJA3,Stim8hr,2
DNAJA4,Rest,0
DNAJA4,Stim48hr,0
DNAJA4,Stim8hr,0
DNAJB1,Rest,0
DNAJB1,Stim48hr,0
DNAJB1,Stim8hr,0
DNAJB11,Rest,1
DNAJB11,Stim48hr,1
DNAJB11,Stim8hr,0
DNAJB12,Rest,0
DNAJB12,Stim48hr,0
DNAJB12,Stim8hr,0
DNAJB13,Rest,0
DNAJB13,Stim48hr,0
DNAJB13,Stim8hr,0
DNAJB14,Rest,0
DNAJB14,Stim48hr,0
DNAJB14,Stim8hr,0
DNAJB2,Rest,0
DNAJB2,Stim48hr,0
DNAJB2,Stim8hr,0
DNAJB4,Rest,0
DNAJB4,Stim48hr,0
DNAJB4,Stim8hr,0
DNAJB5,Rest,0
DNAJB5,Stim48hr,0
DNAJB5,Stim8hr,0
DNAJB6,Rest,0
DNAJB6,Stim48hr,0
DNAJB6,Stim8hr,0
DNAJB9,Rest,2
DNAJB9,Stim48hr,2
DNAJB9,Stim8hr,1
DNAJC1,Rest,0
DNAJC1,Stim48hr,0
DNAJC1,Stim8hr,0
DNAJC10,Rest,0
DNAJC10,Stim48hr,0
DNAJC10,Stim8hr,0
DNAJC12,Rest,0
DNAJC12,Stim48hr,0
DNAJC12,Stim8hr,0
DNAJC13,Rest,0
DNAJC13,Stim48hr,0
DNAJC13,Stim8hr,0
DNAJC14,Rest,0
DNAJC14,Stim48hr,0
DNAJC14,Stim8hr,0
DNAJC15,Rest,0
DNAJC15,Stim48hr,0
DNAJC15,Stim8hr,0
DNAJC16,Rest,0
DNAJC16,Stim48hr,0
DNAJC16,Stim8hr,0
DNAJC18,Rest,0
DNAJC18,Stim48hr,0
DNAJC18,Stim8hr,0
DNAJC19,Rest,0
DNAJC19,Stim48hr,0
DNAJC19,Stim8hr,0
DNAJC2,Rest,1
DNAJC2,Stim48hr,1
DNAJC2,Stim8hr,5
DNAJC21,Rest,0
DNAJC21,Stim48hr,0
DNAJC21,Stim8hr,0
DNAJC24,Rest,3
DNAJC24,Stim48hr,2
DNAJC24,Stim8hr,0
DNAJC25-GNG10,Rest,0
DNAJC25-GNG10,Stim48hr,1
DNAJC25-GNG10,Stim8hr,0
DNAJC27,Rest,0
DNAJC27,Stim48hr,0
DNAJC27,Stim8hr,0
DNAJC3,Rest,1
DNAJC3,Stim48hr,0
DNAJC3,Stim8hr,1
DNAJC30,Rest,0
DNAJC30,Stim48hr,0
DNAJC30,Stim8hr,0
DNAJC4,Rest,2
DNAJC4,Stim48hr,1
DNAJC4,Stim8hr,1
DNAJC5,Rest,0
DNAJC5,Stim48hr,0
DNAJC5,Stim8hr,0
DNAJC6,Rest,0
DNAJC6,Stim48hr,0
DNAJC6,Stim8hr,0
DNAJC7,Rest,0
DNAJC7,Stim48hr,0
DNAJC7,Stim8hr,0
DNAJC8,Rest,0
DNAJC8,Stim48hr,7
DNAJC8,Stim8hr,4
DNAJC9,Rest,0
DNAJC9,Stim48hr,0
DNAJC9,Stim8hr,0
DNAL1,Rest,2
DNAL1,Stim48hr,0
DNAL1,Stim8hr,0
DNAL4,Rest,0
DNAL4,Stim48hr,0
DNAL4,Stim8hr,0
DNASE1,Rest,0
DNASE1,Stim48hr,0
DNASE1,Stim8hr,0
DNASE1L1,Rest,0
DNASE1L1,Stim48hr,0
DNASE1L1,Stim8hr,0
DNASE2,Rest,0
DNASE2,Stim48hr,0
DNASE2,Stim8hr,0
DNHD1,Rest,0
DNHD1,Stim48hr,0
DNHD1,Stim8hr,0
DNLZ,Rest,0
DNLZ,Stim48hr,0
DNLZ,Stim8hr,0
DNM1L,Rest,0
DNM1L,Stim48hr,0
DNM1L,Stim8hr,0
DNM3,Rest,0
DNM3,Stim48hr,0
DNM3,Stim8hr,0
DNMBP,Rest,0
DNMBP,Stim48hr,0
DNMBP,Stim8hr,0
DNMT3A,Rest,2
DNMT3A,Stim48hr,0
DNMT3A,Stim8hr,0
DNMT3B,Rest,0
DNMT3B,Stim48hr,0
DNMT3B,Stim8hr,0
DNPEP,Rest,0
DNPEP,Stim48hr,0
DNPEP,Stim8hr,0
DNPH1,Rest,0
DNPH1,Stim48hr,0
DNPH1,Stim8hr,0
DNTTIP1,Rest,0
DNTTIP1,Stim48hr,8
DNTTIP1,Stim8hr,6
DOCK10,Rest,0
DOCK10,Stim48hr,0
DOCK10,Stim8hr,0
DOCK11,Rest,0
DOCK11,Stim48hr,0
DOCK11,Stim8hr,0
DOCK2,Rest,3
DOCK2,Stim48hr,0
DOCK2,Stim8hr,0
DOCK3,Rest,0
DOCK3,Stim48hr,0
DOCK3,Stim8hr,0
DOCK5,Rest,0
DOCK5,Stim48hr,0
DOCK5,Stim8hr,0
DOCK6,Rest,0
DOCK6,Stim48hr,0
DOCK6,Stim8hr,0
DOCK7,Rest,0
DOCK7,Stim48hr,0
DOCK7,Stim8hr,0
DOCK8,Rest,0
DOCK8,Stim48hr,0
DOCK8,Stim8hr,0
DOCK9,Rest,0
DOCK9,Stim48hr,0
DOCK9,Stim8hr,0
DOHH,Rest,1
DOHH,Stim48hr,6
DOHH,Stim8hr,2
DOK1,Rest,0
DOK1,Stim48hr,0
DOK1,Stim8hr,0
DOK2,Rest,0
DOK2,Stim48hr,0
DOK2,Stim8hr,0
DOK3,Rest,0
DOK3,Stim48hr,0
DOK3,Stim8hr,0
DOK4,Rest,0
DOK4,Stim48hr,1
DOK4,Stim8hr,0
DOK5,Rest,0
DOK5,Stim48hr,0
DOK5,Stim8hr,0
DOK6,Rest,0
DOK6,Stim48hr,0
DOK6,Stim8hr,0
DOLK,Rest,0
DOLK,Stim48hr,0
DOLK,Stim8hr,0
DOLPP1,Rest,3
DOLPP1,Stim48hr,0
DOLPP1,Stim8hr,7
DOP1A,Rest,1
DOP1A,Stim48hr,0
DOP1A,Stim8hr,0
DOP1B,Rest,0
DOP1B,Stim48hr,1
DOP1B,Stim8hr,1
DORIP1,Rest,0
DORIP1,Stim48hr,0
DORIP1,Stim8hr,0
DOT1L,Rest,0
DOT1L,Stim48hr,0
DOT1L,Stim8hr,1
DPCD,Rest,0
DPCD,Stim48hr,0
DPCD,Stim8hr,0
DPEP2,Rest,0
DPEP2,Stim48hr,0
DPEP2,Stim8hr,0
DPF1,Rest,0
DPF1,Stim48hr,0
DPF1,Stim8hr,0
DPF2,Rest,0
DPF2,Stim48hr,0
DPF2,Stim8hr,0
DPF3,Rest,0
DPF3,Stim48hr,0
DPF3,Stim8hr,0
DPH1,Rest,0
DPH1,Stim48hr,1
DPH1,Stim8hr,1
DPH2,Rest,0
DPH2,Stim48hr,0
DPH2,Stim8hr,0
DPH3,Rest,0
DPH3,Stim48hr,0
DPH3,Stim8hr,0
DPH5,Rest,1
DPH5,Stim48hr,3
DPH5,Stim8hr,1
DPH6,Rest,0
DPH6,Stim48hr,0
DPH6,Stim8hr,0
DPH7,Rest,0
DPH7,Stim48hr,0
DPH7,Stim8hr,0
DPM1,Rest,1
DPM1,Stim48hr,0
DPM1,Stim8hr,1
DPM2,Rest,0
DPM2,Stim48hr,0
DPM2,Stim8hr,0
DPM3,Rest,0
DPM3,Stim48hr,0
DPM3,Stim8hr,0
DPP3,Rest,0
DPP3,Stim48hr,0
DPP3,Stim8hr,0
DPP4,Rest,0
DPP4,Stim48hr,0
DPP4,Stim8hr,0
DPP7,Stim48hr,0
DPP8,Rest,0
DPP8,Stim48hr,0
DPP8,Stim8hr,0
DPP9,Rest,0
DPP9,Stim48hr,0
DPP9,Stim8hr,0
DPRX,Rest,0
DPRX,Stim48hr,0
DPRX,Stim8hr,0
DPY19L1,Rest,0
DPY19L1,Stim48hr,0
DPY19L1,Stim8hr,0
DPY19L3,Rest,0
DPY19L3,Stim48hr,3
DPY19L3,Stim8hr,0
DPY19L4,Rest,0
DPY19L4,Stim48hr,0
DPY19L4,Stim8hr,0
DPYD,Rest,0
DPYD,Stim48hr,0
DPYD,Stim8hr,0
DPYSL2,Rest,0
DPYSL2,Stim48hr,0
DPYSL2,Stim8hr,0
DPYSL4,Rest,0
DPYSL4,Stim48hr,0
DPYSL4,Stim8hr,0
DR1,Rest,0
DR1,Stim48hr,1
DR1,Stim8hr,4
DRAM1,Rest,0
DRAM1,Stim48hr,0
DRAM1,Stim8hr,1
DRAM2,Rest,0
DRAM2,Stim48hr,0
DRAM2,Stim8hr,0
DRAP1,Rest,0
DRAP1,Stim48hr,0
DRAP1,Stim8hr,1
DRC2,Rest,0
DRC2,Stim48hr,0
DRC2,Stim8hr,0
DRC3,Rest,0
DRC3,Stim48hr,0
DRC3,Stim8hr,0
DRC4,Rest,0
DRC4,Stim48hr,0
DRC4,Stim8hr,0
DRC8,Rest,0
DRC8,Stim48hr,0
DRC8,Stim8hr,0
DRC9,Rest,0
DRC9,Stim48hr,1
DRC9,Stim8hr,0
DRG1,Rest,0
DRG1,Stim48hr,0
DRG1,Stim8hr,0
DRG2,Rest,0
DRG2,Stim48hr,0
DRG2,Stim8hr,0
DRGX,Rest,0
DRGX,Stim48hr,0
DRGX,Stim8hr,0
DRICH1,Rest,0
DRICH1,Stim48hr,0
DRICH1,Stim8hr,0
DSC1,Rest,0
DSC1,Stim48hr,0
DSC1,Stim8hr,0
DSC2,Rest,2
DSC2,Stim48hr,0
DSC2,Stim8hr,0
DSCC1,Rest,0
DSCC1,Stim48hr,0
DSCC1,Stim8hr,1
DSE,Rest,0
DSE,Stim48hr,0
DSE,Stim8hr,0
DSEL,Rest,0
DSEL,Stim48hr,0
DSEL,Stim8hr,0
DSP,Rest,0
DSP,Stim48hr,0
DSP,Stim8hr,0
DST,Rest,0
DST,Stim48hr,0
DST,Stim8hr,0
DSTN,Rest,0
DSTN,Stim48hr,0
DSTN,Stim8hr,0
DSTYK,Rest,0
DSTYK,Stim48hr,0
DSTYK,Stim8hr,0
DTD1,Rest,0
DTD1,Stim48hr,0
DTD1,Stim8hr,0
DTD2,Rest,0
DTD2,Stim48hr,0
DTD2,Stim8hr,0
DTHD1,Rest,0
DTHD1,Stim48hr,0
DTHD1,Stim8hr,0
DTNB,Rest,0
DTNB,Stim48hr,0
DTNB,Stim8hr,0
DTNBP1,Rest,0
DTNBP1,Stim48hr,0
DTNBP1,Stim8hr,0
DTWD1,Rest,0
DTWD1,Stim48hr,0
DTWD1,Stim8hr,0
DTWD2,Rest,0
DTWD2,Stim48hr,0
DTWD2,Stim8hr,0
DTX1,Rest,0
DTX1,Stim48hr,0
DTX1,Stim8hr,0
DTX3,Rest,0
DTX3,Stim8hr,0
DTX3L,Rest,0
DTX3L,Stim48hr,0
DTX3L,Stim8hr,0
DTX4,Rest,0
DTX4,Stim48hr,0
DTX4,Stim8hr,0
DTYMK,Rest,0
DTYMK,Stim48hr,0
DTYMK,Stim8hr,0
DUS1L,Rest,0
DUS1L,Stim48hr,0
DUS1L,Stim8hr,0
DUS2,Rest,0
DUS2,Stim48hr,0
DUS2,Stim8hr,0
DUS3L,Rest,0
DUS3L,Stim48hr,0
DUS3L,Stim8hr,0
DUS4L,Rest,0
DUS4L,Stim48hr,0
DUS4L,Stim8hr,0
DUSP1,Rest,0
DUSP1,Stim48hr,0
DUSP1,Stim8hr,0
DUSP10,Rest,0
DUSP10,Stim48hr,0
DUSP10,Stim8hr,0
DUSP11,Rest,0
DUSP11,Stim48hr,0
DUSP11,Stim8hr,0
DUSP12,Rest,4
DUSP12,Stim48hr,1
DUSP12,Stim8hr,7
DUSP14,Rest,0
DUSP14,Stim48hr,0
DUSP14,Stim8hr,0
DUSP16,Rest,0
DUSP16,Stim48hr,0
DUSP16,Stim8hr,0
DUSP18,Rest,0
DUSP18,Stim48hr,0
DUSP18,Stim8hr,0
DUSP19,Rest,0
DUSP19,Stim48hr,0
DUSP19,Stim8hr,0
DUSP2,Rest,0
DUSP2,Stim48hr,0
DUSP2,Stim8hr,0
DUSP22,Rest,0
DUSP22,Stim48hr,0
DUSP22,Stim8hr,0
DUSP23,Rest,0
DUSP23,Stim48hr,0
DUSP23,Stim8hr,0
DUSP28,Rest,0
DUSP3,Rest,0
DUSP3,Stim48hr,0
DUSP3,Stim8hr,0
DUSP4,Rest,0
DUSP4,Stim48hr,0
DUSP4,Stim8hr,0
DUSP5,Rest,0
DUSP5,Stim48hr,0
DUSP5,Stim8hr,0
DUSP6,Rest,0
DUSP6,Stim48hr,0
DUSP6,Stim8hr,0
DUSP7,Rest,0
DUSP7,Stim48hr,0
DUSP7,Stim8hr,0
DUSP8,Rest,0
DUSP8,Stim48hr,0
DUSP8,Stim8hr,0
DUX4,Rest,0
DUX4,Stim48hr,0
DUX4,Stim8hr,0
DUXA,Rest,0
DUXA,Stim48hr,0
DUXA,Stim8hr,0
DVL1,Rest,0
DVL1,Stim48hr,0
DVL1,Stim8hr,0
DVL2,Rest,0
DVL2,Stim48hr,0
DVL2,Stim8hr,0
DVL3,Rest,0
DVL3,Stim48hr,0
DVL3,Stim8hr,0
DXO,Rest,0
DXO,Stim48hr,0
DXO,Stim8hr,0
DYM,Rest,0
DYM,Stim48hr,0
DYM,Stim8hr,0
DYNC1LI1,Rest,0
DYNC1LI1,Stim48hr,0
DYNC1LI1,Stim8hr,0
DYNC1LI2,Rest,0
DYNC1LI2,Stim48hr,0
DYNC1LI2,Stim8hr,0
DYNC2H1,Rest,0
DYNC2H1,Stim48hr,0
DYNC2H1,Stim8hr,0
DYNC2I1,Rest,0
DYNC2I1,Stim48hr,0
DYNC2I1,Stim8hr,1
DYNC2I2,Rest,0
DYNC2I2,Stim48hr,0
DYNC2I2,Stim8hr,0
DYNC2LI1,Rest,0
DYNC2LI1,Stim48hr,0
DYNC2LI1,Stim8hr,0
DYNLL1,Rest,0
DYNLL1,Stim48hr,0
DYNLL1,Stim8hr,0
DYNLL2,Rest,0
DYNLL2,Stim48hr,0
DYNLL2,Stim8hr,0
DYNLT1,Rest,0
DYNLT1,Stim48hr,0
DYNLT1,Stim8hr,0
DYNLT2,Rest,0
DYNLT2,Stim48hr,0
DYNLT2,Stim8hr,0
DYNLT2B,Rest,0
DYNLT2B,Stim48hr,0
DYNLT2B,Stim8hr,0
DYNLT3,Rest,0
DYNLT3,Stim48hr,0
DYNLT3,Stim8hr,0
DYNLT4,Rest,0
DYNLT4,Stim48hr,0
DYNLT4,Stim8hr,0
DYRK1A,Rest,0
DYRK1A,Stim48hr,0
DYRK1A,Stim8hr,0
DYRK1B,Rest,0
DYRK1B,Stim48hr,0
DYRK1B,Stim8hr,0
DYRK2,Rest,0
DYRK2,Stim48hr,0
DYRK2,Stim8hr,0
DYRK3,Rest,0
DYRK3,Stim48hr,0
DYRK3,Stim8hr,0
DYRK4,Rest,0
DYRK4,Stim48hr,0
DYRK4,Stim8hr,0
DYSF,Rest,0
DYSF,Stim48hr,0
DYSF,Stim8hr,0
DZANK1,Rest,0
DZANK1,Stim48hr,0
DZANK1,Stim8hr,0
DZIP1,Rest,0
DZIP1,Stim48hr,0
DZIP1,Stim8hr,1
DZIP3,Rest,0
DZIP3,Stim48hr,0
DZIP3,Stim8hr,0
E2F1,Rest,0
E2F1,Stim48hr,0
E2F1,Stim8hr,0
E2F2,Rest,0
E2F2,Stim48hr,0
E2F2,Stim8hr,0
E2F3,Rest,0
E2F3,Stim48hr,0
E2F3,Stim8hr,0
E2F4,Rest,0
E2F4,Stim48hr,0
E2F4,Stim8hr,0
E2F5,Rest,0
E2F5,Stim48hr,0
E2F5,Stim8hr,0
E2F6,Rest,0
E2F6,Stim48hr,0
E2F6,Stim8hr,0
E2F7,Rest,0
E2F7,Stim48hr,0
E2F7,Stim8hr,0
E2F8,Rest,0
E2F8,Stim48hr,0
E2F8,Stim8hr,0
E4F1,Rest,1
E4F1,Stim8hr,1
EAF1,Rest,0
EAF1,Stim48hr,0
EAF1,Stim8hr,0
EAF2,Rest,0
EAF2,Stim48hr,0
EAF2,Stim8hr,0
EAPP,Stim48hr,0
EAPP,Stim8hr,1
EARS2,Rest,1
EARS2,Stim48hr,1
EARS2,Stim8hr,0
EBAG9,Stim8hr,0
EBF1,Rest,0
EBF1,Stim48hr,0
EBF1,Stim8hr,0
EBF2,Rest,0
EBF2,Stim48hr,0
EBF2,Stim8hr,0
EBF3,Rest,0
EBF3,Stim48hr,0
EBF3,Stim8hr,0
EBF4,Rest,0
EBF4,Stim48hr,0
EBF4,Stim8hr,0
EBI3,Rest,0
EBI3,Stim48hr,0
EBI3,Stim8hr,0
EBP,Rest,0
EBP,Stim48hr,0
EBP,Stim8hr,0
EBPL,Rest,0
EBPL,Stim48hr,0
EBPL,Stim8hr,0
ECE1,Rest,0
ECE1,Stim48hr,0
ECE1,Stim8hr,0
ECE2,Rest,0
ECE2,Stim48hr,0
ECE2,Stim8hr,0
ECH1,Rest,0
ECH1,Stim48hr,0
ECH1,Stim8hr,0
ECHDC1,Rest,0
ECHDC1,Stim48hr,0
ECHDC1,Stim8hr,0
ECHDC2,Rest,0
ECHDC2,Stim48hr,0
ECHDC2,Stim8hr,0
ECHS1,Rest,0
ECHS1,Stim48hr,0
ECHS1,Stim8hr,0
ECI1,Rest,0
ECI1,Stim48hr,0
ECI1,Stim8hr,0
ECI2,Rest,0
ECI2,Stim48hr,0
ECI2,Stim8hr,0
ECPAS,Rest,0
ECPAS,Stim48hr,0
ECPAS,Stim8hr,0
ECRG4,Rest,0
ECRG4,Stim48hr,0
ECRG4,Stim8hr,0
ECSIT,Rest,0
ECSIT,Stim48hr,1
ECSIT,Stim8hr,0
EDA,Rest,0
EDA,Stim48hr,0
EDA,Stim8hr,0
EDAR,Rest,0
EDAR,Stim48hr,0
EDAR,Stim8hr,0
EDARADD,Rest,0
EDARADD,Stim48hr,0
EDARADD,Stim8hr,0
EDC3,Rest,5
EDC3,Stim48hr,0
EDC3,Stim8hr,0
EDC4,Rest,0
EDC4,Stim48hr,0
EDC4,Stim8hr,0
EDEM1,Rest,0
EDEM1,Stim48hr,0
EDEM1,Stim8hr,0
EDEM2,Rest,0
EDEM2,Stim48hr,0
EDEM2,Stim8hr,0
EDEM3,Rest,0
EDEM3,Stim48hr,0
EDEM3,Stim8hr,0
EDF1,Rest,0
EDF1,Stim48hr,0
EDF1,Stim8hr,0
EDN1,Rest,0
EDN1,Stim48hr,0
EDN1,Stim8hr,0
EDN3,Rest,0
EDN3,Stim48hr,0
EDN3,Stim8hr,0
EDRF1,Rest,0
EDRF1,Stim48hr,0
EDRF1,Stim8hr,0
EEA1,Rest,0
EEA1,Stim48hr,0
EEA1,Stim8hr,0
EED,Rest,0
EED,Stim48hr,0
EED,Stim8hr,0
EEF1A1,Rest,0
EEF1A1,Stim48hr,0
EEF1A1,Stim8hr,0
EEF1AKMT1,Rest,0
EEF1AKMT1,Stim48hr,0
EEF1AKMT1,Stim8hr,0
EEF1AKMT2,Rest,0
EEF1AKMT2,Stim48hr,0
EEF1AKMT2,Stim8hr,0
EEF1AKMT3,Rest,0
EEF1AKMT3,Stim48hr,0
EEF1AKMT3,Stim8hr,0
EEF1B2,Rest,0
EEF1B2,Stim48hr,0
EEF1B2,Stim8hr,0
EEF1D,Rest,0
EEF1D,Stim48hr,0
EEF1D,Stim8hr,0
EEF1E1,Rest,1
EEF1E1,Stim48hr,0
EEF1E1,Stim8hr,1
EEF1G,Stim48hr,0
EEF1G,Stim8hr,4
EEF2K,Rest,0
EEF2K,Stim48hr,0
EEF2K,Stim8hr,0
EEF2KMT,Rest,0
EEF2KMT,Stim48hr,0
EEF2KMT,Stim8hr,0
EEFSEC,Rest,0
EEFSEC,Stim48hr,0
EEFSEC,Stim8hr,0
EEIG1,Rest,0
EEIG1,Stim48hr,0
EEIG1,Stim8hr,0
EEIG2,Rest,0
EEIG2,Stim48hr,0
EEIG2,Stim8hr,0
EEPD1,Rest,0
EEPD1,Stim48hr,0
EEPD1,Stim8hr,0
EFCAB11,Rest,0
EFCAB11,Stim48hr,0
EFCAB11,Stim8hr,0
EFCAB13,Rest,0
EFCAB13,Stim48hr,0
EFCAB13,Stim8hr,0
EFCAB14,Rest,0
EFCAB14,Stim48hr,0
EFCAB14,Stim8hr,0
EFCAB7,Rest,0
EFCAB7,Stim48hr,0
EFCAB7,Stim8hr,0
EFEMP2,Rest,0
EFEMP2,Stim48hr,0
EFEMP2,Stim8hr,0
EFHC1,Rest,0
EFHC1,Stim48hr,0
EFHC1,Stim8hr,0
EFHC2,Rest,0
EFHC2,Stim48hr,0
EFHC2,Stim8hr,0
EFHD1,Rest,0
EFHD1,Stim48hr,0
EFHD1,Stim8hr,0
EFHD2,Rest,0
EFHD2,Stim48hr,0
EFHD2,Stim8hr,0
EFNA1,Rest,0
EFNA1,Stim48hr,0
EFNA1,Stim8hr,0
EFNA4,Rest,0
EFNA4,Stim48hr,0
EFNA4,Stim8hr,0
EFNB1,Rest,0
EFNB1,Stim48hr,0
EFNB1,Stim8hr,0
EFNB2,Rest,0
EFNB2,Stim48hr,0
EFNB2,Stim8hr,0
EFR3A,Rest,1
EFR3A,Stim48hr,0
EFR3A,Stim8hr,3
EGF,Rest,0
EGF,Stim48hr,0
EGF,Stim8hr,0
EGFL6,Rest,0
EGFL6,Stim48hr,0
EGFL6,Stim8hr,0
EGFL7,Rest,0
EGFL7,Stim48hr,0
EGFL7,Stim8hr,0
EGFL8,Stim48hr,0
EGFL8,Stim8hr,0
EGLN1,Rest,0
EGLN1,Stim48hr,0
EGLN1,Stim8hr,1
EGLN2,Rest,0
EGLN2,Stim48hr,0
EGLN2,Stim8hr,0
EGLN3,Rest,0
EGLN3,Stim48hr,0
EGLN3,Stim8hr,0
EGR1,Rest,0
EGR1,Stim48hr,0
EGR1,Stim8hr,0
EGR2,Rest,0
EGR2,Stim48hr,0
EGR2,Stim8hr,3
EGR3,Rest,0
EGR3,Stim48hr,0
EGR3,Stim8hr,0
EGR4,Rest,0
EGR4,Stim48hr,0
EGR4,Stim8hr,0
EHBP1,Rest,0
EHBP1,Stim48hr,0
EHBP1,Stim8hr,0
EHBP1L1,Rest,0
EHBP1L1,Stim48hr,0
EHBP1L1,Stim8hr,0
EHD1,Rest,0
EHD1,Stim48hr,0
EHD1,Stim8hr,0
EHD3,Rest,0
EHD3,Stim48hr,0
EHD3,Stim8hr,0
EHD4,Rest,0
EHD4,Stim48hr,0
EHD4,Stim8hr,0
EHF,Rest,0
EHF,Stim48hr,0
EHF,Stim8hr,0
EHMT1,Rest,0
EHMT1,Stim48hr,0
EHMT1,Stim8hr,0
EHMT2,Rest,0
EHMT2,Stim48hr,1
EHMT2,Stim8hr,3
EI24,Rest,0
EI24,Stim48hr,0
EI24,Stim8hr,0
EID1,Rest,0
EID1,Stim48hr,0
EID1,Stim8hr,0
EID2,Rest,3
EID2,Stim48hr,0
EID2,Stim8hr,0
EID2B,Rest,0
EID2B,Stim48hr,0
EID2B,Stim8hr,0
EID3,Rest,0
EID3,Stim48hr,0
EID3,Stim8hr,0
EIF1,Rest,1
EIF1,Stim48hr,0
EIF1,Stim8hr,2
EIF1AD,Rest,0
EIF1AD,Stim48hr,0
EIF1AD,Stim8hr,0
EIF1AX,Rest,7
EIF1AX,Stim48hr,0
EIF1AX,Stim8hr,0
EIF1AY,Rest,0
EIF1AY,Stim48hr,0
EIF1AY,Stim8hr,0
EIF1B,Rest,0
EIF1B,Stim48hr,1
EIF1B,Stim8hr,0
EIF2A,Rest,0
EIF2A,Stim48hr,0
EIF2A,Stim8hr,0
EIF2AK1,Rest,0
EIF2AK1,Stim48hr,0
EIF2AK1,Stim8hr,0
EIF2AK2,Rest,0
EIF2AK2,Stim48hr,0
EIF2AK2,Stim8hr,0
EIF2AK3,Rest,0
EIF2AK3,Stim48hr,0
EIF2AK3,Stim8hr,0
EIF2AK4,Rest,0
EIF2AK4,Stim48hr,0
EIF2AK4,Stim8hr,0
EIF2B1,Stim8hr,1
EIF2B4,Stim8hr,0
EIF2D,Rest,0
EIF2D,Stim48hr,0
EIF2D,Stim8hr,0
EIF2S3,Rest,0
EIF2S3,Stim48hr,0
EIF2S3,Stim8hr,0
EIF3G,Stim48hr,0
EIF3H,Rest,3
EIF3H,Stim48hr,1
EIF3H,Stim8hr,6
EIF3J,Rest,1
EIF3J,Stim48hr,1
EIF3J,Stim8hr,0
EIF3K,Rest,0
EIF3K,Stim48hr,0
EIF3K,Stim8hr,0
EIF3L,Rest,0
EIF3L,Stim48hr,0
EIF3L,Stim8hr,0
EIF4A1,Rest,0
EIF4A1,Stim48hr,3
EIF4A1,Stim8hr,1
EIF4A2,Rest,0
EIF4A2,Stim8hr,1
EIF4B,Rest,0
EIF4B,Stim48hr,0
EIF4B,Stim8hr,0
EIF4E,Rest,0
EIF4E,Stim48hr,0
EIF4E,Stim8hr,0
EIF4E2,Rest,0
EIF4E2,Stim48hr,0
EIF4E2,Stim8hr,0
EIF4E3,Rest,0
EIF4E3,Stim48hr,0
EIF4E3,Stim8hr,0
EIF4EBP1,Rest,0
EIF4EBP1,Stim48hr,0
EIF4EBP1,Stim8hr,0
EIF4EBP2,Rest,0
EIF4EBP2,Stim48hr,0
EIF4EBP2,Stim8hr,0
EIF4EBP3,Rest,0
EIF4EBP3,Stim48hr,0
EIF4EBP3,Stim8hr,0
EIF4ENIF1,Rest,0
EIF4ENIF1,Stim48hr,0
EIF4ENIF1,Stim8hr,0
EIF4G1,Rest,1
EIF4G1,Stim8hr,10
EIF4G2,Rest,2
EIF4G2,Stim48hr,8
EIF4G2,Stim8hr,9
EIF4G3,Rest,0
EIF4G3,Stim48hr,0
EIF4G3,Stim8hr,0
EIF4H,Rest,1
EIF4H,Stim48hr,0
EIF4H,Stim8hr,0
EIF5,Rest,0
EIF5,Stim48hr,0
EIF5,Stim8hr,0
EIF5A,Rest,0
EIF5A,Stim8hr,2
EIF5A2,Rest,0
EIF5A2,Stim48hr,0
EIF5A2,Stim8hr,0
EIPR1,Rest,0
EIPR1,Stim48hr,0
EIPR1,Stim8hr,6
ELAC1,Rest,0
ELAC1,Stim48hr,0
ELAC1,Stim8hr,0
ELAC2,Rest,0
ELAC2,Stim8hr,7
ELAPOR1,Rest,0
ELAPOR1,Stim48hr,0
ELAPOR1,Stim8hr,0
ELAPOR2,Stim48hr,0
ELAPOR2,Stim8hr,0
ELAVL1,Rest,0
ELAVL1,Stim48hr,1
ELAVL1,Stim8hr,3
ELF1,Stim48hr,0
ELF1,Stim8hr,0
ELF2,Rest,0
ELF2,Stim48hr,0
ELF2,Stim8hr,0
ELF3,Rest,0
ELF3,Stim48hr,0
ELF3,Stim8hr,0
ELF4,Rest,0
ELF4,Stim48hr,0
ELF4,Stim8hr,0
ELF5,Rest,0
ELF5,Stim48hr,0
ELF5,Stim8hr,0
ELK1,Rest,0
ELK1,Stim48hr,0
ELK1,Stim8hr,1
ELK3,Rest,0
ELK3,Stim48hr,0
ELK3,Stim8hr,0
ELK4,Rest,0
ELK4,Stim48hr,0
ELK4,Stim8hr,0
ELL,Rest,0
ELL,Stim48hr,0
ELL,Stim8hr,0
ELL2,Rest,1
ELL2,Stim48hr,0
ELL2,Stim8hr,0
ELMO1,Rest,0
ELMO1,Stim48hr,0
ELMO1,Stim8hr,0
ELMO2,Rest,0
ELMO2,Stim48hr,0
ELMO2,Stim8hr,0
ELMOD2,Rest,0
ELMOD2,Stim48hr,0
ELMOD2,Stim8hr,0
ELMOD3,Rest,0
ELMOD3,Stim48hr,0
ELMOD3,Stim8hr,0
ELOA,Rest,0
ELOA,Stim48hr,0
ELOA,Stim8hr,0
ELOB,Rest,3
ELOB,Stim48hr,4
ELOB,Stim8hr,4
ELOC,Rest,1
ELOC,Stim48hr,0
ELOC,Stim8hr,2
ELOF1,Rest,3
ELOF1,Stim48hr,6
ELOF1,Stim8hr,2
ELOVL1,Rest,0
ELOVL1,Stim48hr,0
ELOVL1,Stim8hr,0
ELOVL4,Rest,0
ELOVL4,Stim48hr,0
ELOVL4,Stim8hr,0
ELOVL5,Rest,0
ELOVL5,Stim48hr,0
ELOVL5,Stim8hr,0
ELOVL6,Rest,0
ELOVL6,Stim48hr,0
ELOVL6,Stim8hr,0
ELOVL7,Rest,0
ELOVL7,Stim48hr,0
ELOVL7,Stim8hr,0
ELP1,Rest,2
ELP1,Stim48hr,0
ELP1,Stim8hr,3
ELP2,Rest,2
ELP2,Stim48hr,1
ELP2,Stim8hr,6
ELP3,Rest,1
ELP3,Stim48hr,0
ELP3,Stim8hr,8
ELP4,Rest,2
ELP4,Stim48hr,0
ELP4,Stim8hr,1
ELP5,Rest,1
ELP5,Stim48hr,0
ELP5,Stim8hr,2
ELP6,Rest,0
ELP6,Stim48hr,0
ELP6,Stim8hr,0
EMB,Rest,1
EMB,Stim48hr,0
EMB,Stim8hr,0
EMC1,Rest,0
EMC1,Stim48hr,0
EMC1,Stim8hr,0
EMC10,Rest,0
EMC10,Stim48hr,0
EMC10,Stim8hr,0
EMC2,Rest,0
EMC2,Stim48hr,3
EMC2,Stim8hr,1
EMC3,Rest,0
EMC3,Stim48hr,0
EMC3,Stim8hr,0
EMC4,Rest,1
EMC4,Stim48hr,5
EMC4,Stim8hr,0
EMC6,Rest,0
EMC6,Stim48hr,0
EMC6,Stim8hr,0
EMC7,Rest,0
EMC7,Stim48hr,0
EMC7,Stim8hr,0
EMC8,Rest,0
EMC8,Stim48hr,0
EMC8,Stim8hr,0
EMC9,Rest,0
EMC9,Stim48hr,0
EMC9,Stim8hr,0
EMD,Rest,0
EMD,Stim48hr,0
EMD,Stim8hr,0
EME1,Rest,0
EME1,Stim48hr,0
EME1,Stim8hr,0
EME2,Rest,0
EME2,Stim48hr,0
EME2,Stim8hr,0
EMG1,Rest,0
EMG1,Stim48hr,0
EMG1,Stim8hr,0
EMILIN2,Rest,0
EMILIN2,Stim48hr,0
EMILIN2,Stim8hr,0
EML2,Rest,0
EML2,Stim48hr,0
EML2,Stim8hr,2
EML3,Rest,0
EML3,Stim48hr,0
EML3,Stim8hr,0
EML4,Rest,0
EML4,Stim48hr,1
EML4,Stim8hr,0
EML5,Rest,0
EML5,Stim48hr,0
EML5,Stim8hr,0
EMP1,Rest,0
EMP1,Stim48hr,0
EMP1,Stim8hr,0
EMP3,Rest,0
EMP3,Stim48hr,0
EMP3,Stim8hr,0
EMX1,Rest,0
EMX1,Stim48hr,0
EMX1,Stim8hr,0
EMX2,Rest,0
EMX2,Stim48hr,0
EMX2,Stim8hr,0
EN1,Rest,0
EN1,Stim48hr,0
EN1,Stim8hr,0
EN2,Rest,0
EN2,Stim48hr,0
EN2,Stim8hr,0
ENC1,Rest,0
ENC1,Stim48hr,0
ENC1,Stim8hr,0
ENDOD1,Rest,0
ENDOD1,Stim48hr,0
ENDOD1,Stim8hr,0
ENDOG,Rest,3
ENDOG,Stim48hr,0
ENDOG,Stim8hr,0
ENDOV,Rest,0
ENDOV,Stim48hr,0
ENDOV,Stim8hr,0
ENG,Rest,0
ENG,Stim48hr,0
ENG,Stim8hr,0
ENGASE,Rest,0
ENGASE,Stim48hr,0
ENGASE,Stim8hr,0
ENKD1,Rest,0
ENKD1,Stim48hr,0
ENKD1,Stim8hr,0
ENKUR,Rest,0
ENKUR,Stim48hr,0
ENKUR,Stim8hr,0
ENO1,Rest,0
ENO1,Stim48hr,6
ENO1,Stim8hr,1
ENO2,Rest,0
ENO2,Stim48hr,0
ENO2,Stim8hr,0
ENO3,Rest,1
ENO3,Stim48hr,0
ENO3,Stim8hr,0
ENOPH1,Rest,0
ENOPH1,Stim48hr,0
ENOPH1,Stim8hr,0
ENOSF1,Rest,0
ENOSF1,Stim48hr,0
ENOSF1,Stim8hr,0
ENOX2,Rest,0
ENOX2,Stim48hr,0
ENOX2,Stim8hr,0
ENPP1,Rest,0
ENPP1,Stim48hr,0
ENPP1,Stim8hr,0
ENPP2,Rest,0
ENPP2,Stim48hr,0
ENPP2,Stim8hr,0
ENPP3,Rest,0
ENPP3,Stim48hr,0
ENPP3,Stim8hr,0
ENPP4,Rest,0
ENPP4,Stim48hr,0
ENPP4,Stim8hr,0
ENPP5,Rest,0
ENPP5,Stim48hr,0
ENPP5,Stim8hr,0
ENSA,Rest,0
ENSA,Stim48hr,0
ENSA,Stim8hr,0
ENSG00000275895,Rest,0
ENSG00000275895,Stim48hr,1
ENSG00000275895,Stim8hr,0
ENSG00000289731,Rest,0
ENSG00000289731,Stim48hr,0
ENSG00000289731,Stim8hr,0
ENTPD1,Rest,0
ENTPD1,Stim48hr,0
ENTPD1,Stim8hr,0
ENTPD4,Rest,0
ENTPD4,Stim48hr,0
ENTPD4,Stim8hr,0
ENTPD5,Rest,0
ENTPD5,Stim48hr,0
ENTPD5,Stim8hr,0
ENTPD6,Rest,0
ENTPD6,Stim48hr,0
ENTPD6,Stim8hr,0
ENTPD7,Rest,0
ENTPD7,Stim48hr,0
ENTPD7,Stim8hr,0
ENTR1,Rest,0
ENTR1,Stim48hr,0
ENTR1,Stim8hr,2
ENTREP3,Rest,0
ENTREP3,Stim48hr,0
ENTREP3,Stim8hr,0
ENY2,Stim8hr,6
EOGT,Rest,0
EOGT,Stim48hr,0
EOGT,Stim8hr,0
EOLA1,Rest,0
EOLA1,Stim48hr,0
EOLA1,Stim8hr,0
EOLA2,Rest,0
EOLA2,Stim48hr,0
EOLA2,Stim8hr,0
EOMES,Rest,0
EOMES,Stim48hr,0
EOMES,Stim8hr,0
EP300,Rest,0
EP300,Stim48hr,0
EP300,Stim8hr,0
EPAS1,Rest,0
EPAS1,Stim48hr,0
EPAS1,Stim8hr,0
EPB41,Rest,0
EPB41,Stim48hr,0
EPB41,Stim8hr,0
EPB41L2,Rest,0
EPB41L2,Stim48hr,0
EPB41L2,Stim8hr,0
EPB41L3,Rest,2
EPB41L3,Stim48hr,0
EPB41L3,Stim8hr,2
EPB41L5,Rest,0
EPB41L5,Stim48hr,0
EPB41L5,Stim8hr,0
EPB42,Rest,0
EPB42,Stim48hr,0
EPB42,Stim8hr,0
EPC1,Rest,0
EPC1,Stim48hr,0
EPC1,Stim8hr,0
EPC2,Rest,0
EPC2,Stim48hr,0
EPC2,Stim8hr,0
EPCAM,Rest,0
EPCAM,Stim48hr,0
EPCAM,Stim8hr,0
EPG5,Rest,0
EPG5,Stim48hr,0
EPG5,Stim8hr,0
EPGN,Rest,0
EPGN,Stim48hr,0
EPGN,Stim8hr,0
EPHA1,Rest,1
EPHA1,Stim48hr,0
EPHA1,Stim8hr,0
EPHA4,Rest,0
EPHA4,Stim48hr,0
EPHA4,Stim8hr,0
EPHB4,Stim8hr,1
EPHB6,Rest,0
EPHB6,Stim48hr,0
EPHB6,Stim8hr,0
EPHX1,Rest,0
EPHX1,Stim48hr,0
EPHX1,Stim8hr,0
EPHX2,Rest,0
EPHX2,Stim48hr,0
EPHX2,Stim8hr,0
EPM2A,Rest,0
EPM2A,Stim48hr,0
EPM2A,Stim8hr,0
EPM2AIP1,Rest,0
EPM2AIP1,Stim48hr,0
EPM2AIP1,Stim8hr,0
EPN1,Rest,0
EPN1,Stim48hr,0
EPN1,Stim8hr,0
EPN2,Rest,0
EPN2,Stim48hr,0
EPN2,Stim8hr,0
EPOP,Rest,0
EPOP,Stim48hr,0
EPOP,Stim8hr,0
EPOR,Rest,0
EPOR,Stim48hr,0
EPOR,Stim8hr,0
EPPK1,Rest,0
EPPK1,Stim48hr,0
EPPK1,Stim8hr,0
EPS15,Rest,0
EPS15,Stim48hr,0
EPS15,Stim8hr,0
EPS15L1,Rest,0
EPS15L1,Stim48hr,0
EPS15L1,Stim8hr,0
EPS8,Rest,0
EPS8,Stim48hr,0
EPS8,Stim8hr,0
EPSTI1,Rest,0
EPSTI1,Stim48hr,0
EPSTI1,Stim8hr,0
ERAL1,Rest,0
ERAL1,Stim48hr,0
ERAL1,Stim8hr,0
ERAP1,Rest,0
ERAP1,Stim48hr,0
ERAP1,Stim8hr,0
ERAP2,Rest,0
ERAP2,Stim48hr,0
ERAP2,Stim8hr,0
ERBIN,Rest,0
ERBIN,Stim48hr,0
ERBIN,Stim8hr,0
ERC1,Rest,0
ERC1,Stim48hr,0
ERC1,Stim8hr,0
ERCC1,Rest,1
ERCC1,Stim48hr,0
ERCC1,Stim8hr,0
ERCC4,Rest,0
ERCC4,Stim48hr,2
ERCC4,Stim8hr,2
ERCC5,Rest,0
ERCC5,Stim48hr,0
ERCC5,Stim8hr,0
ERCC6,Rest,0
ERCC6,Stim48hr,0
ERCC6,Stim8hr,0
ERCC6L,Rest,0
ERCC6L,Stim48hr,0
ERCC6L,Stim8hr,0
ERCC6L2,Rest,0
ERCC6L2,Stim48hr,0
ERCC6L2,Stim8hr,0
ERCC8,Rest,0
ERCC8,Stim48hr,0
ERCC8,Stim8hr,0
EREG,Rest,0
EREG,Stim48hr,0
EREG,Stim8hr,0
ERF,Rest,0
ERF,Stim48hr,0
ERF,Stim8hr,0
ERG,Rest,0
ERG,Stim48hr,0
ERG,Stim8hr,1
ERG28,Rest,0
ERG28,Stim48hr,0
ERG28,Stim8hr,0
ERGIC1,Rest,0
ERGIC1,Stim48hr,0
ERGIC1,Stim8hr,0
ERGIC2,Rest,0
ERGIC2,Stim48hr,0
ERGIC2,Stim8hr,0
ERGIC3,Rest,0
ERGIC3,Stim48hr,0
ERGIC3,Stim8hr,0
ERI1,Stim48hr,0
ERI2,Rest,0
ERI2,Stim48hr,0
ERI2,Stim8hr,0
ERI3,Rest,0
ERI3,Stim48hr,0
ERI3,Stim8hr,0
ERICH1,Rest,0
ERICH1,Stim48hr,0
ERICH1,Stim8hr,0
ERLEC1,Rest,0
ERLEC1,Stim48hr,0
ERLEC1,Stim8hr,0
ERLIN1,Rest,0
ERLIN1,Stim48hr,0
ERLIN1,Stim8hr,0
ERLIN2,Rest,0
ERLIN2,Stim48hr,0
ERLIN2,Stim8hr,0
ERMAP,Rest,0
ERMAP,Stim48hr,0
ERMAP,Stim8hr,0
ERMARD,Rest,1
ERMARD,Stim48hr,0
ERMARD,Stim8hr,0
ERMP1,Rest,0
ERMP1,Stim48hr,0
ERMP1,Stim8hr,1
ERN1,Rest,1
ERN1,Stim48hr,1
ERN1,Stim8hr,1
ERO1A,Rest,0
ERO1A,Stim48hr,0
ERO1A,Stim8hr,0
ERO1B,Rest,0
ERO1B,Stim48hr,0
ERO1B,Stim8hr,0
ERP27,Rest,0
ERP27,Stim48hr,0
ERP27,Stim8hr,0
ERP29,Rest,0
ERP29,Stim48hr,0
ERP29,Stim8hr,0
ERP44,Rest,0
ERP44,Stim48hr,0
ERP44,Stim8hr,1
ERRFI1,Rest,0
ERRFI1,Stim48hr,0
ERRFI1,Stim8hr,0
ERV3-1,Rest,0
ERV3-1,Stim48hr,0
ERV3-1,Stim8hr,0
ESAM,Rest,0
ESAM,Stim48hr,0
ESAM,Stim8hr,0
ESCO1,Rest,0
ESCO1,Stim48hr,0
ESCO1,Stim8hr,0
ESCO2,Stim48hr,0
ESCO2,Stim8hr,0
ESD,Rest,0
ESD,Stim48hr,0
ESD,Stim8hr,0
ESM1,Rest,0
ESM1,Stim48hr,0
ESM1,Stim8hr,0
ESPN,Rest,0
ESPN,Stim48hr,0
ESPN,Stim8hr,0
ESR1,Rest,0
ESR1,Stim48hr,0
ESR1,Stim8hr,1
ESR2,Rest,0
ESR2,Stim48hr,0
ESR2,Stim8hr,0
ESRRA,Rest,0
ESRRA,Stim48hr,0
ESRRA,Stim8hr,0
ESRRB,Rest,0
ESRRB,Stim48hr,0
ESRRB,Stim8hr,0
ESRRG,Rest,0
ESRRG,Stim48hr,0
ESRRG,Stim8hr,0
ESX1,Rest,0
ESX1,Stim48hr,0
ESX1,Stim8hr,0
ESYT1,Stim48hr,0
ESYT1,Stim8hr,0
ESYT2,Rest,0
ESYT2,Stim8hr,0
ETAA1,Rest,0
ETAA1,Stim48hr,0
ETAA1,Stim8hr,0
ETFA,Rest,0
ETFA,Stim48hr,0
ETFA,Stim8hr,0
ETFB,Rest,0
ETFB,Stim48hr,0
ETFB,Stim8hr,1
ETFBKMT,Rest,1
ETFBKMT,Stim48hr,0
ETFBKMT,Stim8hr,0
ETFDH,Rest,0
ETFRF1,Rest,0
ETFRF1,Stim48hr,0
ETFRF1,Stim8hr,0
ETHE1,Rest,0
ETHE1,Stim48hr,0
ETHE1,Stim8hr,0
ETNK1,Rest,0
ETNK1,Stim48hr,0
ETNK1,Stim8hr,0
ETNK2,Rest,0
ETNK2,Stim48hr,0
ETNK2,Stim8hr,0
ETS1,Rest,0
ETS1,Stim48hr,0
ETS1,Stim8hr,0
ETS2,Rest,0
ETS2,Stim48hr,0
ETS2,Stim8hr,0
ETV1,Rest,0
ETV1,Stim48hr,0
ETV1,Stim8hr,0
ETV2,Rest,0
ETV2,Stim48hr,0
ETV2,Stim8hr,0
ETV3,Rest,0
ETV3,Stim48hr,0
ETV3,Stim8hr,0
ETV3L,Rest,0
ETV3L,Stim48hr,0
ETV3L,Stim8hr,0
ETV4,Rest,1
ETV4,Stim48hr,0
ETV4,Stim8hr,0
ETV5,Rest,0
ETV5,Stim48hr,0
ETV5,Stim8hr,0
ETV6,Rest,0
ETV6,Stim48hr,0
ETV6,Stim8hr,0
ETV7,Rest,0
ETV7,Stim48hr,0
ETV7,Stim8hr,0
EVA1B,Rest,0
EVA1B,Stim48hr,0
EVA1B,Stim8hr,0
EVA1C,Rest,0
EVA1C,Stim48hr,0
EVA1C,Stim8hr,0
EVC,Rest,0
EVC,Stim48hr,0
EVC,Stim8hr,0
EVC2,Rest,0
EVC2,Stim48hr,0
EVC2,Stim8hr,0
EVI2A,Rest,0
EVI2A,Stim48hr,0
EVI2A,Stim8hr,0
EVI2B,Rest,0
EVI2B,Stim48hr,0
EVI2B,Stim8hr,0
EVI5,Rest,0
EVI5,Stim48hr,0
EVI5,Stim8hr,0
EVI5L,Rest,0
EVI5L,Stim48hr,0
EVI5L,Stim8hr,0
EVL,Rest,0
EVL,Stim48hr,0
EVL,Stim8hr,0
EVX1,Rest,0
EVX1,Stim48hr,0
EVX1,Stim8hr,0
EVX2,Rest,0
EVX2,Stim48hr,0
EVX2,Stim8hr,0
EWSR1,Rest,1
EWSR1,Stim48hr,2
EWSR1,Stim8hr,1
EXD2,Rest,0
EXD2,Stim48hr,0
EXD2,Stim8hr,0
EXD3,Rest,0
EXD3,Stim48hr,0
EXD3,Stim8hr,0
EXO1,Rest,0
EXO1,Stim48hr,0
EXO1,Stim8hr,0
EXO5,Rest,0
EXO5,Stim48hr,0
EXO5,Stim8hr,0
EXOC1,Rest,0
EXOC1,Stim48hr,2
EXOC1,Stim8hr,0
EXOC2,Stim8hr,4
EXOC3,Rest,0
EXOC3,Stim48hr,0
EXOC3,Stim8hr,0
EXOC4,Stim8hr,0
EXOC6,Rest,0
EXOC6,Stim48hr,0
EXOC6,Stim8hr,0
EXOC6B,Rest,0
EXOC6B,Stim48hr,0
EXOC6B,Stim8hr,0
EXOC7,Rest,0
EXOC7,Stim48hr,1
EXOC7,Stim8hr,0
EXOC8,Stim48hr,0
EXOG,Rest,0
EXOG,Stim48hr,0
EXOG,Stim8hr,0
EXOSC1,Rest,1
EXOSC1,Stim48hr,0
EXOSC1,Stim8hr,1
EXOSC10,Stim8hr,2
EXOSC6,Stim48hr,0
EXOSC9,Rest,0
EXOSC9,Stim48hr,0
EXOSC9,Stim8hr,0
EXPH5,Rest,0
EXPH5,Stim48hr,0
EXPH5,Stim8hr,0
EXT1,Rest,0
EXT1,Stim48hr,0
EXT1,Stim8hr,0
EXT2,Rest,0
EXT2,Stim48hr,0
EXT2,Stim8hr,0
EXTL2,Rest,0
EXTL2,Stim48hr,0
EXTL2,Stim8hr,1
EXTL3,Rest,0
EXTL3,Stim48hr,0
EXTL3,Stim8hr,0
EYA3,Rest,0
EYA3,Stim48hr,0
EYA3,Stim8hr,0
EYS,Rest,0
EYS,Stim48hr,0
EYS,Stim8hr,0
EZH1,Rest,0
EZH1,Stim48hr,0
EZH1,Stim8hr,0
EZH2,Rest,1
EZH2,Stim48hr,0
EZH2,Stim8hr,0
EZR,Rest,0
EZR,Stim48hr,0
EZR,Stim8hr,0
F11R,Rest,0
F11R,Stim48hr,0
F11R,Stim8hr,0
F12,Rest,0
F12,Stim48hr,0
F12,Stim8hr,0
F13A1,Rest,0
F13A1,Stim48hr,0
F13A1,Stim8hr,0
F2R,Rest,0
F2R,Stim48hr,0
F2R,Stim8hr,0
F2RL1,Rest,0
F2RL1,Stim48hr,0
F2RL1,Stim8hr,0
F3,Rest,0
F3,Stim48hr,0
F3,Stim8hr,0
F5,Rest,0
F5,Stim48hr,0
F5,Stim8hr,0
F8,Rest,0
F8,Stim48hr,0
F8,Stim8hr,0
F8A1,Rest,0
F8A1,Stim48hr,0
F8A1,Stim8hr,0
F8A3,Rest,0
F8A3,Stim48hr,0
F8A3,Stim8hr,0
FAAH,Rest,0
FAAH,Stim48hr,0
FAAH,Stim8hr,0
FAAH2,Rest,0
FAAH2,Stim48hr,0
FAAH2,Stim8hr,0
FAAP100,Rest,0
FAAP100,Stim48hr,0
FAAP100,Stim8hr,0
FAAP20,Rest,0
FAAP20,Stim48hr,0
FAAP20,Stim8hr,0
FAAP24,Rest,0
FAAP24,Stim48hr,0
FAAP24,Stim8hr,0
FABP1,Rest,0
FABP1,Stim48hr,0
FABP1,Stim8hr,0
FABP2,Rest,0
FABP2,Stim48hr,0
FABP2,Stim8hr,0
FABP3,Rest,0
FABP3,Stim48hr,0
FABP3,Stim8hr,0
FABP4,Rest,0
FABP4,Stim48hr,0
FABP4,Stim8hr,0
FABP5,Rest,0
FABP5,Stim48hr,0
FABP5,Stim8hr,0
FABP6,Rest,0
FABP6,Stim48hr,0
FABP6,Stim8hr,0
FADS1,Rest,0
FADS1,Stim48hr,0
FADS1,Stim8hr,0
FADS2,Rest,0
FADS2,Stim48hr,0
FADS2,Stim8hr,0
FADS3,Rest,0
FADS3,Stim48hr,0
FADS3,Stim8hr,0
FAF1,Rest,0
FAF1,Stim48hr,0
FAF1,Stim8hr,0
FAF2,Rest,0
FAF2,Stim48hr,3
FAF2,Stim8hr,2
FAH,Rest,1
FAH,Stim48hr,0
FAH,Stim8hr,0
FAHD1,Rest,0
FAHD1,Stim48hr,0
FAHD1,Stim8hr,0
FAHD2A,Rest,0
FAHD2A,Stim48hr,0
FAHD2A,Stim8hr,0
FAHD2B,Rest,0
FAHD2B,Stim48hr,0
FAHD2B,Stim8hr,0
FAIM,Rest,0
FAIM,Stim48hr,0
FAIM,Stim8hr,0
FAM107B,Rest,0
FAM107B,Stim48hr,0
FAM107B,Stim8hr,0
FAM110A,Rest,0
FAM110A,Stim48hr,0
FAM110A,Stim8hr,0
FAM110C,Rest,0
FAM110C,Stim48hr,0
FAM110C,Stim8hr,0
FAM111A,Rest,0
FAM111A,Stim48hr,0
FAM111A,Stim8hr,0
FAM111B,Rest,0
FAM111B,Stim48hr,0
FAM111B,Stim8hr,0
FAM114A2,Rest,0
FAM114A2,Stim48hr,0
FAM114A2,Stim8hr,0
FAM117A,Rest,0
FAM117A,Stim48hr,0
FAM117A,Stim8hr,0
FAM117B,Rest,0
FAM117B,Stim48hr,0
FAM117B,Stim8hr,0
FAM120A,Rest,0
FAM120A,Stim48hr,0
FAM120A,Stim8hr,0
FAM120AOS,Rest,1
FAM120AOS,Stim48hr,0
FAM120AOS,Stim8hr,0
FAM120B,Rest,0
FAM120B,Stim48hr,0
FAM120B,Stim8hr,0
FAM120C,Rest,0
FAM120C,Stim48hr,0
FAM120C,Stim8hr,0
FAM124B,Rest,0
FAM124B,Stim48hr,0
FAM124B,Stim8hr,0
FAM131A,Rest,0
FAM131A,Stim48hr,0
FAM131A,Stim8hr,0
FAM133B,Rest,0
FAM133B,Stim48hr,0
FAM133B,Stim8hr,0
FAM135A,Rest,0
FAM135A,Stim48hr,0
FAM135A,Stim8hr,0
FAM13A,Rest,0
FAM13A,Stim48hr,0
FAM13A,Stim8hr,0
FAM13B,Rest,0
FAM13B,Stim48hr,0
FAM13B,Stim8hr,0
FAM153A,Rest,0
FAM153A,Stim48hr,0
FAM153A,Stim8hr,0
FAM156A,Rest,0
FAM156A,Stim48hr,0
FAM156A,Stim8hr,0
FAM156B,Rest,0
FAM156B,Stim48hr,0
FAM156B,Stim8hr,0
FAM161A,Rest,0
FAM161A,Stim48hr,0
FAM161A,Stim8hr,1
FAM161B,Rest,0
FAM161B,Stim48hr,0
FAM161B,Stim8hr,0
FAM162A,Rest,0
FAM162A,Stim48hr,0
FAM162A,Stim8hr,0
FAM167B,Rest,0
FAM167B,Stim48hr,0
FAM167B,Stim8hr,0
FAM168A,Rest,0
FAM168A,Stim48hr,0
FAM168A,Stim8hr,0
FAM168B,Rest,0
FAM168B,Stim48hr,0
FAM168B,Stim8hr,0
FAM169A,Rest,0
FAM169A,Stim48hr,0
FAM169A,Stim8hr,0
FAM170A,Rest,0
FAM170A,Stim48hr,0
FAM170A,Stim8hr,1
FAM174A,Rest,0
FAM174A,Stim48hr,0
FAM174A,Stim8hr,0
FAM174B,Rest,0
FAM174B,Stim48hr,0
FAM174B,Stim8hr,0
FAM174C,Rest,1
FAM174C,Stim48hr,1
FAM174C,Stim8hr,0
FAM177A1,Rest,0
FAM177A1,Stim48hr,0
FAM177A1,Stim8hr,0
FAM184A,Rest,0
FAM184A,Stim48hr,0
FAM184A,Stim8hr,0
FAM184B,Rest,0
FAM184B,Stim48hr,0
FAM184B,Stim8hr,0
FAM185A,Rest,0
FAM185A,Stim48hr,0
FAM185A,Stim8hr,1
FAM193B,Rest,0
FAM193B,Stim48hr,0
FAM193B,Stim8hr,0
FAM199X,Rest,0
FAM199X,Stim48hr,0
FAM199X,Stim8hr,0
FAM204A,Rest,0
FAM204A,Stim48hr,0
FAM204A,Stim8hr,1
FAM209A,Rest,0
FAM209A,Stim48hr,0
FAM209A,Stim8hr,0
FAM209B,Rest,0
FAM209B,Stim48hr,0
FAM209B,Stim8hr,0
FAM20B,Rest,0
FAM20B,Stim48hr,0
FAM20B,Stim8hr,1
FAM20C,Rest,0
FAM20C,Stim48hr,0
FAM20C,Stim8hr,0
FAM216A,Rest,0
FAM216A,Stim48hr,1
FAM216A,Stim8hr,0
FAM217B,Rest,0
FAM217B,Stim48hr,0
FAM217B,Stim8hr,0
FAM219A,Rest,0
FAM219A,Stim48hr,0
FAM219A,Stim8hr,0
FAM219B,Rest,0
FAM219B,Stim48hr,0
FAM219B,Stim8hr,0
FAM220A,Rest,1
FAM220A,Stim48hr,0
FAM220A,Stim8hr,1
FAM221A,Rest,1
FAM221A,Stim48hr,0
FAM221A,Stim8hr,0
FAM222A,Rest,0
FAM222A,Stim48hr,0
FAM222A,Stim8hr,1
FAM222B,Rest,0
FAM222B,Stim48hr,0
FAM222B,Stim8hr,0
FAM227B,Rest,0
FAM227B,Stim48hr,0
FAM227B,Stim8hr,0
FAM229A,Rest,1
FAM229A,Stim48hr,0
FAM229A,Stim8hr,0
FAM229B,Rest,0
FAM229B,Stim48hr,0
FAM229B,Stim8hr,0
FAM234A,Rest,0
FAM234A,Stim48hr,0
FAM234A,Stim8hr,0
FAM234B,Rest,0
FAM234B,Stim48hr,0
FAM234B,Stim8hr,0
FAM241A,Rest,0
FAM241A,Stim48hr,0
FAM241A,Stim8hr,0
FAM241B,Rest,0
FAM241B,Stim48hr,0
FAM241B,Stim8hr,0
FAM24B,Rest,0
FAM24B,Stim48hr,0
FAM24B,Stim8hr,0
FAM3A,Rest,0
FAM3A,Stim48hr,0
FAM3A,Stim8hr,0
FAM3C,Rest,0
FAM3C,Stim48hr,0
FAM3C,Stim8hr,0
FAM3D,Rest,0
FAM3D,Stim48hr,0
FAM3D,Stim8hr,0
FAM43A,Rest,0
FAM43A,Stim8hr,0
FAM50A,Rest,0
FAM50A,Stim48hr,0
FAM50A,Stim8hr,0
FAM50B,Rest,0
FAM50B,Stim48hr,0
FAM50B,Stim8hr,0
FAM53B,Rest,0
FAM53B,Stim48hr,0
FAM53B,Stim8hr,0
FAM53C,Rest,0
FAM53C,Stim48hr,0
FAM53C,Stim8hr,0
FAM76A,Rest,0
FAM76A,Stim48hr,0
FAM76A,Stim8hr,0
FAM76B,Rest,0
FAM76B,Stim48hr,0
FAM76B,Stim8hr,0
FAM78A,Rest,0
FAM78A,Stim48hr,0
FAM78A,Stim8hr,0
FAM78B,Rest,0
FAM78B,Stim48hr,0
FAM78B,Stim8hr,0
FAM86C1P,Rest,0
FAM86C1P,Stim48hr,0
FAM86C1P,Stim8hr,0
FAM89A,Rest,1
FAM89A,Stim48hr,0
FAM89A,Stim8hr,0
FAM89B,Rest,2
FAM89B,Stim48hr,0
FAM89B,Stim8hr,0
FAM8A1,Rest,0
FAM8A1,Stim48hr,0
FAM8A1,Stim8hr,0
FAM91A1,Rest,0
FAM91A1,Stim48hr,0
FAM91A1,Stim8hr,0
FAN1,Rest,0
FAN1,Stim48hr,0
FAN1,Stim8hr,0
FANCA,Rest,0
FANCA,Stim48hr,0
FANCA,Stim8hr,0
FANCB,Rest,1
FANCB,Stim48hr,0
FANCB,Stim8hr,0
FANCC,Rest,0
FANCC,Stim48hr,0
FANCC,Stim8hr,0
FANCD2,Rest,0
FANCD2,Stim48hr,0
FANCD2,Stim8hr,0
FANCE,Rest,0
FANCE,Stim48hr,0
FANCE,Stim8hr,0
FANCF,Rest,0
FANCF,Stim48hr,0
FANCF,Stim8hr,0
FANCG,Rest,0
FANCG,Stim48hr,0
FANCG,Stim8hr,0
FANCI,Rest,0
FANCI,Stim48hr,0
FANCI,Stim8hr,0
FANCL,Rest,0
FANCL,Stim48hr,1
FANCL,Stim8hr,0
FANCM,Rest,0
FANCM,Stim48hr,0
FANCM,Stim8hr,0
FANK1,Rest,0
FANK1,Stim48hr,0
FANK1,Stim8hr,0
FAR1,Rest,0
FAR1,Stim48hr,0
FAR1,Stim8hr,0
FAR2,Rest,0
FAR2,Stim48hr,0
FAR2,Stim8hr,0
FARP1,Rest,0
FARP1,Stim48hr,0
FARP1,Stim8hr,0
FARP2,Rest,0
FARP2,Stim48hr,0
FARP2,Stim8hr,0
FARS2,Rest,0
FARS2,Stim48hr,1
FARS2,Stim8hr,0
FARSA,Rest,0
FARSA,Stim8hr,2
FAS,Rest,0
FAS,Stim48hr,0
FAS,Stim8hr,0
FASLG,Rest,0
FASLG,Stim48hr,0
FASLG,Stim8hr,0
FASTK,Rest,0
FASTK,Stim48hr,0
FASTK,Stim8hr,0
FASTKD1,Rest,0
FASTKD1,Stim48hr,0
FASTKD1,Stim8hr,0
FASTKD2,Rest,0
FASTKD2,Stim48hr,0
FASTKD2,Stim8hr,0
FASTKD3,Rest,0
FASTKD3,Stim48hr,0
FASTKD3,Stim8hr,0
FASTKD5,Rest,0
FASTKD5,Stim48hr,0
FASTKD5,Stim8hr,0
FAXDC2,Rest,1
FAXDC2,Stim48hr,0
FAXDC2,Stim8hr,0
FBF1,Rest,0
FBF1,Stim48hr,0
FBF1,Stim8hr,0
FBH1,Rest,0
FBH1,Stim48hr,0
FBH1,Stim8hr,0
FBLIM1,Rest,0
FBLIM1,Stim48hr,0
FBLIM1,Stim8hr,0
FBLN5,Rest,0
FBLN5,Stim48hr,0
FBLN5,Stim8hr,0
FBLN7,Rest,0
FBLN7,Stim48hr,0
FBLN7,Stim8hr,0
FBN3,Rest,0
FBN3,Stim48hr,0
FBN3,Stim8hr,0
FBP1,Rest,0
FBP1,Stim48hr,0
FBP1,Stim8hr,0
FBRS,Rest,0
FBRS,Stim48hr,0
FBRS,Stim8hr,1
FBXL12,Rest,0
FBXL12,Stim48hr,0
FBXL12,Stim8hr,0
FBXL14,Rest,0
FBXL14,Stim48hr,0
FBXL14,Stim8hr,0
FBXL15,Rest,3
FBXL15,Stim48hr,0
FBXL15,Stim8hr,0
FBXL16,Rest,0
FBXL16,Stim48hr,0
FBXL16,Stim8hr,0
FBXL17,Rest,0
FBXL17,Stim48hr,0
FBXL17,Stim8hr,0
FBXL18,Rest,0
FBXL18,Stim48hr,0
FBXL18,Stim8hr,0
FBXL19,Rest,0
FBXL19,Stim48hr,0
FBXL19,Stim8hr,0
FBXL20,Rest,1
FBXL20,Stim48hr,1
FBXL20,Stim8hr,1
FBXL22,Rest,0
FBXL22,Stim48hr,0
FBXL22,Stim8hr,0
FBXL3,Rest,2
FBXL3,Stim48hr,0
FBXL3,Stim8hr,0
FBXL4,Rest,0
FBXL4,Stim48hr,0
FBXL4,Stim8hr,0
FBXL5,Rest,0
FBXL5,Stim48hr,0
FBXL5,Stim8hr,0
FBXL6,Rest,0
FBXL6,Stim48hr,0
FBXL6,Stim8hr,0
FBXL8,Rest,0
FBXL8,Stim48hr,0
FBXL8,Stim8hr,0
FBXL9P,Rest,0
FBXL9P,Stim48hr,0
FBXL9P,Stim8hr,0
FBXO10,Rest,0
FBXO10,Stim48hr,0
FBXO10,Stim8hr,0
FBXO11,Rest,0
FBXO11,Stim48hr,0
FBXO11,Stim8hr,0
FBXO2,Rest,0
FBXO2,Stim48hr,0
FBXO2,Stim8hr,0
FBXO21,Rest,0
FBXO21,Stim48hr,0
FBXO21,Stim8hr,0
FBXO22,Rest,0
FBXO22,Stim48hr,0
FBXO22,Stim8hr,0
FBXO25,Rest,0
FBXO25,Stim48hr,0
FBXO25,Stim8hr,0
FBXO28,Rest,0
FBXO28,Stim48hr,0
FBXO28,Stim8hr,0
FBXO3,Rest,0
FBXO3,Stim48hr,0
FBXO3,Stim8hr,0
FBXO30,Rest,0
FBXO30,Stim48hr,0
FBXO30,Stim8hr,0
FBXO31,Rest,0
FBXO31,Stim48hr,0
FBXO31,Stim8hr,0
FBXO32,Rest,4
FBXO32,Stim48hr,1
FBXO32,Stim8hr,2
FBXO33,Rest,0
FBXO33,Stim48hr,0
FBXO33,Stim8hr,0
FBXO34,Rest,0
FBXO34,Stim48hr,0
FBXO34,Stim8hr,0
FBXO36,Rest,0
FBXO36,Stim48hr,0
FBXO36,Stim8hr,0
FBXO38,Rest,0
FBXO38,Stim48hr,0
FBXO38,Stim8hr,0
FBXO4,Rest,0
FBXO4,Stim48hr,0
FBXO4,Stim8hr,0
FBXO40,Rest,2
FBXO40,Stim48hr,0
FBXO40,Stim8hr,0
FBXO41,Rest,0
FBXO41,Stim48hr,0
FBXO41,Stim8hr,0
FBXO42,Rest,1
FBXO42,Stim48hr,1
FBXO42,Stim8hr,1
FBXO43,Rest,0
FBXO43,Stim48hr,0
FBXO43,Stim8hr,0
FBXO44,Rest,0
FBXO44,Stim48hr,0
FBXO44,Stim8hr,0
FBXO45,Rest,0
FBXO45,Stim48hr,0
FBXO45,Stim8hr,0
FBXO46,Rest,0
FBXO46,Stim48hr,0
FBXO46,Stim8hr,0
FBXO48,Rest,0
FBXO48,Stim48hr,0
FBXO48,Stim8hr,0
FBXO6,Rest,0
FBXO6,Stim48hr,0
FBXO6,Stim8hr,0
FBXO7,Rest,0
FBXO7,Stim48hr,0
FBXO7,Stim8hr,0
FBXO8,Rest,0
FBXO8,Stim48hr,0
FBXO8,Stim8hr,0
FBXO9,Rest,0
FBXO9,Stim48hr,0
FBXO9,Stim8hr,0
FBXW2,Rest,0
FBXW2,Stim48hr,0
FBXW2,Stim8hr,0
FBXW4,Rest,0
FBXW4,Stim48hr,0
FBXW4,Stim8hr,0
FBXW5,Rest,0
FBXW5,Stim48hr,0
FBXW5,Stim8hr,0
FBXW7,Rest,0
FBXW7,Stim48hr,1
FBXW7,Stim8hr,0
FBXW8,Rest,0
FBXW8,Stim48hr,0
FBXW8,Stim8hr,0
FBXW9,Rest,0
FBXW9,Stim48hr,0
FBXW9,Stim8hr,0
FCAR,Rest,0
FCAR,Stim48hr,0
FCAR,Stim8hr,0
FCER1A,Rest,0
FCER1A,Stim48hr,0
FCER1A,Stim8hr,0
FCER1G,Rest,0
FCER1G,Stim48hr,0
FCER1G,Stim8hr,0
FCER2,Rest,0
FCER2,Stim48hr,0
FCER2,Stim8hr,0
FCGBP,Rest,0
FCGBP,Stim48hr,0
FCGBP,Stim8hr,0
FCGR2A,Rest,0
FCGR2A,Stim48hr,0
FCGR2A,Stim8hr,0
FCGR2B,Rest,0
FCGR2B,Stim48hr,0
FCGR2B,Stim8hr,0
FCGR3A,Rest,0
FCGR3A,Stim48hr,0
FCGR3A,Stim8hr,0
FCGR3B,Rest,0
FCGR3B,Stim48hr,0
FCGR3B,Stim8hr,0
FCGRT,Rest,0
FCGRT,Stim48hr,0
FCGRT,Stim8hr,0
FCHO1,Rest,0
FCHO1,Stim48hr,0
FCHO1,Stim8hr,0
FCHO2,Rest,0
FCHO2,Stim48hr,0
FCHO2,Stim8hr,0
FCHSD1,Rest,0
FCHSD1,Stim48hr,0
FCHSD1,Stim8hr,0
FCHSD2,Rest,0
FCHSD2,Stim48hr,0
FCHSD2,Stim8hr,0
FCMR,Rest,0
FCMR,Stim48hr,0
FCMR,Stim8hr,0
FCN1,Rest,0
FCN1,Stim48hr,0
FCN1,Stim8hr,0
FCRL1,Rest,0
FCRL1,Stim48hr,0
FCRL1,Stim8hr,0
FCRL3,Rest,0
FCRL3,Stim48hr,0
FCRL3,Stim8hr,0
FCRL6,Rest,0
FCRL6,Stim48hr,0
FCRL6,Stim8hr,0
FCRLA,Rest,0
FCRLA,Stim48hr,0
FCRLA,Stim8hr,0
FCSK,Rest,0
FCSK,Stim48hr,0
FCSK,Stim8hr,0
FDCSP,Rest,0
FDCSP,Stim48hr,0
FDCSP,Stim8hr,0
FDFT1,Rest,0
FDFT1,Stim48hr,0
FDFT1,Stim8hr,0
FDX1,Rest,1
FDX1,Stim48hr,1
FDX1,Stim8hr,1
FDX2,Rest,0
FDX2,Stim8hr,1
FDXACB1,Rest,0
FDXACB1,Stim48hr,0
FDXACB1,Stim8hr,0
FDXR,Rest,0
FDXR,Stim48hr,0
FDXR,Stim8hr,0
FECH,Rest,0
FECH,Stim48hr,0
FECH,Stim8hr,0
FEM1A,Rest,0
FEM1A,Stim48hr,0
FEM1A,Stim8hr,0
FEM1B,Rest,0
FEM1B,Stim48hr,0
FEM1B,Stim8hr,0
FEM1C,Rest,0
FEM1C,Stim48hr,0
FEM1C,Stim8hr,0
FEN1,Rest,0
FEN1,Stim48hr,0
FEN1,Stim8hr,1
FER,Rest,0
FER,Stim48hr,0
FER,Stim8hr,0
FERD3L,Rest,0
FERD3L,Stim48hr,0
FERD3L,Stim8hr,0
FERMT2,Rest,0
FERMT2,Stim48hr,0
FERMT2,Stim8hr,0
FERMT3,Rest,0
FERMT3,Stim48hr,0
FERMT3,Stim8hr,0
FERRY3,Rest,0
FERRY3,Stim48hr,0
FERRY3,Stim8hr,0
FES,Rest,0
FES,Stim48hr,0
FES,Stim8hr,0
FEV,Rest,0
FEV,Stim48hr,0
FEV,Stim8hr,0
FEZ1,Rest,0
FEZ1,Stim48hr,0
FEZ1,Stim8hr,0
FEZ2,Rest,0
FEZ2,Stim48hr,0
FEZ2,Stim8hr,0
FEZF1,Rest,0
FEZF1,Stim48hr,0
FEZF1,Stim8hr,0
FEZF2,Rest,0
FEZF2,Stim48hr,0
FEZF2,Stim8hr,0
FGD1,Rest,0
FGD1,Stim48hr,0
FGD1,Stim8hr,0
FGD2,Rest,0
FGD2,Stim48hr,0
FGD2,Stim8hr,0
FGD3,Rest,0
FGD3,Stim48hr,0
FGD3,Stim8hr,0
FGF11,Rest,0
FGF11,Stim48hr,0
FGF11,Stim8hr,0
FGF2,Rest,0
FGF2,Stim48hr,0
FGF2,Stim8hr,0
FGF9,Rest,0
FGF9,Stim48hr,0
FGF9,Stim8hr,0
FGFBP2,Rest,0
FGFBP2,Stim48hr,0
FGFBP2,Stim8hr,0
FGFBP3,Rest,0
FGFBP3,Stim48hr,0
FGFBP3,Stim8hr,0
FGFR1OP2,Rest,0
FGFR1OP2,Stim48hr,0
FGFR1OP2,Stim8hr,0
FGFR2,Rest,0
FGFR2,Stim48hr,0
FGFR2,Stim8hr,0
FGFRL1,Rest,0
FGFRL1,Stim48hr,0
FGFRL1,Stim8hr,0
FGGY,Rest,0
FGGY,Stim48hr,0
FGGY,Stim8hr,0
FGL2,Rest,0
FGL2,Stim48hr,0
FGL2,Stim8hr,0
FGR,Rest,0
FGR,Stim48hr,0
FGR,Stim8hr,0
FH,Rest,3
FH,Stim8hr,2
FHIP1B,Rest,0
FHIP1B,Stim48hr,0
FHIP1B,Stim8hr,0
FHIP2A,Rest,0
FHIP2A,Stim48hr,0
FHIP2A,Stim8hr,0
FHIP2B,Rest,0
FHIP2B,Stim48hr,0
FHIP2B,Stim8hr,0
FHIT,Rest,0
FHIT,Stim48hr,0
FHIT,Stim8hr,0
FHL1,Rest,2
FHL1,Stim48hr,0
FHL1,Stim8hr,0
FHL2,Rest,0
FHL2,Stim48hr,0
FHL2,Stim8hr,0
FHL3,Rest,0
FHL3,Stim48hr,0
FHL3,Stim8hr,0
FHOD1,Rest,0
FHOD1,Stim48hr,0
FHOD1,Stim8hr,0
FIBP,Rest,0
FIBP,Stim48hr,0
FIBP,Stim8hr,0
FICD,Rest,0
FICD,Stim48hr,0
FICD,Stim8hr,0
FIG4,Rest,0
FIG4,Stim48hr,0
FIG4,Stim8hr,0
FIGLA,Rest,0
FIGLA,Stim48hr,0
FIGLA,Stim8hr,0
FIGNL1,Rest,0
FIGNL1,Stim48hr,0
FIGNL1,Stim8hr,0
FIRRM,Rest,0
FIRRM,Stim48hr,0
FIRRM,Stim8hr,0
FIS1,Rest,0
FIS1,Stim48hr,0
FIS1,Stim8hr,0
FITM1,Rest,0
FITM1,Stim48hr,0
FITM1,Stim8hr,0
FITM2,Rest,0
FITM2,Stim48hr,4
FITM2,Stim8hr,8
FIZ1,Rest,0
FIZ1,Stim48hr,0
FIZ1,Stim8hr,0
FKBP11,Rest,0
FKBP11,Stim48hr,0
FKBP11,Stim8hr,0
FKBP14,Rest,0
FKBP14,Stim48hr,0
FKBP14,Stim8hr,0
FKBP15,Rest,0
FKBP15,Stim48hr,0
FKBP15,Stim8hr,0
FKBP1A,Rest,0
FKBP1A,Stim48hr,0
FKBP1A,Stim8hr,0
FKBP1B,Rest,0
FKBP1B,Stim48hr,0
FKBP1B,Stim8hr,0
FKBP2,Rest,2
FKBP2,Stim48hr,1
FKBP2,Stim8hr,0
FKBP3,Rest,0
FKBP3,Stim48hr,0
FKBP3,Stim8hr,0
FKBP4,Rest,0
FKBP4,Stim48hr,0
FKBP4,Stim8hr,0
FKBP5,Rest,0
FKBP5,Stim48hr,0
FKBP5,Stim8hr,1
FKBP7,Rest,0
FKBP7,Stim48hr,0
FKBP7,Stim8hr,0
FKBP8,Rest,0
FKBP8,Stim48hr,0
FKBP8,Stim8hr,0
FKBPL,Rest,0
FKBPL,Stim48hr,0
FKBPL,Stim8hr,0
FKRP,Rest,0
FKRP,Stim48hr,0
FKRP,Stim8hr,0
FKTN,Rest,0
FKTN,Stim48hr,0
FKTN,Stim8hr,0
FLACC1,Rest,0
FLACC1,Stim48hr,0
FLACC1,Stim8hr,0
FLAD1,Rest,0
FLAD1,Stim48hr,0
FLAD1,Stim8hr,2
FLCN,Rest,1
FLCN,Stim48hr,2
FLCN,Stim8hr,0
FLI1,Rest,0
FLI1,Stim48hr,1
FLI1,Stim8hr,0
FLII,Rest,0
FLII,Stim48hr,0
FLII,Stim8hr,0
FLNA,Rest,0
FLNA,Stim48hr,0
FLNA,Stim8hr,0
FLNB,Rest,0
FLNB,Stim48hr,0
FLNB,Stim8hr,0
FLOT1,Rest,0
FLOT1,Stim48hr,0
FLOT1,Stim8hr,0
FLOT2,Rest,0
FLOT2,Stim48hr,0
FLOT2,Stim8hr,0
FLRT2,Rest,0
FLRT2,Stim48hr,0
FLRT2,Stim8hr,0
FLT1,Rest,0
FLT1,Stim48hr,0
FLT1,Stim8hr,0
FLT3LG,Rest,0
FLT3LG,Stim48hr,0
FLT3LG,Stim8hr,0
FLT4,Rest,0
FLT4,Stim48hr,0
FLT4,Stim8hr,1
FLVCR1,Rest,0
FLVCR1,Stim48hr,0
FLVCR1,Stim8hr,0
FLVCR2,Rest,0
FLVCR2,Stim48hr,0
FLVCR2,Stim8hr,2
FLYWCH1,Rest,0
FLYWCH1,Stim48hr,0
FLYWCH1,Stim8hr,0
FLYWCH2,Rest,0
FLYWCH2,Stim48hr,0
FLYWCH2,Stim8hr,0
FMC1,Rest,0
FMC1,Stim8hr,1
FMC1-LUC7L2,Rest,0
FMC1-LUC7L2,Stim48hr,0
FMC1-LUC7L2,Stim8hr,0
FMN1,Rest,0
FMN1,Stim48hr,0
FMN1,Stim8hr,0
FMNL1,Rest,0
FMNL1,Stim48hr,0
FMNL1,Stim8hr,1
FMNL2,Rest,0
FMNL2,Stim48hr,0
FMNL2,Stim8hr,0
FMNL3,Rest,0
FMNL3,Stim48hr,0
FMNL3,Stim8hr,0
FMO4,Rest,0
FMO4,Stim48hr,0
FMO4,Stim8hr,0
FMR1,Rest,0
FMR1,Stim48hr,1
FMR1,Stim8hr,0
FN1,Stim48hr,0
FN1,Stim8hr,0
FN3K,Rest,0
FN3K,Stim48hr,0
FN3K,Stim8hr,0
FN3KRP,Rest,0
FN3KRP,Stim48hr,0
FN3KRP,Stim8hr,0
FNBP1,Rest,0
FNBP1,Stim48hr,0
FNBP1,Stim8hr,0
FNBP1L,Rest,0
FNBP1L,Stim48hr,0
FNBP1L,Stim8hr,0
FNBP4,Rest,0
FNBP4,Stim48hr,0
FNBP4,Stim8hr,2
FNDC10,Rest,0
FNDC10,Stim48hr,0
FNDC10,Stim8hr,0
FNDC3A,Rest,0
FNDC3A,Stim48hr,0
FNDC3A,Stim8hr,0
FNDC3B,Rest,0
FNDC3B,Stim48hr,0
FNDC3B,Stim8hr,0
FNDC9,Rest,0
FNDC9,Stim48hr,0
FNDC9,Stim8hr,0
FNIP1,Rest,0
FNIP1,Stim48hr,0
FNIP1,Stim8hr,0
FNIP2,Rest,0
FNIP2,Stim48hr,0
FNIP2,Stim8hr,0
FOS,Rest,2
FOS,Stim48hr,0
FOS,Stim8hr,0
FOSB,Rest,0
FOSB,Stim48hr,0
FOSB,Stim8hr,0
FOSL1,Rest,1
FOSL1,Stim48hr,0
FOSL1,Stim8hr,0
FOSL2,Rest,0
FOSL2,Stim48hr,1
FOSL2,Stim8hr,0
FOXA1,Rest,0
FOXA1,Stim48hr,0
FOXA1,Stim8hr,0
FOXA2,Rest,0
FOXA2,Stim48hr,0
FOXA2,Stim8hr,0
FOXA3,Rest,0
FOXA3,Stim48hr,0
FOXA3,Stim8hr,0
FOXB1,Rest,0
FOXB1,Stim48hr,0
FOXB1,Stim8hr,0
FOXB2,Rest,0
FOXB2,Stim48hr,0
FOXB2,Stim8hr,0
FOXC1,Rest,0
FOXC1,Stim48hr,0
FOXC1,Stim8hr,0
FOXC2,Rest,0
FOXC2,Stim48hr,0
FOXC2,Stim8hr,0
FOXD1,Rest,0
FOXD1,Stim48hr,0
FOXD1,Stim8hr,0
FOXD2,Rest,0
FOXD2,Stim48hr,0
FOXD2,Stim8hr,0
FOXD3,Rest,0
FOXD3,Stim48hr,0
FOXD3,Stim8hr,0
FOXD4,Rest,0
FOXD4,Stim48hr,0
FOXD4,Stim8hr,0
FOXD4L1,Rest,0
FOXD4L1,Stim48hr,0
FOXD4L1,Stim8hr,0
FOXD4L3,Rest,0
FOXD4L3,Stim48hr,0
FOXD4L3,Stim8hr,0
FOXD4L4,Rest,0
FOXD4L4,Stim48hr,0
FOXD4L4,Stim8hr,0
FOXD4L5,Rest,0
FOXD4L5,Stim48hr,0
FOXD4L5,Stim8hr,0
FOXD4L6,Rest,0
FOXD4L6,Stim48hr,0
FOXD4L6,Stim8hr,0
FOXE1,Rest,0
FOXE1,Stim48hr,0
FOXE1,Stim8hr,0
FOXE3,Rest,0
FOXE3,Stim48hr,0
FOXE3,Stim8hr,0
FOXF1,Rest,0
FOXF1,Stim48hr,0
FOXF1,Stim8hr,0
FOXF2,Rest,0
FOXF2,Stim48hr,0
FOXF2,Stim8hr,0
FOXG1,Rest,0
FOXG1,Stim48hr,0
FOXG1,Stim8hr,0
FOXH1,Rest,0
FOXH1,Stim48hr,0
FOXH1,Stim8hr,0
FOXI1,Rest,0
FOXI1,Stim48hr,0
FOXI1,Stim8hr,0
FOXI3,Rest,0
FOXI3,Stim48hr,0
FOXI3,Stim8hr,0
FOXJ2,Rest,0
FOXJ2,Stim48hr,0
FOXJ2,Stim8hr,0
FOXJ3,Rest,0
FOXJ3,Stim48hr,0
FOXJ3,Stim8hr,0
FOXK1,Rest,0
FOXK1,Stim48hr,0
FOXK1,Stim8hr,1
FOXK2,Rest,0
FOXK2,Stim48hr,0
FOXK2,Stim8hr,0
FOXL1,Rest,0
FOXL1,Stim48hr,0
FOXL1,Stim8hr,0
FOXL2,Rest,0
FOXL2,Stim48hr,0
FOXL2,Stim8hr,0
FOXM1,Rest,0
FOXM1,Stim48hr,0
FOXM1,Stim8hr,0
FOXN2,Rest,0
FOXN2,Stim48hr,0
FOXN2,Stim8hr,0
FOXN3,Rest,0
FOXN3,Stim48hr,0
FOXN3,Stim8hr,0
FOXN4,Rest,0
FOXN4,Stim48hr,0
FOXN4,Stim8hr,0
FOXO1,Rest,5
FOXO1,Stim48hr,0
FOXO1,Stim8hr,3
FOXO3,Rest,0
FOXO3,Stim48hr,2
FOXO3,Stim8hr,0
FOXO4,Rest,0
FOXO4,Stim48hr,0
FOXO4,Stim8hr,0
FOXO6,Rest,0
FOXO6,Stim48hr,0
FOXO6,Stim8hr,0
FOXP1,Rest,0
FOXP1,Stim48hr,0
FOXP1,Stim8hr,0
FOXP2,Rest,0
FOXP2,Stim48hr,0
FOXP2,Stim8hr,0
FOXP3,Rest,0
FOXP3,Stim48hr,0
FOXP3,Stim8hr,0
FOXP4,Rest,0
FOXP4,Stim48hr,0
FOXP4,Stim8hr,0
FOXQ1,Rest,0
FOXQ1,Stim48hr,0
FOXQ1,Stim8hr,0
FOXR1,Rest,0
FOXR1,Stim48hr,0
FOXR1,Stim8hr,0
FOXR2,Rest,0
FOXR2,Stim48hr,0
FOXR2,Stim8hr,0
FOXRED1,Rest,0
FOXRED1,Stim48hr,0
FOXRED1,Stim8hr,0
FOXRED2,Rest,0
FOXRED2,Stim48hr,0
FOXRED2,Stim8hr,0
FOXS1,Rest,0
FOXS1,Stim48hr,0
FOXS1,Stim8hr,0
FPGS,Rest,0
FPGS,Stim48hr,0
FPGS,Stim8hr,1
FPGT,Rest,0
FPGT,Stim48hr,0
FPGT,Stim8hr,0
FPR1,Rest,0
FPR1,Stim48hr,0
FPR1,Stim8hr,1
FRA10AC1,Rest,0
FRA10AC1,Stim48hr,0
FRA10AC1,Stim8hr,0
FRAS1,Rest,0
FRAS1,Stim48hr,0
FRAS1,Stim8hr,0
FRAT1,Rest,0
FRAT1,Stim48hr,0
FRAT1,Stim8hr,0
FRAT2,Rest,0
FRAT2,Stim48hr,0
FRAT2,Stim8hr,0
FRG1,Rest,0
FRG1,Stim48hr,0
FRG1,Stim8hr,0
FRMD3,Rest,0
FRMD3,Stim48hr,0
FRMD3,Stim8hr,0
FRMD4A,Rest,0
FRMD4A,Stim48hr,0
FRMD4A,Stim8hr,0
FRMD4B,Rest,0
FRMD4B,Stim48hr,0
FRMD4B,Stim8hr,0
FRMD6,Rest,0
FRMD6,Stim48hr,0
FRMD6,Stim8hr,0
FRMD8,Rest,0
FRMD8,Stim48hr,0
FRMD8,Stim8hr,0
FRS2,Rest,0
FRS2,Stim48hr,0
FRS2,Stim8hr,0
FRS3,Rest,0
FRS3,Stim48hr,0
FRS3,Stim8hr,0
FRY,Rest,0
FRY,Stim48hr,0
FRY,Stim8hr,0
FRYL,Rest,0
FRYL,Stim48hr,0
FRYL,Stim8hr,0
FSAF1,Rest,0
FSAF1,Stim48hr,0
FSBP,Rest,0
FSBP,Stim48hr,0
FSBP,Stim8hr,0
FSCN1,Rest,0
FSCN1,Stim48hr,0
FSCN1,Stim8hr,0
FSD1,Rest,0
FSD1,Stim48hr,0
FSD1,Stim8hr,0
FSD1L,Rest,0
FSD1L,Stim48hr,0
FSD1L,Stim8hr,0
FSIP1,Rest,0
FSIP1,Stim48hr,0
FSIP1,Stim8hr,0
FTH1,Rest,0
FTH1,Stim48hr,0
FTH1,Stim8hr,0
FTL,Rest,0
FTL,Stim48hr,0
FTL,Stim8hr,0
FTO,Rest,0
FTO,Stim48hr,0
FTO,Stim8hr,0
FTSJ1,Rest,0
FTSJ1,Stim48hr,0
FTSJ1,Stim8hr,0
FUBP1,Rest,1
FUBP1,Stim48hr,2
FUBP1,Stim8hr,2
FUBP3,Rest,0
FUBP3,Stim48hr,0
FUBP3,Stim8hr,0
FUCA1,Rest,1
FUCA1,Stim48hr,0
FUCA1,Stim8hr,0
FUCA2,Rest,0
FUCA2,Stim48hr,0
FUCA2,Stim8hr,0
FUNDC1,Rest,0
FUNDC1,Stim48hr,0
FUNDC1,Stim8hr,0
FUNDC2,Rest,0
FUNDC2,Stim48hr,0
FUNDC2,Stim8hr,1
FUOM,Rest,0
FUOM,Stim48hr,0
FUOM,Stim8hr,0
FURIN,Rest,0
FURIN,Stim48hr,0
FURIN,Stim8hr,0
FUS,Rest,0
FUS,Stim48hr,0
FUS,Stim8hr,0
FUT4,Rest,0
FUT4,Stim48hr,0
FUT4,Stim8hr,0
FUT7,Rest,0
FUT7,Stim48hr,0
FUT7,Stim8hr,0
FUT8,Rest,3
FUT8,Stim48hr,0
FUT8,Stim8hr,0
FUZ,Rest,0
FUZ,Stim48hr,0
FUZ,Stim8hr,0
FXN,Stim8hr,1
FXR1,Rest,0
FXR1,Stim48hr,0
FXR1,Stim8hr,0
FXR2,Rest,0
FXR2,Stim48hr,0
FXR2,Stim8hr,0
FXYD1,Rest,0
FXYD1,Stim48hr,0
FXYD1,Stim8hr,0
FXYD2,Rest,0
FXYD2,Stim48hr,0
FXYD2,Stim8hr,0
FXYD3,Rest,0
FXYD3,Stim48hr,0
FXYD3,Stim8hr,0
FXYD5,Rest,0
FXYD5,Stim48hr,0
FXYD5,Stim8hr,0
FXYD7,Rest,0
FXYD7,Stim48hr,0
FXYD7,Stim8hr,0
FYB1,Rest,0
FYB1,Stim48hr,0
FYB1,Stim8hr,0
FYCO1,Rest,0
FYCO1,Stim48hr,0
FYCO1,Stim8hr,0
FYN,Rest,0
FYN,Stim48hr,0
FYN,Stim8hr,0
FYTTD1,Rest,0
FYTTD1,Stim48hr,0
FYTTD1,Stim8hr,0
FZD3,Rest,0
FZD3,Stim48hr,0
FZD3,Stim8hr,0
FZD6,Rest,0
FZD6,Stim48hr,1
FZD6,Stim8hr,6
FZR1,Rest,0
FZR1,Stim48hr,0
FZR1,Stim8hr,0
G0S2,Rest,0
G0S2,Stim48hr,0
G0S2,Stim8hr,0
G2E3,Rest,0
G2E3,Stim48hr,0
G2E3,Stim8hr,0
G3BP1,Rest,0
G3BP1,Stim48hr,1
G3BP1,Stim8hr,0
G3BP2,Rest,0
G3BP2,Stim48hr,0
G3BP2,Stim8hr,0
G6PC3,Rest,0
G6PC3,Stim48hr,0
G6PC3,Stim8hr,0
G6PD,Rest,0
G6PD,Stim48hr,0
G6PD,Stim8hr,0
GAA,Rest,0
GAA,Stim48hr,0
GAA,Stim8hr,0
GAB2,Rest,0
GAB2,Stim48hr,0
GAB2,Stim8hr,0
GAB3,Rest,0
GAB3,Stim48hr,0
GAB3,Stim8hr,0
GABARAP,Rest,0
GABARAP,Stim48hr,0
GABARAP,Stim8hr,0
GABARAPL1,Rest,1
GABARAPL1,Stim48hr,0
GABARAPL1,Stim8hr,0
GABARAPL2,Rest,0
GABARAPL2,Stim48hr,0
GABARAPL2,Stim8hr,0
GABBR1,Rest,0
GABBR1,Stim48hr,0
GABBR1,Stim8hr,0
GABPA,Rest,0
GABPA,Stim48hr,0
GABPA,Stim8hr,0
GABPB1,Rest,0
GABPB1,Stim48hr,0
GABPB1,Stim8hr,2
GABPB2,Rest,0
GABPB2,Stim48hr,0
GABPB2,Stim8hr,0
GAD1,Rest,0
GAD1,Stim48hr,0
GAD1,Stim8hr,0
GADD45A,Rest,0
GADD45A,Stim48hr,0
GADD45A,Stim8hr,0
GADD45B,Rest,0
GADD45B,Stim48hr,0
GADD45B,Stim8hr,0
GADD45G,Rest,0
GADD45G,Stim48hr,0
GADD45G,Stim8hr,0
GADD45GIP1,Rest,0
GADD45GIP1,Stim48hr,0
GADD45GIP1,Stim8hr,1
GAK,Stim48hr,0
GAK,Stim8hr,0
GAL3ST4,Rest,0
GAL3ST4,Stim48hr,0
GAL3ST4,Stim8hr,0
GALC,Rest,0
GALC,Stim48hr,0
GALC,Stim8hr,0
GALE,Rest,0
GALE,Stim48hr,0
GALE,Stim8hr,0
GALK1,Rest,0
GALK1,Stim48hr,0
GALK1,Stim8hr,0
GALK2,Rest,0
GALK2,Stim48hr,0
GALK2,Stim8hr,0
GALM,Rest,0
GALM,Stim48hr,0
GALM,Stim8hr,0
GALNS,Stim48hr,0
GALNS,Stim8hr,0
GALNT10,Rest,0
GALNT10,Stim48hr,0
GALNT10,Stim8hr,0
GALNT11,Rest,0
GALNT11,Stim48hr,0
GALNT11,Stim8hr,0
GALNT12,Rest,0
GALNT12,Stim48hr,0
GALNT12,Stim8hr,0
GALNT18,Rest,0
GALNT18,Stim48hr,0
GALNT18,Stim8hr,0
GALNT2,Rest,0
GALNT2,Stim48hr,0
GALNT2,Stim8hr,0
GALNT3,Rest,0
GALNT3,Stim48hr,0
GALNT3,Stim8hr,0
GALNT4,Rest,0
GALNT4,Stim48hr,0
GALNT4,Stim8hr,0
GALNT6,Rest,0
GALNT6,Stim48hr,0
GALNT6,Stim8hr,0
GALNT7,Rest,0
GALNT7,Stim48hr,0
GALNT7,Stim8hr,0
GALR2,Rest,0
GALR2,Stim48hr,0
GALR2,Stim8hr,1
GALT,Rest,0
GALT,Stim48hr,0
GALT,Stim8hr,0
GAMT,Rest,0
GAMT,Stim48hr,0
GAMT,Stim8hr,0
GAN,Rest,0
GAN,Stim48hr,0
GAN,Stim8hr,0
GANAB,Rest,0
GANAB,Stim48hr,0
GANAB,Stim8hr,5
GANC,Rest,0
GANC,Stim48hr,0
GANC,Stim8hr,0
GAPDH,Stim8hr,1
GAPVD1,Rest,0
GAPVD1,Stim48hr,0
GAPVD1,Stim8hr,0
GAREM1,Rest,1
GAREM1,Stim48hr,0
GAREM1,Stim8hr,0
GAREM2,Rest,0
GAREM2,Stim48hr,0
GAREM2,Stim8hr,0
GARIN1A,Rest,0
GARIN1A,Stim48hr,0
GARIN1A,Stim8hr,0
GARRE1,Rest,0
GARRE1,Stim48hr,0
GARRE1,Stim8hr,0
GARS1,Rest,1
GARS1,Stim48hr,0
GARS1,Stim8hr,1
GART,Rest,0
GART,Stim48hr,0
GART,Stim8hr,0
GAS2,Rest,0
GAS2,Stim48hr,0
GAS2,Stim8hr,0
GAS2L1,Rest,0
GAS2L1,Stim48hr,2
GAS2L1,Stim8hr,0
GAS6,Rest,0
GAS6,Stim48hr,0
GAS6,Stim8hr,0
GAS7,Rest,0
GAS7,Stim48hr,0
GAS7,Stim8hr,0
GATA1,Rest,0
GATA1,Stim48hr,0
GATA1,Stim8hr,0
GATA2,Stim48hr,0
GATA2,Stim8hr,0
GATA3,Rest,4
GATA3,Stim48hr,10
GATA3,Stim8hr,7
GATA4,Rest,0
GATA4,Stim48hr,0
GATA4,Stim8hr,0
GATA5,Rest,0
GATA5,Stim48hr,0
GATA5,Stim8hr,0
GATA6,Rest,0
GATA6,Stim48hr,0
GATA6,Stim8hr,0
GATAD1,Rest,0
GATAD1,Stim48hr,0
GATAD1,Stim8hr,0
GATAD2A,Rest,0
GATAD2A,Stim48hr,0
GATAD2A,Stim8hr,0
GATAD2B,Rest,0
GATAD2B,Stim48hr,1
GATAD2B,Stim8hr,0
GATB,Rest,0
GATB,Stim48hr,1
GATB,Stim8hr,0
GATC,Rest,0
GATC,Stim48hr,0
GATC,Stim8hr,0
GATD1,Rest,0
GATD1,Stim48hr,0
GATD1,Stim8hr,0
GBA1,Rest,0
GBA1,Stim48hr,0
GBA1,Stim8hr,0
GBA2,Rest,0
GBA2,Stim48hr,0
GBA2,Stim8hr,0
GBE1,Rest,0
GBE1,Stim48hr,0
GBE1,Stim8hr,0
GBGT1,Rest,0
GBGT1,Stim48hr,0
GBGT1,Stim8hr,0
GBP1,Rest,0
GBP1,Stim48hr,0
GBP1,Stim8hr,0
GBP2,Rest,0
GBP2,Stim48hr,0
GBP2,Stim8hr,0
GBP3,Rest,0
GBP3,Stim48hr,0
GBP3,Stim8hr,0
GBP4,Rest,0
GBP4,Stim48hr,0
GBP4,Stim8hr,0
GBP5,Rest,0
GBP5,Stim48hr,0
GBP5,Stim8hr,0
GBP7,Rest,0
GBP7,Stim48hr,0
GBP7,Stim8hr,0
GBX1,Rest,0
GBX1,Stim48hr,0
GBX1,Stim8hr,0
GBX2,Rest,0
GBX2,Stim48hr,0
GBX2,Stim8hr,0
GCA,Rest,0
GCA,Stim48hr,0
GCA,Stim8hr,0
GCAT,Rest,0
GCAT,Stim48hr,0
GCAT,Stim8hr,0
GCC1,Rest,0
GCC1,Stim48hr,0
GCC1,Stim8hr,0
GCC2,Rest,0
GCC2,Stim48hr,0
GCC2,Stim8hr,0
GCDH,Rest,0
GCDH,Stim8hr,0
GCFC2,Rest,0
GCFC2,Stim48hr,0
GCFC2,Stim8hr,0
GCH1,Rest,0
GCH1,Stim48hr,0
GCH1,Stim8hr,0
GCHFR,Rest,0
GCHFR,Stim48hr,0
GCHFR,Stim8hr,0
GCLC,Rest,0
GCLC,Stim48hr,0
GCLC,Stim8hr,0
GCLM,Rest,0
GCLM,Stim48hr,0
GCLM,Stim8hr,0
GCM2,Rest,0
GCM2,Stim48hr,0
GCM2,Stim8hr,0
GCN1,Rest,0
GCN1,Stim48hr,1
GCN1,Stim8hr,0
GCNA,Rest,0
GCNA,Stim48hr,0
GCNA,Stim8hr,0
GCNT1,Rest,0
GCNT1,Stim48hr,0
GCNT1,Stim8hr,0
GCNT4,Rest,0
GCNT4,Stim48hr,0
GCNT4,Stim8hr,0
GCNT7,Rest,0
GCNT7,Stim48hr,0
GCNT7,Stim8hr,0
GCSAM,Rest,0
GCSAM,Stim48hr,0
GCSAM,Stim8hr,0
GCSH,Rest,0
GCSH,Stim48hr,0
GCSH,Stim8hr,3
GDAP1,Rest,0
GDAP1,Stim48hr,0
GDAP1,Stim8hr,0
GDAP2,Rest,1
GDAP2,Stim48hr,6
GDAP2,Stim8hr,0
GDE1,Rest,0
GDE1,Stim48hr,0
GDE1,Stim8hr,0
GDF11,Stim48hr,1
GDF15,Rest,0
GDF15,Stim48hr,0
GDF15,Stim8hr,0
GDF7,Rest,0
GDF7,Stim48hr,0
GDF7,Stim8hr,0
GDF9,Rest,0
GDF9,Stim48hr,0
GDF9,Stim8hr,0
GDI1,Rest,0
GDI1,Stim48hr,0
GDI1,Stim8hr,0
GDI2,Rest,0
GDI2,Stim48hr,0
GDI2,Stim8hr,0
GDPD1,Rest,0
GDPD1,Stim48hr,0
GDPD1,Stim8hr,0
GDPD3,Rest,0
GDPD3,Stim48hr,0
GDPD3,Stim8hr,0
GDPD5,Rest,0
GDPD5,Stim48hr,0
GDPD5,Stim8hr,0
GDPGP1,Rest,0
GDPGP1,Stim48hr,0
GDPGP1,Stim8hr,0
GEM,Rest,0
GEM,Stim48hr,0
GEM,Stim8hr,0
GEMIN6,Stim8hr,0
GEMIN7,Stim48hr,0
GEMIN7,Stim8hr,0
GEMIN8,Stim48hr,0
GEN1,Rest,2
GEN1,Stim48hr,0
GEN1,Stim8hr,0
GET1,Rest,0
GET1,Stim8hr,3
GET3,Rest,0
GET3,Stim48hr,0
GET3,Stim8hr,0
GET4,Rest,0
GET4,Stim48hr,0
GET4,Stim8hr,0
GFER,Stim48hr,0
GFER,Stim8hr,2
GFI1,Rest,0
GFI1,Stim48hr,0
GFI1,Stim8hr,0
GFI1B,Rest,0
GFI1B,Stim48hr,0
GFI1B,Stim8hr,0
GFM1,Rest,0
GFM1,Stim48hr,0
GFM1,Stim8hr,0
GFM2,Rest,0
GFM2,Stim48hr,0
GFM2,Stim8hr,0
GFOD1,Rest,0
GFOD1,Stim48hr,0
GFOD1,Stim8hr,0
GFOD2,Rest,0
GFOD2,Stim48hr,0
GFOD2,Stim8hr,0
GFPT2,Rest,0
GFPT2,Stim48hr,0
GFPT2,Stim8hr,0
GFUS,Rest,0
GFUS,Stim48hr,0
GFUS,Stim8hr,0
GGA1,Rest,0
GGA1,Stim48hr,0
GGA1,Stim8hr,0
GGA2,Rest,0
GGA2,Stim48hr,0
GGA2,Stim8hr,0
GGA3,Rest,1
GGA3,Stim48hr,0
GGA3,Stim8hr,0
GGACT,Rest,0
GGACT,Stim48hr,0
GGACT,Stim8hr,0
GGCT,Rest,0
GGCT,Stim48hr,0
GGCT,Stim8hr,0
GGCX,Rest,0
GGCX,Stim48hr,0
GGCX,Stim8hr,0
GGH,Rest,0
GGH,Stim48hr,0
GGH,Stim8hr,0
GGNBP2,Rest,0
GGNBP2,Stim48hr,0
GGNBP2,Stim8hr,0
GGPS1,Stim48hr,1
GGPS1,Stim8hr,0
GGT1,Rest,1
GGT1,Stim48hr,0
GGT1,Stim8hr,0
GGT7,Rest,0
GGT7,Stim48hr,0
GGT7,Stim8hr,0
GHDC,Rest,0
GHDC,Stim48hr,0
GHDC,Stim8hr,0
GHITM,Rest,0
GHITM,Stim48hr,0
GHITM,Stim8hr,0
GID4,Rest,0
GID4,Stim48hr,0
GID4,Stim8hr,0
GID8,Rest,0
GID8,Stim48hr,0
GID8,Stim8hr,0
GIGYF2,Rest,0
GIGYF2,Stim48hr,0
GIGYF2,Stim8hr,0
GIMAP1-GIMAP5,Rest,0
GIMAP1-GIMAP5,Stim48hr,0
GIMAP1-GIMAP5,Stim8hr,0
GIMAP2,Rest,0
GIMAP2,Stim48hr,0
GIMAP2,Stim8hr,0
GIMAP4,Rest,0
GIMAP4,Stim48hr,0
GIMAP4,Stim8hr,0
GIMAP5,Rest,0
GIMAP5,Stim48hr,0
GIMAP5,Stim8hr,0
GIMAP6,Rest,0
GIMAP6,Stim48hr,0
GIMAP6,Stim8hr,0
GIMAP7,Rest,0
GIMAP7,Stim48hr,0
GIMAP7,Stim8hr,0
GIMAP8,Rest,0
GIMAP8,Stim48hr,0
GIMAP8,Stim8hr,0
GIN1,Rest,0
GIN1,Stim48hr,0
GIN1,Stim8hr,0
GINM1,Rest,0
GINM1,Stim48hr,0
GINM1,Stim8hr,1
GINS2,Rest,0
GINS2,Stim48hr,0
GINS2,Stim8hr,0
GIPC1,Rest,0
GIPC1,Stim48hr,0
GIPC1,Stim8hr,0
GIPC3,Rest,0
GIPC3,Stim48hr,0
GIPC3,Stim8hr,0
GIPR,Rest,0
GIPR,Stim48hr,0
GIPR,Stim8hr,0
GIT1,Rest,0
GIT1,Stim48hr,0
GIT1,Stim8hr,0
GIT2,Rest,0
GIT2,Stim48hr,0
GIT2,Stim8hr,0
GJB2,Rest,0
GJB2,Stim48hr,0
GJB2,Stim8hr,0
GJB6,Rest,1
GJB6,Stim48hr,0
GJB6,Stim8hr,0
GJC1,Rest,0
GJC1,Stim48hr,0
GJC1,Stim8hr,0
GK,Rest,0
GK,Stim48hr,0
GK,Stim8hr,0
GK5,Rest,0
GK5,Stim48hr,0
GK5,Stim8hr,0
GKAP1,Rest,0
GKAP1,Stim48hr,0
GKAP1,Stim8hr,0
GLA,Rest,0
GLA,Stim48hr,0
GLA,Stim8hr,0
GLB1,Rest,0
GLB1,Stim48hr,0
GLB1,Stim8hr,0
GLB1L,Rest,0
GLB1L,Stim48hr,0
GLB1L,Stim8hr,0
GLB1L2,Rest,0
GLB1L2,Stim48hr,0
GLB1L2,Stim8hr,0
GLB1L3,Rest,0
GLB1L3,Stim48hr,0
GLB1L3,Stim8hr,0
GLCCI1,Rest,0
GLCCI1,Stim48hr,0
GLCCI1,Stim8hr,0
GLCE,Rest,0
GLCE,Stim48hr,0
GLCE,Stim8hr,0
GLDC,Rest,0
GLDC,Stim48hr,0
GLDC,Stim8hr,0
GLG1,Rest,0
GLG1,Stim48hr,0
GLG1,Stim8hr,0
GLI1,Rest,0
GLI1,Stim48hr,0
GLI1,Stim8hr,0
GLI2,Rest,0
GLI2,Stim48hr,0
GLI2,Stim8hr,0
GLI3,Rest,0
GLI3,Stim48hr,0
GLI3,Stim8hr,0
GLI4,Rest,0
GLI4,Stim48hr,0
GLI4,Stim8hr,0
GLIPR1,Rest,0
GLIPR1,Stim48hr,0
GLIPR1,Stim8hr,0
GLIPR2,Rest,0
GLIPR2,Stim48hr,0
GLIPR2,Stim8hr,0
GLIS1,Rest,0
GLIS1,Stim48hr,0
GLIS1,Stim8hr,0
GLIS2,Rest,0
GLIS2,Stim48hr,0
GLIS2,Stim8hr,0
GLIS3,Rest,0
GLIS3,Stim48hr,0
GLIS3,Stim8hr,0
GLMN,Stim48hr,0
GLMN,Stim8hr,0
GLMP,Rest,0
GLMP,Stim48hr,0
GLMP,Stim8hr,0
GLO1,Rest,0
GLO1,Stim48hr,0
GLO1,Stim8hr,0
GLOD4,Rest,0
GLOD4,Stim48hr,0
GLOD4,Stim8hr,0
GLRX,Rest,0
GLRX,Stim48hr,0
GLRX,Stim8hr,0
GLRX2,Rest,0
GLRX2,Stim48hr,0
GLRX2,Stim8hr,0
GLRX3,Rest,0
GLRX3,Stim48hr,0
GLRX3,Stim8hr,0
GLRX5,Rest,0
GLRX5,Stim48hr,0
GLRX5,Stim8hr,0
GLS,Rest,0
GLS,Stim48hr,0
GLS,Stim8hr,1
GLS2,Rest,0
GLS2,Stim48hr,0
GLS2,Stim8hr,1
GLT8D1,Rest,0
GLT8D1,Stim48hr,0
GLT8D1,Stim8hr,0
GLTP,Rest,0
GLTP,Stim48hr,0
GLTP,Stim8hr,0
GLUD1,Rest,0
GLUD1,Stim48hr,0
GLUD1,Stim8hr,0
GLUL,Rest,0
GLUL,Stim48hr,0
GLUL,Stim8hr,0
GLYCTK,Rest,0
GLYCTK,Stim48hr,0
GLYCTK,Stim8hr,0
GLYR1,Rest,0
GLYR1,Stim48hr,0
GLYR1,Stim8hr,0
GM2A,Rest,0
GM2A,Stim48hr,0
GM2A,Stim8hr,0
GMCL1,Rest,0
GMCL1,Stim48hr,0
GMCL1,Stim8hr,0
GMDS,Rest,0
GMDS,Stim48hr,0
GMDS,Stim8hr,0
GMEB1,Rest,0
GMEB1,Stim48hr,0
GMEB1,Stim8hr,0
GMEB2,Rest,0
GMEB2,Stim8hr,1
GMFB,Rest,0
GMFB,Stim48hr,0
GMFB,Stim8hr,0
GMFG,Rest,0
GMFG,Stim48hr,0
GMFG,Stim8hr,0
GMNN,Rest,0
GMNN,Stim48hr,0
GMNN,Stim8hr,0
GMPPA,Rest,0
GMPPA,Stim48hr,0
GMPPA,Stim8hr,0
GMPR,Rest,0
GMPR,Stim48hr,0
GMPR,Stim8hr,0
GMPR2,Rest,0
GMPR2,Stim48hr,0
GMPR2,Stim8hr,0
GNA12,Rest,0
GNA12,Stim48hr,0
GNA12,Stim8hr,0
GNA13,Rest,1
GNA13,Stim48hr,0
GNA13,Stim8hr,0
GNA15,Rest,0
GNA15,Stim48hr,0
GNA15,Stim8hr,0
GNAI1,Rest,0
GNAI1,Stim48hr,0
GNAI1,Stim8hr,0
GNAI2,Rest,0
GNAI2,Stim48hr,0
GNAI2,Stim8hr,0
GNAI3,Rest,0
GNAI3,Stim48hr,0
GNAI3,Stim8hr,0
GNAL,Rest,0
GNAL,Stim48hr,0
GNAL,Stim8hr,0
GNAO1,Rest,0
GNAO1,Stim48hr,0
GNAO1,Stim8hr,0
GNAQ,Rest,0
GNAQ,Stim48hr,0
GNAQ,Stim8hr,0
GNAS,Rest,0
GNAS,Stim48hr,2
GNAS,Stim8hr,0
GNAZ,Rest,0
GNAZ,Stim48hr,0
GNAZ,Stim8hr,0
GNB1,Rest,0
GNB1,Stim48hr,1
GNB1,Stim8hr,0
GNB1L,Rest,1
GNB1L,Stim48hr,0
GNB1L,Stim8hr,0
GNB2,Rest,0
GNB2,Stim48hr,0
GNB2,Stim8hr,0
GNB4,Rest,0
GNB4,Stim48hr,0
GNB4,Stim8hr,0
GNB5,Rest,0
GNB5,Stim48hr,0
GNB5,Stim8hr,0
GNE,Rest,0
GNE,Stim48hr,0
GNE,Stim8hr,0
GNG10,Rest,0
GNG10,Stim48hr,0
GNG10,Stim8hr,0
GNG11,Rest,0
GNG11,Stim48hr,0
GNG11,Stim8hr,0
GNG2,Rest,0
GNG2,Stim48hr,0
GNG2,Stim8hr,1
GNG4,Rest,0
GNG4,Stim48hr,0
GNG4,Stim8hr,0
GNG5,Rest,0
GNG5,Stim48hr,1
GNG5,Stim8hr,1
GNG7,Rest,0
GNG7,Stim48hr,0
GNG7,Stim8hr,0
GNG8,Rest,0
GNG8,Stim48hr,0
GNG8,Stim8hr,0
GNGT2,Rest,0
GNGT2,Stim48hr,0
GNGT2,Stim8hr,0
GNL1,Rest,0
GNL1,Stim48hr,0
GNL1,Stim8hr,0
GNLY,Rest,0
GNLY,Stim48hr,0
GNLY,Stim8hr,0
GNMT,Rest,0
GNMT,Stim48hr,0
GNMT,Stim8hr,0
GNPAT,Rest,1
GNPAT,Stim48hr,0
GNPAT,Stim8hr,4
GNPDA1,Rest,0
GNPDA1,Stim48hr,0
GNPDA1,Stim8hr,0
GNPDA2,Rest,0
GNPDA2,Stim48hr,0
GNPDA2,Stim8hr,0
GNPNAT1,Rest,0
GNPNAT1,Stim8hr,2
GNPTAB,Rest,0
GNPTAB,Stim48hr,0
GNPTAB,Stim8hr,0
GNPTG,Rest,0
GNPTG,Stim48hr,0
GNPTG,Stim8hr,0
GNRH2,Rest,0
GNRH2,Stim48hr,0
GNRH2,Stim8hr,0
GNS,Rest,2
GNS,Stim48hr,0
GNS,Stim8hr,0
GOLGA1,Rest,0
GOLGA1,Stim48hr,0
GOLGA1,Stim8hr,0
GOLGA2,Rest,0
GOLGA2,Stim48hr,0
GOLGA2,Stim8hr,0
GOLGA3,Rest,0
GOLGA3,Stim48hr,0
GOLGA3,Stim8hr,0
GOLGA4,Rest,0
GOLGA4,Stim48hr,0
GOLGA4,Stim8hr,0
GOLGA5,Rest,0
GOLGA5,Stim48hr,0
GOLGA5,Stim8hr,0
GOLGA7,Rest,0
GOLGA7,Stim48hr,0
GOLGA7,Stim8hr,0
GOLGA7B,Stim48hr,0
GOLGA7B,Stim8hr,0
GOLGA8A,Rest,1
GOLGA8A,Stim48hr,1
GOLGA8A,Stim8hr,2
GOLGA8B,Rest,0
GOLGA8B,Stim48hr,0
GOLGA8B,Stim8hr,0
GOLGA8N,Rest,0
GOLGA8N,Stim48hr,0
GOLGA8N,Stim8hr,0
GOLGB1,Rest,0
GOLGB1,Stim48hr,0
GOLGB1,Stim8hr,0
GOLIM4,Rest,0
GOLIM4,Stim48hr,0
GOLIM4,Stim8hr,0
GOLM1,Rest,0
GOLM1,Stim48hr,0
GOLM1,Stim8hr,0
GOLM2,Rest,0
GOLM2,Stim48hr,0
GOLM2,Stim8hr,0
GOLPH3,Rest,0
GOLPH3,Stim48hr,0
GOLPH3,Stim8hr,1
GOLPH3L,Rest,0
GOLPH3L,Stim48hr,0
GOLPH3L,Stim8hr,0
GOLT1B,Stim48hr,0
GOLT1B,Stim8hr,2
GON4L,Stim48hr,0
GON7,Rest,0
GON7,Stim48hr,0
GON7,Stim8hr,0
GOPC,Rest,0
GOPC,Stim48hr,0
GOPC,Stim8hr,0
GORAB,Rest,2
GORAB,Stim48hr,0
GORAB,Stim8hr,0
GORASP1,Rest,0
GORASP1,Stim48hr,0
GORASP1,Stim8hr,0
GORASP2,Rest,0
GORASP2,Stim48hr,0
GORASP2,Stim8hr,0
GOSR1,Rest,0
GOSR1,Stim48hr,0
GOSR1,Stim8hr,0
GOT1,Rest,0
GOT1,Stim48hr,0
GOT1,Stim8hr,0
GOT2,Rest,0
GOT2,Stim48hr,0
GOT2,Stim8hr,0
GP1BA,Rest,0
GP1BA,Stim48hr,0
GP1BA,Stim8hr,0
GP1BB,Rest,0
GP1BB,Stim48hr,2
GP1BB,Stim8hr,0
GP5,Rest,0
GP5,Stim48hr,0
GP5,Stim8hr,0
GP6,Rest,0
GP6,Stim48hr,0
GP6,Stim8hr,0
GP9,Rest,0
GP9,Stim48hr,0
GP9,Stim8hr,0
GPA33,Rest,0
GPA33,Stim48hr,0
GPA33,Stim8hr,0
GPAA1,Rest,0
GPAA1,Stim48hr,0
GPAA1,Stim8hr,0
GPALPP1,Rest,0
GPALPP1,Stim48hr,1
GPALPP1,Stim8hr,0
GPAM,Rest,0
GPAM,Stim48hr,0
GPAM,Stim8hr,0
GPANK1,Rest,0
GPANK1,Stim48hr,0
GPANK1,Stim8hr,0
GPAT2,Rest,0
GPAT2,Stim48hr,0
GPAT2,Stim8hr,0
GPAT3,Rest,0
GPAT3,Stim48hr,0
GPAT3,Stim8hr,0
GPAT4,Rest,0
GPAT4,Stim48hr,0
GPAT4,Stim8hr,0
GPATCH11,Rest,0
GPATCH11,Stim48hr,0
GPATCH11,Stim8hr,0
GPATCH2,Rest,0
GPATCH2,Stim48hr,0
GPATCH2,Stim8hr,0
GPATCH2L,Rest,0
GPATCH2L,Stim48hr,0
GPATCH2L,Stim8hr,0
GPATCH3,Rest,0
GPATCH3,Stim48hr,0
GPATCH3,Stim8hr,0
GPATCH4,Rest,0
GPATCH4,Stim48hr,0
GPATCH4,Stim8hr,0
GPATCH8,Rest,0
GPATCH8,Stim48hr,0
GPATCH8,Stim8hr,0
GPBP1,Rest,0
GPBP1,Stim48hr,0
GPBP1,Stim8hr,0
GPBP1L1,Rest,0
GPBP1L1,Stim48hr,0
GPBP1L1,Stim8hr,0
GPC1,Rest,0
GPC1,Stim48hr,0
GPC1,Stim8hr,0
GPC2,Rest,0
GPC2,Stim48hr,0
GPC2,Stim8hr,0
GPCPD1,Rest,0
GPCPD1,Stim48hr,0
GPCPD1,Stim8hr,0
GPD1L,Rest,2
GPD1L,Stim48hr,0
GPD1L,Stim8hr,0
GPD2,Rest,0
GPD2,Stim48hr,0
GPD2,Stim8hr,0
GPHN,Rest,0
GPHN,Stim48hr,0
GPHN,Stim8hr,0
GPHRA,Rest,0
GPHRA,Stim48hr,0
GPHRA,Stim8hr,0
GPHRB,Rest,0
GPHRB,Stim48hr,0
GPHRB,Stim8hr,0
GPI,Rest,0
GPI,Stim48hr,3
GPI,Stim8hr,3
GPM6A,Rest,0
GPM6A,Stim48hr,0
GPM6A,Stim8hr,0
GPM6B,Rest,0
GPM6B,Stim48hr,0
GPM6B,Stim8hr,0
GPN1,Stim48hr,0
GPN1,Stim8hr,0
GPNMB,Rest,0
GPNMB,Stim48hr,0
GPNMB,Stim8hr,0
GPR107,Rest,0
GPR107,Stim48hr,0
GPR107,Stim8hr,0
GPR108,Rest,0
GPR108,Stim48hr,0
GPR108,Stim8hr,0
GPR132,Rest,0
GPR132,Stim48hr,0
GPR132,Stim8hr,0
GPR135,Rest,0
GPR135,Stim48hr,0
GPR135,Stim8hr,0
GPR137,Rest,0
GPR137,Stim48hr,0
GPR137,Stim8hr,0
GPR137B,Rest,1
GPR137B,Stim48hr,0
GPR137B,Stim8hr,0
GPR146,Rest,0
GPR146,Stim48hr,0
GPR146,Stim8hr,0
GPR15,Rest,0
GPR15,Stim48hr,0
GPR15,Stim8hr,0
GPR150,Rest,0
GPR150,Stim48hr,0
GPR150,Stim8hr,0
GPR155,Rest,0
GPR155,Stim48hr,0
GPR155,Stim8hr,0
GPR157,Rest,0
GPR157,Stim48hr,0
GPR157,Stim8hr,0
GPR160,Rest,0
GPR160,Stim48hr,0
GPR160,Stim8hr,0
GPR171,Rest,0
GPR171,Stim48hr,0
GPR171,Stim8hr,0
GPR18,Rest,0
GPR18,Stim48hr,0
GPR18,Stim8hr,0
GPR180,Rest,0
GPR180,Stim48hr,0
GPR180,Stim8hr,0
GPR183,Rest,0
GPR183,Stim48hr,1
GPR183,Stim8hr,0
GPR19,Rest,0
GPR19,Stim48hr,0
GPR19,Stim8hr,0
GPR25,Rest,0
GPR25,Stim48hr,0
GPR25,Stim8hr,0
GPR27,Rest,0
GPR27,Stim48hr,0
GPR27,Stim8hr,0
GPR3,Rest,0
GPR3,Stim48hr,0
GPR3,Stim8hr,0
GPR34,Rest,0
GPR34,Stim48hr,0
GPR34,Stim8hr,0
GPR35,Rest,0
GPR35,Stim48hr,0
GPR35,Stim8hr,0
GPR52,Rest,0
GPR52,Stim48hr,0
GPR52,Stim8hr,0
GPR55,Rest,0
GPR55,Stim48hr,0
GPR55,Stim8hr,0
GPR63,Rest,2
GPR63,Stim48hr,0
GPR63,Stim8hr,0
GPR65,Rest,0
GPR65,Stim48hr,0
GPR65,Stim8hr,0
GPR68,Rest,0
GPR68,Stim48hr,0
GPR68,Stim8hr,0
GPR75,Rest,0
GPR75,Stim48hr,0
GPR75,Stim8hr,0
GPR82,Rest,0
GPR82,Stim48hr,0
GPR82,Stim8hr,0
GPRASP1,Rest,1
GPRASP1,Stim48hr,0
GPRASP1,Stim8hr,3
GPRASP2,Rest,0
GPRASP2,Stim48hr,0
GPRASP2,Stim8hr,0
GPRASP3,Rest,0
GPRASP3,Stim48hr,0
GPRASP3,Stim8hr,0
GPRC5A,Rest,0
GPRC5A,Stim48hr,0
GPRC5A,Stim8hr,0
GPRC5B,Rest,0
GPRC5B,Stim48hr,0
GPRC5B,Stim8hr,0
GPRIN3,Rest,2
GPRIN3,Stim48hr,0
GPRIN3,Stim8hr,0
GPS1,Stim8hr,0
GPS2,Rest,0
GPS2,Stim48hr,0
GPS2,Stim8hr,0
GPSM1,Rest,0
GPSM1,Stim48hr,0
GPSM1,Stim8hr,0
GPSM2,Rest,0
GPSM2,Stim48hr,0
GPSM2,Stim8hr,0
GPSM3,Rest,1
GPSM3,Stim48hr,0
GPSM3,Stim8hr,0
GPT2,Rest,0
GPT2,Stim48hr,0
GPT2,Stim8hr,0
GPX2,Rest,0
GPX2,Stim48hr,0
GPX2,Stim8hr,0
GPX3,Rest,0
GPX3,Stim48hr,0
GPX3,Stim8hr,0
GPX4,Rest,0
GPX7,Rest,0
GPX7,Stim48hr,0
GPX7,Stim8hr,0
GRAMD1A,Rest,0
GRAMD1A,Stim48hr,1
GRAMD1A,Stim8hr,0
GRAMD1B,Rest,0
GRAMD1B,Stim48hr,0
GRAMD1B,Stim8hr,0
GRAMD2B,Rest,0
GRAMD2B,Stim48hr,0
GRAMD2B,Stim8hr,0
GRAMD4,Rest,0
GRAMD4,Stim48hr,0
GRAMD4,Stim8hr,0
GRAP,Rest,0
GRAP,Stim48hr,0
GRAP,Stim8hr,0
GRAP2,Rest,0
GRAP2,Stim48hr,0
GRAP2,Stim8hr,0
GRAPL,Rest,0
GRAPL,Stim48hr,0
GRAPL,Stim8hr,0
GRB10,Rest,0
GRB10,Stim48hr,0
GRB10,Stim8hr,0
GRB2,Rest,0
GRB2,Stim48hr,0
GRB2,Stim8hr,0
GREM2,Rest,0
GREM2,Stim48hr,0
GREM2,Stim8hr,0
GRHL1,Rest,0
GRHL1,Stim48hr,0
GRHL1,Stim8hr,0
GRHL2,Rest,0
GRHL2,Stim48hr,0
GRHL2,Stim8hr,0
GRHL3,Rest,0
GRHL3,Stim48hr,0
GRHL3,Stim8hr,0
GRHPR,Rest,0
GRHPR,Stim48hr,0
GRHPR,Stim8hr,0
GRIN2B,Rest,0
GRIN2B,Stim48hr,0
GRIN2B,Stim8hr,0
GRIN3A,Rest,0
GRIN3A,Stim48hr,0
GRIN3A,Stim8hr,1
GRINA,Rest,0
GRINA,Stim48hr,0
GRINA,Stim8hr,0
GRIP1,Rest,0
GRIP1,Stim48hr,0
GRIP1,Stim8hr,0
GRIPAP1,Rest,0
GRIPAP1,Stim48hr,0
GRIPAP1,Stim8hr,0
GRK2,Rest,0
GRK2,Stim48hr,1
GRK2,Stim8hr,0
GRK3,Stim48hr,0
GRK3,Stim8hr,0
GRK4,Rest,0
GRK4,Stim48hr,0
GRK4,Stim8hr,0
GRK5,Rest,0
GRK5,Stim48hr,0
GRK5,Stim8hr,0
GRK6,Rest,0
GRK6,Stim48hr,0
GRK6,Stim8hr,0
GRM2,Rest,0
GRM2,Stim48hr,0
GRM2,Stim8hr,0
GRN,Rest,0
GRN,Stim48hr,0
GRN,Stim8hr,0
GRPEL2,Rest,0
GRPEL2,Stim48hr,0
GRPEL2,Stim8hr,0
GRSF1,Rest,0
GRSF1,Stim48hr,1
GRSF1,Stim8hr,0
GRWD1,Rest,1
GRWD1,Stim8hr,1
GSAP,Rest,0
GSAP,Stim48hr,0
GSAP,Stim8hr,0
GSC,Rest,0
GSC,Stim48hr,0
GSC,Stim8hr,0
GSC2,Rest,0
GSC2,Stim48hr,0
GSC2,Stim8hr,0
GSDMA,Rest,0
GSDMA,Stim48hr,0
GSDMA,Stim8hr,1
GSDMB,Rest,0
GSDMB,Stim48hr,0
GSDMB,Stim8hr,0
GSDMD,Rest,0
GSDMD,Stim48hr,0
GSDMD,Stim8hr,0
GSDME,Rest,0
GSDME,Stim48hr,0
GSDME,Stim8hr,0
GSK3A,Rest,0
GSK3A,Stim48hr,0
GSK3A,Stim8hr,0
GSK3B,Rest,0
GSK3B,Stim48hr,0
GSK3B,Stim8hr,0
GSKIP,Rest,0
GSKIP,Stim48hr,0
GSKIP,Stim8hr,0
GSN,Rest,0
GSN,Stim48hr,0
GSN,Stim8hr,0
GSPT2,Rest,0
GSPT2,Stim48hr,0
GSPT2,Stim8hr,0
GSR,Stim48hr,0
GSS,Rest,0
GSS,Stim48hr,1
GSS,Stim8hr,0
GSTA1,Rest,0
GSTA1,Stim48hr,0
GSTA1,Stim8hr,0
GSTA4,Rest,0
GSTA4,Stim8hr,0
GSTCD,Rest,0
GSTCD,Stim48hr,0
GSTCD,Stim8hr,0
GSTK1,Rest,0
GSTK1,Stim48hr,0
GSTK1,Stim8hr,0
GSTM1,Rest,0
GSTM1,Stim48hr,0
GSTM1,Stim8hr,0
GSTM2,Rest,0
GSTM2,Stim48hr,0
GSTM2,Stim8hr,0
GSTM3,Rest,0
GSTM3,Stim48hr,0
GSTM3,Stim8hr,0
GSTM4,Rest,0
GSTM4,Stim48hr,0
GSTM4,Stim8hr,0
GSTO1,Rest,0
GSTO1,Stim48hr,0
GSTO1,Stim8hr,0
GSTO2,Rest,0
GSTO2,Stim48hr,0
GSTO2,Stim8hr,0
GSTP1,Rest,0
GSTP1,Stim48hr,0
GSTP1,Stim8hr,1
GSTZ1,Rest,0
GSTZ1,Stim48hr,0
GSTZ1,Stim8hr,0
GSX1,Rest,0
GSX1,Stim48hr,0
GSX1,Stim8hr,0
GSX2,Rest,0
GSX2,Stim48hr,0
GSX2,Stim8hr,0
GTF2A1,Rest,0
GTF2A1,Stim48hr,0
GTF2A1,Stim8hr,0
GTF2A2,Rest,0
GTF2A2,Stim48hr,0
GTF2A2,Stim8hr,0
GTF2H1,Rest,0
GTF2H1,Stim48hr,0
GTF2H1,Stim8hr,0
GTF2H2C,Stim8hr,0
GTF2H3,Rest,0
GTF2H3,Stim48hr,0
GTF2H3,Stim8hr,0
GTF2H5,Rest,0
GTF2H5,Stim48hr,0
GTF2H5,Stim8hr,0
GTF2I,Rest,0
GTF2I,Stim48hr,0
GTF2I,Stim8hr,0
GTF2IRD1,Rest,0
GTF2IRD1,Stim48hr,0
GTF2IRD1,Stim8hr,0
GTF2IRD2B,Rest,0
GTF2IRD2B,Stim48hr,0
GTF2IRD2B,Stim8hr,0
GTF3A,Rest,0
GTF3A,Stim48hr,0
GTF3A,Stim8hr,0
GTF3C2,Rest,0
GTF3C3,Rest,0
GTF3C3,Stim8hr,0
GTF3C4,Rest,0
GTF3C4,Stim48hr,0
GTF3C4,Stim8hr,0
GTF3C5,Rest,0
GTF3C5,Stim48hr,0
GTF3C5,Stim8hr,0
GTF3C6,Rest,1
GTF3C6,Stim8hr,3
GTPBP1,Rest,0
GTPBP1,Stim48hr,0
GTPBP1,Stim8hr,0
GTPBP10,Rest,0
GTPBP10,Stim48hr,0
GTPBP10,Stim8hr,0
GTPBP2,Rest,0
GTPBP2,Stim48hr,0
GTPBP2,Stim8hr,0
GTPBP3,Rest,0
GTPBP3,Stim48hr,0
GTPBP3,Stim8hr,0
GTPBP6,Rest,0
GTPBP6,Stim48hr,0
GTPBP6,Stim8hr,0
GTPBP8,Rest,0
GTPBP8,Stim48hr,0
GTPBP8,Stim8hr,0
GTSE1,Rest,0
GTSE1,Stim48hr,0
GTSE1,Stim8hr,0
GTSF1,Rest,0
GTSF1,Stim48hr,0
GTSF1,Stim8hr,0
GUCA1B,Rest,1
GUCA1B,Stim48hr,0
GUCA1B,Stim8hr,0
GUCA2A,Rest,0
GUCA2A,Stim48hr,0
GUCA2A,Stim8hr,0
GUCY1A1,Rest,0
GUCY1A1,Stim48hr,0
GUCY1A1,Stim8hr,0
GUCY1B1,Rest,0
GUCY1B1,Stim48hr,0
GUCY1B1,Stim8hr,0
GUF1,Rest,0
GUF1,Stim48hr,0
GUF1,Stim8hr,0
GUSB,Rest,0
GUSB,Stim48hr,0
GUSB,Stim8hr,0
GVQW3,Rest,0
GVQW3,Stim48hr,0
GVQW3,Stim8hr,0
GXYLT1,Rest,0
GXYLT1,Stim48hr,0
GXYLT1,Stim8hr,0
GYG1,Rest,0
GYG1,Stim48hr,0
GYG1,Stim8hr,0
GYPC,Rest,0
GYPC,Stim48hr,0
GYPC,Stim8hr,0
GYPE,Rest,0
GYPE,Stim48hr,0
GYPE,Stim8hr,0
GYS1,Stim48hr,0
GZF1,Rest,1
GZF1,Stim48hr,0
GZF1,Stim8hr,0
GZMA,Rest,0
GZMA,Stim48hr,0
GZMA,Stim8hr,0
GZMB,Rest,0
GZMB,Stim48hr,0
GZMB,Stim8hr,0
GZMH,Rest,0
GZMH,Stim48hr,0
GZMH,Stim8hr,0
GZMK,Rest,0
GZMK,Stim48hr,0
GZMK,Stim8hr,0
GZMM,Rest,0
GZMM,Stim48hr,0
GZMM,Stim8hr,0
H1-0,Stim48hr,0
H1-0,Stim8hr,0
H1-1,Rest,0
H1-1,Stim48hr,0
H1-1,Stim8hr,0
H1-10,Rest,0
H1-10,Stim48hr,0
H1-10,Stim8hr,0
H1-3,Rest,0
H1-3,Stim48hr,0
H1-3,Stim8hr,0
H1-4,Rest,0
H1-4,Stim48hr,0
H1-4,Stim8hr,0
H1-5,Rest,0
H1-5,Stim48hr,0
H1-5,Stim8hr,0
H2AC11,Rest,0
H2AC11,Stim48hr,0
H2AC11,Stim8hr,0
H2AC12,Rest,0
H2AC12,Stim48hr,0
H2AC12,Stim8hr,0
H2AC13,Rest,0
H2AC13,Stim48hr,0
H2AC13,Stim8hr,0
H2AC14,Rest,0
H2AC14,Stim48hr,0
H2AC14,Stim8hr,0
H2AC15,Rest,0
H2AC15,Stim48hr,0
H2AC15,Stim8hr,0
H2AC16,Rest,0
H2AC16,Stim48hr,0
H2AC16,Stim8hr,0
H2AC17,Rest,0
H2AC17,Stim48hr,0
H2AC17,Stim8hr,0
H2AC18,Rest,0
H2AC18,Stim48hr,0
H2AC18,Stim8hr,0
H2AC20,Rest,0
H2AC20,Stim48hr,0
H2AC20,Stim8hr,0
H2AC21,Rest,0
H2AC21,Stim48hr,0
H2AC21,Stim8hr,0
H2AC25,Rest,0
H2AC25,Stim48hr,0
H2AC25,Stim8hr,0
H2AC4,Rest,0
H2AC4,Stim48hr,0
H2AC4,Stim8hr,0
H2AC6,Rest,0
H2AC6,Stim48hr,0
H2AC6,Stim8hr,0
H2AC8,Rest,0
H2AC8,Stim48hr,0
H2AC8,Stim8hr,0
H2AJ,Rest,0
H2AJ,Stim48hr,1
H2AJ,Stim8hr,0
H2AX,Rest,0
H2AX,Stim48hr,0
H2AX,Stim8hr,0
H2AZ1,Rest,0
H2AZ1,Stim48hr,0
H2AZ1,Stim8hr,0
H2AZ2,Rest,0
H2AZ2,Stim48hr,0
H2AZ2,Stim8hr,0
H2BC10,Rest,1
H2BC10,Stim48hr,0
H2BC10,Stim8hr,0
H2BC11,Rest,0
H2BC11,Stim48hr,0
H2BC11,Stim8hr,0
H2BC12,Rest,0
H2BC12,Stim48hr,0
H2BC12,Stim8hr,0
H2BC13,Rest,0
H2BC13,Stim48hr,0
H2BC13,Stim8hr,0
H2BC14,Rest,0
H2BC14,Stim48hr,0
H2BC14,Stim8hr,0
H2BC15,Rest,0
H2BC15,Stim48hr,0
H2BC15,Stim8hr,0
H2BC17,Rest,0
H2BC17,Stim8hr,0
H2BC18,Rest,0
H2BC18,Stim48hr,0
H2BC18,Stim8hr,0
H2BC21,Rest,0
H2BC21,Stim48hr,0
H2BC21,Stim8hr,0
H2BC26,Rest,0
H2BC26,Stim48hr,0
H2BC26,Stim8hr,0
H2BC3,Rest,0
H2BC3,Stim48hr,0
H2BC3,Stim8hr,0
H2BC4,Rest,0
H2BC4,Stim48hr,0
H2BC4,Stim8hr,0
H2BC5,Rest,0
H2BC5,Stim48hr,0
H2BC5,Stim8hr,0
H2BC6,Rest,0
H2BC6,Stim48hr,0
H2BC6,Stim8hr,0
H2BC7,Rest,0
H2BC7,Stim48hr,0
H2BC7,Stim8hr,0
H2BC8,Rest,0
H2BC8,Stim48hr,0
H2BC8,Stim8hr,0
H2BC9,Rest,0
H2BC9,Stim48hr,0
H2BC9,Stim8hr,0
H3-3A,Rest,0
H3-3A,Stim48hr,0
H3-3A,Stim8hr,0
H3-3B,Rest,0
H3-3B,Stim48hr,0
H3-3B,Stim8hr,0
H3-5,Rest,0
H3-5,Stim48hr,0
H3-5,Stim8hr,0
H3C1,Rest,0
H3C1,Stim48hr,0
H3C1,Stim8hr,0
H3C10,Rest,0
H3C10,Stim48hr,0
H3C10,Stim8hr,0
H3C11,Rest,0
H3C11,Stim48hr,0
H3C11,Stim8hr,1
H3C12,Rest,0
H3C12,Stim48hr,0
H3C12,Stim8hr,0
H3C13,Rest,0
H3C13,Stim48hr,0
H3C13,Stim8hr,0
H3C14,Rest,0
H3C14,Stim48hr,0
H3C14,Stim8hr,0
H3C15,Rest,0
H3C15,Stim48hr,0
H3C15,Stim8hr,0
H3C2,Rest,0
H3C2,Stim48hr,0
H3C2,Stim8hr,0
H3C3,Rest,0
H3C3,Stim48hr,0
H3C3,Stim8hr,0
H3C4,Rest,0
H3C4,Stim48hr,0
H3C4,Stim8hr,0
H3C6,Rest,0
H3C6,Stim48hr,0
H3C6,Stim8hr,0
H3C7,Rest,0
H3C7,Stim48hr,0
H3C7,Stim8hr,0
H3C8,Rest,1
H3C8,Stim48hr,0
H3C8,Stim8hr,0
H4C1,Rest,0
H4C1,Stim48hr,0
H4C1,Stim8hr,0
H4C11,Rest,0
H4C11,Stim48hr,0
H4C11,Stim8hr,0
H4C12,Rest,0
H4C12,Stim48hr,0
H4C12,Stim8hr,0
H4C13,Rest,0
H4C13,Stim48hr,0
H4C13,Stim8hr,0
H4C15,Rest,0
H4C15,Stim48hr,0
H4C15,Stim8hr,0
H4C16,Rest,0
H4C16,Stim48hr,0
H4C16,Stim8hr,0
H4C2,Rest,0
H4C2,Stim48hr,0
H4C2,Stim8hr,0
H4C3,Rest,0
H4C3,Stim48hr,0
H4C3,Stim8hr,0
H4C4,Rest,0
H4C4,Stim48hr,0
H4C4,Stim8hr,0
H4C5,Rest,0
H4C5,Stim48hr,0
H4C5,Stim8hr,0
H4C6,Rest,0
H4C6,Stim48hr,0
H4C6,Stim8hr,0
H4C8,Rest,0
H4C8,Stim48hr,0
H4C8,Stim8hr,0
H4C9,Rest,0
H4C9,Stim48hr,0
H4C9,Stim8hr,0
H6PD,Rest,0
H6PD,Stim48hr,0
H6PD,Stim8hr,0
HABP4,Rest,0
HABP4,Stim48hr,0
HABP4,Stim8hr,0
HACD1,Rest,0
HACD1,Stim48hr,0
HACD1,Stim8hr,0
HACD2,Rest,0
HACD2,Stim48hr,1
HACD2,Stim8hr,0
HACD3,Rest,0
HACD3,Stim48hr,0
HACD3,Stim8hr,0
HACD4,Rest,0
HACD4,Stim48hr,0
HACD4,Stim8hr,2
HACE1,Rest,0
HACE1,Stim48hr,0
HACE1,Stim8hr,0
HACL1,Rest,0
HACL1,Stim48hr,0
HACL1,Stim8hr,0
HACL2,Rest,0
HACL2,Stim48hr,0
HACL2,Stim8hr,0
HADH,Rest,0
HADH,Stim48hr,0
HADH,Stim8hr,0
HADHA,Rest,0
HADHA,Stim48hr,0
HADHA,Stim8hr,0
HADHB,Rest,0
HADHB,Stim48hr,0
HADHB,Stim8hr,0
HAGH,Rest,0
HAGH,Stim48hr,0
HAGH,Stim8hr,0
HAGHL,Rest,0
HAGHL,Stim48hr,0
HAGHL,Stim8hr,0
HAND1,Rest,0
HAND1,Stim48hr,0
HAND1,Stim8hr,0
HAND2,Rest,0
HAND2,Stim48hr,0
HAND2,Stim8hr,0
HAPLN3,Rest,0
HAPLN3,Stim48hr,0
HAPLN3,Stim8hr,0
HAPSTR1,Rest,1
HAPSTR1,Stim48hr,0
HAPSTR1,Stim8hr,1
HARBI1,Rest,0
HARBI1,Stim48hr,0
HARBI1,Stim8hr,0
HARS2,Stim48hr,0
HARS2,Stim8hr,1
HAS3,Rest,0
HAS3,Stim48hr,0
HAS3,Stim8hr,0
HASPIN,Rest,0
HASPIN,Stim48hr,0
HASPIN,Stim8hr,0
HAT1,Rest,0
HAT1,Stim48hr,0
HAT1,Stim8hr,0
HAUS2,Stim48hr,0
HAUS2,Stim8hr,0
HAUS8,Rest,2
HAUS8,Stim48hr,0
HAUS8,Stim8hr,0
HAVCR2,Rest,0
HAVCR2,Stim48hr,0
HAVCR2,Stim8hr,0
HAX1,Rest,0
HAX1,Stim48hr,0
HAX1,Stim8hr,0
HBA2,Rest,0
HBA2,Stim48hr,0
HBA2,Stim8hr,0
HBB,Rest,0
HBB,Stim48hr,0
HBB,Stim8hr,0
HBD,Rest,0
HBD,Stim48hr,0
HBD,Stim8hr,0
HBEGF,Rest,0
HBEGF,Stim48hr,0
HBEGF,Stim8hr,0
HBM,Rest,0
HBM,Stim48hr,0
HBM,Stim8hr,0
HBP1,Rest,0
HBP1,Stim48hr,0
HBP1,Stim8hr,0
HBS1L,Rest,1
HCAR1,Rest,0
HCAR1,Stim48hr,0
HCAR1,Stim8hr,0
HCCS,Rest,2
HCCS,Stim48hr,6
HCCS,Stim8hr,0
HCFC1,Stim48hr,0
HCFC1,Stim8hr,1
HCFC1R1,Rest,0
HCFC1R1,Stim48hr,0
HCFC1R1,Stim8hr,0
HCFC2,Rest,0
HCFC2,Stim48hr,0
HCFC2,Stim8hr,0
HCK,Rest,0
HCK,Stim48hr,0
HCK,Stim8hr,0
HCLS1,Rest,1
HCLS1,Stim48hr,0
HCLS1,Stim8hr,0
HCN2,Rest,3
HCN2,Stim48hr,0
HCN2,Stim8hr,0
HCN3,Rest,0
HCN3,Stim48hr,0
HCN3,Stim8hr,0
HCST,Rest,0
HCST,Stim48hr,0
HCST,Stim8hr,0
HDAC1,Rest,0
HDAC1,Stim48hr,0
HDAC1,Stim8hr,0
HDAC10,Stim48hr,0
HDAC10,Stim8hr,0
HDAC11,Rest,0
HDAC11,Stim48hr,0
HDAC11,Stim8hr,0
HDAC2,Rest,0
HDAC2,Stim48hr,0
HDAC2,Stim8hr,0
HDAC3,Rest,2
HDAC3,Stim48hr,0
HDAC3,Stim8hr,1
HDAC4,Rest,0
HDAC4,Stim48hr,0
HDAC4,Stim8hr,0
HDAC5,Rest,0
HDAC5,Stim48hr,0
HDAC5,Stim8hr,0
HDAC6,Rest,0
HDAC6,Stim48hr,0
HDAC6,Stim8hr,0
HDAC7,Rest,0
HDAC7,Stim48hr,0
HDAC7,Stim8hr,0
HDAC8,Rest,0
HDAC8,Stim48hr,0
HDAC8,Stim8hr,0
HDAC9,Rest,0
HDAC9,Stim48hr,0
HDAC9,Stim8hr,0
HDC,Rest,0
HDC,Stim48hr,0
HDC,Stim8hr,0
HDDC2,Rest,0
HDDC2,Stim48hr,0
HDDC2,Stim8hr,0
HDDC3,Rest,0
HDDC3,Stim48hr,0
HDDC3,Stim8hr,0
HDGF,Rest,0
HDGF,Stim48hr,0
HDGF,Stim8hr,0
HDGFL2,Rest,0
HDGFL2,Stim48hr,0
HDGFL2,Stim8hr,0
HDGFL3,Rest,0
HDGFL3,Stim48hr,0
HDGFL3,Stim8hr,0
HDHD2,Rest,0
HDHD2,Stim48hr,0
HDHD2,Stim8hr,0
HDHD3,Rest,0
HDHD3,Stim48hr,0
HDHD3,Stim8hr,0
HDHD5,Rest,0
HDHD5,Stim48hr,0
HDHD5,Stim8hr,0
HDIP1,Rest,4
HDIP1,Stim48hr,0
HDIP1,Stim8hr,0
HDLBP,Rest,0
HDLBP,Stim48hr,0
HDLBP,Stim8hr,0
HDX,Rest,0
HDX,Stim48hr,0
HDX,Stim8hr,0
HEATR3,Rest,0
HEATR3,Stim48hr,0
HEATR3,Stim8hr,2
HEATR4,Rest,0
HEATR4,Stim48hr,0
HEATR4,Stim8hr,0
HEATR5A,Rest,0
HEATR5A,Stim48hr,0
HEATR5A,Stim8hr,0
HEATR5B,Rest,0
HEATR5B,Stim48hr,1
HEATR5B,Stim8hr,0
HEATR6,Rest,0
HEATR6,Stim48hr,0
HEATR6,Stim8hr,0
HEBP1,Rest,0
HEBP1,Stim48hr,0
HEBP1,Stim8hr,0
HEBP2,Rest,0
HEBP2,Stim48hr,0
HEBP2,Stim8hr,0
HECA,Rest,0
HECA,Stim48hr,0
HECA,Stim8hr,0
HECTD1,Rest,0
HECTD1,Stim48hr,1
HECTD1,Stim8hr,0
HECTD3,Rest,0
HECTD3,Stim48hr,0
HECTD3,Stim8hr,0
HECTD4,Rest,0
HECTD4,Stim8hr,0
HECW1,Rest,0
HECW1,Stim48hr,0
HECW1,Stim8hr,0
HEG1,Rest,0
HEG1,Stim48hr,0
HEG1,Stim8hr,0
HELB,Rest,0
HELB,Stim48hr,0
HELB,Stim8hr,0
HELLS,Rest,0
HELLS,Stim48hr,0
HELLS,Stim8hr,0
HELQ,Rest,0
HELQ,Stim48hr,0
HELQ,Stim8hr,0
HELT,Rest,0
HELT,Stim48hr,5
HELT,Stim8hr,2
HELZ,Rest,0
HELZ,Stim48hr,0
HELZ,Stim8hr,0
HELZ2,Rest,0
HELZ2,Stim48hr,0
HELZ2,Stim8hr,0
HEMGN,Rest,0
HEMGN,Stim48hr,0
HEMGN,Stim8hr,0
HEMK1,Rest,0
HEMK1,Stim48hr,0
HEMK1,Stim8hr,0
HEMK2,Rest,1
HEMK2,Stim48hr,7
HEMK2,Stim8hr,2
HENMT1,Rest,0
HENMT1,Stim48hr,0
HENMT1,Stim8hr,0
HERC1,Rest,0
HERC1,Stim48hr,0
HERC1,Stim8hr,0
HERC2,Stim48hr,1
HERC2,Stim8hr,0
HERC3,Rest,1
HERC3,Stim48hr,1
HERC3,Stim8hr,0
HERC4,Rest,0
HERC4,Stim48hr,0
HERC4,Stim8hr,0
HERC5,Rest,0
HERC5,Stim48hr,0
HERC5,Stim8hr,0
HERC6,Rest,0
HERC6,Stim48hr,0
HERC6,Stim8hr,0
HERPUD1,Rest,0
HERPUD1,Stim48hr,0
HERPUD1,Stim8hr,0
HERPUD2,Rest,0
HERPUD2,Stim48hr,0
HERPUD2,Stim8hr,0
HES1,Rest,0
HES1,Stim48hr,0
HES1,Stim8hr,0
HES2,Rest,0
HES2,Stim48hr,0
HES2,Stim8hr,0
HES3,Rest,0
HES3,Stim48hr,0
HES3,Stim8hr,0
HES4,Rest,0
HES4,Stim48hr,0
HES4,Stim8hr,0
HES5,Rest,0
HES5,Stim48hr,0
HES5,Stim8hr,0
HES6,Rest,0
HES6,Stim48hr,0
HES6,Stim8hr,0
HES7,Rest,0
HES7,Stim48hr,0
HES7,Stim8hr,0
HESX1,Rest,0
HESX1,Stim48hr,0
HESX1,Stim8hr,0
HEXA,Rest,0
HEXA,Stim48hr,0
HEXA,Stim8hr,0
HEXB,Rest,0
HEXB,Stim48hr,0
HEXB,Stim8hr,0
HEXD,Rest,0
HEXD,Stim48hr,0
HEXD,Stim8hr,0
HEXIM1,Rest,0
HEXIM1,Stim48hr,3
HEXIM1,Stim8hr,1
HEXIM2,Rest,0
HEXIM2,Stim48hr,0
HEXIM2,Stim8hr,0
HEY1,Rest,2
HEY1,Stim48hr,0
HEY1,Stim8hr,0
HEY2,Rest,0
HEY2,Stim48hr,0
HEY2,Stim8hr,0
HEYL,Rest,0
HEYL,Stim48hr,0
HEYL,Stim8hr,0
HFE,Rest,0
HFE,Stim48hr,0
HFE,Stim8hr,0
HGD,Rest,0
HGD,Stim48hr,0
HGD,Stim8hr,0
HGH1,Rest,0
HGH1,Stim48hr,0
HGH1,Stim8hr,0
HGSNAT,Rest,0
HGSNAT,Stim48hr,0
HGSNAT,Stim8hr,0
HHAT,Rest,0
HHAT,Stim48hr,0
HHAT,Stim8hr,0
HHEX,Rest,0
HHEX,Stim48hr,0
HHEX,Stim8hr,0
HHLA2,Rest,0
HHLA2,Stim48hr,0
HHLA2,Stim8hr,0
HIBADH,Rest,0
HIBADH,Stim48hr,0
HIBADH,Stim8hr,0
HIBCH,Rest,0
HIBCH,Stim48hr,0
HIBCH,Stim8hr,0
HIC1,Rest,0
HIC1,Stim48hr,0
HIC1,Stim8hr,0
HIC2,Rest,0
HIC2,Stim48hr,0
HIC2,Stim8hr,0
HID1,Rest,0
HID1,Stim48hr,0
HID1,Stim8hr,0
HIF1A,Rest,0
HIF1A,Stim48hr,0
HIF1A,Stim8hr,0
HIF1AN,Rest,0
HIF1AN,Stim48hr,0
HIF1AN,Stim8hr,0
HIF3A,Rest,0
HIF3A,Stim48hr,0
HIF3A,Stim8hr,0
HIGD1A,Rest,0
HIGD1A,Stim48hr,1
HIGD1A,Stim8hr,0
HIGD2A,Rest,0
HIGD2A,Stim48hr,0
HIGD2A,Stim8hr,0
HIKESHI,Rest,0
HIKESHI,Stim48hr,0
HIKESHI,Stim8hr,0
HILPDA,Rest,0
HILPDA,Stim48hr,0
HILPDA,Stim8hr,0
HINT1,Rest,0
HINT1,Stim48hr,0
HINT1,Stim8hr,0
HINT2,Rest,0
HINT2,Stim48hr,0
HINT2,Stim8hr,0
HINT3,Rest,0
HINT3,Stim48hr,0
HINT3,Stim8hr,0
HIP1,Rest,0
HIP1,Stim48hr,0
HIP1,Stim8hr,0
HIP1R,Rest,1
HIP1R,Stim48hr,2
HIP1R,Stim8hr,1
HIPK1,Rest,0
HIPK1,Stim48hr,0
HIPK1,Stim8hr,0
HIPK2,Rest,0
HIPK2,Stim48hr,0
HIPK2,Stim8hr,0
HIPK3,Rest,0
HIPK3,Stim48hr,0
HIPK3,Stim8hr,0
HIRIP3,Rest,0
HIRIP3,Stim48hr,0
HIRIP3,Stim8hr,0
HIVEP1,Rest,0
HIVEP1,Stim48hr,0
HIVEP1,Stim8hr,0
HIVEP2,Rest,0
HIVEP2,Stim48hr,0
HIVEP2,Stim8hr,0
HIVEP3,Rest,0
HIVEP3,Stim48hr,0
HIVEP3,Stim8hr,0
HK1,Rest,0
HK1,Stim48hr,0
HK1,Stim8hr,0
HK2,Rest,0
HK2,Stim48hr,0
HK2,Stim8hr,0
HK3,Rest,0
HK3,Stim48hr,0
HK3,Stim8hr,0
HLA-A,Rest,2
HLA-A,Stim48hr,0
HLA-A,Stim8hr,0
HLA-B,Rest,0
HLA-B,Stim48hr,0
HLA-B,Stim8hr,0
HLA-C,Rest,0
HLA-C,Stim48hr,0
HLA-C,Stim8hr,0
HLA-DMA,Rest,0
HLA-DMA,Stim48hr,0
HLA-DMA,Stim8hr,0
HLA-DMB,Rest,0
HLA-DMB,Stim48hr,0
HLA-DMB,Stim8hr,0
HLA-DOA,Rest,0
HLA-DOA,Stim48hr,0
HLA-DOA,Stim8hr,0
HLA-DOB,Rest,0
HLA-DOB,Stim48hr,0
HLA-DOB,Stim8hr,0
HLA-DPA1,Rest,0
HLA-DPA1,Stim48hr,0
HLA-DPA1,Stim8hr,0
HLA-DPB1,Rest,2
HLA-DPB1,Stim48hr,0
HLA-DPB1,Stim8hr,0
HLA-DQA1,Rest,0
HLA-DQA1,Stim48hr,0
HLA-DQA1,Stim8hr,0
HLA-DQA2,Rest,0
HLA-DQA2,Stim48hr,0
HLA-DQA2,Stim8hr,0
HLA-DQB1,Rest,0
HLA-DQB1,Stim48hr,0
HLA-DQB1,Stim8hr,0
HLA-DRA,Rest,0
HLA-DRA,Stim48hr,0
HLA-DRA,Stim8hr,0
HLA-DRB1,Rest,0
HLA-DRB1,Stim48hr,0
HLA-DRB1,Stim8hr,0
HLA-DRB5,Rest,0
HLA-DRB5,Stim48hr,0
HLA-DRB5,Stim8hr,0
HLA-E,Rest,0
HLA-E,Stim48hr,0
HLA-E,Stim8hr,0
HLA-F,Rest,0
HLA-F,Stim48hr,0
HLA-F,Stim8hr,0
HLA-G,Rest,0
HLA-G,Stim48hr,0
HLA-G,Stim8hr,0
HLCS,Rest,0
HLCS,Stim48hr,0
HLCS,Stim8hr,0
HLF,Rest,0
HLF,Stim48hr,0
HLF,Stim8hr,0
HLTF,Rest,0
HLTF,Stim48hr,0
HLTF,Stim8hr,0
HLX,Rest,0
HM13,Rest,0
HM13,Stim48hr,0
HM13,Stim8hr,0
HMBOX1,Rest,1
HMBOX1,Stim48hr,0
HMBOX1,Stim8hr,0
HMBS,Rest,0
HMBS,Stim48hr,2
HMBS,Stim8hr,1
HMCES,Rest,0
HMCES,Stim48hr,0
HMCES,Stim8hr,0
HMCN1,Rest,0
HMCN1,Stim48hr,0
HMCN1,Stim8hr,0
HMCN2,Rest,0
HMCN2,Stim48hr,0
HMCN2,Stim8hr,0
HMG20A,Rest,1
HMG20A,Stim48hr,0
HMG20A,Stim8hr,0
HMG20B,Rest,0
HMG20B,Stim48hr,0
HMG20B,Stim8hr,0
HMGA1,Rest,1
HMGA1,Stim48hr,0
HMGA1,Stim8hr,0
HMGA2,Rest,0
HMGA2,Stim48hr,0
HMGA2,Stim8hr,0
HMGB1,Rest,0
HMGB1,Stim48hr,0
HMGB1,Stim8hr,0
HMGB2,Rest,0
HMGB2,Stim48hr,0
HMGB2,Stim8hr,0
HMGB3,Rest,0
HMGB3,Stim48hr,0
HMGB3,Stim8hr,0
HMGN1,Rest,0
HMGN1,Stim48hr,0
HMGN1,Stim8hr,0
HMGN2,Rest,0
HMGN2,Stim48hr,0
HMGN2,Stim8hr,0
HMGN3,Rest,0
HMGN3,Stim48hr,0
HMGN3,Stim8hr,0
HMGN4,Rest,0
HMGN4,Stim48hr,0
HMGN4,Stim8hr,1
HMGN5,Rest,0
HMGN5,Stim48hr,0
HMGN5,Stim8hr,0
HMGXB3,Rest,0
HMGXB3,Stim48hr,3
HMGXB3,Stim8hr,0
HMGXB4,Rest,1
HMGXB4,Stim48hr,0
HMGXB4,Stim8hr,0
HMMR,Rest,0
HMMR,Stim48hr,0
HMMR,Stim8hr,0
HMOX1,Rest,0
HMOX1,Stim48hr,0
HMOX1,Stim8hr,0
HMOX2,Rest,0
HMOX2,Stim48hr,0
HMOX2,Stim8hr,0
HMSD,Rest,0
HMSD,Stim48hr,0
HMSD,Stim8hr,0
HMX1,Rest,0
HMX1,Stim48hr,0
HMX1,Stim8hr,0
HMX2,Rest,0
HMX2,Stim48hr,0
HMX2,Stim8hr,0
HMX3,Rest,0
HMX3,Stim48hr,1
HMX3,Stim8hr,0
HNF1A,Rest,0
HNF1A,Stim48hr,0
HNF1A,Stim8hr,0
HNF1B,Rest,0
HNF1B,Stim48hr,0
HNF1B,Stim8hr,0
HNF4A,Rest,0
HNF4A,Stim48hr,0
HNF4A,Stim8hr,0
HNF4G,Rest,0
HNF4G,Stim48hr,0
HNF4G,Stim8hr,0
HNRNPA0,Rest,0
HNRNPA0,Stim48hr,0
HNRNPA0,Stim8hr,0
HNRNPA1,Rest,0
HNRNPA1,Stim48hr,0
HNRNPA1,Stim8hr,0
HNRNPA1L2,Rest,0
HNRNPA1L2,Stim48hr,0
HNRNPA1L2,Stim8hr,0
HNRNPA2B1,Rest,1
HNRNPA2B1,Stim48hr,0
HNRNPA2B1,Stim8hr,0
HNRNPA3,Rest,0
HNRNPA3,Stim48hr,0
HNRNPA3,Stim8hr,0
HNRNPAB,Rest,0
HNRNPAB,Stim48hr,0
HNRNPAB,Stim8hr,0
HNRNPC,Rest,0
HNRNPC,Stim48hr,0
HNRNPC,Stim8hr,0
HNRNPD,Rest,0
HNRNPD,Stim48hr,0
HNRNPD,Stim8hr,0
HNRNPDL,Rest,0
HNRNPDL,Stim48hr,0
HNRNPDL,Stim8hr,0
HNRNPF,Rest,0
HNRNPF,Stim48hr,0
HNRNPF,Stim8hr,0
HNRNPH1,Rest,0
HNRNPH1,Stim48hr,1
HNRNPH1,Stim8hr,0
HNRNPH2,Rest,0
HNRNPH2,Stim48hr,0
HNRNPH2,Stim8hr,0
HNRNPH3,Rest,0
HNRNPH3,Stim48hr,0
HNRNPH3,Stim8hr,0
HNRNPLL,Rest,0
HNRNPLL,Stim48hr,0
HNRNPLL,Stim8hr,0
HNRNPM,Rest,0
HNRNPM,Stim48hr,2
HNRNPM,Stim8hr,0
HNRNPR,Rest,0
HNRNPR,Stim48hr,0
HNRNPR,Stim8hr,1
HNRNPU,Rest,0
HNRNPU,Stim48hr,0
HNRNPUL1,Rest,0
HNRNPUL1,Stim48hr,0
HNRNPUL1,Stim8hr,0
HNRNPUL2,Rest,0
HNRNPUL2,Stim48hr,0
HNRNPUL2,Stim8hr,0
HOMER1,Rest,0
HOMER1,Stim48hr,0
HOMER1,Stim8hr,0
HOMER2,Rest,0
HOMER2,Stim48hr,0
HOMER2,Stim8hr,0
HOMER3,Rest,5
HOMER3,Stim48hr,0
HOMER3,Stim8hr,0
HOMEZ,Rest,0
HOMEZ,Stim48hr,0
HOMEZ,Stim8hr,0
HOOK1,Rest,0
HOOK1,Stim48hr,0
HOOK1,Stim8hr,0
HOOK2,Rest,0
HOOK2,Stim48hr,0
HOOK2,Stim8hr,0
HOOK3,Rest,0
HOOK3,Stim48hr,0
HOOK3,Stim8hr,0
HOPX,Rest,0
HOPX,Stim48hr,0
HOPX,Stim8hr,0
HOXA1,Rest,0
HOXA1,Stim48hr,0
HOXA1,Stim8hr,0
HOXA10,Rest,1
HOXA10,Stim48hr,0
HOXA10,Stim8hr,0
HOXA11,Rest,1
HOXA11,Stim48hr,0
HOXA11,Stim8hr,0
HOXA13,Rest,0
HOXA13,Stim48hr,0
HOXA13,Stim8hr,0
HOXA2,Rest,0
HOXA2,Stim48hr,0
HOXA2,Stim8hr,0
HOXA3,Rest,1
HOXA3,Stim48hr,0
HOXA3,Stim8hr,0
HOXA4,Rest,0
HOXA4,Stim48hr,0
HOXA4,Stim8hr,0
HOXA5,Rest,0
HOXA5,Stim48hr,0
HOXA5,Stim8hr,0
HOXA6,Rest,0
HOXA6,Stim48hr,0
HOXA6,Stim8hr,0
HOXA7,Rest,0
HOXA7,Stim48hr,0
HOXA7,Stim8hr,0
HOXA9,Rest,0
HOXA9,Stim48hr,0
HOXA9,Stim8hr,0
HOXB1,Rest,0
HOXB1,Stim48hr,0
HOXB1,Stim8hr,0
HOXB13,Rest,0
HOXB13,Stim48hr,0
HOXB13,Stim8hr,0
HOXB2,Rest,0
HOXB2,Stim48hr,0
HOXB2,Stim8hr,0
HOXB3,Rest,0
HOXB3,Stim48hr,0
HOXB3,Stim8hr,0
HOXB4,Rest,0
HOXB4,Stim48hr,0
HOXB4,Stim8hr,0
HOXB5,Rest,0
HOXB5,Stim48hr,0
HOXB5,Stim8hr,0
HOXB6,Rest,0
HOXB6,Stim48hr,0
HOXB6,Stim8hr,0
HOXB7,Rest,0
HOXB7,Stim48hr,0
HOXB7,Stim8hr,0
HOXB8,Rest,0
HOXB8,Stim48hr,0
HOXB8,Stim8hr,0
HOXB9,Rest,0
HOXB9,Stim48hr,0
HOXB9,Stim8hr,0
HOXC10,Rest,0
HOXC10,Stim48hr,0
HOXC10,Stim8hr,0
HOXC11,Rest,0
HOXC11,Stim48hr,0
HOXC11,Stim8hr,0
HOXC12,Rest,0
HOXC12,Stim48hr,0
HOXC12,Stim8hr,0
HOXC13,Rest,0
HOXC13,Stim48hr,0
HOXC13,Stim8hr,0
HOXC4,Rest,0
HOXC4,Stim48hr,0
HOXC4,Stim8hr,0
HOXC5,Rest,1
HOXC5,Stim48hr,0
HOXC5,Stim8hr,0
HOXC8,Rest,0
HOXC8,Stim48hr,0
HOXC8,Stim8hr,0
HOXC9,Rest,0
HOXC9,Stim48hr,0
HOXC9,Stim8hr,0
HOXD1,Rest,0
HOXD1,Stim48hr,0
HOXD1,Stim8hr,0
HOXD10,Rest,0
HOXD10,Stim48hr,0
HOXD10,Stim8hr,0
HOXD11,Rest,0
HOXD11,Stim48hr,0
HOXD11,Stim8hr,0
HOXD12,Rest,0
HOXD12,Stim48hr,0
HOXD12,Stim8hr,0
HOXD13,Rest,0
HOXD13,Stim48hr,0
HOXD13,Stim8hr,0
HOXD3,Rest,0
HOXD3,Stim48hr,0
HOXD3,Stim8hr,0
HOXD4,Rest,0
HOXD4,Stim48hr,0
HOXD4,Stim8hr,0
HOXD8,Rest,0
HOXD8,Stim48hr,1
HOXD8,Stim8hr,0
HOXD9,Rest,0
HOXD9,Stim48hr,0
HOXD9,Stim8hr,0
HP1BP3,Rest,0
HP1BP3,Stim48hr,0
HP1BP3,Stim8hr,0
HPCAL1,Rest,0
HPCAL1,Stim48hr,0
HPCAL1,Stim8hr,0
HPCAL4,Rest,0
HPCAL4,Stim48hr,0
HPCAL4,Stim8hr,0
HPDL,Rest,0
HPDL,Stim48hr,0
HPDL,Stim8hr,0
HPF1,Rest,0
HPF1,Stim48hr,0
HPF1,Stim8hr,0
HPGD,Rest,0
HPGD,Stim48hr,0
HPGD,Stim8hr,0
HPGDS,Rest,0
HPGDS,Stim48hr,0
HPGDS,Stim8hr,0
HPRT1,Rest,0
HPRT1,Stim48hr,0
HPRT1,Stim8hr,0
HPS1,Rest,1
HPS1,Stim48hr,0
HPS1,Stim8hr,0
HPS3,Rest,0
HPS3,Stim48hr,0
HPS3,Stim8hr,0
HPS4,Rest,0
HPS4,Stim48hr,0
HPS4,Stim8hr,0
HPS5,Rest,0
HPS5,Stim48hr,0
HPS5,Stim8hr,0
HPS6,Rest,0
HPS6,Stim48hr,0
HPS6,Stim8hr,0
HPSE,Rest,0
HPSE,Stim48hr,0
HPSE,Stim8hr,0
HRAS,Rest,0
HRAS,Stim48hr,0
HRAS,Stim8hr,0
HRH2,Rest,0
HRH2,Stim48hr,0
HRH2,Stim8hr,0
HRH4,Rest,0
HRH4,Stim48hr,0
HRH4,Stim8hr,0
HROB,Rest,0
HROB,Stim48hr,0
HROB,Stim8hr,0
HS1BP3,Rest,0
HS1BP3,Stim48hr,0
HS1BP3,Stim8hr,0
HS2ST1,Rest,0
HS2ST1,Stim48hr,0
HS2ST1,Stim8hr,0
HS3ST3A1,Rest,0
HS3ST3A1,Stim48hr,0
HS3ST3A1,Stim8hr,0
HS3ST3B1,Rest,0
HS3ST3B1,Stim48hr,0
HS3ST3B1,Stim8hr,0
HS6ST1,Rest,0
HS6ST1,Stim48hr,0
HS6ST1,Stim8hr,0
HSBP1,Rest,0
HSBP1,Stim48hr,0
HSBP1,Stim8hr,0
HSBP1L1,Rest,0
HSBP1L1,Stim48hr,0
HSBP1L1,Stim8hr,0
HSD11B1,Rest,0
HSD11B1,Stim48hr,0
HSD11B1,Stim8hr,0
HSD11B2,Rest,2
HSD11B2,Stim48hr,0
HSD11B2,Stim8hr,0
HSD17B1,Rest,0
HSD17B1,Stim48hr,0
HSD17B1,Stim8hr,0
HSD17B10,Rest,0
HSD17B10,Stim48hr,0
HSD17B10,Stim8hr,0
HSD17B11,Rest,0
HSD17B11,Stim48hr,0
HSD17B11,Stim8hr,0
HSD17B12,Stim48hr,0
HSD17B12,Stim8hr,2
HSD17B13,Rest,0
HSD17B13,Stim48hr,0
HSD17B13,Stim8hr,0
HSD17B14,Rest,0
HSD17B14,Stim48hr,0
HSD17B14,Stim8hr,0
HSD17B4,Rest,0
HSD17B4,Stim48hr,0
HSD17B4,Stim8hr,0
HSD17B7,Rest,0
HSD17B7,Stim48hr,0
HSD17B7,Stim8hr,0
HSD17B8,Rest,0
HSD17B8,Stim48hr,0
HSD17B8,Stim8hr,1
HSD3B7,Rest,0
HSD3B7,Stim48hr,0
HSD3B7,Stim8hr,0
HSDL1,Rest,0
HSDL1,Stim48hr,0
HSDL1,Stim8hr,0
HSDL2,Rest,0
HSDL2,Stim48hr,0
HSDL2,Stim8hr,0
HSF1,Rest,0
HSF1,Stim48hr,0
HSF1,Stim8hr,0
HSF2,Rest,0
HSF2,Stim48hr,0
HSF2,Stim8hr,0
HSF4,Rest,0
HSF4,Stim48hr,0
HSF4,Stim8hr,0
HSF5,Rest,0
HSF5,Stim48hr,1
HSF5,Stim8hr,0
HSFX1,Rest,1
HSFX1,Stim48hr,0
HSFX1,Stim8hr,0
HSFX2,Rest,0
HSFX2,Stim48hr,0
HSFX2,Stim8hr,0
HSFY2,Rest,0
HSFY2,Stim48hr,0
HSFY2,Stim8hr,0
HSH2D,Rest,0
HSH2D,Stim48hr,0
HSH2D,Stim8hr,0
HSP90AA1,Rest,0
HSP90AA1,Stim48hr,0
HSP90AA1,Stim8hr,0
HSP90AB1,Rest,0
HSP90AB1,Stim48hr,0
HSP90AB1,Stim8hr,0
HSP90B1,Rest,0
HSP90B1,Stim48hr,0
HSP90B1,Stim8hr,0
HSPA12A,Rest,0
HSPA12A,Stim48hr,0
HSPA12A,Stim8hr,0
HSPA13,Rest,0
HSPA13,Stim48hr,0
HSPA13,Stim8hr,0
HSPA14,Rest,0
HSPA14,Stim48hr,0
HSPA14,Stim8hr,0
HSPA1B,Rest,0
HSPA1B,Stim48hr,0
HSPA1B,Stim8hr,0
HSPA1L,Rest,0
HSPA1L,Stim48hr,0
HSPA1L,Stim8hr,0
HSPA2,Rest,0
HSPA2,Stim48hr,0
HSPA2,Stim8hr,0
HSPA4,Rest,0
HSPA4,Stim48hr,0
HSPA4,Stim8hr,0
HSPA6,Rest,0
HSPA6,Stim48hr,0
HSPA6,Stim8hr,0
HSPA8,Rest,0
HSPA8,Stim48hr,0
HSPA8,Stim8hr,0
HSPB1,Rest,0
HSPB1,Stim48hr,0
HSPB1,Stim8hr,0
HSPBAP1,Rest,0
HSPBAP1,Stim48hr,0
HSPBAP1,Stim8hr,0
HSPBP1,Rest,0
HSPBP1,Stim48hr,0
HSPBP1,Stim8hr,0
HSPD1,Rest,0
HSPD1,Stim48hr,0
HSPD1,Stim8hr,0
HSPE1,Rest,0
HSPE1,Stim48hr,1
HSPE1,Stim8hr,0
HSPG2,Rest,0
HSPG2,Stim48hr,0
HSPG2,Stim8hr,0
HSPH1,Rest,0
HSPH1,Stim48hr,0
HSPH1,Stim8hr,1
HTATIP2,Rest,0
HTATIP2,Stim48hr,0
HTATIP2,Stim8hr,0
HTATSF1,Rest,0
HTATSF1,Stim48hr,0
HTATSF1,Stim8hr,0
HTN1,Rest,0
HTN1,Stim48hr,0
HTN1,Stim8hr,0
HTRA2,Rest,0
HTRA2,Stim48hr,0
HTRA2,Stim8hr,0
HTT,Rest,0
HTT,Stim48hr,0
HTT,Stim8hr,0
HUS1B,Rest,0
HUS1B,Stim48hr,0
HUS1B,Stim8hr,0
HUWE1,Rest,0
HUWE1,Stim48hr,0
HUWE1,Stim8hr,0
HVCN1,Rest,0
HVCN1,Stim48hr,0
HVCN1,Stim8hr,0
HYAL2,Rest,0
HYAL2,Stim48hr,0
HYAL2,Stim8hr,0
HYAL3,Rest,0
HYAL3,Stim48hr,0
HYAL3,Stim8hr,0
HYCC1,Rest,0
HYCC1,Stim48hr,0
HYCC1,Stim8hr,0
HYCC2,Rest,0
HYCC2,Stim48hr,0
HYCC2,Stim8hr,0
HYI,Rest,0
HYI,Stim48hr,0
HYI,Stim8hr,0
HYKK,Rest,1
HYKK,Stim48hr,0
HYKK,Stim8hr,0
HYLS1,Rest,0
HYLS1,Stim48hr,0
HYLS1,Stim8hr,0
HYOU1,Rest,0
IAH1,Rest,0
IAH1,Stim48hr,0
IAH1,Stim8hr,0
IARS1,Rest,0
IARS1,Stim48hr,0
IARS1,Stim8hr,0
IARS2,Rest,1
IBA57,Rest,0
IBA57,Stim48hr,2
IBA57,Stim8hr,1
IBTK,Rest,0
IBTK,Stim48hr,0
IBTK,Stim8hr,0
ICA1,Rest,0
ICA1,Stim48hr,0
ICA1,Stim8hr,0
ICA1L,Rest,0
ICA1L,Stim48hr,0
ICA1L,Stim8hr,0
ICAM1,Rest,0
ICAM1,Stim48hr,0
ICAM1,Stim8hr,0
ICAM2,Rest,0
ICAM2,Stim48hr,3
ICAM2,Stim8hr,0
ICAM3,Rest,0
ICAM3,Stim48hr,0
ICAM3,Stim8hr,0
ICE2,Rest,0
ICE2,Stim48hr,0
ICE2,Stim8hr,0
ICMT,Stim48hr,2
ICOS,Rest,0
ICOS,Stim48hr,0
ICOS,Stim8hr,3
ICOSLG,Rest,0
ICOSLG,Stim48hr,0
ICOSLG,Stim8hr,0
ID1,Rest,0
ID1,Stim48hr,0
ID1,Stim8hr,0
ID2,Rest,2
ID2,Stim48hr,2
ID2,Stim8hr,0
ID3,Rest,0
ID3,Stim48hr,0
ID3,Stim8hr,0
IDE,Rest,0
IDE,Stim48hr,0
IDE,Stim8hr,0
IDH1,Rest,0
IDH1,Stim48hr,0
IDH1,Stim8hr,0
IDH2,Rest,0
IDH2,Stim48hr,0
IDH2,Stim8hr,0
IDH3A,Rest,0
IDH3A,Stim48hr,0
IDH3A,Stim8hr,0
IDH3B,Rest,0
IDH3B,Stim48hr,0
IDH3B,Stim8hr,0
IDH3G,Rest,0
IDH3G,Stim48hr,0
IDH3G,Stim8hr,0
IDNK,Rest,0
IDNK,Stim48hr,0
IDNK,Stim8hr,0
IDS,Rest,0
IDS,Stim48hr,0
IDS,Stim8hr,0
IDUA,Rest,0
IDUA,Stim48hr,0
IDUA,Stim8hr,0
IER2,Rest,0
IER2,Stim48hr,0
IER2,Stim8hr,0
IER3,Rest,0
IER3,Stim48hr,0
IER3,Stim8hr,0
IER3IP1,Rest,0
IER3IP1,Stim48hr,0
IER3IP1,Stim8hr,0
IER5,Rest,0
IER5,Stim48hr,0
IER5,Stim8hr,0
IER5L,Rest,0
IER5L,Stim48hr,1
IER5L,Stim8hr,0
IFFO1,Rest,0
IFFO1,Stim48hr,0
IFFO1,Stim8hr,0
IFFO2,Rest,0
IFFO2,Stim48hr,0
IFFO2,Stim8hr,0
IFI16,Rest,0
IFI16,Stim48hr,0
IFI16,Stim8hr,0
IFI27,Rest,0
IFI27,Stim48hr,0
IFI27,Stim8hr,0
IFI27L1,Rest,0
IFI27L1,Stim48hr,0
IFI27L1,Stim8hr,1
IFI27L2,Rest,0
IFI27L2,Stim48hr,0
IFI27L2,Stim8hr,0
IFI30,Rest,0
IFI30,Stim48hr,0
IFI30,Stim8hr,0
IFI35,Rest,0
IFI35,Stim48hr,0
IFI35,Stim8hr,0
IFI44,Rest,0
IFI44,Stim48hr,0
IFI44,Stim8hr,0
IFI44L,Rest,0
IFI44L,Stim48hr,0
IFI44L,Stim8hr,0
IFI6,Rest,0
IFI6,Stim48hr,0
IFI6,Stim8hr,1
IFIH1,Rest,0
IFIH1,Stim48hr,0
IFIH1,Stim8hr,0
IFIT1,Rest,0
IFIT1,Stim48hr,0
IFIT1,Stim8hr,0
IFIT2,Rest,0
IFIT2,Stim48hr,0
IFIT2,Stim8hr,0
IFIT3,Rest,0
IFIT3,Stim48hr,0
IFIT3,Stim8hr,0
IFIT5,Rest,0
IFIT5,Stim48hr,0
IFIT5,Stim8hr,0
IFITM1,Rest,0
IFITM1,Stim48hr,0
IFITM1,Stim8hr,0
IFITM2,Rest,0
IFITM2,Stim48hr,0
IFITM2,Stim8hr,0
IFITM3,Rest,0
IFITM3,Stim48hr,0
IFITM3,Stim8hr,0
IFITM5,Rest,0
IFITM5,Stim48hr,0
IFITM5,Stim8hr,0
IFNAR1,Rest,0
IFNAR1,Stim48hr,0
IFNAR1,Stim8hr,0
IFNAR2,Rest,0
IFNAR2,Stim48hr,0
IFNAR2,Stim8hr,0
IFNG,Rest,0
IFNG,Stim48hr,0
IFNG,Stim8hr,0
IFNGR1,Rest,0
IFNGR1,Stim48hr,0
IFNGR1,Stim8hr,0
IFNGR2,Rest,0
IFNGR2,Stim48hr,0
IFNGR2,Stim8hr,0
IFNLR1,Rest,0
IFNLR1,Stim48hr,0
IFNLR1,Stim8hr,0
IFRD1,Rest,0
IFRD1,Stim48hr,0
IFRD1,Stim8hr,0
IFRD2,Rest,0
IFRD2,Stim48hr,0
IFRD2,Stim8hr,0
IFT122,Rest,0
IFT122,Stim48hr,0
IFT122,Stim8hr,0
IFT140,Rest,0
IFT140,Stim48hr,0
IFT140,Stim8hr,0
IFT172,Rest,0
IFT172,Stim48hr,0
IFT172,Stim8hr,0
IFT20,Rest,0
IFT20,Stim48hr,0
IFT20,Stim8hr,0
IFT22,Rest,0
IFT22,Stim48hr,0
IFT22,Stim8hr,0
IFT25,Rest,0
IFT25,Stim48hr,0
IFT25,Stim8hr,0
IFT27,Rest,0
IFT27,Stim48hr,0
IFT27,Stim8hr,0
IFT38,Rest,0
IFT38,Stim48hr,0
IFT38,Stim8hr,0
IFT43,Rest,0
IFT43,Stim48hr,0
IFT43,Stim8hr,0
IFT46,Rest,0
IFT46,Stim48hr,0
IFT46,Stim8hr,0
IFT52,Rest,0
IFT52,Stim48hr,0
IFT52,Stim8hr,0
IFT54,Rest,0
IFT54,Stim48hr,0
IFT54,Stim8hr,0
IFT56,Rest,0
IFT56,Stim48hr,0
IFT56,Stim8hr,0
IFT57,Rest,0
IFT57,Stim48hr,0
IFT57,Stim8hr,0
IFT70B,Rest,0
IFT70B,Stim48hr,0
IFT70B,Stim8hr,0
IFT74,Rest,0
IFT74,Stim48hr,0
IFT74,Stim8hr,0
IFT80,Rest,0
IFT80,Stim48hr,0
IFT80,Stim8hr,0
IFT88,Rest,0
IFT88,Stim48hr,0
IFT88,Stim8hr,0
IFTAP,Rest,0
IFTAP,Stim48hr,0
IFTAP,Stim8hr,0
IGF1R,Rest,0
IGF1R,Stim48hr,0
IGF1R,Stim8hr,0
IGF2,Rest,0
IGF2,Stim48hr,0
IGF2,Stim8hr,0
IGF2BP3,Rest,0
IGF2BP3,Stim48hr,0
IGF2BP3,Stim8hr,0
IGF2R,Rest,0
IGF2R,Stim48hr,0
IGF2R,Stim8hr,0
IGFBP2,Rest,0
IGFBP2,Stim48hr,0
IGFBP2,Stim8hr,0
IGFBP3,Rest,0
IGFBP3,Stim48hr,0
IGFBP3,Stim8hr,0
IGFBP4,Rest,0
IGFBP4,Stim48hr,0
IGFBP4,Stim8hr,0
IGFBP5,Rest,0
IGFBP5,Stim48hr,0
IGFBP5,Stim8hr,0
IGFBP6,Rest,0
IGFBP6,Stim48hr,0
IGFBP6,Stim8hr,0
IGFBP7,Rest,0
IGFBP7,Stim48hr,0
IGFBP7,Stim8hr,0
IGFLR1,Rest,0
IGFLR1,Stim48hr,0
IGFLR1,Stim8hr,0
IGHMBP2,Rest,2
IGHMBP2,Stim48hr,0
IGHMBP2,Stim8hr,0
IGIP,Rest,0
IGIP,Stim48hr,0
IGIP,Stim8hr,0
IGLL5,Stim48hr,0
IGLL5,Stim8hr,0
IGSF22,Rest,0
IGSF22,Stim48hr,0
IGSF22,Stim8hr,0
IGSF3,Rest,0
IGSF3,Stim48hr,0
IGSF3,Stim8hr,0
IGSF6,Rest,0
IGSF6,Stim48hr,0
IGSF6,Stim8hr,0
IGSF8,Rest,0
IGSF8,Stim48hr,0
IGSF8,Stim8hr,0
IGSF9B,Rest,0
IGSF9B,Stim48hr,0
IGSF9B,Stim8hr,0
IKBIP,Rest,0
IKBIP,Stim48hr,0
IKBIP,Stim8hr,0
IKBKB,Rest,0
IKBKB,Stim48hr,0
IKBKB,Stim8hr,0
IKBKE,Rest,0
IKBKE,Stim48hr,0
IKBKE,Stim8hr,0
IKZF1,Rest,0
IKZF1,Stim48hr,0
IKZF1,Stim8hr,0
IKZF2,Rest,0
IKZF2,Stim48hr,0
IKZF2,Stim8hr,0
IKZF3,Rest,0
IKZF3,Stim48hr,0
IKZF3,Stim8hr,0
IKZF4,Rest,1
IKZF4,Stim48hr,0
IKZF4,Stim8hr,0
IKZF5,Rest,0
IKZF5,Stim48hr,0
IKZF5,Stim8hr,0
IL10,Rest,0
IL10,Stim48hr,0
IL10,Stim8hr,0
IL10RA,Rest,0
IL10RA,Stim48hr,0
IL10RA,Stim8hr,0
IL10RB,Rest,0
IL10RB,Stim48hr,0
IL10RB,Stim8hr,0
IL11RA,Rest,0
IL11RA,Stim48hr,0
IL11RA,Stim8hr,0
IL12A,Rest,0
IL12A,Stim48hr,0
IL12A,Stim8hr,0
IL12RB1,Rest,0
IL12RB1,Stim48hr,0
IL12RB1,Stim8hr,0
IL12RB2,Rest,0
IL12RB2,Stim48hr,0
IL12RB2,Stim8hr,1
IL13,Rest,0
IL13,Stim48hr,0
IL13,Stim8hr,0
IL13RA1,Rest,0
IL13RA1,Stim48hr,0
IL13RA1,Stim8hr,0
IL15,Rest,0
IL15,Stim48hr,0
IL15,Stim8hr,0
IL15RA,Rest,0
IL15RA,Stim48hr,0
IL15RA,Stim8hr,0
IL16,Rest,0
IL16,Stim48hr,0
IL16,Stim8hr,0
IL17A,Rest,0
IL17A,Stim48hr,0
IL17A,Stim8hr,0
IL17D,Rest,0
IL17D,Stim48hr,0
IL17D,Stim8hr,0
IL17F,Rest,0
IL17F,Stim48hr,0
IL17F,Stim8hr,0
IL17RA,Rest,0
IL17RA,Stim48hr,0
IL17RA,Stim8hr,0
IL17RB,Rest,1
IL17RB,Stim48hr,0
IL17RB,Stim8hr,0
IL17RE,Rest,0
IL17RE,Stim48hr,0
IL17RE,Stim8hr,0
IL18BP,Rest,0
IL18BP,Stim48hr,0
IL18BP,Stim8hr,0
IL18R1,Rest,0
IL18R1,Stim48hr,0
IL18R1,Stim8hr,0
IL18RAP,Rest,0
IL18RAP,Stim48hr,0
IL18RAP,Stim8hr,0
IL1A,Rest,0
IL1A,Stim48hr,0
IL1A,Stim8hr,0
IL1B,Rest,0
IL1B,Stim48hr,0
IL1B,Stim8hr,0
IL1R1,Rest,0
IL1R1,Stim48hr,0
IL1R1,Stim8hr,0
IL1R2,Rest,0
IL1R2,Stim48hr,0
IL1R2,Stim8hr,0
IL1RAP,Rest,0
IL1RAP,Stim48hr,0
IL1RAP,Stim8hr,0
IL1RL1,Rest,0
IL1RL1,Stim48hr,0
IL1RL1,Stim8hr,0
IL1RN,Rest,0
IL1RN,Stim48hr,0
IL1RN,Stim8hr,0
IL2,Rest,0
IL2,Stim48hr,0
IL2,Stim8hr,0
IL21,Rest,0
IL21,Stim48hr,0
IL21,Stim8hr,0
IL21R,Rest,0
IL21R,Stim48hr,1
IL21R,Stim8hr,0
IL22,Rest,0
IL22,Stim48hr,0
IL22,Stim8hr,0
IL23A,Rest,0
IL23A,Stim48hr,0
IL23A,Stim8hr,0
IL23R,Rest,0
IL23R,Stim48hr,0
IL23R,Stim8hr,0
IL24,Rest,0
IL24,Stim48hr,0
IL24,Stim8hr,0
IL26,Rest,0
IL26,Stim48hr,0
IL26,Stim8hr,0
IL27RA,Rest,0
IL2RA,Rest,0
IL2RA,Stim48hr,0
IL2RA,Stim8hr,0
IL2RB,Stim48hr,12
IL2RB,Stim8hr,6
IL3,Rest,0
IL3,Stim48hr,0
IL3,Stim8hr,0
IL31,Rest,0
IL31,Stim48hr,0
IL31,Stim8hr,0
IL32,Rest,0
IL32,Stim48hr,0
IL32,Stim8hr,0
IL36A,Rest,0
IL36A,Stim48hr,0
IL36A,Stim8hr,0
IL36RN,Rest,0
IL36RN,Stim48hr,0
IL36RN,Stim8hr,0
IL3RA,Rest,0
IL3RA,Stim48hr,0
IL3RA,Stim8hr,0
IL4,Rest,0
IL4,Stim48hr,0
IL4,Stim8hr,0
IL4I1,Rest,0
IL4I1,Stim48hr,0
IL4I1,Stim8hr,0
IL4R,Rest,0
IL4R,Stim48hr,6
IL4R,Stim8hr,0
IL5,Rest,0
IL5,Stim48hr,0
IL5,Stim8hr,0
IL5RA,Rest,0
IL5RA,Stim48hr,0
IL5RA,Stim8hr,0
IL6R,Rest,0
IL6R,Stim48hr,0
IL6R,Stim8hr,0
IL6ST,Rest,0
IL6ST,Stim48hr,0
IL6ST,Stim8hr,0
IL7R,Stim48hr,1
IL7R,Stim8hr,1
IL9,Rest,0
IL9,Stim48hr,0
IL9,Stim8hr,0
IL9R,Rest,0
IL9R,Stim48hr,0
IL9R,Stim8hr,0
ILDR2,Rest,0
ILDR2,Stim48hr,0
ILDR2,Stim8hr,0
ILK,Rest,0
ILK,Stim48hr,0
ILK,Stim8hr,0
ILKAP,Rest,0
ILKAP,Stim48hr,0
ILKAP,Stim8hr,0
ILRUN,Rest,0
ILRUN,Stim48hr,0
ILRUN,Stim8hr,0
IMMP1L,Rest,0
IMMP1L,Stim48hr,0
IMMP1L,Stim8hr,0
IMMP2L,Rest,0
IMMP2L,Stim48hr,0
IMMP2L,Stim8hr,0
IMMT,Rest,0
IMMT,Stim48hr,0
IMMT,Stim8hr,0
IMPA1,Rest,0
IMPA1,Stim48hr,0
IMPA1,Stim8hr,0
IMPA2,Rest,0
IMPA2,Stim48hr,0
IMPA2,Stim8hr,0
IMPACT,Rest,0
IMPACT,Stim48hr,0
IMPACT,Stim8hr,0
IMPDH1,Rest,0
IMPDH1,Stim48hr,0
IMPDH1,Stim8hr,0
IMPDH2,Rest,0
IMPDH2,Stim48hr,3
IMPDH2,Stim8hr,1
IMPG2,Rest,0
IMPG2,Stim48hr,0
IMPG2,Stim8hr,0
INAFM1,Rest,0
INAFM1,Stim48hr,0
INAFM1,Stim8hr,0
INAFM2,Rest,0
INAFM2,Stim48hr,0
INAFM2,Stim8hr,0
INCA1,Rest,0
INCA1,Stim48hr,0
INCA1,Stim8hr,0
INF2,Rest,0
INF2,Stim48hr,0
INF2,Stim8hr,0
ING1,Rest,0
ING1,Stim48hr,0
ING1,Stim8hr,0
ING2,Rest,0
ING2,Stim48hr,0
ING2,Stim8hr,0
ING3,Rest,0
ING3,Stim48hr,0
ING3,Stim8hr,0
ING4,Rest,0
ING4,Stim48hr,0
ING4,Stim8hr,0
ING5,Rest,0
ING5,Stim48hr,0
ING5,Stim8hr,1
INIP,Rest,0
INIP,Stim48hr,0
INIP,Stim8hr,0
INO80,Rest,1
INO80,Stim48hr,3
INO80,Stim8hr,0
INO80B,Rest,2
INO80B,Stim48hr,0
INO80B,Stim8hr,3
INO80C,Rest,0
INO80C,Stim48hr,0
INO80C,Stim8hr,0
INO80D,Rest,0
INO80D,Stim48hr,0
INO80D,Stim8hr,0
INO80E,Stim48hr,0
INO80E,Stim8hr,0
INPP4A,Rest,0
INPP4A,Stim48hr,0
INPP4A,Stim8hr,0
INPP4B,Rest,0
INPP4B,Stim48hr,0
INPP4B,Stim8hr,0
INPP5A,Rest,0
INPP5A,Stim48hr,0
INPP5A,Stim8hr,0
INPP5B,Rest,0
INPP5B,Stim48hr,0
INPP5B,Stim8hr,0
INPP5D,Rest,0
INPP5D,Stim48hr,2
INPP5D,Stim8hr,0
INPP5E,Rest,0
INPP5E,Stim48hr,0
INPP5E,Stim8hr,0
INPP5F,Rest,0
INPP5F,Stim48hr,0
INPP5F,Stim8hr,0
INPP5K,Rest,0
INPP5K,Stim48hr,0
INPP5K,Stim8hr,0
INPPL1,Rest,0
INPPL1,Stim48hr,0
INPPL1,Stim8hr,0
INSIG1,Rest,0
INSIG1,Stim48hr,0
INSIG1,Stim8hr,0
INSIG2,Rest,0
INSIG2,Stim48hr,0
INSIG2,Stim8hr,0
INSL3,Rest,0
INSL3,Stim48hr,0
INSL3,Stim8hr,0
INSM1,Rest,0
INSM1,Stim48hr,0
INSM1,Stim8hr,0
INSM2,Rest,0
INSM2,Stim48hr,0
INSM2,Stim8hr,0
INSR,Rest,0
INSR,Stim48hr,0
INSR,Stim8hr,0
INTS10,Rest,1
INTS10,Stim48hr,2
INTS10,Stim8hr,2
INTS12,Rest,1
INTS12,Stim48hr,1
INTS12,Stim8hr,2
INTS13,Rest,0
INTS13,Stim48hr,3
INTS13,Stim8hr,2
INTS14,Rest,3
INTS14,Stim48hr,1
INTS14,Stim8hr,1
INTS15,Rest,0
INTS15,Stim48hr,1
INTS15,Stim8hr,0
INTS6,Rest,0
INTS6,Stim48hr,0
INTS6,Stim8hr,0
INTS6L,Rest,0
INTS6L,Stim48hr,0
INTS6L,Stim8hr,0
INTS7,Rest,0
INTS7,Stim48hr,0
INTS7,Stim8hr,0
INVS,Rest,0
INVS,Stim48hr,0
INVS,Stim8hr,0
IP6K2,Rest,0
IP6K2,Stim48hr,0
IP6K2,Stim8hr,0
IPCEF1,Rest,0
IPCEF1,Stim48hr,0
IPCEF1,Stim8hr,0
IPMK,Stim48hr,0
IPMK,Stim8hr,2
IPO11,Rest,0
IPO11,Stim48hr,0
IPO11,Stim8hr,0
IPO4,Rest,0
IPO4,Stim48hr,0
IPO4,Stim8hr,0
IPO7,Rest,0
IPO7,Stim8hr,0
IPO8,Rest,0
IPO8,Stim48hr,0
IPO8,Stim8hr,0
IPO9,Rest,0
IPO9,Stim48hr,0
IPO9,Stim8hr,3
IPP,Rest,0
IPP,Stim48hr,0
IPP,Stim8hr,0
IPPK,Rest,0
IPPK,Stim48hr,0
IPPK,Stim8hr,0
IQCB1,Rest,0
IQCB1,Stim48hr,0
IQCB1,Stim8hr,0
IQCC,Rest,0
IQCC,Stim48hr,0
IQCC,Stim8hr,0
IQCE,Rest,0
IQCE,Stim48hr,0
IQCE,Stim8hr,0
IQCN,Rest,0
IQCN,Stim48hr,0
IQCN,Stim8hr,0
IQGAP1,Rest,0
IQGAP1,Stim48hr,0
IQGAP1,Stim8hr,0
IQGAP2,Rest,2
IQGAP2,Stim48hr,0
IQGAP2,Stim8hr,0
IQGAP3,Rest,1
IQGAP3,Stim48hr,0
IQGAP3,Stim8hr,0
IRAG2,Rest,0
IRAG2,Stim48hr,0
IRAG2,Stim8hr,0
IRAK1,Rest,0
IRAK1,Stim48hr,0
IRAK1,Stim8hr,0
IRAK1BP1,Rest,0
IRAK1BP1,Stim48hr,0
IRAK1BP1,Stim8hr,0
IRAK2,Rest,0
IRAK2,Stim48hr,0
IRAK2,Stim8hr,0
IRAK3,Rest,1
IRAK3,Stim48hr,0
IRAK3,Stim8hr,0
IRAK4,Rest,0
IRAK4,Stim48hr,0
IRAK4,Stim8hr,0
IREB2,Rest,0
IREB2,Stim48hr,0
IREB2,Stim8hr,0
IRF1,Rest,0
IRF1,Stim48hr,0
IRF1,Stim8hr,0
IRF2,Rest,0
IRF2,Stim48hr,0
IRF2,Stim8hr,0
IRF2BP1,Rest,0
IRF2BP1,Stim48hr,0
IRF2BP1,Stim8hr,2
IRF2BP2,Rest,0
IRF2BP2,Stim48hr,0
IRF2BP2,Stim8hr,0
IRF2BPL,Rest,0
IRF2BPL,Stim48hr,0
IRF2BPL,Stim8hr,0
IRF3,Rest,0
IRF3,Stim48hr,0
IRF3,Stim8hr,0
IRF4,Rest,4
IRF4,Stim48hr,2
IRF4,Stim8hr,3
IRF5,Rest,0
IRF5,Stim48hr,0
IRF5,Stim8hr,0
IRF6,Rest,0
IRF6,Stim48hr,0
IRF6,Stim8hr,0
IRF7,Rest,0
IRF7,Stim48hr,0
IRF7,Stim8hr,0
IRF8,Rest,0
IRF8,Stim48hr,0
IRF8,Stim8hr,0
IRF9,Rest,0
IRF9,Stim48hr,0
IRF9,Stim8hr,0
IRGM,Rest,0
IRGM,Stim48hr,0
IRGM,Stim8hr,0
IRGQ,Rest,0
IRGQ,Stim48hr,0
IRGQ,Stim8hr,0
IRS1,Rest,0
IRS1,Stim48hr,0
IRS1,Stim8hr,1
IRS2,Rest,0
IRS2,Stim48hr,0
IRS2,Stim8hr,0
IRX1,Rest,0
IRX1,Stim48hr,0
IRX1,Stim8hr,0
IRX2,Rest,0
IRX2,Stim48hr,0
IRX2,Stim8hr,2
IRX3,Rest,0
IRX3,Stim48hr,0
IRX3,Stim8hr,0
IRX4,Rest,0
IRX4,Stim48hr,0
IRX4,Stim8hr,0
IRX5,Rest,0
IRX5,Stim48hr,0
IRX5,Stim8hr,0
IRX6,Rest,0
IRX6,Stim48hr,0
IRX6,Stim8hr,0
ISCA1,Rest,1
ISCA1,Stim48hr,0
ISCA1,Stim8hr,1
ISCA2,Rest,0
ISCA2,Stim48hr,5
ISCA2,Stim8hr,2
ISG15,Rest,0
ISG15,Stim48hr,0
ISG15,Stim8hr,0
ISG20,Rest,0
ISG20,Stim48hr,0
ISG20,Stim8hr,1
ISL1,Rest,0
ISL1,Stim48hr,0
ISL1,Stim8hr,0
ISL2,Rest,0
ISL2,Stim48hr,0
ISL2,Stim8hr,0
ISM1,Rest,0
ISM1,Stim48hr,0
ISM1,Stim8hr,0
ISOC1,Rest,0
ISOC1,Stim48hr,0
ISOC1,Stim8hr,0
ISOC2,Rest,0
ISOC2,Stim48hr,0
ISOC2,Stim8hr,0
IST1,Rest,0
IST1,Stim48hr,2
IST1,Stim8hr,1
ISX,Rest,0
ISX,Stim48hr,0
ISX,Stim8hr,0
ISYNA1,Rest,0
ISYNA1,Stim48hr,0
ISYNA1,Stim8hr,0
ITCH,Rest,0
ITCH,Stim48hr,0
ITCH,Stim8hr,0
ITFG1,Rest,0
ITFG1,Stim48hr,0
ITFG1,Stim8hr,0
ITFG2,Rest,0
ITFG2,Stim48hr,0
ITFG2,Stim8hr,0
ITGA1,Rest,0
ITGA1,Stim48hr,0
ITGA1,Stim8hr,0
ITGA10,Rest,0
ITGA10,Stim48hr,0
ITGA10,Stim8hr,0
ITGA2,Rest,0
ITGA2,Stim48hr,0
ITGA2,Stim8hr,0
ITGA2B,Rest,0
ITGA2B,Stim48hr,0
ITGA2B,Stim8hr,0
ITGA3,Rest,2
ITGA3,Stim48hr,0
ITGA3,Stim8hr,0
ITGA4,Rest,0
ITGA4,Stim48hr,0
ITGA4,Stim8hr,0
ITGA5,Rest,0
ITGA5,Stim48hr,0
ITGA5,Stim8hr,0
ITGA6,Rest,0
ITGA6,Stim48hr,0
ITGA6,Stim8hr,0
ITGAE,Rest,0
ITGAE,Stim48hr,0
ITGAE,Stim8hr,0
ITGAL,Rest,0
ITGAL,Stim48hr,0
ITGAL,Stim8hr,0
ITGAM,Rest,0
ITGAM,Stim48hr,0
ITGAM,Stim8hr,0
ITGAV,Rest,0
ITGAV,Stim48hr,0
ITGAV,Stim8hr,0
ITGAX,Rest,0
ITGAX,Stim48hr,0
ITGAX,Stim8hr,0
ITGB1,Rest,0
ITGB1,Stim48hr,0
ITGB1,Stim8hr,0
ITGB1BP2,Rest,0
ITGB1BP2,Stim48hr,0
ITGB1BP2,Stim8hr,0
ITGB2,Rest,1
ITGB2,Stim48hr,0
ITGB2,Stim8hr,1
ITGB3,Rest,0
ITGB3,Stim48hr,0
ITGB3,Stim8hr,0
ITGB3BP,Rest,0
ITGB3BP,Stim48hr,0
ITGB3BP,Stim8hr,0
ITGB5,Rest,0
ITGB5,Stim48hr,0
ITGB5,Stim8hr,0
ITGB7,Rest,0
ITGB7,Stim48hr,0
ITGB7,Stim8hr,0
ITIH4,Rest,0
ITIH4,Stim48hr,0
ITIH4,Stim8hr,1
ITK,Rest,0
ITK,Stim48hr,7
ITK,Stim8hr,10
ITM2A,Rest,0
ITM2A,Stim48hr,0
ITM2A,Stim8hr,0
ITM2B,Rest,0
ITM2B,Stim48hr,0
ITM2B,Stim8hr,0
ITM2C,Rest,0
ITM2C,Stim48hr,0
ITM2C,Stim8hr,0
ITPA,Rest,0
ITPA,Stim48hr,0
ITPA,Stim8hr,0
ITPK1,Rest,0
ITPK1,Stim48hr,1
ITPK1,Stim8hr,0
ITPKB,Rest,0
ITPKB,Stim48hr,0
ITPKB,Stim8hr,0
ITPKC,Rest,0
ITPKC,Stim48hr,0
ITPKC,Stim8hr,0
ITPR1,Rest,0
ITPR1,Stim48hr,0
ITPR1,Stim8hr,0
ITPR2,Rest,0
ITPR2,Stim48hr,0
ITPR2,Stim8hr,0
ITPR3,Rest,0
ITPR3,Stim48hr,0
ITPR3,Stim8hr,0
ITPRID2,Rest,0
ITPRID2,Stim48hr,0
ITPRID2,Stim8hr,0
ITPRIP,Rest,0
ITPRIP,Stim48hr,0
ITPRIP,Stim8hr,0
ITPRIPL1,Rest,0
ITPRIPL1,Stim48hr,0
ITPRIPL1,Stim8hr,0
ITPRIPL2,Rest,0
ITPRIPL2,Stim48hr,0
ITPRIPL2,Stim8hr,0
ITSN1,Rest,0
ITSN1,Stim48hr,0
ITSN1,Stim8hr,0
ITSN2,Rest,0
ITSN2,Stim48hr,0
ITSN2,Stim8hr,0
IVD,Rest,0
IVD,Stim48hr,0
IVD,Stim8hr,0
IVNS1ABP,Rest,0
IVNS1ABP,Stim48hr,0
IVNS1ABP,Stim8hr,0
IWS1,Rest,0
IWS1,Stim48hr,1
IWS1,Stim8hr,0
IZUMO4,Rest,0
IZUMO4,Stim48hr,0
IZUMO4,Stim8hr,0
JADE1,Rest,0
JADE1,Stim48hr,0
JADE1,Stim8hr,0
JADE2,Rest,0
JADE2,Stim48hr,0
JADE2,Stim8hr,0
JAG1,Rest,0
JAG1,Stim48hr,0
JAG1,Stim8hr,0
JAGN1,Rest,0
JAGN1,Stim48hr,0
JAGN1,Stim8hr,0
JAK2,Rest,0
JAK2,Stim48hr,0
JAK2,Stim8hr,0
JAKMIP1,Rest,0
JAKMIP1,Stim48hr,0
JAKMIP1,Stim8hr,0
JAKMIP2,Rest,0
JAKMIP2,Stim48hr,0
JAKMIP2,Stim8hr,0
JAM3,Rest,0
JAM3,Stim48hr,0
JAM3,Stim8hr,0
JAML,Rest,0
JAML,Stim48hr,0
JAML,Stim8hr,0
JAZF1,Rest,0
JAZF1,Stim48hr,0
JAZF1,Stim8hr,0
JCHAIN,Rest,0
JCHAIN,Stim48hr,0
JCHAIN,Stim8hr,0
JDP2,Rest,0
JDP2,Stim48hr,0
JDP2,Stim8hr,0
JHY,Rest,0
JHY,Stim48hr,0
JHY,Stim8hr,0
JKAMP,Rest,0
JKAMP,Stim48hr,0
JKAMP,Stim8hr,0
JMJD1C,Rest,0
JMJD1C,Stim48hr,0
JMJD1C,Stim8hr,0
JMJD4,Rest,0
JMJD4,Stim48hr,0
JMJD4,Stim8hr,0
JMJD6,Rest,0
JMJD6,Stim48hr,0
JMJD6,Stim8hr,0
JMJD7-PLA2G4B,Rest,0
JMJD7-PLA2G4B,Stim48hr,0
JMJD7-PLA2G4B,Stim8hr,0
JMJD8,Rest,0
JMJD8,Stim48hr,0
JMJD8,Stim8hr,0
JMY,Rest,0
JMY,Stim48hr,0
JMY,Stim8hr,0
JOSD1,Rest,0
JOSD1,Stim48hr,2
JOSD1,Stim8hr,0
JOSD2,Rest,0
JOSD2,Stim48hr,0
JOSD2,Stim8hr,0
JPT1,Rest,0
JPT1,Stim48hr,0
JPT1,Stim8hr,0
JPT2,Rest,0
JPT2,Stim48hr,0
JPT2,Stim8hr,0
JRK,Rest,0
JRK,Stim48hr,0
JRK,Stim8hr,0
JRKL,Rest,0
JRKL,Stim48hr,0
JRKL,Stim8hr,0
JTB,Rest,0
JTB,Stim48hr,0
JTB,Stim8hr,0
JUN,Rest,0
JUN,Stim48hr,0
JUN,Stim8hr,0
JUNB,Rest,0
JUNB,Stim48hr,1
JUNB,Stim8hr,0
JUND,Rest,1
JUND,Stim48hr,0
JUND,Stim8hr,1
JUP,Rest,0
JUP,Stim48hr,0
JUP,Stim8hr,0
KALRN,Rest,0
KALRN,Stim48hr,0
KALRN,Stim8hr,0
KANK1,Rest,1
KANK1,Stim48hr,0
KANK1,Stim8hr,0
KANSL1,Rest,0
KANSL1,Stim48hr,0
KANSL1,Stim8hr,0
KANSL1L,Rest,1
KANSL1L,Stim48hr,0
KANSL1L,Stim8hr,0
KAT14,Rest,0
KAT14,Stim48hr,6
KAT14,Stim8hr,2
KAT2A,Rest,0
KAT2A,Stim48hr,0
KAT2A,Stim8hr,0
KAT2B,Rest,0
KAT2B,Stim48hr,0
KAT2B,Stim8hr,0
KAT5,Rest,0
KAT5,Stim48hr,0
KAT5,Stim8hr,0
KAT6A,Rest,0
KAT6A,Stim48hr,0
KAT6A,Stim8hr,0
KAT6B,Rest,0
KAT6B,Stim48hr,0
KAT6B,Stim8hr,0
KAT7,Rest,0
KAT7,Stim48hr,0
KATNA1,Rest,0
KATNA1,Stim48hr,0
KATNA1,Stim8hr,0
KATNAL1,Rest,0
KATNAL1,Stim48hr,0
KATNAL1,Stim8hr,0
KATNAL2,Rest,0
KATNAL2,Stim48hr,0
KATNAL2,Stim8hr,0
KATNB1,Rest,0
KATNB1,Stim48hr,0
KATNB1,Stim8hr,0
KATNBL1,Rest,0
KATNBL1,Stim48hr,0
KATNBL1,Stim8hr,0
KATNIP,Rest,2
KATNIP,Stim48hr,1
KATNIP,Stim8hr,3
KBTBD11,Rest,0
KBTBD11,Stim48hr,1
KBTBD11,Stim8hr,0
KBTBD2,Rest,1
KBTBD2,Stim48hr,0
KBTBD2,Stim8hr,0
KBTBD3,Rest,0
KBTBD3,Stim48hr,0
KBTBD3,Stim8hr,0
KBTBD6,Rest,0
KBTBD6,Stim48hr,0
KBTBD6,Stim8hr,0
KBTBD7,Rest,0
KBTBD7,Stim48hr,0
KBTBD7,Stim8hr,0
KBTBD8,Rest,0
KBTBD8,Stim48hr,0
KBTBD8,Stim8hr,0
KCMF1,Rest,0
KCMF1,Stim48hr,0
KCMF1,Stim8hr,0
KCNA2,Rest,0
KCNA2,Stim48hr,0
KCNA2,Stim8hr,0
KCNA3,Rest,0
KCNA3,Stim48hr,0
KCNA3,Stim8hr,0
KCNA6,Rest,0
KCNA6,Stim48hr,0
KCNA6,Stim8hr,0
KCNAB1,Rest,0
KCNAB1,Stim48hr,0
KCNAB1,Stim8hr,0
KCNAB2,Rest,0
KCNAB2,Stim48hr,0
KCNAB2,Stim8hr,0
KCNAB3,Rest,0
KCNAB3,Stim48hr,0
KCNAB3,Stim8hr,0
KCNC3,Rest,0
KCNC3,Stim48hr,0
KCNC3,Stim8hr,0
KCNC4,Rest,0
KCNC4,Stim48hr,0
KCNC4,Stim8hr,0
KCND1,Rest,0
KCND1,Stim48hr,0
KCND1,Stim8hr,0
KCNG3,Rest,0
KCNG3,Stim48hr,0
KCNG3,Stim8hr,0
KCNH2,Rest,0
KCNH2,Stim48hr,0
KCNH2,Stim8hr,0
KCNH3,Rest,0
KCNH3,Stim48hr,0
KCNH3,Stim8hr,0
KCNH4,Rest,0
KCNH4,Stim48hr,0
KCNH4,Stim8hr,0
KCNIP2,Rest,0
KCNIP2,Stim48hr,0
KCNIP2,Stim8hr,0
KCNIP3,Rest,0
KCNIP3,Stim48hr,0
KCNIP3,Stim8hr,0
KCNIP4,Rest,0
KCNIP4,Stim48hr,0
KCNIP4,Stim8hr,0
KCNJ1,Rest,0
KCNJ1,Stim48hr,0
KCNJ1,Stim8hr,0
KCNJ14,Rest,0
KCNJ14,Stim48hr,0
KCNJ14,Stim8hr,0
KCNK12,Rest,0
KCNK12,Stim48hr,0
KCNK12,Stim8hr,0
KCNK5,Rest,2
KCNK5,Stim48hr,0
KCNK5,Stim8hr,0
KCNK6,Rest,0
KCNK6,Stim48hr,0
KCNK6,Stim8hr,0
KCNK7,Rest,0
KCNK7,Stim48hr,0
KCNK7,Stim8hr,0
KCNMA1,Rest,0
KCNMA1,Stim48hr,0
KCNMA1,Stim8hr,0
KCNMB3,Rest,0
KCNMB3,Stim48hr,0
KCNMB3,Stim8hr,0
KCNMB4,Rest,0
KCNMB4,Stim48hr,0
KCNMB4,Stim8hr,0
KCNN4,Rest,0
KCNN4,Stim48hr,0
KCNN4,Stim8hr,0
KCNQ1,Rest,0
KCNQ1,Stim48hr,0
KCNQ1,Stim8hr,0
KCNQ5,Rest,0
KCNQ5,Stim48hr,0
KCNQ5,Stim8hr,0
KCTD10,Rest,0
KCTD10,Stim48hr,0
KCTD10,Stim8hr,0
KCTD11,Rest,0
KCTD11,Stim48hr,0
KCTD11,Stim8hr,0
KCTD12,Rest,0
KCTD12,Stim48hr,0
KCTD12,Stim8hr,0
KCTD13,Rest,0
KCTD13,Stim48hr,0
KCTD13,Stim8hr,0
KCTD15,Rest,0
KCTD15,Stim48hr,0
KCTD15,Stim8hr,0
KCTD17,Rest,0
KCTD17,Stim48hr,0
KCTD17,Stim8hr,0
KCTD18,Rest,0
KCTD18,Stim48hr,0
KCTD18,Stim8hr,0
KCTD2,Rest,0
KCTD2,Stim48hr,0
KCTD2,Stim8hr,0
KCTD20,Rest,0
KCTD20,Stim48hr,0
KCTD20,Stim8hr,0
KCTD21,Rest,0
KCTD21,Stim48hr,0
KCTD21,Stim8hr,3
KCTD3,Rest,0
KCTD3,Stim48hr,0
KCTD3,Stim8hr,0
KCTD5,Rest,0
KCTD5,Stim48hr,0
KCTD5,Stim8hr,0
KCTD6,Rest,0
KCTD6,Stim48hr,0
KCTD6,Stim8hr,0
KCTD9,Rest,0
KCTD9,Stim48hr,0
KCTD9,Stim8hr,0
KDELR1,Rest,0
KDELR1,Stim48hr,0
KDELR1,Stim8hr,1
KDELR2,Rest,0
KDELR2,Stim48hr,0
KDELR2,Stim8hr,0
KDELR3,Rest,0
KDELR3,Stim48hr,0
KDELR3,Stim8hr,0
KDF1,Rest,0
KDF1,Stim48hr,0
KDF1,Stim8hr,0
KDM1A,Rest,1
KDM1A,Stim48hr,14
KDM1A,Stim8hr,7
KDM1B,Rest,0
KDM1B,Stim48hr,0
KDM1B,Stim8hr,0
KDM2A,Rest,0
KDM2A,Stim48hr,0
KDM2A,Stim8hr,0
KDM2B,Rest,0
KDM2B,Stim8hr,0
KDM3A,Rest,0
KDM3A,Stim48hr,0
KDM3A,Stim8hr,0
KDM3B,Rest,0
KDM3B,Stim48hr,0
KDM3B,Stim8hr,3
KDM4A,Rest,0
KDM4A,Stim48hr,0
KDM4A,Stim8hr,0
KDM4B,Rest,0
KDM4B,Stim48hr,0
KDM4B,Stim8hr,0
KDM4C,Rest,0
KDM4C,Stim48hr,0
KDM4C,Stim8hr,0
KDM5A,Rest,0
KDM5A,Stim48hr,0
KDM5A,Stim8hr,0
KDM5B,Rest,0
KDM5B,Stim48hr,0
KDM5B,Stim8hr,0
KDM5C,Rest,1
KDM5C,Stim8hr,0
KDM5D,Rest,0
KDM5D,Stim48hr,0
KDM5D,Stim8hr,0
KDM6A,Rest,0
KDM6A,Stim48hr,0
KDM6A,Stim8hr,0
KDM6B,Rest,0
KDM6B,Stim48hr,0
KDM6B,Stim8hr,0
KDM7A,Rest,0
KDM7A,Stim48hr,0
KDM7A,Stim8hr,0
KDM8,Rest,0
KDM8,Stim48hr,2
KDM8,Stim8hr,0
KDSR,Rest,0
KDSR,Stim48hr,0
KDSR,Stim8hr,0
KEAP1,Rest,0
KEAP1,Stim48hr,1
KEAP1,Stim8hr,0
KGD4,Rest,0
KGD4,Stim48hr,0
KGD4,Stim8hr,1
KHDC4,Rest,0
KHDC4,Stim48hr,0
KHDC4,Stim8hr,0
KHDRBS1,Rest,2
KHDRBS1,Stim48hr,0
KHDRBS1,Stim8hr,5
KHK,Rest,0
KHK,Stim48hr,0
KHK,Stim8hr,0
KHNYN,Rest,0
KHNYN,Stim48hr,0
KHNYN,Stim8hr,0
KHSRP,Rest,0
KHSRP,Stim48hr,0
KHSRP,Stim8hr,0
KIAA0040,Rest,0
KIAA0040,Stim48hr,0
KIAA0040,Stim8hr,0
KIAA0232,Rest,0
KIAA0232,Stim48hr,0
KIAA0232,Stim8hr,0
KIAA0319L,Rest,0
KIAA0319L,Stim48hr,0
KIAA0319L,Stim8hr,0
KIAA0408,Rest,0
KIAA0408,Stim48hr,0
KIAA0408,Stim8hr,0
KIAA0513,Rest,0
KIAA0513,Stim48hr,0
KIAA0513,Stim8hr,0
KIAA0586,Rest,0
KIAA0586,Stim48hr,0
KIAA0586,Stim8hr,0
KIAA0753,Rest,0
KIAA0753,Stim48hr,0
KIAA0753,Stim8hr,0
KIAA0825,Rest,0
KIAA0825,Stim48hr,0
KIAA0825,Stim8hr,0
KIAA0930,Rest,0
KIAA0930,Stim48hr,0
KIAA0930,Stim8hr,0
KIAA1143,Rest,0
KIAA1143,Stim48hr,0
KIAA1143,Stim8hr,0
KIAA1191,Rest,0
KIAA1191,Stim48hr,0
KIAA1191,Stim8hr,0
KIAA1328,Rest,0
KIAA1328,Stim48hr,0
KIAA1328,Stim8hr,0
KIAA1586,Rest,0
KIAA1586,Stim48hr,0
KIAA1586,Stim8hr,0
KIAA1671,Rest,0
KIAA1671,Stim48hr,0
KIAA1671,Stim8hr,0
KIAA1958,Stim8hr,0
KIAA2013,Rest,0
KIAA2013,Stim48hr,0
KIAA2013,Stim8hr,0
KICS2,Rest,0
KICS2,Stim48hr,0
KICS2,Stim8hr,0
KIDINS220,Rest,0
KIDINS220,Stim48hr,0
KIDINS220,Stim8hr,0
KIF13B,Rest,0
KIF13B,Stim48hr,0
KIF13B,Stim8hr,0
KIF14,Rest,0
KIF14,Stim48hr,0
KIF14,Stim8hr,0
KIF15,Rest,0
KIF15,Stim48hr,0
KIF15,Stim8hr,0
KIF16B,Rest,0
KIF16B,Stim48hr,0
KIF16B,Stim8hr,2
KIF18A,Rest,0
KIF18A,Stim48hr,0
KIF18A,Stim8hr,0
KIF1A,Rest,0
KIF1A,Stim48hr,0
KIF1A,Stim8hr,0
KIF1B,Rest,0
KIF1B,Stim48hr,0
KIF1B,Stim8hr,0
KIF1C,Rest,0
KIF1C,Stim48hr,0
KIF1C,Stim8hr,0
KIF20A,Rest,0
KIF20A,Stim48hr,0
KIF20A,Stim8hr,4
KIF20B,Rest,0
KIF20B,Stim48hr,0
KIF20B,Stim8hr,0
KIF21A,Rest,0
KIF21A,Stim48hr,0
KIF21A,Stim8hr,0
KIF22,Rest,0
KIF22,Stim48hr,0
KIF22,Stim8hr,0
KIF27,Rest,0
KIF27,Stim48hr,0
KIF27,Stim8hr,0
KIF2A,Rest,0
KIF2A,Stim48hr,0
KIF2A,Stim8hr,0
KIF2C,Rest,0
KIF2C,Stim48hr,0
KIF2C,Stim8hr,0
KIF3A,Rest,0
KIF3A,Stim48hr,0
KIF3A,Stim8hr,0
KIF3B,Rest,1
KIF3B,Stim48hr,0
KIF3B,Stim8hr,0
KIF3C,Rest,0
KIF3C,Stim48hr,0
KIF3C,Stim8hr,0
KIF4A,Rest,0
KIF4A,Stim48hr,0
KIF4A,Stim8hr,0
KIF5B,Rest,0
KIF5B,Stim48hr,0
KIF5B,Stim8hr,0
KIF5C,Rest,0
KIF5C,Stim48hr,0
KIF5C,Stim8hr,0
KIF9,Rest,0
KIF9,Stim48hr,0
KIF9,Stim8hr,0
KIFAP3,Rest,2
KIFAP3,Stim48hr,4
KIFAP3,Stim8hr,1
KIFBP,Rest,0
KIFBP,Stim48hr,0
KIFBP,Stim8hr,0
KIFC1,Rest,0
KIFC1,Stim48hr,0
KIFC1,Stim8hr,0
KIFC2,Rest,0
KIFC2,Stim48hr,0
KIFC2,Stim8hr,0
KIFC3,Rest,0
KIFC3,Stim48hr,0
KIFC3,Stim8hr,0
KIR3DL2,Rest,0
KIR3DL2,Stim48hr,0
KIR3DL2,Stim8hr,0
KIRREL2,Rest,0
KIRREL2,Stim48hr,0
KIRREL2,Stim8hr,0
KISS1R,Rest,0
KISS1R,Stim48hr,0
KISS1R,Stim8hr,0
KIT,Rest,0
KIT,Stim48hr,0
KIT,Stim8hr,0
KIZ,Rest,0
KIZ,Stim48hr,0
KIZ,Stim8hr,0
KLC1,Rest,0
KLC1,Stim48hr,0
KLC1,Stim8hr,0
KLC2,Rest,0
KLC2,Stim48hr,0
KLC2,Stim8hr,0
KLC4,Rest,0
KLC4,Stim48hr,0
KLC4,Stim8hr,0
KLF10,Rest,2
KLF10,Stim48hr,0
KLF10,Stim8hr,1
KLF11,Rest,0
KLF11,Stim48hr,0
KLF11,Stim8hr,0
KLF12,Rest,0
KLF12,Stim48hr,0
KLF12,Stim8hr,0
KLF13,Rest,1
KLF13,Stim48hr,0
KLF13,Stim8hr,0
KLF14,Rest,0
KLF14,Stim48hr,0
KLF14,Stim8hr,0
KLF15,Rest,0
KLF15,Stim48hr,0
KLF15,Stim8hr,0
KLF16,Rest,0
KLF16,Stim48hr,0
KLF16,Stim8hr,0
KLF17,Rest,0
KLF17,Stim48hr,0
KLF17,Stim8hr,0
KLF2,Rest,0
KLF2,Stim48hr,0
KLF2,Stim8hr,1
KLF3,Rest,0
KLF3,Stim48hr,0
KLF3,Stim8hr,0
KLF4,Rest,0
KLF4,Stim48hr,0
KLF4,Stim8hr,0
KLF5,Rest,0
KLF5,Stim48hr,0
KLF5,Stim8hr,0
KLF6,Rest,0
KLF6,Stim48hr,0
KLF6,Stim8hr,0
KLF7,Rest,0
KLF7,Stim48hr,0
KLF7,Stim8hr,0
KLF8,Rest,0
KLF8,Stim48hr,0
KLF8,Stim8hr,0
KLF9,Rest,0
KLF9,Stim48hr,0
KLF9,Stim8hr,0
KLHDC1,Rest,0
KLHDC1,Stim48hr,0
KLHDC1,Stim8hr,0
KLHDC10,Rest,0
KLHDC10,Stim48hr,0
KLHDC10,Stim8hr,0
KLHDC2,Rest,0
KLHDC2,Stim48hr,0
KLHDC2,Stim8hr,0
KLHDC3,Rest,0
KLHDC3,Stim48hr,0
KLHDC3,Stim8hr,0
KLHDC4,Rest,0
KLHDC4,Stim48hr,0
KLHDC4,Stim8hr,0
KLHDC7B,Rest,0
KLHDC7B,Stim48hr,0
KLHDC7B,Stim8hr,0
KLHDC8B,Rest,0
KLHDC8B,Stim48hr,0
KLHDC8B,Stim8hr,0
KLHL11,Rest,0
KLHL11,Stim48hr,0
KLHL11,Stim8hr,0
KLHL12,Rest,0
KLHL12,Stim48hr,0
KLHL12,Stim8hr,0
KLHL15,Rest,0
KLHL15,Stim48hr,0
KLHL15,Stim8hr,0
KLHL17,Rest,0
KLHL17,Stim48hr,0
KLHL17,Stim8hr,0
KLHL18,Rest,1
KLHL18,Stim48hr,0
KLHL18,Stim8hr,0
KLHL2,Rest,0
KLHL2,Stim48hr,0
KLHL2,Stim8hr,0
KLHL20,Rest,0
KLHL20,Stim48hr,0
KLHL20,Stim8hr,0
KLHL21,Rest,0
KLHL21,Stim48hr,0
KLHL21,Stim8hr,0
KLHL22,Rest,0
KLHL22,Stim48hr,0
KLHL22,Stim8hr,0
KLHL23,Rest,0
KLHL23,Stim48hr,0
KLHL23,Stim8hr,0
KLHL24,Rest,0
KLHL24,Stim48hr,0
KLHL24,Stim8hr,0
KLHL25,Rest,0
KLHL25,Stim48hr,0
KLHL25,Stim8hr,0
KLHL26,Rest,0
KLHL26,Stim48hr,0
KLHL26,Stim8hr,0
KLHL28,Rest,0
KLHL28,Stim48hr,0
KLHL28,Stim8hr,0
KLHL29,Rest,0
KLHL29,Stim48hr,0
KLHL29,Stim8hr,0
KLHL3,Rest,0
KLHL3,Stim48hr,0
KLHL3,Stim8hr,0
KLHL31,Rest,0
KLHL31,Stim48hr,0
KLHL31,Stim8hr,0
KLHL32,Rest,0
KLHL32,Stim48hr,0
KLHL32,Stim8hr,0
KLHL36,Rest,0
KLHL36,Stim48hr,0
KLHL36,Stim8hr,0
KLHL42,Rest,0
KLHL42,Stim48hr,0
KLHL42,Stim8hr,0
KLHL5,Rest,0
KLHL5,Stim48hr,0
KLHL5,Stim8hr,0
KLHL6,Rest,0
KLHL6,Stim48hr,0
KLHL6,Stim8hr,0
KLHL7,Rest,0
KLHL7,Stim48hr,0
KLHL7,Stim8hr,0
KLHL8,Rest,0
KLHL8,Stim48hr,0
KLHL8,Stim8hr,1
KLHL9,Rest,0
KLHL9,Stim48hr,0
KLHL9,Stim8hr,0
KLK1,Rest,0
KLK1,Stim48hr,0
KLK1,Stim8hr,0
KLK14,Rest,2
KLK14,Stim48hr,0
KLK14,Stim8hr,0
KLKB1,Rest,0
KLKB1,Stim48hr,0
KLKB1,Stim8hr,0
KLRB1,Rest,0
KLRB1,Stim48hr,0
KLRB1,Stim8hr,0
KLRC1,Rest,0
KLRC1,Stim48hr,0
KLRC1,Stim8hr,0
KLRD1,Rest,0
KLRD1,Stim48hr,0
KLRD1,Stim8hr,0
KLRF1,Rest,0
KLRF1,Stim48hr,0
KLRF1,Stim8hr,0
KLRG1,Rest,0
KLRG1,Stim48hr,0
KLRG1,Stim8hr,0
KLRK1,Rest,0
KLRK1,Stim48hr,0
KLRK1,Stim8hr,0
KMT2A,Stim48hr,0
KMT2A,Stim8hr,4
KMT2B,Rest,0
KMT2B,Stim48hr,0
KMT2B,Stim8hr,0
KMT2C,Rest,3
KMT2C,Stim48hr,1
KMT2C,Stim8hr,2
KMT2E,Rest,0
KMT2E,Stim48hr,0
KMT2E,Stim8hr,0
KMT5A,Rest,0
KMT5A,Stim48hr,0
KMT5A,Stim8hr,0
KMT5B,Rest,0
KMT5B,Stim48hr,0
KMT5B,Stim8hr,0
KMT5C,Rest,0
KMT5C,Stim48hr,0
KMT5C,Stim8hr,0
KNL1,Rest,0
KNL1,Stim48hr,0
KNL1,Stim8hr,0
KNOP1,Rest,0
KNOP1,Stim48hr,0
KNOP1,Stim8hr,0
KNSTRN,Rest,0
KNSTRN,Stim48hr,0
KNSTRN,Stim8hr,0
KNTC1,Rest,0
KNTC1,Stim48hr,0
KNTC1,Stim8hr,0
KPNA1,Rest,1
KPNA1,Stim48hr,0
KPNA1,Stim8hr,0
KPNA2,Rest,0
KPNA2,Stim48hr,0
KPNA2,Stim8hr,0
KPNA3,Rest,0
KPNA3,Stim48hr,0
KPNA3,Stim8hr,0
KPNA4,Rest,0
KPNA4,Stim48hr,0
KPNA4,Stim8hr,1
KPNA5,Rest,1
KPNA5,Stim48hr,0
KPNA5,Stim8hr,0
KPNA6,Rest,0
KPNA6,Stim48hr,0
KPNA6,Stim8hr,0
KPTN,Rest,0
KPTN,Stim48hr,0
KPTN,Stim8hr,0
KRABD2,Rest,1
KRABD2,Stim48hr,0
KRABD2,Stim8hr,0
KRABD3,Rest,0
KRABD3,Stim48hr,0
KRABD3,Stim8hr,0
KRABD4,Rest,0
KRABD4,Stim48hr,0
KRABD4,Stim8hr,0
KRABD5,Rest,0
KRABD5,Stim48hr,0
KRABD5,Stim8hr,0
KRAS,Rest,0
KRAS,Stim48hr,0
KRAS,Stim8hr,0
KRCC1,Rest,3
KRCC1,Stim48hr,0
KRCC1,Stim8hr,0
KRI1,Rest,0
KRI1,Stim48hr,1
KRI1,Stim8hr,0
KRIT1,Rest,0
KRIT1,Stim48hr,0
KRIT1,Stim8hr,0
KRR1,Rest,0
KRR1,Stim48hr,4
KRR1,Stim8hr,0
KRT1,Rest,0
KRT1,Stim48hr,0
KRT1,Stim8hr,0
KRT10,Rest,0
KRT10,Stim48hr,0
KRT10,Stim8hr,0
KRT10-AS1,Rest,0
KRT10-AS1,Stim48hr,0
KRT10-AS1,Stim8hr,0
KRT18,Rest,0
KRT18,Stim48hr,0
KRT18,Stim8hr,0
KRT19,Rest,0
KRT19,Stim48hr,0
KRT19,Stim8hr,0
KRT7,Rest,0
KRT7,Stim48hr,0
KRT7,Stim8hr,0
KRT72,Rest,4
KRT72,Stim48hr,0
KRT72,Stim8hr,0
KRT73,Rest,0
KRT73,Stim48hr,0
KRT73,Stim8hr,0
KRTAP16-1,Rest,0
KRTAP16-1,Stim48hr,0
KRTAP16-1,Stim8hr,0
KRTCAP2,Rest,0
KRTCAP2,Stim48hr,0
KRTCAP2,Stim8hr,0
KRTCAP3,Rest,0
KRTCAP3,Stim48hr,0
KRTCAP3,Stim8hr,0
KSR1,Rest,0
KSR1,Stim48hr,0
KSR1,Stim8hr,0
KTI12,Rest,1
KTI12,Stim48hr,0
KTI12,Stim8hr,3
KTN1,Rest,0
KTN1,Stim48hr,0
KTN1,Stim8hr,1
KXD1,Rest,0
KXD1,Stim48hr,0
KXD1,Stim8hr,0
KYAT1,Rest,0
KYAT1,Stim48hr,0
KYAT1,Stim8hr,0
KYAT3,Rest,0
KYAT3,Stim48hr,0
KYAT3,Stim8hr,0
L2HGDH,Rest,0
L2HGDH,Stim48hr,0
L2HGDH,Stim8hr,0
L3HYPDH,Rest,0
L3HYPDH,Stim48hr,0
L3HYPDH,Stim8hr,0
L3MBTL1,Rest,0
L3MBTL1,Stim48hr,0
L3MBTL1,Stim8hr,0
L3MBTL2,Rest,0
L3MBTL2,Stim48hr,0
L3MBTL2,Stim8hr,0
L3MBTL3,Rest,0
L3MBTL3,Stim48hr,0
L3MBTL3,Stim8hr,0
L3MBTL4,Rest,0
L3MBTL4,Stim48hr,0
L3MBTL4,Stim8hr,0
LACC1,Rest,0
LACC1,Stim48hr,0
LACC1,Stim8hr,0
LACTB,Rest,0
LACTB,Stim48hr,0
LACTB,Stim8hr,0
LACTB2,Rest,0
LACTB2,Stim48hr,0
LACTB2,Stim8hr,0
LAG3,Rest,0
LAG3,Stim48hr,0
LAG3,Stim8hr,0
LAGE3,Rest,1
LAGE3,Stim48hr,0
LAGE3,Stim8hr,2
LAIR1,Rest,0
LAIR1,Stim48hr,0
LAIR1,Stim8hr,0
LAIR2,Rest,0
LAIR2,Stim48hr,0
LAIR2,Stim8hr,0
LAMA1,Rest,0
LAMA1,Stim48hr,0
LAMA1,Stim8hr,0
LAMA2,Rest,0
LAMA2,Stim48hr,0
LAMA2,Stim8hr,0
LAMA3,Rest,0
LAMA3,Stim48hr,0
LAMA3,Stim8hr,0
LAMA5,Rest,0
LAMA5,Stim48hr,0
LAMA5,Stim8hr,0
LAMB1,Rest,0
LAMB1,Stim48hr,0
LAMB1,Stim8hr,0
LAMB3,Rest,0
LAMB3,Stim48hr,0
LAMB3,Stim8hr,0
LAMP1,Rest,2
LAMP1,Stim48hr,0
LAMP1,Stim8hr,0
LAMP2,Rest,0
LAMP2,Stim48hr,0
LAMP2,Stim8hr,0
LAMP3,Rest,0
LAMP3,Stim48hr,0
LAMP3,Stim8hr,0
LAMTOR1,Rest,0
LAMTOR1,Stim48hr,0
LAMTOR1,Stim8hr,0
LAMTOR2,Rest,1
LAMTOR2,Stim48hr,5
LAMTOR2,Stim8hr,1
LAMTOR3,Rest,1
LAMTOR3,Stim48hr,0
LAMTOR3,Stim8hr,0
LAMTOR4,Rest,1
LAMTOR4,Stim48hr,1
LAMTOR4,Stim8hr,0
LAMTOR5,Rest,0
LAMTOR5,Stim48hr,1
LAMTOR5,Stim8hr,0
LANCL1,Rest,0
LANCL1,Stim48hr,0
LANCL1,Stim8hr,0
LANCL2,Rest,0
LANCL2,Stim48hr,0
LANCL2,Stim8hr,0
LAP3,Rest,0
LAP3,Stim48hr,0
LAP3,Stim8hr,0
LAPTM4A,Rest,0
LAPTM4A,Stim48hr,0
LAPTM4A,Stim8hr,0
LAPTM4B,Rest,0
LAPTM4B,Stim48hr,0
LAPTM4B,Stim8hr,0
LAPTM5,Rest,0
LAPTM5,Stim48hr,0
LAPTM5,Stim8hr,0
LARP1,Rest,0
LARP1,Stim48hr,0
LARP1,Stim8hr,0
LARP1B,Rest,0
LARP1B,Stim48hr,0
LARP1B,Stim8hr,0
LARP4,Rest,0
LARP4,Stim48hr,0
LARP4,Stim8hr,0
LARP4B,Rest,0
LARP4B,Stim48hr,0
LARP4B,Stim8hr,0
LARP7,Rest,0
LARP7,Stim48hr,0
LARP7,Stim8hr,0
LARS2,Rest,0
LARS2,Stim48hr,0
LARS2,Stim8hr,1
LASP1,Rest,0
LASP1,Stim48hr,0
LASP1,Stim8hr,0
LAT,Rest,0
LAT,Stim48hr,14
LAT,Stim8hr,18
LAT2,Rest,2
LAT2,Stim48hr,0
LAT2,Stim8hr,0
LATS1,Rest,0
LATS1,Stim48hr,0
LATS1,Stim8hr,0
LATS2,Rest,0
LATS2,Stim48hr,0
LATS2,Stim8hr,0
LAX1,Rest,0
LAX1,Stim48hr,0
LAX1,Stim8hr,0
LAYN,Rest,0
LAYN,Stim48hr,0
LAYN,Stim8hr,0
LBH,Rest,2
LBH,Stim48hr,0
LBH,Stim8hr,0
LBHD1,Rest,0
LBHD1,Stim48hr,0
LBHD1,Stim8hr,0
LBR,Rest,0
LBR,Stim48hr,0
LBR,Stim8hr,0
LBX1,Rest,0
LBX1,Stim48hr,0
LBX1,Stim8hr,0
LBX2,Rest,0
LBX2,Stim48hr,0
LBX2,Stim8hr,0
LCAT,Rest,0
LCAT,Stim48hr,0
LCAT,Stim8hr,0
LCK,Rest,0
LCK,Stim48hr,8
LCK,Stim8hr,8
LCLAT1,Rest,0
LCLAT1,Stim48hr,0
LCLAT1,Stim8hr,0
LCMT1,Rest,0
LCMT1,Stim48hr,0
LCMT1,Stim8hr,0
LCMT2,Rest,0
LCMT2,Stim48hr,0
LCMT2,Stim8hr,0
LCN1,Rest,0
LCN1,Stim48hr,0
LCN1,Stim8hr,0
LCN2,Rest,0
LCN2,Stim8hr,0
LCOR,Rest,0
LCOR,Stim48hr,0
LCOR,Stim8hr,0
LCORL,Rest,0
LCORL,Stim48hr,0
LCORL,Stim8hr,0
LCP1,Rest,0
LCP1,Stim48hr,0
LCP1,Stim8hr,0
LCP2,Rest,0
LCP2,Stim48hr,6
LCP2,Stim8hr,18
LDAF1,Rest,0
LDAF1,Stim48hr,0
LDAF1,Stim8hr,0
LDAH,Rest,0
LDAH,Stim48hr,0
LDAH,Stim8hr,0
LDB1,Rest,0
LDB1,Stim48hr,0
LDB1,Stim8hr,0
LDHA,Rest,0
LDHA,Stim48hr,0
LDHA,Stim8hr,0
LDHB,Rest,0
LDHB,Stim48hr,0
LDHB,Stim8hr,0
LDLR,Rest,0
LDLR,Stim48hr,0
LDLR,Stim8hr,0
LDLRAP1,Rest,0
LDLRAP1,Stim48hr,0
LDLRAP1,Stim8hr,0
LDOC1,Rest,0
LDOC1,Stim48hr,0
LDOC1,Stim8hr,0
LEF1,Rest,0
LEF1,Stim48hr,0
LEF1,Stim8hr,0
LEMD2,Rest,0
LEMD2,Stim48hr,0
LEMD2,Stim8hr,0
LEMD3,Rest,0
LEMD3,Stim48hr,0
LEMD3,Stim8hr,0
LENG8,Rest,0
LENG8,Stim48hr,0
LENG8,Stim8hr,0
LENG9,Rest,0
LENG9,Stim48hr,0
LENG9,Stim8hr,0
LEO1,Rest,5
LEO1,Stim48hr,4
LEO1,Stim8hr,3
LEPR,Rest,0
LEPR,Stim48hr,0
LEPR,Stim8hr,0
LEPROTL1,Rest,0
LEPROTL1,Stim48hr,0
LEPROTL1,Stim8hr,0
LETM1,Rest,0
LETM1,Stim48hr,1
LETM1,Stim8hr,1
LETM2,Rest,0
LETM2,Stim48hr,4
LETM2,Stim8hr,0
LETMD1,Rest,0
LETMD1,Stim48hr,0
LETMD1,Stim8hr,0
LEUTX,Rest,0
LEUTX,Stim48hr,0
LEUTX,Stim8hr,0
LFNG,Rest,0
LFNG,Stim48hr,0
LFNG,Stim8hr,0
LGALS1,Rest,0
LGALS1,Stim48hr,0
LGALS1,Stim8hr,0
LGALS12,Rest,0
LGALS12,Stim48hr,0
LGALS12,Stim8hr,0
LGALS2,Rest,0
LGALS2,Stim48hr,0
LGALS2,Stim8hr,0
LGALS3,Rest,0
LGALS3,Stim48hr,0
LGALS3,Stim8hr,0
LGALS3BP,Rest,0
LGALS3BP,Stim48hr,0
LGALS3BP,Stim8hr,0
LGALS4,Rest,0
LGALS4,Stim48hr,0
LGALS4,Stim8hr,0
LGALS8,Rest,0
LGALS8,Stim48hr,0
LGALS8,Stim8hr,0
LGALS9,Rest,0
LGALS9,Stim48hr,0
LGALS9,Stim8hr,0
LGALSL,Rest,0
LGALSL,Stim48hr,0
LGALSL,Stim8hr,0
LGMN,Rest,0
LGMN,Stim48hr,0
LGMN,Stim8hr,0
LGR6,Rest,0
LGR6,Stim48hr,0
LGR6,Stim8hr,0
LHFPL5,Rest,0
LHFPL5,Stim48hr,0
LHFPL5,Stim8hr,0
LHPP,Rest,1
LHPP,Stim48hr,0
LHPP,Stim8hr,0
LHX1,Rest,0
LHX1,Stim48hr,0
LHX1,Stim8hr,0
LHX2,Rest,0
LHX2,Stim48hr,0
LHX2,Stim8hr,0
LHX3,Rest,0
LHX3,Stim48hr,0
LHX3,Stim8hr,0
LHX4,Rest,0
LHX4,Stim48hr,0
LHX4,Stim8hr,0
LHX5,Rest,0
LHX5,Stim48hr,0
LHX5,Stim8hr,0
LHX6,Rest,3
LHX6,Stim48hr,0
LHX6,Stim8hr,0
LHX8,Rest,0
LHX8,Stim48hr,0
LHX8,Stim8hr,0
LHX9,Rest,0
LHX9,Stim48hr,0
LHX9,Stim8hr,0
LIF,Rest,0
LIF,Stim48hr,0
LIF,Stim8hr,0
LIFR,Rest,0
LIFR,Stim48hr,0
LIFR,Stim8hr,0
LIG1,Rest,0
LIG1,Stim48hr,2
LIG1,Stim8hr,1
LIG3,Rest,0
LIG3,Stim48hr,1
LIG3,Stim8hr,0
LIG4,Rest,0
LIG4,Stim48hr,0
LIG4,Stim8hr,0
LILRA1,Rest,0
LILRA1,Stim48hr,0
LILRA1,Stim8hr,0
LILRA2,Rest,0
LILRA2,Stim48hr,0
LILRA2,Stim8hr,0
LILRA5,Rest,0
LILRA5,Stim48hr,0
LILRA5,Stim8hr,0
LILRB1,Rest,1
LILRB1,Stim48hr,0
LILRB1,Stim8hr,1
LILRB2,Rest,0
LILRB2,Stim48hr,0
LILRB2,Stim8hr,0
LILRB3,Rest,0
LILRB3,Stim48hr,0
LILRB3,Stim8hr,0
LIMA1,Rest,0
LIMA1,Stim48hr,0
LIMA1,Stim8hr,0
LIMD1,Rest,0
LIMD1,Stim48hr,0
LIMD1,Stim8hr,0
LIMD2,Rest,0
LIMD2,Stim48hr,0
LIMD2,Stim8hr,0
LIME1,Rest,0
LIME1,Stim48hr,0
LIME1,Stim8hr,0
LIMK1,Rest,0
LIMK1,Stim48hr,0
LIMK1,Stim8hr,0
LIMK2,Rest,0
LIMK2,Stim48hr,0
LIMK2,Stim8hr,0
LIMS1,Rest,0
LIMS1,Stim48hr,0
LIMS1,Stim8hr,0
LIN28A,Rest,0
LIN28A,Stim48hr,0
LIN28A,Stim8hr,0
LIN28B,Rest,0
LIN28B,Stim48hr,0
LIN28B,Stim8hr,0
LIN37,Rest,1
LIN37,Stim48hr,0
LIN37,Stim8hr,0
LIN54,Rest,0
LIN54,Stim48hr,0
LIN54,Stim8hr,0
LIN7B,Rest,0
LIN7B,Stim48hr,0
LIN7B,Stim8hr,0
LIN7C,Rest,0
LIN7C,Stim48hr,1
LIN7C,Stim8hr,0
LIN9,Rest,0
LINC02693,Rest,0
LINC02693,Stim48hr,0
LINC02693,Stim8hr,0
LINC02694,Rest,0
LINC02694,Stim48hr,0
LINC02694,Stim8hr,0
LINS1,Rest,0
LINS1,Stim48hr,0
LINS1,Stim8hr,0
LIPA,Rest,0
LIPA,Stim48hr,0
LIPA,Stim8hr,0
LIPE,Rest,0
LIPE,Stim48hr,0
LIPE,Stim8hr,0
LIPT2,Rest,0
LIPT2,Stim48hr,0
LIPT2,Stim8hr,0
LITAF,Rest,0
LITAF,Stim48hr,0
LITAF,Stim8hr,0
LIX1L,Rest,0
LIX1L,Stim48hr,0
LIX1L,Stim8hr,0
LLGL1,Rest,0
LLGL1,Stim48hr,0
LLGL1,Stim8hr,0
LLPH,Rest,0
LLPH,Stim48hr,0
LLPH,Stim8hr,0
LMAN1,Rest,0
LMAN1,Stim48hr,0
LMAN1,Stim8hr,0
LMAN2,Rest,0
LMAN2,Stim48hr,0
LMAN2,Stim8hr,0
LMAN2L,Rest,0
LMAN2L,Stim48hr,0
LMAN2L,Stim8hr,0
LMBR1,Rest,0
LMBR1,Stim48hr,0
LMBR1,Stim8hr,0
LMBR1L,Rest,3
LMBR1L,Stim48hr,0
LMBR1L,Stim8hr,0
LMBRD1,Rest,0
LMBRD1,Stim48hr,0
LMBRD1,Stim8hr,0
LMBRD2,Rest,0
LMBRD2,Stim48hr,0
LMBRD2,Stim8hr,0
LMF2,Rest,0
LMF2,Stim48hr,0
LMF2,Stim8hr,0
LMLN,Rest,0
LMLN,Stim48hr,0
LMLN,Stim8hr,0
LMNA,Rest,0
LMNA,Stim48hr,0
LMNA,Stim8hr,0
LMNB1,Rest,0
LMNB1,Stim48hr,0
LMNB1,Stim8hr,0
LMNB2,Rest,0
LMNB2,Stim48hr,0
LMNB2,Stim8hr,0
LMNTD2,Rest,0
LMNTD2,Stim48hr,0
LMNTD2,Stim8hr,0
LMO2,Rest,0
LMO2,Stim48hr,0
LMO2,Stim8hr,0
LMO4,Stim48hr,0
LMO7,Rest,0
LMO7,Stim48hr,0
LMO7,Stim8hr,0
LMOD3,Rest,0
LMOD3,Stim48hr,0
LMOD3,Stim8hr,0
LMTK2,Rest,1
LMTK2,Stim48hr,0
LMTK2,Stim8hr,1
LMTK3,Rest,1
LMTK3,Stim48hr,0
LMTK3,Stim8hr,0
LMX1A,Rest,0
LMX1A,Stim48hr,0
LMX1A,Stim8hr,0
LMX1B,Rest,0
LMX1B,Stim48hr,0
LMX1B,Stim8hr,0
LNP1,Rest,0
LNP1,Stim48hr,0
LNP1,Stim8hr,0
LNPEP,Rest,0
LNPEP,Stim48hr,0
LNPEP,Stim8hr,0
LNPK,Rest,0
LNPK,Stim48hr,0
LNPK,Stim8hr,0
LNX1,Rest,0
LNX1,Stim48hr,0
LNX1,Stim8hr,0
LNX2,Rest,0
LNX2,Stim48hr,0
LNX2,Stim8hr,0
LONP2,Rest,0
LONP2,Stim48hr,0
LONP2,Stim8hr,0
LONRF1,Rest,0
LONRF1,Stim48hr,0
LONRF1,Stim8hr,0
LONRF2,Rest,0
LONRF2,Stim48hr,0
LONRF2,Stim8hr,0
LONRF3,Rest,0
LONRF3,Stim48hr,0
LONRF3,Stim8hr,1
LOXL1,Rest,1
LOXL1,Stim48hr,0
LOXL1,Stim8hr,0
LOXL2,Rest,0
LOXL2,Stim48hr,0
LOXL2,Stim8hr,1
LOXL4,Rest,0
LOXL4,Stim48hr,0
LOXL4,Stim8hr,0
LPAR2,Rest,0
LPAR2,Stim48hr,0
LPAR2,Stim8hr,0
LPAR3,Rest,0
LPAR3,Stim48hr,0
LPAR3,Stim8hr,0
LPAR5,Rest,0
LPAR5,Stim48hr,0
LPAR5,Stim8hr,0
LPAR6,Rest,0
LPAR6,Stim48hr,0
LPAR6,Stim8hr,0
LPCAT1,Rest,0
LPCAT1,Stim48hr,0
LPCAT1,Stim8hr,0
LPCAT2,Rest,0
LPCAT2,Stim48hr,0
LPCAT2,Stim8hr,0
LPCAT3,Rest,0
LPCAT3,Stim48hr,0
LPCAT3,Stim8hr,0
LPCAT4,Rest,0
LPCAT4,Stim48hr,0
LPCAT4,Stim8hr,0
LPGAT1,Rest,0
LPGAT1,Stim48hr,0
LPGAT1,Stim8hr,0
LPIN1,Rest,0
LPIN1,Stim48hr,0
LPIN1,Stim8hr,0
LPIN2,Rest,0
LPIN2,Stim48hr,0
LPIN2,Stim8hr,0
LPL,Rest,0
LPL,Stim48hr,0
LPL,Stim8hr,0
LPO,Rest,0
LPO,Stim48hr,0
LPO,Stim8hr,0
LPXN,Rest,0
LPXN,Stim48hr,0
LPXN,Stim8hr,0
LRATD2,Rest,0
LRATD2,Stim48hr,0
LRATD2,Stim8hr,0
LRBA,Rest,0
LRBA,Stim48hr,1
LRBA,Stim8hr,6
LRCH1,Rest,0
LRCH1,Stim48hr,0
LRCH1,Stim8hr,0
LRCH3,Rest,0
LRCH3,Stim48hr,0
LRCH3,Stim8hr,0
LRCH4,Rest,0
LRCH4,Stim48hr,0
LRCH4,Stim8hr,0
LRFN3,Rest,0
LRFN3,Stim48hr,0
LRFN3,Stim8hr,0
LRFN4,Rest,0
LRFN4,Stim48hr,0
LRFN4,Stim8hr,0
LRG1,Rest,0
LRG1,Stim48hr,0
LRG1,Stim8hr,0
LRIF1,Rest,0
LRIF1,Stim48hr,0
LRIF1,Stim8hr,0
LRIG1,Rest,0
LRIG1,Stim48hr,0
LRIG1,Stim8hr,3
LRIG2,Rest,0
LRIG2,Stim48hr,0
LRIG2,Stim8hr,0
LRP1,Rest,0
LRP1,Stim48hr,0
LRP1,Stim8hr,0
LRP10,Rest,0
LRP10,Stim48hr,0
LRP10,Stim8hr,0
LRP11,Rest,0
LRP11,Stim48hr,0
LRP11,Stim8hr,0
LRP12,Rest,0
LRP12,Stim48hr,0
LRP12,Stim8hr,0
LRP2,Rest,0
LRP2,Stim48hr,0
LRP2,Stim8hr,0
LRP2BP,Rest,3
LRP2BP,Stim48hr,0
LRP2BP,Stim8hr,0
LRP5,Rest,0
LRP5,Stim48hr,0
LRP5,Stim8hr,0
LRP5L,Rest,0
LRP5L,Stim48hr,0
LRP5L,Stim8hr,0
LRP6,Rest,0
LRP6,Stim48hr,0
LRP6,Stim8hr,0
LRP8,Rest,0
LRP8,Stim48hr,0
LRP8,Stim8hr,0
LRPAP1,Rest,0
LRPAP1,Stim48hr,0
LRPAP1,Stim8hr,1
LRPPRC,Rest,0
LRPPRC,Stim48hr,7
LRPPRC,Stim8hr,0
LRR1,Rest,0
LRR1,Stim48hr,1
LRR1,Stim8hr,2
LRRC1,Rest,0
LRRC1,Stim48hr,0
LRRC1,Stim8hr,0
LRRC14,Rest,0
LRRC14,Stim48hr,0
LRRC2,Rest,0
LRRC2,Stim48hr,0
LRRC2,Stim8hr,0
LRRC20,Rest,0
LRRC20,Stim48hr,0
LRRC20,Stim8hr,0
LRRC23,Rest,0
LRRC23,Stim48hr,0
LRRC23,Stim8hr,0
LRRC25,Rest,0
LRRC25,Stim48hr,1
LRRC25,Stim8hr,1
LRRC27,Rest,3
LRRC27,Stim48hr,0
LRRC27,Stim8hr,0
LRRC28,Rest,0
LRRC28,Stim48hr,0
LRRC28,Stim8hr,0
LRRC32,Rest,0
LRRC32,Stim48hr,0
LRRC32,Stim8hr,0
LRRC37A,Rest,0
LRRC37A,Stim48hr,0
LRRC37A,Stim8hr,0
LRRC37A2,Rest,0
LRRC37A2,Stim48hr,0
LRRC37A2,Stim8hr,0
LRRC37A3,Rest,0
LRRC37A3,Stim48hr,0
LRRC37A3,Stim8hr,0
LRRC37B,Rest,0
LRRC37B,Stim48hr,0
LRRC37B,Stim8hr,0
LRRC39,Rest,0
LRRC39,Stim48hr,0
LRRC39,Stim8hr,0
LRRC4,Rest,0
LRRC4,Stim48hr,0
LRRC4,Stim8hr,0
LRRC40,Rest,0
LRRC40,Stim48hr,0
LRRC40,Stim8hr,0
LRRC41,Rest,0
LRRC41,Stim48hr,0
LRRC41,Stim8hr,0
LRRC42,Rest,0
LRRC42,Stim48hr,0
LRRC42,Stim8hr,0
LRRC45,Rest,0
LRRC45,Stim48hr,0
LRRC45,Stim8hr,0
LRRC46,Rest,0
LRRC46,Stim48hr,0
LRRC46,Stim8hr,0
LRRC47,Rest,0
LRRC47,Stim48hr,0
LRRC47,Stim8hr,0
LRRC56,Rest,0
LRRC56,Stim48hr,0
LRRC56,Stim8hr,1
LRRC57,Rest,0
LRRC57,Stim48hr,0
LRRC57,Stim8hr,0
LRRC58,Rest,0
LRRC58,Stim48hr,0
LRRC58,Stim8hr,1
LRRC59,Rest,0
LRRC59,Stim48hr,0
LRRC59,Stim8hr,0
LRRC61,Rest,0
LRRC61,Stim48hr,0
LRRC61,Stim8hr,0
LRRC7,Rest,0
LRRC7,Stim48hr,0
LRRC7,Stim8hr,0
LRRC70,Rest,0
LRRC70,Stim48hr,0
LRRC70,Stim8hr,0
LRRC75A,Rest,0
LRRC75A,Stim48hr,0
LRRC75A,Stim8hr,0
LRRC8A,Rest,0
LRRC8A,Stim48hr,0
LRRC8A,Stim8hr,0
LRRC8B,Rest,0
LRRC8B,Stim48hr,0
LRRC8B,Stim8hr,0
LRRC8C,Rest,0
LRRC8C,Stim48hr,0
LRRC8C,Stim8hr,0
LRRC8D,Rest,0
LRRC8D,Stim48hr,0
LRRC8D,Stim8hr,0
LRRCC1,Rest,0
LRRCC1,Stim48hr,0
LRRCC1,Stim8hr,0
LRRFIP1,Rest,0
LRRFIP1,Stim48hr,0
LRRFIP1,Stim8hr,0
LRRFIP2,Rest,0
LRRFIP2,Stim48hr,0
LRRFIP2,Stim8hr,0
LRRK2,Rest,0
LRRK2,Stim48hr,0
LRRK2,Stim8hr,0
LRRN2,Rest,0
LRRN2,Stim48hr,0
LRRN2,Stim8hr,0
LRRN3,Rest,0
LRRN3,Stim48hr,0
LRRN3,Stim8hr,0
LRSAM1,Rest,0
LRSAM1,Stim48hr,0
LRSAM1,Stim8hr,0
LRTOMT,Rest,1
LRTOMT,Stim48hr,0
LRTOMT,Stim8hr,0
LRWD1,Rest,0
LRWD1,Stim48hr,0
LRWD1,Stim8hr,0
LSM1,Rest,0
LSM1,Stim48hr,0
LSM1,Stim8hr,0
LSM10,Rest,0
LSM10,Stim48hr,0
LSM10,Stim8hr,0
LSM11,Stim48hr,0
LSM11,Stim8hr,0
LSM12,Rest,1
LSM12,Stim48hr,1
LSM12,Stim8hr,0
LSM14A,Rest,0
LSM14A,Stim48hr,0
LSM14A,Stim8hr,0
LSM14B,Rest,0
LSM14B,Stim48hr,0
LSM14B,Stim8hr,0
LSM5,Rest,0
LSM5,Stim48hr,0
LSM5,Stim8hr,0
LSM8,Stim8hr,0
LSMEM1,Rest,0
LSMEM1,Stim48hr,0
LSMEM1,Stim8hr,0
LSP1,Rest,0
LSP1,Stim48hr,0
LSP1,Stim8hr,0
LSR,Rest,1
LSR,Stim48hr,0
LSR,Stim8hr,0
LSS,Rest,0
LSS,Stim48hr,0
LSS,Stim8hr,0
LST1,Rest,0
LST1,Stim48hr,1
LST1,Stim8hr,0
LTA,Rest,0
LTA,Stim48hr,0
LTA,Stim8hr,1
LTA4H,Rest,0
LTA4H,Stim48hr,0
LTA4H,Stim8hr,0
LTAP1,Rest,0
LTAP1,Stim48hr,0
LTAP1,Stim8hr,0
LTB,Rest,1
LTB,Stim48hr,0
LTB,Stim8hr,0
LTB4R,Rest,1
LTB4R,Stim48hr,0
LTB4R,Stim8hr,3
LTB4R2,Rest,0
LTB4R2,Stim48hr,0
LTB4R2,Stim8hr,0
LTBP1,Rest,0
LTBP1,Stim48hr,0
LTBP1,Stim8hr,1
LTBP3,Rest,0
LTBP3,Stim48hr,0
LTBP3,Stim8hr,0
LTBP4,Rest,0
LTBP4,Stim48hr,0
LTBP4,Stim8hr,0
LTF,Rest,0
LTF,Stim48hr,0
LTF,Stim8hr,0
LTK,Rest,0
LTK,Stim48hr,0
LTK,Stim8hr,0
LTN1,Rest,0
LTN1,Stim48hr,0
LTN1,Stim8hr,0
LUC7L,Rest,0
LUC7L,Stim48hr,0
LUC7L,Stim8hr,0
LUC7L3,Rest,0
LUC7L3,Stim48hr,1
LUC7L3,Stim8hr,1
LUZP1,Rest,0
LUZP1,Stim48hr,0
LUZP1,Stim8hr,0
LXN,Rest,0
LXN,Stim48hr,0
LXN,Stim8hr,0
LY6E,Rest,0
LY6E,Stim48hr,0
LY6E,Stim8hr,0
LY6G5B,Rest,0
LY6G5B,Stim48hr,0
LY6G5B,Stim8hr,0
LY6G5C,Rest,0
LY6G5C,Stim48hr,0
LY6G5C,Stim8hr,0
LY6G6F,Rest,0
LY6G6F,Stim48hr,0
LY6G6F,Stim8hr,0
LY75,Rest,0
LY75,Stim48hr,0
LY75,Stim8hr,0
LY86,Rest,0
LY86,Stim48hr,0
LY86,Stim8hr,0
LY9,Rest,0
LY9,Stim48hr,0
LY9,Stim8hr,0
LY96,Rest,0
LY96,Stim48hr,0
LY96,Stim8hr,0
LYAR,Rest,0
LYAR,Stim48hr,0
LYAR,Stim8hr,0
LYG1,Rest,0
LYG1,Stim48hr,0
LYG1,Stim8hr,0
LYL1,Rest,0
LYL1,Stim48hr,0
LYL1,Stim8hr,0
LYN,Rest,0
LYN,Stim48hr,0
LYN,Stim8hr,0
LYPD3,Rest,0
LYPD3,Stim48hr,0
LYPD3,Stim8hr,0
LYPLA1,Rest,0
LYPLA1,Stim48hr,1
LYPLA1,Stim8hr,0
LYPLA2,Rest,0
LYPLA2,Stim48hr,0
LYPLA2,Stim8hr,0
LYPLAL1,Rest,0
LYPLAL1,Stim48hr,0
LYPLAL1,Stim8hr,0
LYRM1,Rest,0
LYRM1,Stim48hr,0
LYRM1,Stim8hr,0
LYRM2,Rest,0
LYRM2,Stim48hr,0
LYRM2,Stim8hr,0
LYRM4,Rest,0
LYRM4,Stim48hr,0
LYRM4,Stim8hr,0
LYRM7,Rest,0
LYRM7,Stim48hr,0
LYRM7,Stim8hr,0
LYRM9,Rest,0
LYRM9,Stim48hr,0
LYRM9,Stim8hr,0
LYSET,Rest,0
LYSET,Stim48hr,0
LYSET,Stim8hr,0
LYSMD1,Rest,0
LYSMD1,Stim48hr,0
LYSMD1,Stim8hr,0
LYSMD2,Rest,0
LYSMD2,Stim48hr,0
LYSMD2,Stim8hr,0
LYSMD3,Rest,1
LYSMD3,Stim48hr,0
LYSMD3,Stim8hr,0
LYSMD4,Rest,0
LYSMD4,Stim48hr,0
LYSMD4,Stim8hr,0
LYST,Rest,0
LYST,Stim48hr,0
LYST,Stim8hr,0
LYZ,Rest,0
LYZ,Stim48hr,0
LYZ,Stim8hr,0
LZIC,Rest,0
LZIC,Stim8hr,0
LZTFL1,Rest,0
LZTFL1,Stim48hr,0
LZTFL1,Stim8hr,0
LZTR1,Rest,0
LZTR1,Stim48hr,0
LZTR1,Stim8hr,0
LZTS1,Rest,0
LZTS1,Stim48hr,0
LZTS1,Stim8hr,0
LZTS2,Rest,0
LZTS2,Stim48hr,0
LZTS2,Stim8hr,0
LZTS3,Rest,0
LZTS3,Stim48hr,0
LZTS3,Stim8hr,0
M6PR,Rest,0
M6PR,Stim48hr,0
M6PR,Stim8hr,0
MACC1,Rest,0
MACC1,Stim48hr,0
MACC1,Stim8hr,0
MACIR,Rest,1
MACIR,Stim48hr,0
MACIR,Stim8hr,0
MACO1,Rest,0
MACO1,Stim48hr,0
MACO1,Stim8hr,0
MACROD1,Rest,0
MACROD1,Stim48hr,0
MACROD1,Stim8hr,0
MACROH2A1,Rest,0
MACROH2A1,Stim48hr,0
MACROH2A1,Stim8hr,0
MACROH2A2,Rest,0
MACROH2A2,Stim48hr,1
MACROH2A2,Stim8hr,0
MAD2L1BP,Rest,0
MAD2L1BP,Stim48hr,0
MAD2L1BP,Stim8hr,0
MAD2L2,Stim8hr,0
MADD,Rest,0
MADD,Stim48hr,0
MADD,Stim8hr,0
MAEA,Rest,0
MAEA,Stim48hr,0
MAEA,Stim8hr,2
MAF,Rest,0
MAF,Stim48hr,0
MAF,Stim8hr,1
MAF1,Rest,0
MAF1,Stim48hr,0
MAF1,Stim8hr,0
MAFA,Rest,0
MAFA,Stim48hr,0
MAFA,Stim8hr,0
MAFB,Rest,0
MAFB,Stim48hr,0
MAFB,Stim8hr,0
MAFF,Rest,0
MAFF,Stim48hr,0
MAFF,Stim8hr,0
MAFG,Rest,0
MAFG,Stim48hr,0
MAFG,Stim8hr,0
MAFK,Rest,0
MAFK,Stim48hr,0
MAFK,Stim8hr,0
MAGED1,Rest,0
MAGED1,Stim48hr,0
MAGED1,Stim8hr,0
MAGED2,Rest,0
MAGED2,Stim48hr,0
MAGED2,Stim8hr,0
MAGED4,Rest,0
MAGED4,Stim48hr,0
MAGED4,Stim8hr,0
MAGED4B,Rest,0
MAGED4B,Stim48hr,0
MAGED4B,Stim8hr,0
MAGEE1,Rest,0
MAGEE1,Stim48hr,0
MAGEE1,Stim8hr,0
MAGEF1,Rest,0
MAGEF1,Stim48hr,0
MAGEF1,Stim8hr,0
MAGEH1,Rest,0
MAGEH1,Stim48hr,0
MAGEH1,Stim8hr,0
MAGI1,Rest,0
MAGI1,Stim48hr,0
MAGI1,Stim8hr,0
MAGI3,Rest,0
MAGI3,Stim48hr,0
MAGI3,Stim8hr,0
MAGOHB,Rest,0
MAGOHB,Stim48hr,0
MAGOHB,Stim8hr,0
MAGT1,Rest,0
MAGT1,Stim48hr,0
MAGT1,Stim8hr,0
MAIP1,Rest,0
MAIP1,Stim48hr,0
MAIP1,Stim8hr,0
MAK,Rest,0
MAK,Stim48hr,0
MAK,Stim8hr,0
MAL,Rest,0
MAL,Stim48hr,0
MAL,Stim8hr,0
MALSU1,Rest,0
MALSU1,Stim48hr,0
MALSU1,Stim8hr,0
MALT1,Rest,0
MALT1,Stim48hr,5
MALT1,Stim8hr,5
MAMDC4,Rest,0
MAMDC4,Stim48hr,0
MAMDC4,Stim8hr,0
MAML1,Rest,0
MAML1,Stim48hr,0
MAML1,Stim8hr,0
MAML2,Rest,0
MAML2,Stim48hr,0
MAML2,Stim8hr,0
MAML3,Rest,0
MAML3,Stim48hr,0
MAML3,Stim8hr,0
MAMLD1,Rest,0
MAMLD1,Stim48hr,0
MAMLD1,Stim8hr,0
MAN1A1,Rest,0
MAN1A1,Stim48hr,0
MAN1A1,Stim8hr,0
MAN1A2,Rest,0
MAN1A2,Stim48hr,0
MAN1A2,Stim8hr,0
MAN1B1,Rest,0
MAN1B1,Stim48hr,0
MAN1B1,Stim8hr,0
MAN1C1,Rest,0
MAN1C1,Stim48hr,0
MAN1C1,Stim8hr,0
MAN2A1,Rest,0
MAN2A1,Stim48hr,0
MAN2A1,Stim8hr,0
MAN2A2,Rest,0
MAN2A2,Stim48hr,0
MAN2A2,Stim8hr,0
MAN2B1,Rest,0
MAN2B1,Stim48hr,0
MAN2B1,Stim8hr,0
MAN2B2,Rest,0
MAN2B2,Stim48hr,0
MAN2B2,Stim8hr,0
MAN2C1,Rest,0
MAN2C1,Stim48hr,0
MAN2C1,Stim8hr,0
MANBA,Rest,0
MANBA,Stim48hr,0
MANBA,Stim8hr,0
MANBAL,Rest,0
MANBAL,Stim48hr,0
MANBAL,Stim8hr,0
MANEA,Rest,0
MANEA,Stim48hr,0
MANEA,Stim8hr,0
MANF,Rest,1
MANF,Stim48hr,1
MANF,Stim8hr,0
MANSC1,Rest,0
MANSC1,Stim48hr,0
MANSC1,Stim8hr,0
MAOA,Rest,0
MAOA,Stim8hr,0
MAOB,Rest,0
MAOB,Stim48hr,0
MAOB,Stim8hr,0
MAP1A,Rest,0
MAP1A,Stim48hr,0
MAP1A,Stim8hr,0
MAP1LC3A,Rest,0
MAP1LC3A,Stim48hr,0
MAP1LC3A,Stim8hr,0
MAP1LC3B,Rest,0
MAP1LC3B,Stim48hr,1
MAP1LC3B,Stim8hr,0
MAP1LC3B2,Rest,0
MAP1LC3B2,Stim48hr,0
MAP1LC3B2,Stim8hr,0
MAP1S,Rest,0
MAP1S,Stim48hr,0
MAP1S,Stim8hr,0
MAP2K1,Rest,0
MAP2K1,Stim48hr,0
MAP2K1,Stim8hr,0
MAP2K2,Rest,0
MAP2K2,Stim48hr,0
MAP2K2,Stim8hr,0
MAP2K3,Rest,0
MAP2K3,Stim48hr,0
MAP2K3,Stim8hr,0
MAP2K4,Rest,0
MAP2K4,Stim48hr,0
MAP2K4,Stim8hr,0
MAP2K5,Rest,0
MAP2K5,Stim48hr,0
MAP2K5,Stim8hr,0
MAP2K6,Rest,0
MAP2K6,Stim48hr,0
MAP2K6,Stim8hr,1
MAP3K1,Rest,0
MAP3K1,Stim48hr,0
MAP3K1,Stim8hr,0
MAP3K10,Rest,0
MAP3K10,Stim48hr,0
MAP3K10,Stim8hr,0
MAP3K11,Rest,0
MAP3K11,Stim48hr,0
MAP3K11,Stim8hr,0
MAP3K12,Rest,0
MAP3K12,Stim48hr,0
MAP3K12,Stim8hr,0
MAP3K13,Rest,0
MAP3K13,Stim48hr,0
MAP3K13,Stim8hr,0
MAP3K14,Rest,0
MAP3K14,Stim48hr,0
MAP3K14,Stim8hr,0
MAP3K2,Rest,0
MAP3K2,Stim48hr,0
MAP3K2,Stim8hr,0
MAP3K20,Rest,0
MAP3K20,Stim48hr,0
MAP3K20,Stim8hr,0
MAP3K21,Rest,0
MAP3K21,Stim48hr,0
MAP3K21,Stim8hr,0
MAP3K3,Rest,0
MAP3K3,Stim48hr,0
MAP3K3,Stim8hr,0
MAP3K4,Rest,0
MAP3K4,Stim48hr,0
MAP3K4,Stim8hr,0
MAP3K5,Rest,0
MAP3K5,Stim48hr,0
MAP3K5,Stim8hr,1
MAP3K6,Rest,0
MAP3K6,Stim48hr,0
MAP3K6,Stim8hr,0
MAP3K7CL,Rest,1
MAP3K7CL,Stim48hr,0
MAP3K7CL,Stim8hr,0
MAP3K8,Rest,0
MAP3K8,Stim48hr,0
MAP3K8,Stim8hr,0
MAP3K9,Rest,0
MAP3K9,Stim48hr,0
MAP3K9,Stim8hr,0
MAP4,Rest,0
MAP4,Stim8hr,0
MAP4K1,Rest,0
MAP4K1,Stim48hr,0
MAP4K1,Stim8hr,0
MAP4K2,Rest,0
MAP4K2,Stim48hr,0
MAP4K2,Stim8hr,0
MAP4K3,Rest,0
MAP4K3,Stim48hr,0
MAP4K3,Stim8hr,0
MAP4K4,Rest,0
MAP4K4,Stim48hr,0
MAP4K4,Stim8hr,0
MAP4K5,Rest,0
MAP4K5,Stim48hr,0
MAP4K5,Stim8hr,0
MAP6D1,Rest,0
MAP6D1,Stim48hr,0
MAP6D1,Stim8hr,0
MAP7D1,Rest,0
MAP7D1,Stim48hr,0
MAP7D1,Stim8hr,0
MAP7D3,Rest,0
MAP7D3,Stim48hr,0
MAP7D3,Stim8hr,0
MAP9,Rest,0
MAP9,Stim48hr,0
MAP9,Stim8hr,0
MAPDA,Rest,0
MAPDA,Stim48hr,0
MAPDA,Stim8hr,0
MAPK1,Rest,0
MAPK1,Stim48hr,0
MAPK1,Stim8hr,0
MAPK10,Rest,0
MAPK10,Stim48hr,0
MAPK10,Stim8hr,0
MAPK11,Rest,0
MAPK11,Stim48hr,0
MAPK11,Stim8hr,0
MAPK12,Rest,0
MAPK12,Stim48hr,0
MAPK12,Stim8hr,0
MAPK13,Rest,0
MAPK13,Stim48hr,0
MAPK13,Stim8hr,0
MAPK14,Rest,0
MAPK14,Stim48hr,0
MAPK14,Stim8hr,0
MAPK1IP1L,Rest,0
MAPK1IP1L,Stim48hr,0
MAPK1IP1L,Stim8hr,0
MAPK3,Rest,1
MAPK3,Stim48hr,0
MAPK3,Stim8hr,0
MAPK6,Rest,0
MAPK6,Stim48hr,0
MAPK6,Stim8hr,0
MAPK7,Rest,0
MAPK7,Stim48hr,0
MAPK7,Stim8hr,0
MAPK8,Rest,0
MAPK8,Stim48hr,0
MAPK8,Stim8hr,0
MAPK8IP3,Rest,0
MAPK8IP3,Stim48hr,0
MAPK8IP3,Stim8hr,0
MAPK9,Rest,0
MAPK9,Stim48hr,0
MAPK9,Stim8hr,0
MAPKAP1,Rest,0
MAPKAP1,Stim48hr,0
MAPKAP1,Stim8hr,0
MAPKAPK2,Rest,0
MAPKAPK2,Stim48hr,0
MAPKAPK2,Stim8hr,0
MAPKAPK3,Rest,0
MAPKAPK3,Stim48hr,0
MAPKAPK3,Stim8hr,0
MAPKAPK5,Rest,0
MAPKAPK5,Stim48hr,0
MAPKAPK5,Stim8hr,0
MAPKBP1,Rest,0
MAPKBP1,Stim48hr,0
MAPKBP1,Stim8hr,0
MAPRE1,Rest,0
MAPRE1,Stim48hr,1
MAPRE1,Stim8hr,0
MAPRE2,Rest,0
MAPRE2,Stim48hr,0
MAPRE2,Stim8hr,0
MAPRE3,Rest,0
MAPRE3,Stim48hr,0
MAPRE3,Stim8hr,0
MARCHF1,Rest,0
MARCHF1,Stim48hr,0
MARCHF1,Stim8hr,0
MARCHF3,Rest,0
MARCHF3,Stim48hr,0
MARCHF3,Stim8hr,0
MARCHF6,Rest,0
MARCHF6,Stim8hr,0
MARCHF7,Rest,0
MARCHF7,Stim48hr,0
MARCHF7,Stim8hr,0
MARCHF8,Rest,0
MARCHF8,Stim48hr,1
MARCHF8,Stim8hr,0
MARCHF9,Rest,0
MARCHF9,Stim48hr,0
MARCHF9,Stim8hr,0
MARCKS,Rest,0
MARCKS,Stim48hr,0
MARCKS,Stim8hr,0
MARCKSL1,Rest,0
MARCKSL1,Stim48hr,0
MARCKSL1,Stim8hr,0
MARF1,Rest,0
MARF1,Stim48hr,0
MARF1,Stim8hr,0
MARK2,Rest,1
MARK2,Stim48hr,0
MARK2,Stim8hr,0
MARK3,Rest,0
MARK3,Stim48hr,0
MARK3,Stim8hr,0
MARS1,Rest,0
MARS1,Stim48hr,0
MARS1,Stim8hr,2
MARS2,Rest,0
MARS2,Stim48hr,0
MARS2,Stim8hr,0
MASP2,Rest,0
MASP2,Stim48hr,0
MASP2,Stim8hr,0
MAST2,Rest,0
MAST2,Stim48hr,0
MAST2,Stim8hr,0
MAST3,Rest,0
MAST3,Stim48hr,0
MAST3,Stim8hr,0
MAST4,Rest,0
MAST4,Stim48hr,0
MAST4,Stim8hr,0
MATCAP1,Rest,0
MATCAP1,Stim48hr,0
MATCAP1,Stim8hr,0
MATCAP2,Rest,0
MATCAP2,Stim48hr,0
MATCAP2,Stim8hr,0
MATK,Rest,0
MATK,Stim48hr,0
MATK,Stim8hr,0
MATN2,Rest,0
MATN2,Stim48hr,0
MATN2,Stim8hr,0
MATR3,Rest,0
MATR3,Stim48hr,0
MATR3,Stim8hr,0
MAU2,Rest,1
MAU2,Stim48hr,0
MAU2,Stim8hr,0
MAVS,Rest,0
MAVS,Stim48hr,0
MAVS,Stim8hr,0
MAX,Rest,0
MAX,Stim48hr,1
MAX,Stim8hr,1
MAZ,Rest,0
MAZ,Stim48hr,0
MAZ,Stim8hr,0
MB21D2,Rest,0
MB21D2,Stim48hr,0
MB21D2,Stim8hr,0
MBD1,Rest,0
MBD1,Stim48hr,0
MBD1,Stim8hr,0
MBD2,Rest,0
MBD2,Stim48hr,0
MBD2,Stim8hr,3
MBD3,Rest,0
MBD3,Stim48hr,1
MBD3,Stim8hr,1
MBD4,Rest,0
MBD4,Stim48hr,0
MBD4,Stim8hr,0
MBD5,Rest,0
MBD5,Stim48hr,1
MBD5,Stim8hr,7
MBD6,Rest,0
MBD6,Stim48hr,0
MBD6,Stim8hr,0
MBIP,Rest,0
MBIP,Stim48hr,0
MBIP,Stim8hr,1
MBLAC1,Rest,0
MBLAC1,Stim48hr,0
MBLAC1,Stim8hr,0
MBLAC2,Rest,0
MBLAC2,Stim48hr,0
MBLAC2,Stim8hr,0
MBNL1,Rest,0
MBNL1,Stim48hr,0
MBNL1,Stim8hr,0
MBNL2,Rest,0
MBNL2,Stim48hr,0
MBNL2,Stim8hr,0
MBNL3,Rest,0
MBNL3,Stim48hr,0
MBNL3,Stim8hr,0
MBOAT1,Rest,0
MBOAT1,Stim48hr,0
MBOAT1,Stim8hr,0
MBOAT2,Rest,0
MBOAT2,Stim48hr,0
MBOAT2,Stim8hr,0
MBOAT4,Rest,0
MBOAT4,Stim48hr,0
MBOAT4,Stim8hr,0
MBOAT7,Rest,0
MBOAT7,Stim48hr,0
MBOAT7,Stim8hr,0
MBTD1,Rest,0
MBTD1,Stim48hr,0
MBTD1,Stim8hr,0
MBTPS1,Rest,0
MBTPS1,Stim48hr,3
MBTPS1,Stim8hr,0
MBTPS2,Rest,0
MBTPS2,Stim8hr,0
MC1R,Rest,0
MC1R,Stim48hr,0
MC1R,Stim8hr,0
MCAM,Rest,1
MCAM,Stim48hr,0
MCAM,Stim8hr,0
MCAT,Rest,0
MCAT,Stim48hr,0
MCAT,Stim8hr,0
MCC,Rest,0
MCC,Stim48hr,0
MCC,Stim8hr,0
MCCC1,Rest,0
MCCC1,Stim48hr,0
MCCC1,Stim8hr,0
MCCC2,Rest,0
MCCC2,Stim48hr,0
MCCC2,Stim8hr,0
MCEE,Rest,1
MCEE,Stim8hr,1
MCEMP1,Rest,0
MCEMP1,Stim48hr,0
MCEMP1,Stim8hr,0
MCF2L,Rest,0
MCF2L,Stim48hr,0
MCF2L,Stim8hr,0
MCF2L2,Rest,0
MCF2L2,Stim48hr,0
MCF2L2,Stim8hr,0
MCFD2,Stim48hr,0
MCFD2,Stim8hr,0
MCHR1,Rest,0
MCHR1,Stim48hr,0
MCHR1,Stim8hr,0
MCM8,Rest,1
MCM8,Stim48hr,1
MCM8,Stim8hr,1
MCM9,Rest,0
MCM9,Stim48hr,0
MCM9,Stim8hr,0
MCMBP,Rest,0
MCMBP,Stim48hr,0
MCMBP,Stim8hr,0
MCOLN1,Rest,0
MCOLN1,Stim48hr,0
MCOLN1,Stim8hr,0
MCOLN2,Rest,0
MCOLN2,Stim48hr,0
MCOLN2,Stim8hr,0
MCOLN3,Rest,0
MCOLN3,Stim48hr,0
MCOLN3,Stim8hr,0
MCPH1,Rest,0
MCPH1,Stim48hr,0
MCPH1,Stim8hr,0
MCRIP1,Rest,0
MCRIP1,Stim48hr,0
MCRIP1,Stim8hr,0
MCRS1,Rest,0
MCRS1,Stim48hr,0
MCRS1,Stim8hr,0
MCTP1,Rest,0
MCTP1,Stim48hr,0
MCTP1,Stim8hr,0
MCTP2,Rest,0
MCTP2,Stim48hr,0
MCTP2,Stim8hr,0
MCTS1,Rest,1
MCTS1,Stim48hr,1
MCTS1,Stim8hr,1
MCU,Rest,0
MCU,Stim48hr,0
MCU,Stim8hr,0
MCUB,Rest,0
MCUB,Stim48hr,0
MCUB,Stim8hr,0
MCUR1,Rest,0
MCUR1,Stim48hr,0
MCUR1,Stim8hr,0
MDC1,Rest,0
MDC1,Stim48hr,0
MDC1,Stim8hr,0
MDFIC,Rest,0
MDFIC,Stim48hr,0
MDFIC,Stim8hr,0
MDGA1,Rest,0
MDGA1,Stim48hr,0
MDGA1,Stim8hr,0
MDH1,Rest,0
MDH1,Stim48hr,0
MDH1,Stim8hr,0
MDH2,Rest,0
MDH2,Stim48hr,0
MDH2,Stim8hr,0
MDK,Rest,0
MDK,Stim48hr,0
MDK,Stim8hr,0
MDM2,Rest,0
MDM2,Stim48hr,0
MDM2,Stim8hr,0
MDM4,Rest,0
MDM4,Stim48hr,0
MDM4,Stim8hr,0
MDP1,Rest,0
MDP1,Stim48hr,0
MDP1,Stim8hr,0
ME1,Rest,0
ME1,Stim48hr,0
ME1,Stim8hr,0
ME2,Rest,0
ME2,Stim48hr,0
ME2,Stim8hr,0
ME3,Rest,0
ME3,Stim48hr,0
ME3,Stim8hr,0
MEA1,Rest,0
MEA1,Stim48hr,0
MEA1,Stim8hr,0
MEAF6,Rest,0
MEAF6,Stim48hr,0
MEAF6,Stim8hr,4
MEAK7,Rest,0
MEAK7,Stim48hr,0
MEAK7,Stim8hr,0
MECOM,Rest,0
MECOM,Stim48hr,0
MECOM,Stim8hr,0
MECP2,Rest,2
MECP2,Stim48hr,0
MECP2,Stim8hr,0
MECR,Rest,0
MECR,Stim48hr,0
MECR,Stim8hr,0
MED1,Rest,2
MED1,Stim48hr,1
MED1,Stim8hr,0
MED10,Stim48hr,0
MED10,Stim8hr,1
MED12,Rest,6
MED12,Stim48hr,7
MED12,Stim8hr,10
MED13,Rest,0
MED13,Stim48hr,2
MED13,Stim8hr,0
MED13L,Rest,0
MED13L,Stim48hr,1
MED13L,Stim8hr,0
MED14,Rest,0
MED14,Stim48hr,0
MED14,Stim8hr,0
MED15,Rest,0
MED15,Stim48hr,5
MED15,Stim8hr,3
MED16,Rest,0
MED16,Stim48hr,0
MED16,Stim8hr,0
MED19,Rest,3
MED19,Stim48hr,1
MED19,Stim8hr,3
MED20,Rest,0
MED20,Stim48hr,0
MED20,Stim8hr,0
MED23,Rest,1
MED23,Stim48hr,1
MED23,Stim8hr,2
MED24,Rest,4
MED24,Stim48hr,7
MED24,Stim8hr,12
MED25,Rest,0
MED25,Stim48hr,0
MED25,Stim8hr,0
MED30,Rest,0
MED30,Stim48hr,0
MED30,Stim8hr,0
MED4,Stim48hr,0
MED8,Stim8hr,0
MEF2A,Rest,0
MEF2A,Stim48hr,1
MEF2A,Stim8hr,0
MEF2C,Rest,0
MEF2C,Stim48hr,0
MEF2C,Stim8hr,0
MEF2D,Rest,0
MEF2D,Stim48hr,0
MEF2D,Stim8hr,1
MEFV,Rest,0
MEFV,Stim48hr,0
MEFV,Stim8hr,1
MEGF6,Rest,0
MEGF6,Stim48hr,0
MEGF6,Stim8hr,0
MEGF8,Rest,0
MEGF8,Stim48hr,0
MEGF8,Stim8hr,0
MEGF9,Rest,0
MEGF9,Stim48hr,0
MEGF9,Stim8hr,0
MEI1,Rest,0
MEI1,Stim48hr,0
MEI1,Stim8hr,0
MEIS1,Rest,0
MEIS1,Stim48hr,0
MEIS1,Stim8hr,0
MEIS2,Rest,0
MEIS2,Stim48hr,0
MEIS2,Stim8hr,0
MEIS3,Rest,2
MEIS3,Stim48hr,0
MEIS3,Stim8hr,0
MELK,Rest,0
MELK,Stim48hr,0
MELK,Stim8hr,0
MEMO1,Rest,0
MEMO1,Stim48hr,1
MEMO1,Stim8hr,0
MEN1,Rest,1
MEN1,Stim48hr,4
MEN1,Stim8hr,3
MEOX1,Rest,0
MEOX1,Stim48hr,0
MEOX1,Stim8hr,0
MEOX2,Rest,0
MEOX2,Stim48hr,0
MEOX2,Stim8hr,0
MEPCE,Rest,0
MEPCE,Stim48hr,0
MEPCE,Stim8hr,0
MESD,Rest,0
MESD,Stim48hr,0
MESD,Stim8hr,1
MESP1,Rest,0
MESP1,Stim48hr,0
MESP1,Stim8hr,0
MESP2,Rest,0
MESP2,Stim48hr,0
MESP2,Stim8hr,0
MEST,Rest,1
MEST,Stim48hr,0
MEST,Stim8hr,0
METAP1,Rest,0
METAP1,Stim8hr,0
METAP1D,Rest,0
METAP1D,Stim48hr,0
METAP1D,Stim8hr,0
METAP2,Rest,1
METAP2,Stim48hr,3
METAP2,Stim8hr,2
METRN,Rest,0
METRN,Stim48hr,0
METRN,Stim8hr,0
METRNL,Rest,0
METRNL,Stim48hr,0
METRNL,Stim8hr,0
METTL1,Rest,1
METTL1,Stim48hr,3
METTL1,Stim8hr,1
METTL13,Rest,0
METTL13,Stim48hr,0
METTL13,Stim8hr,0
METTL14,Rest,0
METTL14,Stim48hr,0
METTL14,Stim8hr,1
METTL15,Rest,0
METTL15,Stim48hr,0
METTL15,Stim8hr,0
METTL17,Rest,0
METTL17,Stim48hr,0
METTL17,Stim8hr,0
METTL18,Rest,0
METTL18,Stim48hr,0
METTL18,Stim8hr,0
METTL22,Rest,0
METTL22,Stim48hr,0
METTL22,Stim8hr,0
METTL23,Rest,0
METTL23,Stim48hr,0
METTL23,Stim8hr,0
METTL25,Rest,0
METTL25,Stim48hr,0
METTL25,Stim8hr,0
METTL25B,Rest,1
METTL25B,Stim8hr,0
METTL26,Rest,0
METTL26,Stim48hr,0
METTL26,Stim8hr,0
METTL2A,Rest,0
METTL2A,Stim48hr,0
METTL2A,Stim8hr,0
METTL2B,Rest,0
METTL2B,Stim48hr,2
METTL2B,Stim8hr,0
METTL3,Rest,0
METTL3,Stim48hr,0
METTL3,Stim8hr,0
METTL4,Rest,0
METTL4,Stim48hr,0
METTL4,Stim8hr,0
METTL5,Rest,0
METTL5,Stim48hr,0
METTL5,Stim8hr,0
METTL8,Rest,0
METTL8,Stim48hr,0
METTL8,Stim8hr,0
METTL9,Rest,0
METTL9,Stim48hr,0
METTL9,Stim8hr,0
MEX3C,Rest,0
MEX3C,Stim48hr,0
MEX3C,Stim8hr,0
MEX3D,Rest,0
MEX3D,Stim48hr,1
MEX3D,Stim8hr,0
MFAP3,Rest,0
MFAP3,Stim48hr,0
MFAP3,Stim8hr,0
MFAP3L,Rest,0
MFAP3L,Stim48hr,0
MFAP3L,Stim8hr,0
MFF,Rest,0
MFF,Stim48hr,0
MFF,Stim8hr,0
MFGE8,Rest,0
MFGE8,Stim48hr,0
MFGE8,Stim8hr,0
MFHAS1,Rest,0
MFHAS1,Stim48hr,0
MFHAS1,Stim8hr,0
MFN1,Rest,0
MFN1,Stim48hr,0
MFN1,Stim8hr,0
MFN2,Rest,3
MFN2,Stim48hr,0
MFN2,Stim8hr,0
MFNG,Rest,0
MFNG,Stim48hr,0
MFNG,Stim8hr,0
MFSD1,Rest,0
MFSD1,Stim48hr,0
MFSD1,Stim8hr,0
MFSD11,Rest,0
MFSD11,Stim48hr,0
MFSD11,Stim8hr,0
MFSD12,Rest,0
MFSD12,Stim48hr,0
MFSD12,Stim8hr,0
MFSD2A,Rest,0
MFSD2A,Stim48hr,0
MFSD2A,Stim8hr,0
MFSD6,Rest,0
MFSD6,Stim48hr,3
MFSD6,Stim8hr,0
MFSD8,Rest,0
MFSD8,Stim48hr,0
MFSD8,Stim8hr,0
MGA,Rest,0
MGA,Stim48hr,0
MGA,Stim8hr,0
MGAM,Rest,0
MGAM,Stim48hr,0
MGAM,Stim8hr,0
MGAT1,Rest,0
MGAT1,Stim48hr,0
MGAT1,Stim8hr,0
MGAT2,Rest,0
MGAT2,Stim48hr,0
MGAT2,Stim8hr,0
MGAT4A,Rest,0
MGAT4A,Stim48hr,0
MGAT4A,Stim8hr,0
MGAT4B,Rest,0
MGAT4B,Stim48hr,1
MGAT4B,Stim8hr,0
MGAT5,Rest,0
MGAT5,Stim48hr,0
MGAT5,Stim8hr,0
MGLL,Rest,0
MGLL,Stim48hr,0
MGLL,Stim8hr,0
MGME1,Rest,0
MGME1,Stim48hr,0
MGME1,Stim8hr,0
MGMT,Rest,0
MGMT,Stim48hr,0
MGMT,Stim8hr,0
MGP,Rest,0
MGP,Stim48hr,0
MGP,Stim8hr,0
MGRN1,Rest,0
MGRN1,Stim48hr,0
MGRN1,Stim8hr,0
MGST1,Rest,0
MGST1,Stim48hr,0
MGST1,Stim8hr,0
MGST2,Rest,0
MGST2,Stim48hr,1
MGST2,Stim8hr,0
MGST3,Rest,0
MGST3,Stim48hr,0
MGST3,Stim8hr,0
MIA,Rest,0
MIA,Stim48hr,0
MIA,Stim8hr,0
MIA2,Rest,0
MIA2,Stim48hr,1
MIA2,Stim8hr,0
MIA3,Rest,0
MIA3,Stim48hr,0
MIA3,Stim8hr,0
MIB1,Rest,0
MIB1,Stim48hr,0
MIB1,Stim8hr,0
MIB2,Rest,0
MIB2,Stim48hr,0
MIB2,Stim8hr,0
MICA,Rest,0
MICA,Stim48hr,0
MICA,Stim8hr,0
MICAL1,Rest,0
MICAL1,Stim48hr,0
MICAL1,Stim8hr,0
MICAL2,Rest,0
MICAL2,Stim48hr,0
MICAL2,Stim8hr,0
MICAL3,Rest,0
MICAL3,Stim48hr,0
MICAL3,Stim8hr,0
MICALL1,Rest,0
MICALL1,Stim48hr,0
MICALL1,Stim8hr,0
MICB,Rest,0
MICB,Stim48hr,0
MICB,Stim8hr,0
MICOS10,Rest,0
MICOS10,Stim48hr,0
MICOS10,Stim8hr,0
MICOS13,Rest,0
MICOS13,Stim48hr,0
MICOS13,Stim8hr,0
MICU1,Rest,0
MICU1,Stim48hr,0
MICU1,Stim8hr,0
MICU2,Rest,0
MICU2,Stim48hr,0
MICU2,Stim8hr,0
MICU3,Rest,0
MICU3,Stim48hr,0
MICU3,Stim8hr,0
MID1IP1,Rest,0
MID1IP1,Stim48hr,0
MID1IP1,Stim8hr,0
MID2,Rest,0
MID2,Stim48hr,0
MID2,Stim8hr,0
MIDN,Rest,0
MIDN,Stim48hr,0
MIDN,Stim8hr,0
MIEF1,Rest,0
MIEF1,Stim48hr,0
MIEF1,Stim8hr,0
MIEF2,Rest,0
MIEF2,Stim48hr,0
MIEF2,Stim8hr,0
MIEN1,Rest,1
MIEN1,Stim48hr,0
MIEN1,Stim8hr,0
MIER1,Rest,0
MIER1,Stim48hr,0
MIER1,Stim8hr,0
MIER2,Rest,0
MIER2,Stim48hr,0
MIER2,Stim8hr,0
MIER3,Rest,0
MIER3,Stim48hr,0
MIER3,Stim8hr,0
MIF,Rest,0
MIF,Stim48hr,0
MIF,Stim8hr,0
MIF4GD,Rest,0
MIF4GD,Stim48hr,0
MIF4GD,Stim8hr,0
MIGA1,Rest,0
MIGA1,Stim48hr,0
MIGA1,Stim8hr,0
MIGA2,Rest,0
MIGA2,Stim48hr,0
MIGA2,Stim8hr,0
MIIP,Rest,0
MIIP,Stim48hr,0
MIIP,Stim8hr,0
MIMS1,Rest,0
MIMS1,Stim8hr,0
MIMS2,Rest,2
MIMS2,Stim48hr,0
MIMS2,Stim8hr,0
MINDY1,Rest,0
MINDY1,Stim48hr,0
MINDY1,Stim8hr,0
MINDY2,Rest,0
MINDY2,Stim48hr,0
MINDY2,Stim8hr,0
MINDY3,Rest,0
MINDY3,Stim48hr,0
MINDY3,Stim8hr,0
MINK1,Rest,0
MINK1,Stim48hr,0
MINK1,Stim8hr,0
MINPP1,Rest,0
MINPP1,Stim48hr,0
MINPP1,Stim8hr,0
MIOS,Rest,1
MIOS,Stim48hr,3
MIOS,Stim8hr,1
MIPEP,Rest,0
MIPEP,Stim48hr,2
MIPEP,Stim8hr,1
MIS18A,Rest,0
MISO1,Rest,0
MISO1,Stim48hr,0
MISO1,Stim8hr,0
MISP,Rest,0
MISP,Stim48hr,0
MISP,Stim8hr,0
MITD1,Rest,1
MITD1,Stim48hr,0
MITD1,Stim8hr,0
MITF,Rest,0
MITF,Stim48hr,0
MITF,Stim8hr,0
MIX23,Rest,0
MIX23,Stim48hr,0
MIX23,Stim8hr,0
MIXL1,Rest,0
MIXL1,Stim48hr,0
MIXL1,Stim8hr,0
MKI67,Rest,0
MKI67,Stim48hr,0
MKI67,Stim8hr,0
MKKS,Rest,0
MKKS,Stim48hr,0
MKKS,Stim8hr,0
MKLN1,Rest,0
MKLN1,Stim48hr,0
MKLN1,Stim8hr,0
MKNK1,Rest,0
MKNK1,Stim48hr,0
MKNK1,Stim8hr,0
MKNK2,Rest,2
MKNK2,Stim48hr,0
MKNK2,Stim8hr,0
MKRN1,Rest,0
MKRN1,Stim48hr,0
MKRN1,Stim8hr,0
MKRN2,Rest,0
MKRN2,Stim48hr,0
MKRN2,Stim8hr,0
MKRN3,Rest,0
MKRN3,Stim48hr,0
MKRN3,Stim8hr,0
MKS1,Rest,0
MKS1,Stim48hr,0
MKS1,Stim8hr,0
MKX,Rest,0
MKX,Stim48hr,0
MKX,Stim8hr,0
MLANA,Rest,0
MLANA,Stim48hr,0
MLANA,Stim8hr,0
MLEC,Rest,0
MLEC,Stim48hr,0
MLEC,Stim8hr,0
MLF1,Rest,0
MLF1,Stim48hr,0
MLF1,Stim8hr,0
MLF2,Rest,0
MLF2,Stim48hr,0
MLF2,Stim8hr,0
MLH1,Rest,0
MLH1,Stim48hr,0
MLH1,Stim8hr,0
MLH3,Rest,0
MLH3,Stim48hr,0
MLH3,Stim8hr,0
MLKL,Rest,0
MLKL,Stim48hr,0
MLKL,Stim8hr,0
MLLT1,Rest,0
MLLT1,Stim48hr,0
MLLT1,Stim8hr,0
MLLT10,Rest,0
MLLT10,Stim48hr,0
MLLT10,Stim8hr,0
MLLT11,Rest,0
MLLT11,Stim48hr,0
MLLT11,Stim8hr,0
MLLT3,Rest,0
MLLT3,Stim48hr,1
MLLT3,Stim8hr,0
MLLT6,Rest,0
MLLT6,Stim48hr,0
MLLT6,Stim8hr,0
MLN,Rest,0
MLN,Stim48hr,0
MLN,Stim8hr,0
MLST8,Rest,1
MLST8,Stim48hr,2
MLST8,Stim8hr,0
MLX,Rest,0
MLX,Stim48hr,0
MLX,Stim8hr,0
MLXIP,Rest,0
MLXIP,Stim48hr,0
MLXIP,Stim8hr,0
MLXIPL,Rest,0
MLXIPL,Stim48hr,0
MLXIPL,Stim8hr,0
MLYCD,Rest,0
MLYCD,Stim48hr,0
MLYCD,Stim8hr,0
MMAA,Rest,0
MMAA,Stim48hr,0
MMAA,Stim8hr,0
MMAB,Rest,0
MMAB,Stim48hr,1
MMAB,Stim8hr,7
MMACHC,Rest,0
MMACHC,Stim48hr,0
MMACHC,Stim8hr,0
MMADHC,Rest,0
MMADHC,Stim48hr,0
MMADHC,Stim8hr,0
MMD,Rest,0
MMD,Stim48hr,0
MMD,Stim8hr,0
MME,Rest,0
MME,Stim48hr,0
MME,Stim8hr,0
MMGT1,Rest,0
MMGT1,Stim48hr,2
MMGT1,Stim8hr,1
MMP1,Rest,0
MMP1,Stim48hr,0
MMP1,Stim8hr,0
MMP17,Rest,0
MMP17,Stim48hr,0
MMP17,Stim8hr,0
MMP25,Rest,0
MMP25,Stim48hr,0
MMP25,Stim8hr,0
MMP28,Rest,0
MMP28,Stim48hr,0
MMP28,Stim8hr,0
MMP3,Rest,0
MMP3,Stim48hr,0
MMP3,Stim8hr,0
MMP9,Rest,2
MMP9,Stim48hr,0
MMP9,Stim8hr,0
MMRN1,Rest,0
MMRN1,Stim48hr,0
MMRN1,Stim8hr,0
MMS19,Rest,0
MMUT,Rest,0
MMUT,Stim48hr,0
MMUT,Stim8hr,0
MND1,Rest,0
MND1,Stim48hr,0
MND1,Stim8hr,0
MNDA,Rest,0
MNDA,Stim48hr,0
MNDA,Stim8hr,0
MNMIP1,Rest,0
MNMIP1,Stim48hr,0
MNMIP1,Stim8hr,0
MNT,Rest,0
MNT,Stim48hr,0
MNT,Stim8hr,0
MNX1,Rest,0
MNX1,Stim48hr,0
MNX1,Stim8hr,0
MOAP1,Rest,0
MOAP1,Stim48hr,0
MOAP1,Stim8hr,1
MOB1A,Rest,0
MOB1A,Stim48hr,0
MOB1A,Stim8hr,0
MOB1B,Rest,0
MOB1B,Stim48hr,0
MOB1B,Stim8hr,0
MOB3A,Rest,0
MOB3A,Stim48hr,0
MOB3A,Stim8hr,0
MOB3B,Rest,0
MOB3B,Stim48hr,0
MOB3B,Stim8hr,0
MOB3C,Rest,0
MOB3C,Stim48hr,0
MOB3C,Stim8hr,0
MOCS1,Rest,0
MOCS1,Stim48hr,0
MOCS1,Stim8hr,0
MOCS2,Rest,0
MOCS2,Stim48hr,0
MOCS2,Stim8hr,0
MOCS3,Rest,1
MOCS3,Stim48hr,0
MOCS3,Stim8hr,1
MOGS,Rest,0
MOGS,Stim48hr,0
MOGS,Stim8hr,0
MOK,Rest,0
MOK,Stim48hr,0
MOK,Stim8hr,0
MON1A,Rest,0
MON1A,Stim48hr,0
MON1A,Stim8hr,0
MON1B,Rest,0
MON1B,Stim48hr,0
MON1B,Stim8hr,0
MON2,Rest,0
MON2,Stim48hr,0
MON2,Stim8hr,0
MORC2,Rest,0
MORC2,Stim48hr,0
MORC2,Stim8hr,0
MORC3,Rest,0
MORC3,Stim48hr,0
MORC3,Stim8hr,0
MORC4,Rest,0
MORC4,Stim48hr,0
MORC4,Stim8hr,0
MORF4L1,Rest,0
MORF4L1,Stim48hr,0
MORF4L1,Stim8hr,0
MORF4L2,Rest,0
MORF4L2,Stim48hr,0
MORF4L2,Stim8hr,0
MORN1,Rest,0
MORN1,Stim48hr,0
MORN1,Stim8hr,0
MORN2,Rest,0
MORN2,Stim48hr,0
MORN2,Stim8hr,0
MORN3,Rest,0
MORN3,Stim48hr,0
MORN3,Stim8hr,0
MORN4,Rest,0
MORN4,Stim48hr,0
MORN4,Stim8hr,0
MOSMO,Rest,0
MOSMO,Stim48hr,0
MOSMO,Stim8hr,0
MOSPD1,Rest,0
MOSPD1,Stim48hr,0
MOSPD1,Stim8hr,0
MOSPD2,Rest,1
MOSPD2,Stim48hr,0
MOSPD2,Stim8hr,0
MOSPD3,Rest,0
MOSPD3,Stim48hr,0
MOSPD3,Stim8hr,0
MOV10,Rest,1
MOV10,Stim48hr,0
MOV10,Stim8hr,2
MPC1,Rest,0
MPC1,Stim48hr,0
MPC1,Stim8hr,0
MPC2,Stim48hr,0
MPC2,Stim8hr,0
MPDU1,Rest,0
MPDU1,Stim48hr,0
MPDU1,Stim8hr,0
MPEG1,Rest,0
MPEG1,Stim48hr,0
MPEG1,Stim8hr,0
MPG,Stim48hr,0
MPG,Stim8hr,0
MPHOSPH6,Rest,1
MPHOSPH6,Stim48hr,0
MPHOSPH6,Stim8hr,0
MPHOSPH9,Stim8hr,0
MPI,Rest,2
MPI,Stim48hr,1
MPI,Stim8hr,12
MPIG6B,Rest,0
MPIG6B,Stim48hr,0
MPIG6B,Stim8hr,0
MPL,Rest,0
MPL,Stim48hr,0
MPL,Stim8hr,1
MPLKIP,Rest,0
MPLKIP,Stim48hr,0
MPLKIP,Stim8hr,0
MPND,Rest,0
MPND,Stim48hr,0
MPND,Stim8hr,0
MPO,Rest,0
MPO,Stim48hr,0
MPO,Stim8hr,0
MPP1,Rest,0
MPP1,Stim48hr,0
MPP1,Stim8hr,0
MPP2,Rest,0
MPP2,Stim48hr,0
MPP2,Stim8hr,0
MPP7,Rest,0
MPP7,Stim48hr,0
MPP7,Stim8hr,0
MPPE1,Rest,0
MPPE1,Stim48hr,0
MPPE1,Stim8hr,0
MPRIP,Rest,0
MPRIP,Stim48hr,0
MPRIP,Stim8hr,0
MPST,Rest,0
MPST,Stim48hr,0
MPST,Stim8hr,0
MPV17,Rest,0
MPV17,Stim48hr,0
MPV17,Stim8hr,0
MPV17L,Rest,0
MPV17L,Stim48hr,0
MPV17L,Stim8hr,0
MPV17L2,Rest,0
MPV17L2,Stim48hr,0
MPV17L2,Stim8hr,0
MPZ,Rest,0
MPZ,Stim48hr,0
MPZ,Stim8hr,0
MPZL1,Rest,0
MPZL1,Stim48hr,0
MPZL1,Stim8hr,0
MPZL2,Rest,0
MPZL2,Stim48hr,0
MPZL2,Stim8hr,0
MPZL3,Rest,0
MPZL3,Stim48hr,0
MPZL3,Stim8hr,0
MR1,Rest,0
MR1,Stim48hr,0
MR1,Stim8hr,0
MRC2,Rest,1
MRC2,Stim48hr,2
MRC2,Stim8hr,0
MREG,Rest,0
MREG,Stim48hr,0
MREG,Stim8hr,0
MRFAP1,Rest,0
MRFAP1,Stim48hr,0
MRFAP1,Stim8hr,0
MRFAP1L1,Rest,0
MRFAP1L1,Stim8hr,0
MRGBP,Rest,1
MRGBP,Stim48hr,0
MRGBP,Stim8hr,0
MRGPRD,Rest,0
MRGPRD,Stim48hr,0
MRGPRD,Stim8hr,0
MRI1,Rest,0
MRI1,Stim48hr,0
MRI1,Stim8hr,0
MRM1,Rest,0
MRM1,Stim48hr,0
MRM1,Stim8hr,0
MRM2,Rest,0
MRM2,Stim48hr,0
MRM2,Stim8hr,0
MRM3,Rest,0
MRM3,Stim48hr,0
MRM3,Stim8hr,0
MRNIP,Rest,0
MRNIP,Stim48hr,0
MRNIP,Stim8hr,0
MROH6,Rest,0
MROH6,Stim48hr,1
MROH6,Stim8hr,0
MRPL1,Rest,0
MRPL1,Stim48hr,0
MRPL1,Stim8hr,0
MRPL10,Rest,1
MRPL10,Stim8hr,1
MRPL11,Rest,0
MRPL11,Stim48hr,3
MRPL11,Stim8hr,2
MRPL13,Rest,0
MRPL13,Stim8hr,0
MRPL14,Rest,0
MRPL14,Stim48hr,3
MRPL14,Stim8hr,0
MRPL15,Rest,0
MRPL15,Stim48hr,0
MRPL15,Stim8hr,0
MRPL16,Rest,0
MRPL16,Stim48hr,1
MRPL16,Stim8hr,1
MRPL17,Rest,0
MRPL17,Stim48hr,0
MRPL17,Stim8hr,0
MRPL18,Rest,0
MRPL18,Stim48hr,0
MRPL18,Stim8hr,0
MRPL19,Rest,0
MRPL19,Stim48hr,1
MRPL19,Stim8hr,0
MRPL2,Rest,0
MRPL2,Stim48hr,1
MRPL2,Stim8hr,0
MRPL20,Rest,0
MRPL20,Stim48hr,0
MRPL20,Stim8hr,0
MRPL21,Rest,0
MRPL21,Stim48hr,1
MRPL21,Stim8hr,0
MRPL22,Rest,0
MRPL22,Stim48hr,0
MRPL22,Stim8hr,0
MRPL23,Rest,0
MRPL23,Stim48hr,0
MRPL23,Stim8hr,0
MRPL24,Rest,0
MRPL24,Stim48hr,0
MRPL24,Stim8hr,0
MRPL27,Rest,0
MRPL27,Stim48hr,0
MRPL27,Stim8hr,0
MRPL28,Rest,0
MRPL28,Stim48hr,0
MRPL28,Stim8hr,0
MRPL3,Rest,0
MRPL3,Stim48hr,0
MRPL3,Stim8hr,0
MRPL32,Rest,0
MRPL32,Stim48hr,0
MRPL32,Stim8hr,0
MRPL33,Rest,0
MRPL33,Stim48hr,0
MRPL33,Stim8hr,0
MRPL34,Rest,0
MRPL34,Stim48hr,0
MRPL34,Stim8hr,0
MRPL35,Rest,1
MRPL35,Stim48hr,2
MRPL35,Stim8hr,0
MRPL36,Rest,0
MRPL36,Stim48hr,0
MRPL36,Stim8hr,0
MRPL37,Rest,0
MRPL37,Stim48hr,2
MRPL37,Stim8hr,0
MRPL38,Rest,0
MRPL38,Stim48hr,0
MRPL38,Stim8hr,0
MRPL39,Rest,0
MRPL39,Stim48hr,2
MRPL39,Stim8hr,0
MRPL4,Rest,0
MRPL4,Stim48hr,0
MRPL4,Stim8hr,0
MRPL40,Rest,0
MRPL40,Stim48hr,0
MRPL40,Stim8hr,0
MRPL41,Rest,0
MRPL41,Stim48hr,0
MRPL41,Stim8hr,1
MRPL42,Rest,0
MRPL42,Stim48hr,1
MRPL42,Stim8hr,1
MRPL43,Rest,0
MRPL43,Stim48hr,0
MRPL43,Stim8hr,0
MRPL44,Rest,0
MRPL44,Stim48hr,0
MRPL44,Stim8hr,0
MRPL45,Rest,0
MRPL45,Stim48hr,2
MRPL45,Stim8hr,0
MRPL46,Rest,0
MRPL46,Stim48hr,0
MRPL46,Stim8hr,0
MRPL47,Rest,0
MRPL47,Stim48hr,0
MRPL47,Stim8hr,0
MRPL48,Rest,0
MRPL48,Stim48hr,0
MRPL48,Stim8hr,0
MRPL49,Rest,0
MRPL49,Stim48hr,0
MRPL49,Stim8hr,1
MRPL50,Rest,0
MRPL50,Stim48hr,0
MRPL50,Stim8hr,0
MRPL51,Rest,0
MRPL51,Stim48hr,0
MRPL51,Stim8hr,0
MRPL52,Rest,0
MRPL52,Stim48hr,0
MRPL52,Stim8hr,0
MRPL53,Rest,0
MRPL53,Stim48hr,0
MRPL53,Stim8hr,0
MRPL54,Rest,0
MRPL54,Stim48hr,0
MRPL54,Stim8hr,0
MRPL55,Rest,0
MRPL55,Stim48hr,0
MRPL55,Stim8hr,0
MRPL57,Rest,0
MRPL57,Stim48hr,0
MRPL57,Stim8hr,0
MRPL58,Rest,0
MRPL58,Stim48hr,0
MRPL58,Stim8hr,0
MRPL9,Rest,0
MRPL9,Stim48hr,0
MRPL9,Stim8hr,0
MRPS10,Rest,0
MRPS10,Stim48hr,0
MRPS10,Stim8hr,0
MRPS11,Rest,0
MRPS11,Stim48hr,7
MRPS11,Stim8hr,0
MRPS12,Rest,0
MRPS12,Stim48hr,3
MRPS12,Stim8hr,0
MRPS14,Rest,0
MRPS14,Stim48hr,0
MRPS14,Stim8hr,0
MRPS15,Rest,0
MRPS15,Stim48hr,0
MRPS15,Stim8hr,1
MRPS16,Rest,0
MRPS16,Stim48hr,1
MRPS16,Stim8hr,0
MRPS17,Rest,0
MRPS17,Stim48hr,2
MRPS17,Stim8hr,1
MRPS18A,Rest,0
MRPS18A,Stim48hr,0
MRPS18A,Stim8hr,0
MRPS18B,Rest,0
MRPS18B,Stim48hr,0
MRPS18B,Stim8hr,1
MRPS18C,Rest,0
MRPS18C,Stim48hr,0
MRPS18C,Stim8hr,0
MRPS2,Rest,0
MRPS2,Stim48hr,1
MRPS2,Stim8hr,1
MRPS21,Rest,1
MRPS21,Stim48hr,0
MRPS21,Stim8hr,0
MRPS22,Rest,0
MRPS22,Stim48hr,0
MRPS22,Stim8hr,0
MRPS23,Rest,0
MRPS23,Stim48hr,2
MRPS23,Stim8hr,1
MRPS24,Rest,0
MRPS24,Stim48hr,1
MRPS24,Stim8hr,2
MRPS25,Rest,0
MRPS25,Stim48hr,1
MRPS25,Stim8hr,0
MRPS26,Rest,0
MRPS26,Stim48hr,0
MRPS26,Stim8hr,0
MRPS27,Rest,0
MRPS27,Stim48hr,0
MRPS27,Stim8hr,0
MRPS28,Rest,0
MRPS28,Stim48hr,0
MRPS28,Stim8hr,0
MRPS30,Rest,0
MRPS30,Stim48hr,0
MRPS30,Stim8hr,0
MRPS31,Rest,0
MRPS31,Stim48hr,1
MRPS31,Stim8hr,0
MRPS34,Rest,0
MRPS34,Stim48hr,1
MRPS34,Stim8hr,0
MRPS35,Rest,0
MRPS35,Stim48hr,1
MRPS35,Stim8hr,0
MRPS5,Rest,0
MRPS5,Stim48hr,1
MRPS5,Stim8hr,0
MRPS6,Rest,0
MRPS6,Stim48hr,0
MRPS6,Stim8hr,0
MRPS7,Rest,1
MRPS7,Stim48hr,0
MRPS7,Stim8hr,0
MRPS9,Rest,0
MRPS9,Stim48hr,1
MRPS9,Stim8hr,0
MRRF,Rest,0
MRRF,Stim48hr,0
MRRF,Stim8hr,0
MRS2,Rest,0
MRS2,Stim48hr,0
MRS2,Stim8hr,0
MRTFA,Rest,0
MRTFA,Stim48hr,0
MRTFA,Stim8hr,0
MRTFB,Rest,0
MRTFB,Stim48hr,0
MRTFB,Stim8hr,0
MRTO4,Rest,1
MS4A1,Rest,0
MS4A1,Stim48hr,0
MS4A1,Stim8hr,0
MS4A6A,Rest,0
MS4A6A,Stim48hr,0
MS4A6A,Stim8hr,0
MS4A7,Rest,0
MS4A7,Stim48hr,0
MS4A7,Stim8hr,0
MSANTD1,Rest,0
MSANTD1,Stim48hr,0
MSANTD1,Stim8hr,0
MSANTD2,Rest,0
MSANTD2,Stim48hr,0
MSANTD2,Stim8hr,0
MSANTD3,Rest,2
MSANTD3,Stim48hr,0
MSANTD3,Stim8hr,0
MSANTD4,Rest,0
MSANTD4,Stim48hr,0
MSANTD4,Stim8hr,0
MSC,Rest,0
MSC,Stim48hr,0
MSC,Stim8hr,0
MSGN1,Rest,0
MSGN1,Stim48hr,0
MSGN1,Stim8hr,0
MSH2,Rest,1
MSH2,Stim48hr,0
MSH2,Stim8hr,0
MSH5,Rest,0
MSH5,Stim48hr,0
MSH5,Stim8hr,0
MSH6,Rest,0
MSH6,Stim48hr,0
MSH6,Stim8hr,0
MSI2,Rest,0
MSI2,Stim48hr,0
MSI2,Stim8hr,0
MSL1,Rest,0
MSL1,Stim48hr,0
MSL1,Stim8hr,0
MSL2,Rest,0
MSL2,Stim48hr,0
MSL2,Stim8hr,1
MSL3,Rest,0
MSL3,Stim48hr,0
MSL3,Stim8hr,0
MSMO1,Rest,0
MSMO1,Stim48hr,0
MSMO1,Stim8hr,0
MSN,Rest,0
MSN,Stim48hr,0
MSN,Stim8hr,0
MSRA,Rest,0
MSRA,Stim48hr,0
MSRA,Stim8hr,0
MSRB1,Rest,0
MSRB1,Stim48hr,0
MSRB1,Stim8hr,0
MSRB2,Rest,0
MSRB2,Stim48hr,0
MSRB2,Stim8hr,0
MSS51,Rest,0
MSS51,Stim48hr,0
MSS51,Stim8hr,0
MST1,Rest,0
MST1,Stim48hr,0
MST1,Stim8hr,0
MSTO1,Rest,0
MSTO1,Stim48hr,0
MSTO1,Stim8hr,0
MSX1,Rest,0
MSX1,Stim48hr,0
MSX1,Stim8hr,0
MSX2,Rest,0
MSX2,Stim48hr,0
MSX2,Stim8hr,0
MT1E,Rest,0
MT1E,Stim48hr,0
MT1E,Stim8hr,0
MT1F,Rest,0
MT1F,Stim48hr,0
MT1F,Stim8hr,0
MT1G,Rest,0
MT1G,Stim48hr,0
MT1G,Stim8hr,0
MT1H,Rest,0
MT1H,Stim48hr,0
MT1H,Stim8hr,0
MT1M,Rest,0
MT1M,Stim48hr,0
MT1M,Stim8hr,0
MT1X,Rest,0
MT1X,Stim48hr,0
MT1X,Stim8hr,0
MT2A,Rest,0
MT2A,Stim48hr,0
MT2A,Stim8hr,0
MT3,Rest,0
MT3,Stim48hr,0
MT3,Stim8hr,0
MTA1,Rest,0
MTA1,Stim48hr,0
MTA1,Stim8hr,0
MTA2,Rest,3
MTA2,Stim48hr,1
MTA2,Stim8hr,4
MTA3,Rest,0
MTA3,Stim48hr,1
MTA3,Stim8hr,3
MTAP,Rest,0
MTAP,Stim48hr,0
MTAP,Stim8hr,0
MTCH1,Rest,0
MTCH1,Stim48hr,0
MTCH1,Stim8hr,0
MTCH2,Rest,0
MTCH2,Stim48hr,0
MTCH2,Stim8hr,0
MTCL3,Rest,0
MTCL3,Stim48hr,0
MTCL3,Stim8hr,0
MTCP1,Rest,0
MTCP1,Stim48hr,0
MTCP1,Stim8hr,0
MTDH,Rest,0
MTDH,Stim48hr,0
MTDH,Stim8hr,0
MTERF1,Rest,0
MTERF1,Stim48hr,0
MTERF1,Stim8hr,0
MTERF2,Rest,0
MTERF2,Stim48hr,0
MTERF2,Stim8hr,0
MTERF3,Rest,0
MTERF3,Stim48hr,0
MTERF3,Stim8hr,0
MTERF4,Rest,0
MTERF4,Stim48hr,0
MTERF4,Stim8hr,0
MTF1,Rest,0
MTF1,Stim48hr,1
MTF1,Stim8hr,0
MTF2,Rest,0
MTF2,Stim48hr,0
MTF2,Stim8hr,0
MTFMT,Rest,0
MTFMT,Stim48hr,0
MTFMT,Stim8hr,0
MTFP1,Rest,0
MTFP1,Stim48hr,0
MTFP1,Stim8hr,0
MTFR1,Rest,0
MTFR1,Stim48hr,0
MTFR1,Stim8hr,0
MTFR1L,Rest,1
MTFR1L,Stim48hr,0
MTFR1L,Stim8hr,0
MTFR2,Rest,0
MTFR2,Stim48hr,0
MTFR2,Stim8hr,0
MTG1,Rest,0
MTG1,Stim48hr,1
MTG1,Stim8hr,0
MTG2,Rest,0
MTG2,Stim48hr,0
MTG2,Stim8hr,0
MTHFD1,Rest,0
MTHFD1,Stim48hr,1
MTHFD1,Stim8hr,1
MTHFD1L,Rest,0
MTHFD1L,Stim48hr,3
MTHFD1L,Stim8hr,2
MTHFD2,Rest,0
MTHFD2,Stim48hr,0
MTHFD2,Stim8hr,0
MTHFD2L,Rest,0
MTHFD2L,Stim48hr,0
MTHFD2L,Stim8hr,0
MTHFR,Rest,0
MTHFR,Stim48hr,0
MTHFR,Stim8hr,0
MTHFS,Rest,0
MTHFS,Stim48hr,0
MTHFS,Stim8hr,0
MTHFSD,Rest,0
MTHFSD,Stim48hr,0
MTHFSD,Stim8hr,0
MTIF2,Rest,0
MTIF2,Stim48hr,0
MTIF2,Stim8hr,0
MTIF3,Rest,0
MTIF3,Stim48hr,0
MTIF3,Stim8hr,0
MTM1,Rest,0
MTM1,Stim48hr,0
MTM1,Stim8hr,0
MTMR1,Rest,0
MTMR1,Stim48hr,0
MTMR1,Stim8hr,0
MTMR10,Rest,0
MTMR10,Stim48hr,1
MTMR10,Stim8hr,0
MTMR11,Rest,0
MTMR11,Stim48hr,0
MTMR11,Stim8hr,0
MTMR12,Rest,0
MTMR12,Stim48hr,0
MTMR12,Stim8hr,0
MTMR14,Rest,0
MTMR14,Stim48hr,0
MTMR14,Stim8hr,0
MTMR2,Rest,0
MTMR2,Stim48hr,0
MTMR2,Stim8hr,0
MTMR3,Rest,1
MTMR3,Stim48hr,0
MTMR3,Stim8hr,0
MTMR4,Rest,0
MTMR4,Stim48hr,0
MTMR4,Stim8hr,0
MTMR6,Rest,0
MTMR6,Stim48hr,0
MTMR6,Stim8hr,0
MTMR7,Rest,0
MTMR7,Stim48hr,0
MTMR7,Stim8hr,0
MTMR8,Rest,0
MTMR8,Stim48hr,0
MTMR8,Stim8hr,0
MTMR9,Rest,0
MTMR9,Stim48hr,0
MTMR9,Stim8hr,0
MTNAP1,Stim8hr,0
MTO1,Rest,0
MTO1,Stim48hr,0
MTO1,Stim8hr,0
MTOR,Stim48hr,1
MTOR,Stim8hr,0
MTPAP,Rest,0
MTPAP,Stim48hr,0
MTPAP,Stim8hr,0
MTPN,Rest,0
MTPN,Stim48hr,0
MTPN,Stim8hr,0
MTR,Rest,0
MTR,Stim48hr,0
MTR,Stim8hr,0
MTRES1,Rest,0
MTRES1,Stim48hr,0
MTRES1,Stim8hr,2
MTRF1,Rest,0
MTRF1,Stim48hr,0
MTRF1,Stim8hr,0
MTRF1L,Rest,0
MTRF1L,Stim48hr,0
MTRF1L,Stim8hr,0
MTRFR,Rest,0
MTRFR,Stim48hr,0
MTRFR,Stim8hr,0
MTRNR2L1,Rest,0
MTRNR2L1,Stim48hr,0
MTRNR2L1,Stim8hr,0
MTRNR2L4,Rest,0
MTRNR2L4,Stim48hr,0
MTRNR2L4,Stim8hr,0
MTRNR2L8,Rest,0
MTRNR2L8,Stim48hr,0
MTRNR2L8,Stim8hr,1
MTRR,Rest,0
MTRR,Stim48hr,0
MTRR,Stim8hr,1
MTSS1,Rest,0
MTSS1,Stim48hr,0
MTSS1,Stim8hr,0
MTSS2,Rest,0
MTSS2,Stim48hr,0
MTSS2,Stim8hr,0
MTURN,Rest,0
MTURN,Stim48hr,0
MTURN,Stim8hr,0
MTUS1,Rest,0
MTUS1,Stim48hr,0
MTUS1,Stim8hr,0
MTX1,Rest,0
MTX1,Stim48hr,2
MTX1,Stim8hr,0
MTX2,Rest,0
MTX2,Stim48hr,0
MTX2,Stim8hr,0
MTX3,Rest,0
MTX3,Stim48hr,0
MTX3,Stim8hr,0
MUC1,Rest,0
MUC1,Stim48hr,0
MUC1,Stim8hr,1
MUC12,Rest,0
MUC12,Stim48hr,0
MUC12,Stim8hr,0
MUC13,Rest,0
MUC13,Stim48hr,0
MUC13,Stim8hr,0
MUC16,Rest,0
MUC16,Stim48hr,0
MUC16,Stim8hr,0
MUC19,Rest,0
MUC19,Stim48hr,0
MUC19,Stim8hr,0
MUC2,Rest,0
MUC2,Stim48hr,0
MUC2,Stim8hr,0
MUC20,Rest,0
MUC20,Stim48hr,0
MUC20,Stim8hr,0
MUC3A,Rest,0
MUC3A,Stim48hr,0
MUC3A,Stim8hr,0
MUC4,Rest,0
MUC4,Stim48hr,0
MUC4,Stim8hr,0
MUC5AC,Rest,0
MUC5AC,Stim48hr,0
MUC5AC,Stim8hr,0
MUC5B,Rest,0
MUC5B,Stim48hr,0
MUC5B,Stim8hr,0
MUCL1,Rest,0
MUCL1,Stim48hr,0
MUCL1,Stim8hr,0
MUL1,Rest,0
MUL1,Stim48hr,0
MUL1,Stim8hr,1
MUS81,Rest,0
MUS81,Stim48hr,0
MUS81,Stim8hr,0
MUSTN1,Rest,0
MUSTN1,Stim48hr,0
MUSTN1,Stim8hr,0
MUTYH,Rest,0
MUTYH,Stim48hr,0
MUTYH,Stim8hr,0
MVB12A,Rest,0
MVB12A,Stim48hr,0
MVB12A,Stim8hr,0
MVB12B,Rest,1
MVB12B,Stim48hr,0
MVB12B,Stim8hr,1
MVD,Rest,0
MVD,Stim48hr,0
MVD,Stim8hr,0
MVP,Rest,0
MVP,Stim48hr,0
MVP,Stim8hr,0
MX1,Rest,0
MX1,Stim48hr,0
MX1,Stim8hr,0
MX2,Rest,0
MX2,Stim8hr,0
MXD1,Rest,0
MXD1,Stim48hr,0
MXD1,Stim8hr,0
MXD3,Rest,0
MXD3,Stim48hr,0
MXD3,Stim8hr,0
MXD4,Rest,0
MXD4,Stim48hr,0
MXD4,Stim8hr,0
MXI1,Rest,0
MXI1,Stim48hr,0
MXI1,Stim8hr,0
MXRA7,Rest,0
MXRA7,Stim48hr,0
MXRA7,Stim8hr,0
MXRA8,Rest,0
MXRA8,Stim48hr,0
MXRA8,Stim8hr,0
MYADM,Rest,0
MYADM,Stim48hr,0
MYADM,Stim8hr,0
MYB,Rest,0
MYB,Stim48hr,2
MYB,Stim8hr,0
MYBL1,Rest,0
MYBL1,Stim48hr,0
MYBL1,Stim8hr,0
MYC,Rest,0
MYC,Stim48hr,0
MYC,Stim8hr,2
MYCBP,Rest,0
MYCBP,Stim48hr,0
MYCBP,Stim8hr,0
MYCBP2,Rest,0
MYCBP2,Stim48hr,0
MYCBP2,Stim8hr,0
MYCBPAP,Rest,0
MYCBPAP,Stim48hr,0
MYCBPAP,Stim8hr,0
MYCL,Rest,0
MYCL,Stim48hr,0
MYCL,Stim8hr,0
MYCN,Rest,0
MYCN,Stim48hr,0
MYCN,Stim8hr,0
MYD88,Rest,0
MYD88,Stim48hr,0
MYD88,Stim8hr,0
MYDGF,Rest,0
MYDGF,Stim48hr,0
MYDGF,Stim8hr,0
MYEF2,Rest,0
MYEF2,Stim48hr,0
MYEF2,Stim8hr,2
MYF5,Rest,0
MYF5,Stim48hr,0
MYF5,Stim8hr,0
MYF6,Rest,0
MYF6,Stim48hr,0
MYF6,Stim8hr,0
MYG1,Rest,0
MYG1,Stim48hr,0
MYG1,Stim8hr,1
MYH10,Rest,0
MYH10,Stim48hr,0
MYH10,Stim8hr,0
MYH11,Rest,0
MYH11,Stim48hr,0
MYH11,Stim8hr,0
MYH14,Rest,0
MYH14,Stim48hr,0
MYH14,Stim8hr,0
MYH3,Rest,0
MYH3,Stim48hr,0
MYH3,Stim8hr,0
MYH9,Rest,2
MYH9,Stim48hr,0
MYH9,Stim8hr,0
MYL11,Rest,0
MYL11,Stim48hr,0
MYL11,Stim8hr,0
MYL12A,Rest,3
MYL12A,Stim48hr,0
MYL12A,Stim8hr,0
MYL12B,Rest,1
MYL12B,Stim48hr,0
MYL12B,Stim8hr,0
MYL5,Rest,0
MYL5,Stim48hr,0
MYL5,Stim8hr,1
MYL6,Rest,0
MYL6,Stim48hr,1
MYL6,Stim8hr,0
MYL6B,Rest,0
MYL6B,Stim48hr,0
MYL6B,Stim8hr,0
MYL9,Rest,0
MYL9,Stim48hr,0
MYL9,Stim8hr,0
MYLIP,Rest,0
MYLIP,Stim48hr,0
MYLIP,Stim8hr,0
MYLK,Rest,0
MYLK,Stim48hr,0
MYLK,Stim8hr,0
MYNN,Rest,0
MYNN,Stim48hr,0
MYNN,Stim8hr,0
MYO15A,Rest,0
MYO15A,Stim48hr,0
MYO15A,Stim8hr,0
MYO15B,Rest,0
MYO15B,Stim48hr,0
MYO15B,Stim8hr,0
MYO16,Rest,0
MYO16,Stim48hr,0
MYO16,Stim8hr,0
MYO18A,Rest,8
MYO18A,Stim48hr,2
MYO18A,Stim8hr,2
MYO19,Rest,0
MYO19,Stim48hr,0
MYO19,Stim8hr,0
MYO1B,Rest,0
MYO1B,Stim48hr,0
MYO1B,Stim8hr,0
MYO1C,Rest,0
MYO1C,Stim48hr,0
MYO1C,Stim8hr,0
MYO1D,Rest,0
MYO1D,Stim48hr,0
MYO1D,Stim8hr,0
MYO1E,Rest,0
MYO1E,Stim48hr,0
MYO1E,Stim8hr,0
MYO1F,Rest,0
MYO1F,Stim48hr,2
MYO1F,Stim8hr,0
MYO1G,Rest,0
MYO1G,Stim48hr,0
MYO1G,Stim8hr,0
MYO3B,Stim48hr,0
MYO3B,Stim8hr,0
MYO5A,Rest,0
MYO5A,Stim48hr,0
MYO5A,Stim8hr,0
MYO6,Rest,0
MYO6,Stim48hr,0
MYO6,Stim8hr,0
MYO9A,Rest,4
MYO9A,Stim48hr,1
MYO9A,Stim8hr,2
MYO9B,Stim48hr,1
MYOD1,Rest,0
MYOD1,Stim48hr,0
MYOD1,Stim8hr,0
MYOF,Rest,0
MYOF,Stim48hr,0
MYOF,Stim8hr,0
MYOG,Rest,0
MYOG,Stim48hr,0
MYOG,Stim8hr,0
MYOM1,Rest,0
MYOM1,Stim48hr,0
MYOM1,Stim8hr,0
MYOM2,Rest,0
MYOM2,Stim48hr,0
MYOM2,Stim8hr,0
MYPOP,Rest,0
MYPOP,Stim48hr,0
MYPOP,Stim8hr,0
MYRF,Rest,0
MYRF,Stim48hr,0
MYRF,Stim8hr,0
MYRFL,Rest,2
MYRFL,Stim48hr,0
MYRFL,Stim8hr,0
MYSM1,Rest,0
MYSM1,Stim48hr,0
MYSM1,Stim8hr,0
MYT1,Rest,0
MYT1,Stim48hr,0
MYT1,Stim8hr,0
MYT1L,Rest,0
MYT1L,Stim48hr,0
MYT1L,Stim8hr,0
MZB1,Rest,0
MZB1,Stim48hr,0
MZB1,Stim8hr,0
MZF1,Rest,0
MZF1,Stim48hr,0
MZF1,Stim8hr,0
MZT2A,Rest,0
MZT2A,Stim48hr,0
MZT2A,Stim8hr,0
MZT2B,Stim48hr,0
MZT2B,Stim8hr,0
N4BP1,Rest,0
N4BP1,Stim48hr,0
N4BP1,Stim8hr,0
N4BP2,Rest,0
N4BP2,Stim48hr,0
N4BP2,Stim8hr,0
N4BP2L1,Rest,0
N4BP2L1,Stim48hr,0
N4BP2L1,Stim8hr,0
N4BP2L2,Rest,0
N4BP2L2,Stim48hr,0
N4BP2L2,Stim8hr,0
N4BP3,Rest,0
N4BP3,Stim48hr,0
N4BP3,Stim8hr,0
NAA16,Rest,0
NAA16,Stim48hr,0
NAA16,Stim8hr,0
NAA20,Rest,0
NAA20,Stim48hr,0
NAA20,Stim8hr,2
NAA25,Rest,1
NAA25,Stim48hr,1
NAA25,Stim8hr,1
NAA30,Rest,5
NAA30,Stim48hr,0
NAA30,Stim8hr,5
NAA35,Rest,0
NAA35,Stim48hr,0
NAA35,Stim8hr,0
NAA38,Rest,0
NAA38,Stim48hr,0
NAA38,Stim8hr,0
NAA40,Rest,1
NAA40,Stim48hr,0
NAA40,Stim8hr,0
NAA60,Rest,0
NAA60,Stim48hr,0
NAA60,Stim8hr,0
NAA80,Rest,0
NAA80,Stim48hr,0
NAA80,Stim8hr,0
NAAA,Rest,0
NAAA,Stim48hr,0
NAAA,Stim8hr,0
NAALAD2,Rest,0
NAALAD2,Stim48hr,0
NAALAD2,Stim8hr,0
NAALADL1,Rest,0
NAALADL1,Stim48hr,0
NAALADL1,Stim8hr,0
NAB1,Rest,0
NAB1,Stim48hr,0
NAB1,Stim8hr,0
NAB2,Rest,0
NAB2,Stim48hr,1
NAB2,Stim8hr,0
NABP1,Rest,0
NABP1,Stim48hr,0
NABP1,Stim8hr,0
NABP2,Rest,0
NABP2,Stim48hr,0
NABP2,Stim8hr,0
NACC1,Rest,0
NACC1,Stim48hr,0
NACC1,Stim8hr,0
NACC2,Rest,0
NACC2,Stim48hr,0
NACC2,Stim8hr,0
NADK,Rest,0
NADK,Stim48hr,0
NADK,Stim8hr,0
NADK2,Rest,0
NADK2,Stim48hr,0
NADK2,Stim8hr,0
NADSYN1,Rest,0
NADSYN1,Stim48hr,0
NADSYN1,Stim8hr,1
NAE1,Rest,1
NAE1,Stim48hr,1
NAF1,Rest,0
NAF1,Stim48hr,0
NAF1,Stim8hr,1
NAGA,Rest,0
NAGA,Stim48hr,0
NAGA,Stim8hr,0
NAGK,Rest,0
NAGK,Stim48hr,0
NAGK,Stim8hr,0
NAGLU,Rest,0
NAGLU,Stim48hr,0
NAGLU,Stim8hr,0
NAGPA,Rest,0
NAGPA,Stim48hr,0
NAGPA,Stim8hr,0
NAIF1,Rest,0
NAIF1,Stim48hr,0
NAIF1,Stim8hr,0
NAMPT,Rest,0
NAMPT,Stim48hr,0
NAMPT,Stim8hr,0
NANOG,Rest,0
NANOG,Stim48hr,0
NANOG,Stim8hr,0
NANOGNB,Rest,0
NANOGNB,Stim48hr,0
NANOGNB,Stim8hr,0
NANOS1,Rest,0
NANOS1,Stim48hr,0
NANOS1,Stim8hr,0
NANP,Rest,0
NANP,Stim48hr,0
NANP,Stim8hr,0
NANS,Rest,0
NANS,Stim48hr,0
NANS,Stim8hr,0
NAP1L1,Rest,0
NAP1L1,Stim48hr,0
NAP1L1,Stim8hr,0
NAP1L2,Rest,0
NAP1L2,Stim48hr,0
NAP1L2,Stim8hr,0
NAP1L3,Rest,0
NAP1L3,Stim48hr,0
NAP1L3,Stim8hr,0
NAP1L4,Rest,0
NAP1L4,Stim48hr,0
NAP1L4,Stim8hr,0
NAP1L5,Rest,0
NAP1L5,Stim48hr,0
NAP1L5,Stim8hr,0
NAPB,Rest,0
NAPB,Stim48hr,0
NAPB,Stim8hr,0
NAPEPLD,Rest,0
NAPEPLD,Stim48hr,0
NAPEPLD,Stim8hr,0
NAPG,Rest,0
NAPG,Stim48hr,0
NAPG,Stim8hr,0
NAPRT,Rest,0
NAPRT,Stim48hr,0
NAPRT,Stim8hr,0
NAPSA,Rest,0
NAPSA,Stim48hr,0
NAPSA,Stim8hr,0
NARF,Rest,0
NARF,Stim48hr,0
NARF,Stim8hr,0
NARS1,Rest,0
NARS1,Stim8hr,0
NARS2,Rest,0
NARS2,Stim48hr,0
NARS2,Stim8hr,0
NASP,Rest,0
NASP,Stim48hr,0
NASP,Stim8hr,0
NAT1,Rest,0
NAT1,Stim48hr,0
NAT1,Stim8hr,0
NAT14,Rest,0
NAT14,Stim48hr,0
NAT14,Stim8hr,0
NAT9,Rest,0
NAT9,Stim48hr,0
NAT9,Stim8hr,0
NATD1,Rest,0
NATD1,Stim48hr,0
NATD1,Stim8hr,0
NAV1,Rest,0
NAV1,Stim48hr,0
NAV1,Stim8hr,0
NAXD,Rest,0
NAXD,Stim48hr,0
NAXD,Stim8hr,0
NAXE,Rest,0
NAXE,Stim48hr,0
NAXE,Stim8hr,0
NBAS,Stim8hr,2
NBEA,Rest,0
NBEA,Stim48hr,0
NBEA,Stim8hr,0
NBEAL1,Rest,0
NBEAL1,Stim48hr,0
NBEAL1,Stim8hr,0
NBEAL2,Rest,0
NBEAL2,Stim48hr,0
NBEAL2,Stim8hr,0
NBL1,Rest,0
NBL1,Stim48hr,0
NBL1,Stim8hr,0
NBN,Stim8hr,1
NBPF11,Rest,0
NBPF11,Stim48hr,0
NBPF11,Stim8hr,0
NBPF14,Rest,0
NBPF14,Stim48hr,0
NBPF14,Stim8hr,0
NBPF15,Rest,0
NBPF15,Stim48hr,0
NBPF15,Stim8hr,0
NBPF20,Rest,0
NBPF20,Stim48hr,0
NBPF20,Stim8hr,0
NBPF26,Rest,0
NBPF26,Stim48hr,0
NBPF26,Stim8hr,0
NBPF3,Rest,0
NBPF3,Stim48hr,0
NBPF3,Stim8hr,0
NBPF9,Rest,0
NBPF9,Stim48hr,0
NBPF9,Stim8hr,0
NBR1,Rest,0
NBR1,Stim48hr,0
NBR1,Stim8hr,0
NCALD,Rest,0
NCALD,Stim48hr,0
NCALD,Stim8hr,0
NCAM1,Rest,1
NCAM1,Stim48hr,0
NCAM1,Stim8hr,0
NCAPD3,Rest,0
NCAPD3,Stim48hr,0
NCAPD3,Stim8hr,0
NCAPG2,Rest,4
NCAPG2,Stim48hr,2
NCAPG2,Stim8hr,3
NCAPH2,Rest,0
NCAPH2,Stim48hr,1
NCAPH2,Stim8hr,0
NCBP3,Rest,0
NCBP3,Stim48hr,0
NCBP3,Stim8hr,1
NCDN,Rest,0
NCDN,Stim48hr,0
NCDN,Stim8hr,0
NCEH1,Rest,0
NCEH1,Stim48hr,0
NCEH1,Stim8hr,0
NCF1,Rest,0
NCF1,Stim48hr,0
NCF1,Stim8hr,0
NCF2,Rest,0
NCF2,Stim48hr,0
NCF2,Stim8hr,0
NCF4,Rest,1
NCF4,Stim48hr,0
NCF4,Stim8hr,0
NCK1,Rest,0
NCK1,Stim48hr,0
NCK1,Stim8hr,0
NCK2,Rest,0
NCK2,Stim48hr,0
NCK2,Stim8hr,0
NCKAP1,Rest,0
NCKAP1,Stim48hr,0
NCKAP1,Stim8hr,0
NCKAP1L,Rest,3
NCKAP1L,Stim48hr,0
NCKAP1L,Stim8hr,2
NCKAP5L,Rest,0
NCKAP5L,Stim48hr,0
NCKAP5L,Stim8hr,0
NCKIPSD,Rest,0
NCKIPSD,Stim48hr,0
NCKIPSD,Stim8hr,0
NCLN,Rest,1
NCLN,Stim48hr,0
NCLN,Stim8hr,1
NCOA1,Rest,0
NCOA1,Stim48hr,0
NCOA1,Stim8hr,0
NCOA2,Rest,0
NCOA2,Stim48hr,0
NCOA2,Stim8hr,0
NCOA3,Rest,0
NCOA3,Stim48hr,0
NCOA3,Stim8hr,0
NCOA4,Rest,0
NCOA4,Stim48hr,0
NCOA4,Stim8hr,0
NCOA5,Rest,0
NCOA5,Stim48hr,1
NCOA5,Stim8hr,0
NCOA6,Rest,1
NCOA6,Stim48hr,0
NCOA6,Stim8hr,0
NCOA7,Rest,0
NCOA7,Stim48hr,1
NCOA7,Stim8hr,0
NCOR1,Rest,2
NCOR1,Stim48hr,7
NCOR1,Stim8hr,4
NCR3,Rest,1
NCR3,Stim48hr,0
NCR3,Stim8hr,0
NCR3LG1,Rest,0
NCR3LG1,Stim48hr,0
NCR3LG1,Stim8hr,0
NCS1,Rest,0
NCS1,Stim48hr,0
NCS1,Stim8hr,0
NDC1,Rest,0
NDC1,Stim48hr,0
NDC1,Stim8hr,0
NDE1,Rest,0
NDE1,Stim48hr,0
NDE1,Stim8hr,0
NDEL1,Rest,0
NDEL1,Stim48hr,0
NDEL1,Stim8hr,0
NDFIP1,Rest,0
NDFIP1,Stim48hr,0
NDFIP1,Stim8hr,0
NDFIP2,Rest,0
NDFIP2,Stim48hr,0
NDFIP2,Stim8hr,4
NDOR1,Rest,0
NDOR1,Stim48hr,0
NDOR1,Stim8hr,1
NDRG1,Rest,0
NDRG1,Stim48hr,0
NDRG1,Stim8hr,0
NDRG2,Rest,0
NDRG2,Stim48hr,0
NDRG2,Stim8hr,0
NDRG3,Rest,0
NDRG3,Stim48hr,0
NDRG3,Stim8hr,0
NDST1,Rest,0
NDST1,Stim48hr,0
NDST1,Stim8hr,0
NDST2,Rest,0
NDST2,Stim48hr,0
NDST2,Stim8hr,0
NDUFA10,Rest,0
NDUFA10,Stim48hr,0
NDUFA10,Stim8hr,0
NDUFA11,Rest,0
NDUFA11,Stim48hr,0
NDUFA11,Stim8hr,0
NDUFA12,Rest,0
NDUFA12,Stim48hr,0
NDUFA12,Stim8hr,0
NDUFA13,Rest,0
NDUFA13,Stim48hr,0
NDUFA13,Stim8hr,0
NDUFA3,Rest,0
NDUFA3,Stim48hr,1
NDUFA3,Stim8hr,0
NDUFA5,Rest,0
NDUFA5,Stim48hr,0
NDUFA5,Stim8hr,0
NDUFA6,Rest,0
NDUFA6,Stim48hr,0
NDUFA6,Stim8hr,0
NDUFA8,Rest,0
NDUFA8,Stim48hr,1
NDUFA8,Stim8hr,1
NDUFA9,Rest,0
NDUFA9,Stim48hr,1
NDUFA9,Stim8hr,0
NDUFAF1,Rest,0
NDUFAF1,Stim48hr,0
NDUFAF1,Stim8hr,0
NDUFAF2,Rest,0
NDUFAF2,Stim48hr,0
NDUFAF2,Stim8hr,0
NDUFAF3,Rest,0
NDUFAF3,Stim48hr,2
NDUFAF3,Stim8hr,0
NDUFAF4,Rest,0
NDUFAF4,Stim48hr,0
NDUFAF4,Stim8hr,0
NDUFAF5,Rest,0
NDUFAF5,Stim48hr,0
NDUFAF5,Stim8hr,2
NDUFAF6,Rest,0
NDUFAF6,Stim48hr,0
NDUFAF6,Stim8hr,0
NDUFAF8,Rest,0
NDUFAF8,Stim48hr,0
NDUFAF8,Stim8hr,0
NDUFB1,Rest,0
NDUFB1,Stim48hr,0
NDUFB1,Stim8hr,0
NDUFB10,Rest,0
NDUFB10,Stim48hr,0
NDUFB10,Stim8hr,0
NDUFB11,Rest,0
NDUFB11,Stim48hr,0
NDUFB11,Stim8hr,0
NDUFB2,Rest,0
NDUFB2,Stim48hr,0
NDUFB2,Stim8hr,0
NDUFB3,Rest,3
NDUFB3,Stim48hr,0
NDUFB3,Stim8hr,0
NDUFB4,Rest,0
NDUFB4,Stim48hr,1
NDUFB4,Stim8hr,0
NDUFB5,Rest,0
NDUFB5,Stim48hr,0
NDUFB5,Stim8hr,0
NDUFB6,Rest,0
NDUFB6,Stim48hr,0
NDUFB6,Stim8hr,0
NDUFB7,Rest,0
NDUFB7,Stim48hr,0
NDUFB7,Stim8hr,0
NDUFB8,Rest,0
NDUFB8,Stim48hr,0
NDUFB8,Stim8hr,0
NDUFB9,Rest,0
NDUFB9,Stim48hr,0
NDUFB9,Stim8hr,1
NDUFC1,Rest,0
NDUFC1,Stim48hr,0
NDUFC1,Stim8hr,0
NDUFC2,Rest,0
NDUFC2,Stim48hr,0
NDUFC2,Stim8hr,0
NDUFS1,Rest,0
NDUFS1,Stim48hr,0
NDUFS1,Stim8hr,0
NDUFS2,Rest,0
NDUFS2,Stim48hr,0
NDUFS2,Stim8hr,0
NDUFS3,Rest,0
NDUFS3,Stim48hr,0
NDUFS3,Stim8hr,0
NDUFS4,Rest,0
NDUFS4,Stim48hr,0
NDUFS4,Stim8hr,0
NDUFS5,Rest,0
NDUFS5,Stim48hr,0
NDUFS5,Stim8hr,0
NDUFS6,Rest,0
NDUFS6,Stim48hr,0
NDUFS6,Stim8hr,0
NDUFS7,Rest,0
NDUFS7,Stim48hr,0
NDUFS7,Stim8hr,0
NDUFS8,Rest,1
NDUFS8,Stim48hr,1
NDUFS8,Stim8hr,0
NDUFV1,Rest,0
NDUFV1,Stim48hr,0
NDUFV1,Stim8hr,0
NDUFV2,Rest,0
NDUFV2,Stim48hr,0
NDUFV2,Stim8hr,0
NDUFV3,Rest,0
NDUFV3,Stim48hr,0
NDUFV3,Stim8hr,0
NEB,Rest,0
NEB,Stim48hr,0
NEB,Stim8hr,0
NECAB3,Rest,0
NECAB3,Stim48hr,0
NECAB3,Stim8hr,0
NECAP1,Rest,0
NECAP1,Stim48hr,0
NECAP1,Stim8hr,0
NECAP2,Rest,0
NECAP2,Stim48hr,0
NECAP2,Stim8hr,0
NECTIN1,Rest,0
NECTIN1,Stim48hr,0
NECTIN1,Stim8hr,0
NECTIN2,Rest,0
NECTIN2,Stim48hr,0
NECTIN2,Stim8hr,0
NECTIN3,Rest,0
NECTIN3,Stim48hr,0
NECTIN3,Stim8hr,0
NEDD4,Rest,0
NEDD4,Stim8hr,0
NEDD4L,Rest,0
NEDD4L,Stim48hr,0
NEDD4L,Stim8hr,0
NEDD9,Rest,0
NEDD9,Stim48hr,0
NEDD9,Stim8hr,0
NEFL,Rest,0
NEFL,Stim48hr,0
NEFL,Stim8hr,0
NEFM,Rest,0
NEFM,Stim48hr,0
NEFM,Stim8hr,0
NEIL1,Rest,0
NEIL1,Stim48hr,0
NEIL1,Stim8hr,0
NEIL2,Rest,0
NEIL2,Stim48hr,1
NEIL2,Stim8hr,0
NEIL3,Rest,0
NEIL3,Stim48hr,0
NEIL3,Stim8hr,0
NEK1,Rest,0
NEK1,Stim48hr,0
NEK1,Stim8hr,0
NEK10,Rest,0
NEK10,Stim48hr,0
NEK10,Stim8hr,0
NEK11,Rest,0
NEK11,Stim48hr,0
NEK11,Stim8hr,0
NEK2,Rest,0
NEK2,Stim48hr,0
NEK2,Stim8hr,0
NEK3,Rest,0
NEK3,Stim48hr,0
NEK3,Stim8hr,0
NEK4,Rest,0
NEK4,Stim48hr,0
NEK4,Stim8hr,0
NEK6,Rest,0
NEK6,Stim48hr,0
NEK6,Stim8hr,0
NEK7,Rest,0
NEK7,Stim48hr,0
NEK7,Stim8hr,0
NEK8,Rest,0
NEK8,Stim48hr,0
NEK8,Stim8hr,0
NEK9,Rest,0
NEK9,Stim48hr,0
NEK9,Stim8hr,0
NELFA,Stim8hr,2
NELFB,Stim48hr,0
NELFCD,Rest,2
NELFCD,Stim48hr,0
NELFCD,Stim8hr,4
NELFE,Rest,0
NELFE,Stim48hr,0
NELFE,Stim8hr,1
NELL2,Rest,0
NELL2,Stim48hr,0
NELL2,Stim8hr,0
NEMF,Rest,0
NEMF,Stim48hr,0
NEMF,Stim8hr,0
NEMP1,Rest,0
NEMP1,Stim48hr,0
NEMP1,Stim8hr,0
NEMP2,Rest,0
NEMP2,Stim48hr,0
NEMP2,Stim8hr,0
NENF,Stim48hr,0
NEO1,Rest,0
NEO1,Stim48hr,0
NEO1,Stim8hr,0
NET1,Rest,0
NET1,Stim48hr,0
NET1,Stim8hr,0
NETO2,Rest,0
NETO2,Stim48hr,0
NETO2,Stim8hr,0
NEU1,Rest,0
NEU1,Stim48hr,0
NEU1,Stim8hr,0
NEU3,Rest,0
NEU3,Stim48hr,0
NEU3,Stim8hr,0
NEURL1,Rest,2
NEURL1,Stim48hr,0
NEURL1,Stim8hr,0
NEURL4,Rest,0
NEURL4,Stim48hr,0
NEURL4,Stim8hr,0
NEUROD2,Rest,0
NEUROD2,Stim48hr,0
NEUROD2,Stim8hr,0
NEUROD4,Rest,0
NEUROD4,Stim48hr,0
NEUROD4,Stim8hr,0
NEUROD6,Rest,0
NEUROD6,Stim48hr,0
NEUROD6,Stim8hr,0
NEUROG1,Rest,0
NEUROG1,Stim48hr,0
NEUROG1,Stim8hr,0
NEUROG2,Rest,1
NEUROG2,Stim48hr,0
NEUROG2,Stim8hr,0
NEUROG3,Rest,0
NEUROG3,Stim48hr,0
NEUROG3,Stim8hr,0
NEXN,Rest,0
NEXN,Stim48hr,0
NEXN,Stim8hr,0
NF1,Rest,0
NF1,Stim48hr,0
NF1,Stim8hr,0
NF2,Rest,0
NF2,Stim48hr,0
NF2,Stim8hr,0
NFAM1,Rest,0
NFAM1,Stim48hr,0
NFAM1,Stim8hr,0
NFASC,Rest,0
NFASC,Stim48hr,0
NFASC,Stim8hr,0
NFAT5,Rest,2
NFAT5,Stim48hr,0
NFAT5,Stim8hr,0
NFATC1,Rest,0
NFATC1,Stim48hr,0
NFATC1,Stim8hr,0
NFATC2,Rest,0
NFATC2,Stim48hr,0
NFATC2,Stim8hr,0
NFATC2IP,Rest,0
NFATC2IP,Stim48hr,0
NFATC2IP,Stim8hr,1
NFATC3,Rest,0
NFATC3,Stim48hr,0
NFATC3,Stim8hr,0
NFATC4,Rest,0
NFATC4,Stim48hr,0
NFATC4,Stim8hr,0
NFE2,Rest,0
NFE2,Stim48hr,0
NFE2,Stim8hr,0
NFE2L1,Rest,0
NFE2L1,Stim48hr,0
NFE2L1,Stim8hr,0
NFE2L2,Rest,2
NFE2L2,Stim48hr,0
NFE2L2,Stim8hr,0
NFE2L3,Rest,0
NFE2L3,Stim48hr,0
NFE2L3,Stim8hr,0
NFE4,Rest,0
NFE4,Stim8hr,0
NFIA,Rest,0
NFIA,Stim48hr,0
NFIA,Stim8hr,0
NFIB,Rest,0
NFIB,Stim48hr,0
NFIB,Stim8hr,0
NFIC,Rest,0
NFIC,Stim48hr,0
NFIC,Stim8hr,0
NFIX,Rest,0
NFIX,Stim48hr,2
NFIX,Stim8hr,0
NFKB1,Rest,2
NFKB1,Stim48hr,2
NFKB1,Stim8hr,1
NFKB2,Rest,2
NFKB2,Stim48hr,2
NFKB2,Stim8hr,8
NFKBIA,Rest,0
NFKBIA,Stim48hr,0
NFKBIA,Stim8hr,0
NFKBIB,Rest,0
NFKBIB,Stim48hr,0
NFKBIB,Stim8hr,0
NFKBID,Rest,0
NFKBID,Stim48hr,0
NFKBID,Stim8hr,0
NFKBIL1,Rest,1
NFKBIL1,Stim48hr,0
NFKBIL1,Stim8hr,0
NFKBIZ,Rest,0
NFKBIZ,Stim48hr,0
NFKBIZ,Stim8hr,0
NFRKB,Rest,2
NFRKB,Stim48hr,2
NFRKB,Stim8hr,3
NFS1,Rest,2
NFS1,Stim48hr,0
NFS1,Stim8hr,0
NFU1,Rest,0
NFU1,Stim48hr,0
NFU1,Stim8hr,0
NFX1,Rest,1
NFX1,Stim48hr,0
NFX1,Stim8hr,0
NFXL1,Rest,0
NFXL1,Stim48hr,0
NFXL1,Stim8hr,0
NGLY1,Rest,0
NGLY1,Stim48hr,0
NGLY1,Stim8hr,0
NGRN,Rest,0
NGRN,Stim48hr,0
NGRN,Stim8hr,0
NHEJ1,Rest,0
NHEJ1,Stim48hr,0
NHEJ1,Stim8hr,0
NHERF1,Rest,0
NHERF1,Stim48hr,0
NHERF1,Stim8hr,0
NHERF2,Rest,0
NHERF2,Stim48hr,0
NHERF2,Stim8hr,0
NHLH1,Rest,0
NHLH1,Stim48hr,0
NHLH1,Stim8hr,0
NHLH2,Rest,0
NHLH2,Stim48hr,0
NHLH2,Stim8hr,0
NHLRC2,Rest,0
NHLRC2,Stim48hr,0
NHLRC2,Stim8hr,1
NHLRC3,Rest,0
NHLRC3,Stim48hr,0
NHLRC3,Stim8hr,0
NIBAN1,Rest,0
NIBAN1,Stim48hr,0
NIBAN1,Stim8hr,0
NIBAN2,Rest,0
NIBAN2,Stim48hr,0
NIBAN2,Stim8hr,0
NIBAN3,Rest,0
NIBAN3,Stim48hr,0
NIBAN3,Stim8hr,0
NICOL1,Rest,0
NICOL1,Stim48hr,0
NICOL1,Stim8hr,0
NID2,Rest,0
NID2,Stim48hr,0
NID2,Stim8hr,0
NIF3L1,Rest,0
NIF3L1,Stim48hr,0
NIF3L1,Stim8hr,0
NIN,Rest,0
NIN,Stim48hr,0
NIN,Stim8hr,0
NINJ1,Rest,0
NINJ1,Stim48hr,0
NINJ1,Stim8hr,0
NINJ2,Rest,0
NINJ2,Stim48hr,0
NINJ2,Stim8hr,0
NIP7,Rest,0
NIP7,Stim48hr,1
NIP7,Stim8hr,1
NIPA1,Rest,0
NIPA1,Stim48hr,0
NIPA1,Stim8hr,0
NIPA2,Rest,0
NIPA2,Stim48hr,0
NIPA2,Stim8hr,0
NIPAL1,Rest,0
NIPAL1,Stim48hr,0
NIPAL1,Stim8hr,0
NIPAL2,Rest,0
NIPAL2,Stim48hr,0
NIPAL2,Stim8hr,0
NIPAL3,Rest,0
NIPAL3,Stim48hr,0
NIPAL3,Stim8hr,0
NIPAL4,Rest,0
NIPAL4,Stim48hr,0
NIPAL4,Stim8hr,0
NIPBL,Rest,1
NIPBL,Stim48hr,0
NIPBL,Stim8hr,3
NIPSNAP1,Rest,0
NIPSNAP1,Stim48hr,0
NIPSNAP1,Stim8hr,0
NIPSNAP2,Rest,0
NIPSNAP2,Stim48hr,0
NIPSNAP2,Stim8hr,0
NIPSNAP3A,Rest,0
NIPSNAP3A,Stim48hr,0
NIPSNAP3A,Stim8hr,0
NISCH,Rest,0
NISCH,Stim48hr,0
NISCH,Stim8hr,0
NIT1,Rest,0
NIT1,Stim48hr,0
NIT1,Stim8hr,0
NIT2,Rest,0
NIT2,Stim48hr,0
NIT2,Stim8hr,0
NKAPD1,Rest,2
NKAPD1,Stim48hr,1
NKAPD1,Stim8hr,1
NKD1,Rest,0
NKD1,Stim48hr,0
NKD1,Stim8hr,0
NKD2,Rest,0
NKD2,Stim48hr,0
NKD2,Stim8hr,0
NKG7,Rest,0
NKG7,Stim48hr,0
NKG7,Stim8hr,0
NKIRAS1,Rest,0
NKIRAS2,Rest,0
NKIRAS2,Stim48hr,0
NKIRAS2,Stim8hr,0
NKRF,Rest,0
NKRF,Stim48hr,0
NKRF,Stim8hr,0
NKTR,Rest,0
NKTR,Stim48hr,0
NKTR,Stim8hr,0
NKX1-1,Rest,0
NKX1-1,Stim48hr,0
NKX1-1,Stim8hr,0
NKX1-2,Rest,0
NKX1-2,Stim48hr,0
NKX1-2,Stim8hr,0
NKX2-1,Rest,0
NKX2-1,Stim48hr,0
NKX2-1,Stim8hr,0
NKX2-2,Rest,0
NKX2-2,Stim48hr,0
NKX2-2,Stim8hr,0
NKX2-3,Rest,0
NKX2-3,Stim48hr,0
NKX2-3,Stim8hr,0
NKX2-4,Rest,0
NKX2-4,Stim48hr,0
NKX2-4,Stim8hr,0
NKX2-5,Rest,0
NKX2-5,Stim48hr,0
NKX2-5,Stim8hr,0
NKX2-6,Rest,0
NKX2-6,Stim48hr,0
NKX2-6,Stim8hr,0
NKX2-8,Rest,0
NKX2-8,Stim48hr,0
NKX2-8,Stim8hr,0
NKX3-1,Rest,0
NKX3-1,Stim48hr,0
NKX3-1,Stim8hr,0
NKX3-2,Rest,0
NKX3-2,Stim48hr,0
NKX3-2,Stim8hr,0
NKX6-1,Rest,0
NKX6-1,Stim48hr,0
NKX6-1,Stim8hr,0
NKX6-2,Rest,0
NKX6-2,Stim48hr,0
NKX6-2,Stim8hr,0
NKX6-3,Rest,0
NKX6-3,Stim48hr,0
NKX6-3,Stim8hr,0
NLGN2,Rest,0
NLGN2,Stim48hr,0
NLGN2,Stim8hr,0
NLGN3,Rest,0
NLGN3,Stim48hr,0
NLGN3,Stim8hr,0
NLK,Rest,0
NLK,Stim48hr,0
NLK,Stim8hr,0
NLN,Rest,1
NLN,Stim48hr,0
NLN,Stim8hr,0
NLRC5,Rest,1
NLRC5,Stim48hr,0
NLRC5,Stim8hr,0
NLRP1,Rest,0
NLRP1,Stim48hr,0
NLRP1,Stim8hr,0
NLRP2,Rest,0
NLRP2,Stim48hr,0
NLRP2,Stim8hr,0
NLRP3,Rest,0
NLRP3,Stim48hr,0
NLRP3,Stim8hr,0
NLRP6,Rest,0
NLRP6,Stim48hr,1
NLRP6,Stim8hr,0
NLRX1,Rest,1
NLRX1,Stim48hr,0
NLRX1,Stim8hr,0
NMB,Rest,0
NMB,Stim48hr,0
NMB,Stim8hr,0
NME1,Rest,0
NME1,Stim48hr,0
NME1,Stim8hr,0
NME3,Rest,0
NME3,Stim48hr,0
NME3,Stim8hr,0
NME4,Rest,0
NME4,Stim48hr,0
NME4,Stim8hr,0
NME6,Rest,0
NME6,Stim48hr,0
NME6,Stim8hr,0
NME7,Rest,0
NME7,Stim48hr,0
NME7,Stim8hr,0
NME9,Rest,0
NME9,Stim48hr,0
NME9,Stim8hr,0
NMI,Rest,0
NMI,Stim48hr,0
NMI,Stim8hr,0
NMNAT3,Rest,0
NMNAT3,Stim48hr,0
NMNAT3,Stim8hr,0
NMRAL1,Rest,0
NMRAL1,Stim48hr,0
NMRAL1,Stim8hr,0
NMRK1,Rest,0
NMRK1,Stim48hr,0
NMRK1,Stim8hr,0
NMT1,Rest,0
NMT1,Stim48hr,0
NMT1,Stim8hr,0
NMT2,Rest,0
NMT2,Stim48hr,0
NMT2,Stim8hr,0
NMUR1,Rest,0
NMUR1,Stim48hr,0
NMUR1,Stim8hr,0
NNAT,Rest,0
NNAT,Stim48hr,0
NNAT,Stim8hr,0
NNMT,Rest,0
NNMT,Stim48hr,0
NNMT,Stim8hr,0
NNT,Rest,0
NNT,Stim48hr,0
NNT,Stim8hr,0
NOA1,Rest,0
NOA1,Stim48hr,0
NOA1,Stim8hr,0
NOAZFP,Rest,0
NOAZFP,Stim48hr,0
NOAZFP,Stim8hr,0
NOBOX,Rest,0
NOBOX,Stim48hr,0
NOBOX,Stim8hr,0
NOC2L,Stim8hr,1
NOCT,Rest,0
NOCT,Stim48hr,0
NOCT,Stim8hr,0
NOD1,Rest,0
NOD1,Stim48hr,0
NOD1,Stim8hr,0
NOD2,Rest,0
NOD2,Stim48hr,0
NOD2,Stim8hr,0
NOG,Rest,2
NOG,Stim48hr,0
NOG,Stim8hr,0
NOL12,Rest,0
NOL12,Stim48hr,0
NOL12,Stim8hr,0
NOL3,Rest,0
NOL3,Stim48hr,0
NOL3,Stim8hr,0
NOL4L,Rest,0
NOL4L,Stim48hr,0
NOL4L,Stim8hr,0
NOL7,Rest,0
NOL7,Stim48hr,0
NOL7,Stim8hr,0
NOLC1,Stim48hr,0
NOLC1,Stim8hr,0
NOM1,Stim8hr,0
NOMO1,Rest,0
NOMO1,Stim48hr,0
NOMO1,Stim8hr,0
NOMO2,Rest,0
NOMO2,Stim48hr,0
NOMO2,Stim8hr,0
NONO,Rest,0
NONO,Stim48hr,0
NONO,Stim8hr,0
NOP14,Stim8hr,0
NOP53,Rest,0
NOP53,Stim48hr,0
NOP53,Stim8hr,0
NOP9,Rest,0
NOP9,Stim48hr,0
NOP9,Stim8hr,0
NOS1,Rest,0
NOS1,Stim48hr,0
NOS1,Stim8hr,0
NOS3,Rest,0
NOS3,Stim48hr,0
NOS3,Stim8hr,0
NOSIP,Rest,1
NOSIP,Stim48hr,0
NOSIP,Stim8hr,0
NOTCH1,Rest,0
NOTCH1,Stim48hr,0
NOTCH1,Stim8hr,0
NOTCH2,Rest,0
NOTCH2,Stim48hr,0
NOTCH2,Stim8hr,0
NOTCH2NLA,Rest,0
NOTCH2NLA,Stim48hr,0
NOTCH2NLA,Stim8hr,0
NOTO,Rest,0
NOTO,Stim48hr,0
NOTO,Stim8hr,0
NOXA1,Rest,0
NOXA1,Stim48hr,0
NOXA1,Stim8hr,0
NPAS1,Rest,0
NPAS1,Stim48hr,3
NPAS1,Stim8hr,1
NPAS2,Rest,0
NPAS2,Stim48hr,0
NPAS2,Stim8hr,0
NPAS3,Rest,0
NPAS3,Stim48hr,0
NPAS3,Stim8hr,0
NPAS4,Rest,0
NPAS4,Stim48hr,0
NPAS4,Stim8hr,0
NPAT,Stim48hr,1
NPAT,Stim8hr,1
NPC1,Rest,0
NPC1,Stim48hr,0
NPC1,Stim8hr,0
NPC2,Rest,1
NPC2,Stim48hr,8
NPC2,Stim8hr,2
NPDC1,Rest,0
NPDC1,Stim48hr,0
NPDC1,Stim8hr,0
NPEPL1,Rest,0
NPEPL1,Stim48hr,0
NPEPL1,Stim8hr,0
NPEPPS,Rest,0
NPEPPS,Stim48hr,0
NPEPPS,Stim8hr,0
NPHP3,Rest,0
NPHP3,Stim48hr,0
NPHP3,Stim8hr,0
NPHP4,Rest,2
NPHP4,Stim48hr,0
NPHP4,Stim8hr,0
NPIPA1,Rest,0
NPIPA1,Stim48hr,0
NPIPA1,Stim8hr,0
NPIPA5,Rest,0
NPIPA5,Stim48hr,0
NPIPA5,Stim8hr,0
NPIPA7,Rest,0
NPIPA7,Stim48hr,0
NPIPA7,Stim8hr,0
NPIPA8,Rest,0
NPIPA8,Stim48hr,0
NPIPA8,Stim8hr,0
NPIPB3,Rest,0
NPIPB3,Stim48hr,0
NPIPB3,Stim8hr,0
NPIPB4,Rest,0
NPIPB4,Stim48hr,0
NPIPB4,Stim8hr,0
NPIPB5,Rest,0
NPIPB5,Stim48hr,0
NPIPB5,Stim8hr,0
NPL,Rest,0
NPL,Stim48hr,0
NPL,Stim8hr,0
NPLOC4,Rest,0
NPLOC4,Stim48hr,0
NPLOC4,Stim8hr,0
NPM1,Rest,0
NPM1,Stim48hr,0
NPM1,Stim8hr,0
NPM3,Rest,0
NPM3,Stim48hr,0
NPM3,Stim8hr,0
NPR2,Rest,0
NPR2,Stim48hr,0
NPR2,Stim8hr,0
NPRL2,Rest,0
NPRL2,Stim48hr,0
NPRL2,Stim8hr,0
NPRL3,Rest,0
NPRL3,Stim48hr,0
NPRL3,Stim8hr,0
NPTN,Rest,0
NPTN,Stim48hr,0
NPTN,Stim8hr,0
NPTX1,Rest,0
NPTX1,Stim48hr,0
NPTX1,Stim8hr,0
NPTXR,Rest,0
NPTXR,Stim48hr,0
NPTXR,Stim8hr,0
NQO1,Rest,0
NQO1,Stim48hr,0
NQO1,Stim8hr,0
NQO2,Rest,0
NQO2,Stim48hr,0
NQO2,Stim8hr,0
NR0B1,Rest,0
NR0B1,Stim48hr,0
NR0B1,Stim8hr,0
NR1D1,Rest,0
NR1D1,Stim48hr,0
NR1D1,Stim8hr,0
NR1D2,Rest,0
NR1D2,Stim48hr,0
NR1D2,Stim8hr,0
NR1H2,Rest,0
NR1H2,Stim48hr,0
NR1H2,Stim8hr,0
NR1H3,Rest,0
NR1H3,Stim48hr,0
NR1H3,Stim8hr,0
NR1H4,Rest,0
NR1H4,Stim48hr,0
NR1H4,Stim8hr,0
NR1I2,Rest,0
NR1I2,Stim48hr,0
NR1I2,Stim8hr,0
NR1I3,Rest,0
NR1I3,Stim48hr,0
NR1I3,Stim8hr,0
NR2C1,Rest,1
NR2C1,Stim48hr,0
NR2C1,Stim8hr,0
NR2C2,Rest,0
NR2C2,Stim48hr,0
NR2C2,Stim8hr,0
NR2C2AP,Rest,0
NR2C2AP,Stim48hr,0
NR2C2AP,Stim8hr,0
NR2E1,Rest,0
NR2E1,Stim48hr,0
NR2E1,Stim8hr,0
NR2E3,Rest,0
NR2E3,Stim48hr,0
NR2E3,Stim8hr,0
NR2F1,Rest,0
NR2F1,Stim48hr,0
NR2F1,Stim8hr,0
NR2F2,Rest,0
NR2F2,Stim48hr,0
NR2F2,Stim8hr,0
NR2F6,Rest,0
NR2F6,Stim48hr,0
NR2F6,Stim8hr,0
NR3C1,Rest,0
NR3C1,Stim48hr,0
NR3C1,Stim8hr,0
NR3C2,Rest,0
NR3C2,Stim48hr,0
NR3C2,Stim8hr,0
NR4A1,Rest,0
NR4A1,Stim48hr,0
NR4A1,Stim8hr,0
NR4A2,Rest,0
NR4A2,Stim48hr,0
NR4A2,Stim8hr,0
NR4A3,Rest,0
NR4A3,Stim48hr,0
NR4A3,Stim8hr,0
NR5A1,Rest,0
NR5A1,Stim48hr,0
NR5A1,Stim8hr,0
NR5A2,Rest,0
NR5A2,Stim48hr,0
NR5A2,Stim8hr,0
NR6A1,Rest,0
NR6A1,Stim48hr,0
NR6A1,Stim8hr,0
NRARP,Rest,0
NRARP,Stim48hr,0
NRARP,Stim8hr,0
NRAS,Rest,0
NRAS,Stim48hr,0
NRAS,Stim8hr,1
NRBF2,Rest,0
NRBF2,Stim48hr,0
NRBF2,Stim8hr,0
NRBP1,Rest,3
NRBP1,Stim48hr,0
NRBP1,Stim8hr,2
NRBP2,Rest,0
NRBP2,Stim48hr,0
NRBP2,Stim8hr,0
NRCAM,Rest,0
NRCAM,Stim48hr,0
NRCAM,Stim8hr,0
NRDC,Rest,0
NRDC,Stim48hr,0
NRDC,Stim8hr,0
NREP,Rest,1
NREP,Stim48hr,0
NREP,Stim8hr,0
NRG2,Rest,0
NRG2,Stim48hr,0
NRG2,Stim8hr,0
NRG4,Rest,0
NRG4,Stim48hr,0
NRG4,Stim8hr,0
NRGN,Rest,0
NRGN,Stim48hr,0
NRGN,Stim8hr,0
NRIP1,Rest,0
NRIP1,Stim48hr,0
NRIP1,Stim8hr,0
NRIP2,Rest,0
NRIP2,Stim48hr,0
NRIP2,Stim8hr,0
NRIP3,Rest,0
NRIP3,Stim48hr,0
NRIP3,Stim8hr,0
NRM,Rest,0
NRM,Stim48hr,0
NRM,Stim8hr,1
NRN1,Rest,0
NRN1,Stim48hr,0
NRN1,Stim8hr,0
NRP2,Rest,0
NRP2,Stim48hr,0
NRP2,Stim8hr,0
NRROS,Rest,0
NRROS,Stim48hr,0
NRROS,Stim8hr,0
NSD1,Rest,2
NSD1,Stim48hr,13
NSD1,Stim8hr,9
NSD2,Rest,0
NSD2,Stim48hr,1
NSD2,Stim8hr,0
NSD3,Rest,0
NSD3,Stim48hr,0
NSD3,Stim8hr,0
NSDHL,Rest,0
NSDHL,Stim48hr,0
NSDHL,Stim8hr,0
NSFL1C,Rest,0
NSFL1C,Stim48hr,0
NSFL1C,Stim8hr,0
NSG1,Rest,0
NSG1,Stim48hr,0
NSG1,Stim8hr,0
NSL1,Stim48hr,0
NSL1,Stim8hr,0
NSMAF,Rest,0
NSMAF,Stim48hr,0
NSMAF,Stim8hr,0
NSMCE2,Rest,0
NSMCE2,Stim48hr,0
NSMCE2,Stim8hr,0
NSMF,Rest,0
NSMF,Stim48hr,0
NSMF,Stim8hr,0
NSUN2,Rest,0
NSUN2,Stim48hr,0
NSUN2,Stim8hr,0
NSUN3,Rest,0
NSUN3,Stim48hr,0
NSUN3,Stim8hr,0
NSUN4,Rest,0
NSUN4,Stim48hr,0
NSUN4,Stim8hr,0
NSUN5,Rest,1
NSUN5,Stim48hr,0
NSUN5,Stim8hr,0
NSUN6,Rest,0
NSUN6,Stim48hr,0
NSUN6,Stim8hr,0
NT5C,Rest,0
NT5C,Stim48hr,0
NT5C,Stim8hr,0
NT5C2,Rest,0
NT5C2,Stim48hr,0
NT5C2,Stim8hr,0
NT5C3B,Rest,0
NT5C3B,Stim48hr,0
NT5C3B,Stim8hr,0
NT5DC1,Rest,0
NT5DC1,Stim48hr,0
NT5DC1,Stim8hr,0
NT5DC2,Rest,0
NT5DC2,Stim48hr,0
NT5DC2,Stim8hr,0
NT5DC3,Rest,0
NT5DC3,Stim48hr,0
NT5DC3,Stim8hr,0
NT5E,Rest,0
NT5E,Stim48hr,0
NT5E,Stim8hr,0
NT5M,Rest,0
NT5M,Stim48hr,0
NT5M,Stim8hr,0
NTAN1,Rest,0
NTAN1,Stim48hr,0
NTAN1,Stim8hr,0
NTAQ1,Rest,0
NTAQ1,Stim48hr,0
NTAQ1,Stim8hr,0
NTHL1,Rest,0
NTHL1,Stim8hr,0
NTMT1,Rest,0
NTMT1,Stim48hr,0
NTMT1,Stim8hr,0
NTN4,Rest,0
NTN4,Stim48hr,0
NTN4,Stim8hr,0
NTN5,Rest,0
NTN5,Stim48hr,0
NTN5,Stim8hr,0
NTNG2,Rest,0
NTNG2,Stim48hr,0
NTNG2,Stim8hr,0
NTPCR,Rest,1
NTPCR,Stim48hr,0
NTPCR,Stim8hr,0
NTRK1,Rest,0
NTRK1,Stim48hr,0
NTRK1,Stim8hr,0
NTRK2,Rest,0
NTRK2,Stim48hr,0
NTRK2,Stim8hr,0
NTRK3,Rest,0
NTRK3,Stim48hr,0
NTRK3,Stim8hr,0
NUAK1,Rest,0
NUAK1,Stim48hr,0
NUAK1,Stim8hr,0
NUAK2,Rest,0
NUAK2,Stim48hr,0
NUAK2,Stim8hr,0
NUB1,Rest,0
NUB1,Stim48hr,0
NUB1,Stim8hr,0
NUBP2,Rest,0
NUBP2,Stim48hr,0
NUBP2,Stim8hr,0
NUBPL,Rest,0
NUBPL,Stim48hr,0
NUBPL,Stim8hr,0
NUCB2,Rest,0
NUCB2,Stim48hr,0
NUCB2,Stim8hr,0
NUCKS1,Rest,0
NUCKS1,Stim48hr,0
NUCKS1,Stim8hr,0
NUDCD1,Rest,0
NUDCD1,Stim48hr,1
NUDCD1,Stim8hr,0
NUDCD2,Rest,0
NUDCD2,Stim48hr,0
NUDCD2,Stim8hr,0
NUDCD3,Rest,0
NUDCD3,Stim8hr,1
NUDT1,Rest,1
NUDT1,Stim48hr,0
NUDT1,Stim8hr,0
NUDT11,Rest,0
NUDT11,Stim48hr,1
NUDT11,Stim8hr,0
NUDT12,Rest,0
NUDT12,Stim48hr,0
NUDT12,Stim8hr,0
NUDT13,Rest,0
NUDT13,Stim48hr,0
NUDT13,Stim8hr,0
NUDT14,Rest,0
NUDT14,Stim48hr,0
NUDT14,Stim8hr,0
NUDT15,Rest,0
NUDT15,Stim48hr,0
NUDT15,Stim8hr,0
NUDT16,Rest,0
NUDT16,Stim48hr,0
NUDT16,Stim8hr,0
NUDT16L1,Rest,1
NUDT16L1,Stim48hr,0
NUDT16L1,Stim8hr,0
NUDT17,Rest,0
NUDT17,Stim48hr,0
NUDT17,Stim8hr,0
NUDT18,Rest,0
NUDT18,Stim48hr,0
NUDT18,Stim8hr,0
NUDT19,Rest,1
NUDT19,Stim48hr,0
NUDT19,Stim8hr,0
NUDT2,Rest,0
NUDT2,Stim48hr,0
NUDT2,Stim8hr,0
NUDT22,Rest,0
NUDT22,Stim48hr,0
NUDT22,Stim8hr,0
NUDT3,Rest,0
NUDT3,Stim48hr,0
NUDT3,Stim8hr,0
NUDT4,Rest,0
NUDT4,Stim48hr,0
NUDT4,Stim8hr,0
NUDT5,Rest,0
NUDT5,Stim48hr,0
NUDT5,Stim8hr,2
NUDT6,Rest,0
NUDT6,Stim48hr,0
NUDT6,Stim8hr,0
NUDT7,Rest,0
NUDT7,Stim48hr,0
NUDT7,Stim8hr,0
NUDT8,Rest,0
NUDT8,Stim48hr,0
NUDT8,Stim8hr,0
NUDT9,Rest,0
NUDT9,Stim48hr,0
NUDT9,Stim8hr,0
NUFIP1,Rest,0
NUFIP1,Stim8hr,0
NUFIP2,Rest,0
NUFIP2,Stim48hr,0
NUFIP2,Stim8hr,0
NUGGC,Rest,0
NUGGC,Stim48hr,0
NUGGC,Stim8hr,0
NUMA1,Rest,0
NUMA1,Stim48hr,0
NUMA1,Stim8hr,0
NUMB,Rest,0
NUMB,Stim48hr,0
NUMB,Stim8hr,0
NUMBL,Rest,0
NUMBL,Stim48hr,0
NUMBL,Stim8hr,0
NUP133,Stim48hr,0
NUP133,Stim8hr,0
NUP188,Rest,2
NUP188,Stim48hr,1
NUP188,Stim8hr,2
NUP210,Rest,0
NUP210,Stim48hr,0
NUP210,Stim8hr,0
NUP35,Rest,0
NUP35,Stim48hr,0
NUP35,Stim8hr,0
NUP37,Rest,0
NUP37,Stim48hr,1
NUP37,Stim8hr,0
NUP42,Rest,0
NUP42,Stim48hr,0
NUP42,Stim8hr,0
NUP50,Rest,0
NUP50,Stim48hr,0
NUP50,Stim8hr,0
NUP62CL,Rest,0
NUP62CL,Stim48hr,0
NUP62CL,Stim8hr,0
NUPR1,Rest,0
NUPR1,Stim48hr,0
NUPR1,Stim8hr,0
NUS1,Rest,0
NUS1,Stim48hr,0
NUS1,Stim8hr,0
NUSAP1,Rest,0
NUSAP1,Stim48hr,0
NUSAP1,Stim8hr,0
NXPE3,Rest,0
NXPE3,Stim48hr,0
NXPE3,Stim8hr,0
NXT1,Rest,0
NXT1,Stim48hr,0
NXT1,Stim8hr,0
NXT2,Rest,0
NXT2,Stim48hr,0
NXT2,Stim8hr,0
OAF,Rest,0
OAF,Stim48hr,1
OAF,Stim8hr,0
OARD1,Rest,0
OARD1,Stim48hr,0
OARD1,Stim8hr,0
OAS1,Rest,0
OAS1,Stim48hr,0
OAS1,Stim8hr,0
OAS2,Rest,0
OAS2,Stim48hr,0
OAS2,Stim8hr,0
OAS3,Rest,0
OAS3,Stim48hr,0
OAS3,Stim8hr,0
OASL,Rest,0
OASL,Stim48hr,0
OASL,Stim8hr,0
OAT,Rest,0
OAT,Stim48hr,0
OAT,Stim8hr,0
OAZ1,Rest,0
OAZ1,Stim48hr,0
OAZ1,Stim8hr,0
OAZ2,Rest,0
OAZ2,Stim48hr,0
OAZ2,Stim8hr,0
OAZ3,Rest,0
OAZ3,Stim48hr,0
OAZ3,Stim8hr,0
OBI1,Rest,0
OBI1,Stim48hr,0
OBI1,Stim8hr,0
OBSCN,Rest,0
OBSCN,Stim48hr,0
OBSCN,Stim8hr,0
OCEL1,Rest,0
OCEL1,Stim48hr,0
OCEL1,Stim8hr,0
OCIAD1,Rest,0
OCIAD1,Stim48hr,0
OCIAD1,Stim8hr,0
OCIAD2,Rest,0
OCIAD2,Stim48hr,0
OCIAD2,Stim8hr,0
OCLM,Rest,0
OCLM,Stim48hr,0
OCLM,Stim8hr,0
OCM,Rest,0
OCM,Stim48hr,0
OCM,Stim8hr,0
ODC1,Rest,0
ODC1,Stim48hr,0
ODC1,Stim8hr,0
ODF2,Rest,0
ODF2,Stim48hr,0
ODF2,Stim8hr,0
ODF2L,Rest,0
ODF2L,Stim48hr,0
ODF2L,Stim8hr,0
ODR4,Rest,0
ODR4,Stim48hr,0
ODR4,Stim8hr,0
OFD1,Rest,0
OFD1,Stim48hr,0
OFD1,Stim8hr,0
OGA,Rest,0
OGA,Stim48hr,0
OGA,Stim8hr,0
OGDH,Rest,0
OGDH,Stim48hr,0
OGDH,Stim8hr,0
OGFOD2,Rest,0
OGFOD2,Stim48hr,0
OGFOD2,Stim8hr,0
OGFR,Rest,0
OGFR,Stim48hr,0
OGFR,Stim8hr,0
OGFRL1,Rest,0
OGFRL1,Stim48hr,0
OGFRL1,Stim8hr,0
OGG1,Rest,0
OGG1,Stim48hr,0
OGG1,Stim8hr,0
OGT,Rest,0
OGT,Stim48hr,0
OGT,Stim8hr,0
OIP5,Stim48hr,0
OIP5,Stim8hr,0
OLA1,Rest,0
OLA1,Stim8hr,0
OLAH,Rest,0
OLAH,Stim48hr,0
OLAH,Stim8hr,0
OLFM4,Rest,0
OLFM4,Stim48hr,0
OLFM4,Stim8hr,0
OLIG1,Rest,0
OLIG1,Stim48hr,0
OLIG1,Stim8hr,0
OLIG2,Rest,1
OLIG2,Stim48hr,0
OLIG2,Stim8hr,0
OLIG3,Rest,0
OLIG3,Stim48hr,0
OLIG3,Stim8hr,0
OMA1,Rest,0
OMA1,Stim48hr,0
OMA1,Stim8hr,0
ONECUT1,Rest,0
ONECUT1,Stim48hr,0
ONECUT1,Stim8hr,0
ONECUT2,Rest,0
ONECUT2,Stim48hr,0
ONECUT2,Stim8hr,0
ONECUT3,Rest,0
ONECUT3,Stim48hr,0
ONECUT3,Stim8hr,0
OPA1,Rest,1
OPA1,Stim48hr,0
OPA1,Stim8hr,1
OPA3,Rest,0
OPA3,Stim48hr,0
OPA3,Stim8hr,0
OPN1SW,Rest,0
OPN1SW,Stim48hr,0
OPN1SW,Stim8hr,0
OPN3,Rest,0
OPN3,Stim48hr,0
OPN3,Stim8hr,0
OPRL1,Rest,0
OPRL1,Stim48hr,0
OPRL1,Stim8hr,0
OPRM1,Rest,0
OPRM1,Stim48hr,0
OPRM1,Stim8hr,0
OPTN,Rest,0
OPTN,Stim48hr,0
OPTN,Stim8hr,0
OR4D1,Rest,5
OR4D1,Stim48hr,0
OR4D1,Stim8hr,0
ORAI1,Rest,0
ORAI1,Stim48hr,0
ORAI1,Stim8hr,6
ORAI2,Rest,0
ORAI2,Stim48hr,0
ORAI2,Stim8hr,0
ORAI3,Rest,0
ORAI3,Stim48hr,0
ORAI3,Stim8hr,0
ORC4,Rest,0
ORC4,Stim48hr,2
ORC4,Stim8hr,1
ORC5,Stim48hr,0
ORC6,Stim48hr,0
ORM2,Rest,0
ORM2,Stim48hr,0
ORM2,Stim8hr,0
ORMDL1,Rest,1
ORMDL1,Stim48hr,0
ORMDL1,Stim8hr,0
ORMDL2,Rest,0
ORMDL2,Stim48hr,0
ORMDL2,Stim8hr,0
ORMDL3,Rest,0
ORMDL3,Stim48hr,0
ORMDL3,Stim8hr,0
OS9,Rest,0
OS9,Stim48hr,0
OS9,Stim8hr,0
OSBP2,Rest,0
OSBP2,Stim48hr,0
OSBP2,Stim8hr,0
OSBPL10,Rest,0
OSBPL10,Stim48hr,0
OSBPL10,Stim8hr,0
OSBPL11,Rest,0
OSBPL11,Stim48hr,0
OSBPL11,Stim8hr,0
OSBPL1A,Rest,0
OSBPL1A,Stim48hr,0
OSBPL1A,Stim8hr,0
OSBPL2,Rest,0
OSBPL2,Stim48hr,0
OSBPL2,Stim8hr,0
OSBPL3,Rest,0
OSBPL3,Stim48hr,1
OSBPL3,Stim8hr,0
OSBPL5,Rest,0
OSBPL5,Stim48hr,0
OSBPL5,Stim8hr,0
OSBPL7,Rest,0
OSBPL7,Stim48hr,0
OSBPL7,Stim8hr,0
OSBPL8,Rest,0
OSBPL8,Stim48hr,0
OSBPL8,Stim8hr,0
OSBPL9,Rest,0
OSBPL9,Stim48hr,0
OSBPL9,Stim8hr,0
OSCAR,Rest,1
OSCAR,Stim48hr,0
OSCAR,Stim8hr,0
OSER1,Rest,0
OSER1,Stim48hr,0
OSER1,Stim8hr,0
OSGEP,Rest,0
OSGEP,Stim48hr,0
OSGEP,Stim8hr,1
OSGEPL1,Rest,0
OSGEPL1,Stim48hr,0
OSGEPL1,Stim8hr,0
OSGIN2,Rest,0
OSGIN2,Stim48hr,0
OSGIN2,Stim8hr,0
OSM,Rest,0
OSM,Stim48hr,0
OSM,Stim8hr,0
OSMR,Rest,0
OSMR,Stim48hr,0
OSMR,Stim8hr,0
OSR1,Rest,0
OSR1,Stim48hr,0
OSR1,Stim8hr,0
OSR2,Rest,0
OSR2,Stim48hr,0
OSR2,Stim8hr,0
OST4,Rest,0
OST4,Stim48hr,0
OST4,Stim8hr,1
OSTC,Rest,0
OSTC,Stim48hr,0
OSTC,Stim8hr,0
OSTF1,Rest,0
OSTF1,Stim48hr,0
OSTF1,Stim8hr,0
OSTM1,Rest,0
OSTM1,Stim48hr,0
OSTM1,Stim8hr,0
OTOF,Rest,0
OTOF,Stim48hr,0
OTOF,Stim8hr,0
OTOG,Rest,0
OTOG,Stim48hr,0
OTOG,Stim8hr,0
OTP,Rest,0
OTP,Stim48hr,0
OTP,Stim8hr,0
OTUB1,Rest,0
OTUB1,Stim48hr,0
OTUB1,Stim8hr,0
OTUB2,Rest,0
OTUB2,Stim48hr,0
OTUB2,Stim8hr,0
OTUD1,Rest,0
OTUD1,Stim48hr,0
OTUD1,Stim8hr,2
OTUD3,Rest,0
OTUD3,Stim48hr,0
OTUD3,Stim8hr,0
OTUD4,Rest,1
OTUD4,Stim48hr,1
OTUD4,Stim8hr,0
OTUD5,Rest,0
OTUD5,Stim48hr,0
OTUD5,Stim8hr,0
OTUD6B,Rest,0
OTUD6B,Stim48hr,0
OTUD6B,Stim8hr,0
OTUD7B,Rest,0
OTUD7B,Stim48hr,0
OTUD7B,Stim8hr,0
OTULIN,Rest,0
OTULIN,Stim48hr,0
OTULIN,Stim8hr,0
OTULINL,Rest,0
OTULINL,Stim48hr,0
OTULINL,Stim8hr,1
OTX1,Rest,0
OTX1,Stim48hr,0
OTX1,Stim8hr,0
OTX2,Rest,0
OTX2,Stim48hr,0
OTX2,Stim8hr,0
OVCA2,Rest,0
OVCA2,Stim48hr,0
OVCA2,Stim8hr,0
OVGP1,Rest,0
OVGP1,Stim48hr,0
OVGP1,Stim8hr,0
OVOL1,Rest,0
OVOL1,Stim48hr,0
OVOL1,Stim8hr,0
OVOL2,Rest,0
OVOL2,Stim48hr,0
OVOL2,Stim8hr,0
OVOL3,Rest,0
OVOL3,Stim48hr,0
OVOL3,Stim8hr,0
OXA1L,Rest,1
OXA1L,Stim48hr,3
OXA1L,Stim8hr,1
OXCT1,Rest,0
OXCT1,Stim48hr,0
OXCT1,Stim8hr,0
OXLD1,Rest,0
OXLD1,Stim48hr,0
OXLD1,Stim8hr,0
OXNAD1,Rest,0
OXNAD1,Stim48hr,0
OXNAD1,Stim8hr,0
OXR1,Rest,0
OXR1,Stim48hr,0
OXR1,Stim8hr,0
OXSM,Rest,0
OXSM,Stim48hr,0
OXSM,Stim8hr,0
OXSR1,Rest,2
OXSR1,Stim48hr,0
OXSR1,Stim8hr,0
P2RX1,Rest,0
P2RX1,Stim48hr,0
P2RX1,Stim8hr,0
P2RX4,Rest,0
P2RX4,Stim48hr,0
P2RX4,Stim8hr,0
P2RX5,Rest,0
P2RX5,Stim48hr,0
P2RX5,Stim8hr,0
P2RX7,Rest,0
P2RX7,Stim48hr,0
P2RX7,Stim8hr,0
P2RY10,Rest,0
P2RY10,Stim48hr,0
P2RY10,Stim8hr,0
P2RY11,Rest,0
P2RY11,Stim48hr,0
P2RY11,Stim8hr,0
P2RY12,Rest,0
P2RY12,Stim48hr,0
P2RY12,Stim8hr,0
P2RY13,Rest,0
P2RY13,Stim48hr,0
P2RY13,Stim8hr,0
P2RY14,Rest,0
P2RY14,Stim48hr,0
P2RY14,Stim8hr,0
P2RY8,Rest,0
P2RY8,Stim48hr,0
P2RY8,Stim8hr,0
P3H1,Rest,0
P3H1,Stim48hr,0
P3H1,Stim8hr,0
P3H3,Rest,0
P3H3,Stim48hr,0
P3H3,Stim8hr,0
P3H4,Rest,0
P3H4,Stim48hr,0
P3H4,Stim8hr,0
P4HA1,Rest,0
P4HA1,Stim48hr,0
P4HA1,Stim8hr,0
P4HA2,Rest,0
P4HA2,Stim48hr,0
P4HA2,Stim8hr,0
P4HB,Rest,1
P4HB,Stim48hr,1
P4HB,Stim8hr,0
P4HTM,Rest,0
P4HTM,Stim48hr,0
P4HTM,Stim8hr,1
PA2G4,Rest,0
PA2G4,Stim48hr,0
PA2G4,Stim8hr,0
PAAF1,Rest,0
PAAF1,Stim48hr,0
PAAF1,Stim8hr,0
PABIR1,Rest,0
PABIR1,Stim48hr,0
PABIR1,Stim8hr,0
PABIR2,Rest,0
PABIR2,Stim48hr,0
PABIR2,Stim8hr,0
PABIR3,Rest,0
PABIR3,Stim48hr,0
PABIR3,Stim8hr,0
PABPC1,Rest,0
PABPC1,Stim48hr,0
PABPC1,Stim8hr,0
PABPC1L,Rest,0
PABPC1L,Stim48hr,0
PABPC1L,Stim8hr,0
PABPC4,Stim8hr,0
PABPN1,Rest,0
PABPN1,Stim48hr,0
PABPN1,Stim8hr,0
PACC1,Rest,0
PACC1,Stim48hr,0
PACC1,Stim8hr,0
PACRGL,Rest,0
PACRGL,Stim48hr,0
PACRGL,Stim8hr,0
PACS1,Rest,0
PACS1,Stim48hr,0
PACS1,Stim8hr,0
PACS2,Rest,0
PACS2,Stim48hr,0
PACS2,Stim8hr,0
PACSIN2,Rest,0
PACSIN2,Stim48hr,0
PACSIN2,Stim8hr,0
PACSIN3,Rest,0
PACSIN3,Stim48hr,0
PACSIN3,Stim8hr,0
PADI4,Rest,0
PADI4,Stim48hr,0
PADI4,Stim8hr,1
PAFAH1B1,Stim48hr,0
PAFAH1B2,Rest,0
PAFAH1B2,Stim48hr,0
PAFAH1B2,Stim8hr,0
PAFAH1B3,Rest,0
PAFAH1B3,Stim48hr,0
PAFAH1B3,Stim8hr,0
PAFAH2,Rest,0
PAFAH2,Stim48hr,0
PAFAH2,Stim8hr,0
PAGE5,Rest,0
PAGE5,Stim48hr,0
PAGE5,Stim8hr,0
PAGR1,Rest,0
PAGR1,Stim48hr,0
PAGR1,Stim8hr,1
PAICS,Rest,0
PAICS,Stim48hr,0
PAICS,Stim8hr,0
PAIP1,Rest,0
PAIP1,Stim48hr,0
PAIP1,Stim8hr,0
PAIP2,Rest,0
PAIP2,Stim48hr,0
PAIP2,Stim8hr,0
PAIP2B,Rest,0
PAIP2B,Stim48hr,0
PAIP2B,Stim8hr,0
PAK1,Rest,0
PAK1,Stim48hr,0
PAK1,Stim8hr,0
PAK2,Rest,2
PAK2,Stim48hr,0
PAK2,Stim8hr,0
PAK3,Rest,0
PAK3,Stim48hr,0
PAK3,Stim8hr,0
PAK4,Rest,0
PAK4,Stim48hr,0
PAK4,Stim8hr,0
PALD1,Rest,0
PALD1,Stim48hr,0
PALD1,Stim8hr,0
PALLD,Rest,0
PALLD,Stim48hr,0
PALLD,Stim8hr,0
PALM2AKAP2,Rest,0
PALM2AKAP2,Stim48hr,0
PALM2AKAP2,Stim8hr,0
PALS1,Rest,0
PALS1,Stim48hr,0
PALS1,Stim8hr,0
PALS2,Rest,0
PALS2,Stim48hr,0
PALS2,Stim8hr,0
PAN2,Rest,1
PAN2,Stim48hr,1
PAN2,Stim8hr,1
PAN3,Rest,0
PAN3,Stim48hr,1
PAN3,Stim8hr,0
PANK1,Rest,0
PANK1,Stim48hr,0
PANK1,Stim8hr,0
PANK2,Rest,0
PANK2,Stim48hr,0
PANK2,Stim8hr,0
PANK3,Rest,0
PANK3,Stim48hr,0
PANK3,Stim8hr,0
PANK4,Rest,0
PANK4,Stim48hr,0
PANK4,Stim8hr,0
PANX1,Rest,0
PANX1,Stim48hr,0
PANX1,Stim8hr,0
PANX2,Rest,0
PANX2,Stim48hr,0
PANX2,Stim8hr,0
PAOX,Rest,0
PAOX,Stim48hr,0
PAOX,Stim8hr,1
PAPOLA,Rest,0
PAPOLA,Stim48hr,0
PAPOLA,Stim8hr,0
PAPOLG,Rest,0
PAPOLG,Stim48hr,0
PAPOLG,Stim8hr,0
PAPSS1,Rest,2
PAPSS1,Stim48hr,0
PAPSS1,Stim8hr,0
PAPSS2,Rest,0
PAPSS2,Stim48hr,0
PAPSS2,Stim8hr,0
PAQR3,Rest,0
PAQR3,Stim48hr,0
PAQR3,Stim8hr,0
PAQR4,Rest,0
PAQR4,Stim48hr,0
PAQR4,Stim8hr,0
PAQR6,Rest,0
PAQR6,Stim48hr,0
PAQR6,Stim8hr,0
PAQR7,Rest,0
PAQR7,Stim48hr,0
PAQR7,Stim8hr,0
PAQR8,Stim48hr,0
PAQR8,Stim8hr,1
PARD6A,Rest,1
PARD6A,Stim48hr,0
PARD6A,Stim8hr,0
PARD6B,Rest,0
PARD6B,Stim48hr,0
PARD6B,Stim8hr,0
PARD6G,Rest,1
PARD6G,Stim48hr,0
PARD6G,Stim8hr,0
PARK7,Rest,0
PARK7,Stim48hr,0
PARK7,Stim8hr,0
PARL,Rest,0
PARL,Stim48hr,0
PARL,Stim8hr,0
PARN,Rest,0
PARN,Stim48hr,0
PARN,Stim8hr,0
PARP1,Rest,0
PARP1,Stim48hr,0
PARP1,Stim8hr,0
PARP10,Rest,0
PARP10,Stim48hr,0
PARP10,Stim8hr,0
PARP11,Rest,0
PARP11,Stim48hr,1
PARP11,Stim8hr,0
PARP12,Rest,0
PARP12,Stim48hr,0
PARP12,Stim8hr,0
PARP14,Rest,1
PARP14,Stim48hr,0
PARP14,Stim8hr,0
PARP15,Rest,0
PARP15,Stim48hr,0
PARP15,Stim8hr,0
PARP16,Rest,0
PARP16,Stim48hr,0
PARP16,Stim8hr,0
PARP2,Rest,0
PARP2,Stim48hr,2
PARP2,Stim8hr,2
PARP3,Rest,0
PARP3,Stim48hr,2
PARP3,Stim8hr,0
PARP4,Rest,0
PARP4,Stim48hr,0
PARP4,Stim8hr,0
PARP6,Rest,0
PARP6,Stim48hr,0
PARP6,Stim8hr,0
PARP8,Rest,0
PARP8,Stim48hr,0
PARP8,Stim8hr,0
PARP9,Rest,0
PARP9,Stim48hr,0
PARP9,Stim8hr,0
PARPBP,Rest,0
PARPBP,Stim48hr,0
PARPBP,Stim8hr,0
PARS2,Rest,0
PARS2,Stim48hr,1
PARS2,Stim8hr,4
PARVB,Rest,0
PARVB,Stim48hr,0
PARVB,Stim8hr,0
PARVG,Rest,0
PARVG,Stim48hr,0
PARVG,Stim8hr,0
PASK,Rest,0
PASK,Stim48hr,0
PASK,Stim8hr,0
PATJ,Rest,0
PATJ,Stim48hr,0
PATJ,Stim8hr,0
PATL1,Rest,0
PATL1,Stim48hr,0
PATL1,Stim8hr,0
PATL2,Rest,0
PATL2,Stim48hr,0
PATL2,Stim8hr,0
PATZ1,Rest,0
PATZ1,Stim48hr,0
PATZ1,Stim8hr,0
PAWR,Rest,0
PAWR,Stim48hr,0
PAWR,Stim8hr,0
PAX1,Rest,0
PAX1,Stim48hr,0
PAX1,Stim8hr,0
PAX2,Rest,0
PAX2,Stim48hr,0
PAX2,Stim8hr,0
PAX3,Rest,0
PAX3,Stim48hr,0
PAX3,Stim8hr,0
PAX4,Rest,0
PAX4,Stim48hr,0
PAX4,Stim8hr,0
PAX5,Rest,0
PAX5,Stim48hr,0
PAX5,Stim8hr,0
PAX6,Rest,1
PAX6,Stim48hr,0
PAX6,Stim8hr,0
PAX7,Rest,0
PAX7,Stim48hr,0
PAX7,Stim8hr,0
PAX8,Rest,0
PAX8,Stim48hr,0
PAX8,Stim8hr,0
PAX9,Rest,0
PAX9,Stim48hr,0
PAX9,Stim8hr,0
PAXIP1,Rest,1
PAXIP1,Stim48hr,3
PAXIP1,Stim8hr,0
PAXX,Rest,0
PAXX,Stim48hr,0
PAXX,Stim8hr,0
PBDC1,Rest,0
PBDC1,Stim48hr,0
PBDC1,Stim8hr,0
PBK,Rest,0
PBK,Stim48hr,0
PBK,Stim8hr,0
PBLD,Rest,0
PBLD,Stim48hr,0
PBLD,Stim8hr,0
PBRM1,Rest,0
PBRM1,Stim48hr,0
PBRM1,Stim8hr,0
PBX1,Rest,0
PBX1,Stim48hr,1
PBX1,Stim8hr,0
PBX2,Rest,0
PBX2,Stim48hr,0
PBX2,Stim8hr,0
PBX3,Rest,0
PBX3,Stim48hr,0
PBX3,Stim8hr,0
PBX4,Rest,0
PBX4,Stim48hr,0
PBX4,Stim8hr,0
PBXIP1,Rest,0
PBXIP1,Stim48hr,0
PBXIP1,Stim8hr,0
PC,Rest,0
PC,Stim48hr,0
PC,Stim8hr,0
PCBD1,Rest,0
PCBD1,Stim48hr,0
PCBD1,Stim8hr,0
PCBD2,Rest,0
PCBD2,Stim48hr,0
PCBD2,Stim8hr,0
PCBP1,Rest,0
PCBP1,Stim48hr,2
PCBP1,Stim8hr,1
PCBP2,Rest,0
PCBP2,Stim48hr,0
PCBP2,Stim8hr,0
PCBP3,Rest,0
PCBP3,Stim48hr,0
PCBP3,Stim8hr,0
PCBP4,Rest,1
PCBP4,Stim48hr,0
PCBP4,Stim8hr,0
PCCA,Rest,0
PCCA,Stim48hr,0
PCCA,Stim8hr,0
PCCB,Rest,0
PCCB,Stim48hr,0
PCCB,Stim8hr,0
PCDH12,Rest,0
PCDH12,Stim48hr,0
PCDH12,Stim8hr,0
PCED1B,Rest,0
PCED1B,Stim48hr,0
PCED1B,Stim8hr,0
PCGF1,Rest,1
PCGF1,Stim48hr,2
PCGF1,Stim8hr,0
PCGF2,Rest,0
PCGF2,Stim48hr,0
PCGF2,Stim8hr,0
PCGF3,Rest,0
PCGF3,Stim48hr,0
PCGF3,Stim8hr,0
PCGF5,Rest,0
PCGF5,Stim48hr,0
PCGF5,Stim8hr,0
PCGF6,Rest,0
PCGF6,Stim48hr,0
PCGF6,Stim8hr,1
PCIF1,Rest,0
PCIF1,Stim48hr,0
PCIF1,Stim8hr,0
PCK1,Rest,0
PCK1,Stim48hr,0
PCK1,Stim8hr,0
PCK2,Rest,0
PCK2,Stim48hr,0
PCK2,Stim8hr,0
PCLAF,Rest,0
PCLAF,Stim48hr,0
PCLAF,Stim8hr,0
PCM1,Rest,1
PCM1,Stim48hr,0
PCM1,Stim8hr,1
PCMT1,Rest,0
PCMT1,Stim48hr,0
PCMT1,Stim8hr,0
PCMTD1,Rest,0
PCMTD1,Stim48hr,0
PCMTD1,Stim8hr,0
PCMTD2,Rest,0
PCMTD2,Stim48hr,0
PCMTD2,Stim8hr,0
PCNP,Rest,0
PCNP,Stim48hr,0
PCNP,Stim8hr,0
PCNT,Rest,0
PCNT,Stim48hr,0
PCNT,Stim8hr,0
PCNX1,Rest,0
PCNX1,Stim48hr,0
PCNX1,Stim8hr,0
PCNX2,Rest,0
PCNX2,Stim48hr,0
PCNX2,Stim8hr,0
PCNX3,Rest,0
PCNX3,Stim48hr,0
PCNX3,Stim8hr,0
PCNX4,Rest,0
PCNX4,Stim48hr,0
PCNX4,Stim8hr,0
PCOLCE,Rest,0
PCOLCE,Stim48hr,0
PCOLCE,Stim8hr,0
PCP2,Rest,0
PCP2,Stim48hr,0
PCP2,Stim8hr,0
PCP4L1,Rest,1
PCP4L1,Stim48hr,0
PCP4L1,Stim8hr,0
PCSK1N,Rest,0
PCSK1N,Stim48hr,0
PCSK1N,Stim8hr,0
PCSK5,Rest,0
PCSK5,Stim48hr,0
PCSK5,Stim8hr,2
PCSK6,Rest,0
PCSK6,Stim48hr,0
PCSK6,Stim8hr,0
PCSK7,Rest,0
PCSK7,Stim48hr,0
PCSK7,Stim8hr,0
PCTP,Rest,0
PCTP,Stim48hr,0
PCTP,Stim8hr,0
PCYOX1,Rest,0
PCYOX1,Stim48hr,0
PCYOX1,Stim8hr,0
PCYOX1L,Rest,0
PCYOX1L,Stim48hr,0
PCYOX1L,Stim8hr,0
PCYT1A,Rest,0
PCYT1A,Stim48hr,0
PCYT1A,Stim8hr,0
PCYT2,Rest,2
PCYT2,Stim48hr,5
PCYT2,Stim8hr,2
PDAP1,Rest,0
PDAP1,Stim48hr,0
PDAP1,Stim8hr,1
PDCD1,Rest,0
PDCD1,Stim48hr,0
PDCD1,Stim8hr,0
PDCD10,Rest,0
PDCD10,Stim48hr,2
PDCD10,Stim8hr,0
PDCD1LG2,Rest,0
PDCD1LG2,Stim48hr,0
PDCD1LG2,Stim8hr,0
PDCD2,Stim8hr,0
PDCD2L,Rest,2
PDCD2L,Stim48hr,0
PDCD2L,Stim8hr,0
PDCD4,Rest,0
PDCD4,Stim48hr,0
PDCD4,Stim8hr,0
PDCD5,Rest,0
PDCD5,Stim48hr,0
PDCD5,Stim8hr,0
PDCD6,Rest,0
PDCD6,Stim48hr,0
PDCD6,Stim8hr,0
PDCD6IP,Rest,0
PDCD6IP,Stim48hr,0
PDCD6IP,Stim8hr,0
PDCL,Rest,1
PDCL,Stim48hr,3
PDCL,Stim8hr,2
PDCL3,Rest,0
PDCL3,Stim48hr,0
PDCL3,Stim8hr,0
PDE12,Rest,0
PDE12,Stim48hr,0
PDE12,Stim8hr,0
PDE1B,Rest,0
PDE1B,Stim48hr,0
PDE1B,Stim8hr,0
PDE3B,Rest,0
PDE3B,Stim48hr,1
PDE3B,Stim8hr,0
PDE4A,Stim48hr,0
PDE4A,Stim8hr,0
PDE4B,Rest,0
PDE4B,Stim48hr,0
PDE4B,Stim8hr,0
PDE4D,Rest,0
PDE4D,Stim48hr,0
PDE4D,Stim8hr,0
PDE4DIP,Rest,0
PDE4DIP,Stim48hr,0
PDE4DIP,Stim8hr,0
PDE5A,Rest,0
PDE5A,Stim48hr,0
PDE5A,Stim8hr,0
PDE6B,Rest,0
PDE6B,Stim48hr,0
PDE6B,Stim8hr,0
PDE6C,Rest,0
PDE6C,Stim48hr,0
PDE6C,Stim8hr,0
PDE6D,Rest,0
PDE6D,Stim48hr,0
PDE6D,Stim8hr,0
PDE6G,Rest,0
PDE6G,Stim48hr,0
PDE6G,Stim8hr,0
PDE7A,Rest,0
PDE7A,Stim48hr,0
PDE7A,Stim8hr,0
PDE7B,Rest,0
PDE7B,Stim48hr,0
PDE7B,Stim8hr,0
PDE8A,Rest,0
PDE8A,Stim48hr,0
PDE8A,Stim8hr,0
PDE9A,Rest,0
PDE9A,Stim48hr,0
PDE9A,Stim8hr,0
PDF,Rest,0
PDF,Stim48hr,0
PDF,Stim8hr,0
PDGFA,Rest,0
PDGFA,Stim48hr,0
PDGFA,Stim8hr,0
PDGFB,Rest,0
PDGFB,Stim48hr,0
PDGFB,Stim8hr,0
PDGFD,Rest,0
PDGFD,Stim48hr,0
PDGFD,Stim8hr,0
PDGFRB,Rest,0
PDGFRB,Stim48hr,0
PDGFRB,Stim8hr,0
PDHA1,Rest,0
PDHA1,Stim48hr,5
PDHA1,Stim8hr,0
PDHB,Rest,0
PDHB,Stim48hr,0
PDHB,Stim8hr,0
PDHX,Rest,0
PDHX,Stim48hr,0
PDHX,Stim8hr,0
PDIA3,Rest,1
PDIA3,Stim48hr,0
PDIA3,Stim8hr,1
PDIA4,Rest,0
PDIA4,Stim48hr,0
PDIA4,Stim8hr,0
PDIA5,Rest,0
PDIA5,Stim48hr,0
PDIA5,Stim8hr,0
PDIA6,Rest,1
PDIA6,Stim48hr,1
PDIA6,Stim8hr,2
PDIK1L,Rest,0
PDIK1L,Stim48hr,0
PDIK1L,Stim8hr,0
PDK1,Rest,2
PDK1,Stim8hr,0
PDK2,Rest,0
PDK2,Stim48hr,0
PDK2,Stim8hr,0
PDK3,Rest,2
PDK3,Stim48hr,0
PDK3,Stim8hr,0
PDK4,Rest,0
PDK4,Stim48hr,0
PDK4,Stim8hr,0
PDLIM1,Rest,0
PDLIM1,Stim48hr,0
PDLIM1,Stim8hr,0
PDLIM2,Rest,0
PDLIM2,Stim48hr,0
PDLIM2,Stim8hr,1
PDLIM5,Rest,0
PDLIM5,Stim48hr,0
PDLIM5,Stim8hr,0
PDLIM7,Rest,0
PDLIM7,Stim48hr,0
PDLIM7,Stim8hr,0
PDP1,Rest,0
PDP1,Stim48hr,0
PDP1,Stim8hr,0
PDP2,Rest,0
PDP2,Stim48hr,0
PDP2,Stim8hr,0
PDPK1,Rest,0
PDPK1,Stim48hr,0
PDPK1,Stim8hr,0
PDPR,Rest,1
PDPR,Stim48hr,0
PDPR,Stim8hr,0
PDS5A,Rest,0
PDS5A,Stim48hr,0
PDS5A,Stim8hr,0
PDS5B,Rest,0
PDS5B,Stim48hr,0
PDS5B,Stim8hr,0
PDSS1,Rest,0
PDSS1,Stim48hr,1
PDSS1,Stim8hr,0
PDSS2,Rest,0
PDSS2,Stim48hr,2
PDSS2,Stim8hr,4
PDX1,Rest,0
PDX1,Stim48hr,0
PDX1,Stim8hr,0
PDXDC1,Rest,0
PDXDC1,Stim48hr,0
PDXDC1,Stim8hr,0
PDXK,Rest,0
PDXK,Stim48hr,0
PDXK,Stim8hr,0
PDXP,Rest,0
PDXP,Stim48hr,0
PDXP,Stim8hr,0
PDZD11,Rest,0
PDZD11,Stim48hr,0
PDZD11,Stim8hr,0
PDZD2,Rest,0
PDZD2,Stim48hr,0
PDZD2,Stim8hr,1
PDZD4,Rest,0
PDZD4,Stim48hr,0
PDZD4,Stim8hr,0
PDZD8,Rest,0
PDZD8,Stim48hr,0
PDZD8,Stim8hr,0
PDZK1IP1,Rest,0
PDZK1IP1,Stim48hr,0
PDZK1IP1,Stim8hr,0
PEA15,Rest,0
PEA15,Stim48hr,0
PEA15,Stim8hr,0
PEAK1,Rest,0
PEAK1,Stim48hr,0
PEAK1,Stim8hr,0
PEAK3,Rest,1
PEAK3,Stim48hr,0
PEAK3,Stim8hr,0
PEAR1,Rest,0
PEAR1,Stim48hr,0
PEAR1,Stim8hr,0
PEBP1,Rest,0
PEBP1,Stim48hr,0
PEBP1,Stim8hr,0
PECAM1,Rest,0
PECAM1,Stim48hr,0
PECAM1,Stim8hr,0
PECR,Rest,0
PECR,Stim48hr,0
PECR,Stim8hr,0
PEDS1,Rest,0
PEDS1,Stim48hr,0
PEDS1,Stim8hr,0
PEDS1-UBE2V1,Rest,0
PEDS1-UBE2V1,Stim48hr,0
PEDS1-UBE2V1,Stim8hr,0
PEF1,Rest,0
PEF1,Stim48hr,0
PEF1,Stim8hr,0
PEG3,Rest,0
PEG3,Stim48hr,0
PEG3,Stim8hr,0
PELI1,Rest,0
PELI1,Stim48hr,0
PELI1,Stim8hr,0
PELI2,Rest,1
PELI2,Stim48hr,0
PELI2,Stim8hr,0
PELI3,Rest,0
PELI3,Stim48hr,0
PELI3,Stim8hr,0
PELO,Rest,1
PELO,Stim48hr,0
PELO,Stim8hr,0
PEMT,Rest,0
PEMT,Stim48hr,0
PEMT,Stim8hr,0
PEPD,Rest,0
PEPD,Stim48hr,1
PEPD,Stim8hr,0
PER1,Rest,0
PER1,Stim48hr,0
PER1,Stim8hr,0
PER2,Rest,0
PER2,Stim48hr,0
PER2,Stim8hr,0
PER3,Rest,0
PER3,Stim48hr,0
PER3,Stim8hr,0
PERP,Rest,0
PERP,Stim48hr,0
PERP,Stim8hr,0
PET100,Stim8hr,0
PET117,Stim48hr,0
PET117,Stim8hr,0
PEX1,Stim48hr,0
PEX1,Stim8hr,0
PEX10,Rest,0
PEX10,Stim48hr,0
PEX10,Stim8hr,0
PEX11A,Rest,0
PEX11A,Stim48hr,0
PEX11A,Stim8hr,0
PEX11B,Rest,0
PEX11B,Stim48hr,0
PEX11B,Stim8hr,0
PEX11G,Rest,0
PEX11G,Stim48hr,0
PEX11G,Stim8hr,0
PEX12,Rest,0
PEX12,Stim48hr,0
PEX12,Stim8hr,0
PEX13,Rest,0
PEX13,Stim48hr,0
PEX13,Stim8hr,0
PEX14,Rest,0
PEX14,Stim48hr,0
PEX14,Stim8hr,0
PEX16,Rest,0
PEX16,Stim48hr,0
PEX16,Stim8hr,0
PEX19,Rest,0
PEX19,Stim48hr,0
PEX19,Stim8hr,0
PEX2,Rest,0
PEX2,Stim8hr,0
PEX26,Rest,0
PEX26,Stim48hr,0
PEX26,Stim8hr,0
PEX3,Rest,0
PEX3,Stim48hr,0
PEX3,Stim8hr,0
PEX39,Rest,0
PEX39,Stim48hr,0
PEX39,Stim8hr,0
PEX5,Rest,0
PEX5,Stim48hr,0
PEX5,Stim8hr,0
PEX5L,Rest,0
PEX5L,Stim48hr,0
PEX5L,Stim8hr,0
PEX6,Rest,0
PEX6,Stim48hr,0
PEX6,Stim8hr,0
PEX7,Rest,0
PEX7,Stim48hr,0
PEX7,Stim8hr,0
PF4,Rest,0
PF4,Stim48hr,0
PF4,Stim8hr,0
PF4V1,Rest,0
PF4V1,Stim48hr,0
PF4V1,Stim8hr,0
PFAS,Rest,0
PFAS,Stim8hr,0
PFDN1,Rest,0
PFDN1,Stim48hr,0
PFDN1,Stim8hr,0
PFDN4,Rest,0
PFDN4,Stim48hr,0
PFDN4,Stim8hr,0
PFDN5,Rest,0
PFDN5,Stim48hr,0
PFDN5,Stim8hr,0
PFDN6,Stim48hr,0
PFDN6,Stim8hr,0
PFKFB1,Rest,0
PFKFB1,Stim48hr,0
PFKFB1,Stim8hr,0
PFKFB2,Rest,1
PFKFB2,Stim48hr,0
PFKFB2,Stim8hr,0
PFKFB3,Rest,0
PFKFB3,Stim48hr,0
PFKFB3,Stim8hr,0
PFKFB4,Rest,0
PFKFB4,Stim48hr,0
PFKFB4,Stim8hr,0
PFKL,Rest,0
PFKL,Stim48hr,0
PFKL,Stim8hr,0
PFKM,Rest,6
PFKM,Stim48hr,0
PFKM,Stim8hr,0
PFKP,Rest,0
PFKP,Stim48hr,0
PFKP,Stim8hr,0
PFN2,Rest,0
PFN2,Stim48hr,0
PFN2,Stim8hr,0
PGAM1,Rest,0
PGAM1,Stim48hr,1
PGAM1,Stim8hr,2
PGAM5,Rest,0
PGAM5,Stim48hr,0
PGAM5,Stim8hr,0
PGAP1,Rest,0
PGAP1,Stim48hr,0
PGAP1,Stim8hr,0
PGAP2,Rest,0
PGAP2,Stim48hr,3
PGAP2,Stim8hr,0
PGAP3,Rest,0
PGAP3,Stim48hr,0
PGAP3,Stim8hr,0
PGAP6,Rest,0
PGAP6,Stim48hr,0
PGAP6,Stim8hr,0
PGBD1,Rest,0
PGBD1,Stim48hr,0
PGBD1,Stim8hr,0
PGBD2,Rest,0
PGBD2,Stim48hr,0
PGBD2,Stim8hr,0
PGBD4,Rest,0
PGBD4,Stim48hr,0
PGBD4,Stim8hr,0
PGC,Rest,0
PGC,Stim48hr,0
PGC,Stim8hr,0
PGCKA1,Rest,0
PGCKA1,Stim48hr,0
PGCKA1,Stim8hr,0
PGD,Stim8hr,0
PGGHG,Rest,0
PGGHG,Stim48hr,0
PGGHG,Stim8hr,0
PGGT1B,Rest,0
PGGT1B,Stim48hr,3
PGGT1B,Stim8hr,6
PGK1,Rest,0
PGK1,Stim48hr,2
PGK1,Stim8hr,7
PGLS,Rest,0
PGLS,Stim48hr,0
PGLS,Stim8hr,0
PGLYRP1,Rest,0
PGLYRP1,Stim48hr,0
PGLYRP1,Stim8hr,0
PGM1,Rest,1
PGM1,Stim48hr,0
PGM1,Stim8hr,0
PGM2,Rest,0
PGM2,Stim48hr,0
PGM2,Stim8hr,0
PGM2L1,Rest,0
PGM2L1,Stim48hr,0
PGM2L1,Stim8hr,0
PGP,Rest,0
PGP,Stim48hr,0
PGP,Stim8hr,0
PGR,Rest,0
PGR,Stim48hr,0
PGR,Stim8hr,0
PGRMC1,Rest,0
PGRMC1,Stim48hr,0
PGRMC1,Stim8hr,0
PGRMC2,Rest,0
PGRMC2,Stim48hr,0
PGRMC2,Stim8hr,0
PGS1,Rest,1
PGS1,Stim48hr,2
PGS1,Stim8hr,3
PHACTR1,Rest,0
PHACTR1,Stim48hr,0
PHACTR1,Stim8hr,0
PHACTR2,Rest,0
PHACTR2,Stim48hr,0
PHACTR2,Stim8hr,0
PHACTR4,Rest,0
PHACTR4,Stim48hr,0
PHACTR4,Stim8hr,0
PHAF1,Rest,0
PHAF1,Stim48hr,0
PHAF1,Stim8hr,0
PHC1,Rest,0
PHC1,Stim48hr,0
PHC1,Stim8hr,0
PHC2,Rest,0
PHC2,Stim48hr,0
PHC2,Stim8hr,0
PHC3,Rest,0
PHC3,Stim48hr,0
PHC3,Stim8hr,0
PHETA1,Rest,0
PHETA1,Stim8hr,0
PHEX,Rest,0
PHEX,Stim48hr,0
PHEX,Stim8hr,0
PHF1,Rest,0
PHF1,Stim48hr,0
PHF1,Stim8hr,0
PHF10,Rest,1
PHF10,Stim48hr,0
PHF10,Stim8hr,0
PHF11,Rest,0
PHF11,Stim48hr,0
PHF11,Stim8hr,0
PHF12,Rest,0
PHF12,Stim48hr,0
PHF12,Stim8hr,1
PHF13,Rest,0
PHF13,Stim48hr,0
PHF13,Stim8hr,0
PHF14,Rest,0
PHF14,Stim48hr,0
PHF14,Stim8hr,0
PHF19,Rest,0
PHF19,Stim48hr,0
PHF19,Stim8hr,1
PHF2,Rest,0
PHF2,Stim48hr,0
PHF2,Stim8hr,0
PHF20,Rest,0
PHF20,Stim48hr,0
PHF20,Stim8hr,0
PHF20L1,Rest,0
PHF20L1,Stim48hr,0
PHF20L1,Stim8hr,0
PHF21A,Rest,0
PHF21A,Stim48hr,0
PHF21A,Stim8hr,0
PHF23,Rest,2
PHF23,Stim48hr,3
PHF23,Stim8hr,1
PHF3,Rest,0
PHF3,Stim48hr,0
PHF3,Stim8hr,0
PHF6,Rest,0
PHF6,Stim48hr,0
PHF6,Stim8hr,0
PHF7,Rest,0
PHF7,Stim48hr,0
PHF7,Stim8hr,0
PHF8,Rest,0
PHF8,Stim48hr,0
PHF8,Stim8hr,0
PHGDH,Rest,0
PHGDH,Stim48hr,0
PHGDH,Stim8hr,0
PHGR1,Rest,0
PHGR1,Stim48hr,0
PHGR1,Stim8hr,0
PHIP,Rest,0
PHIP,Stim48hr,0
PHIP,Stim8hr,0
PHKA1,Rest,0
PHKA1,Stim48hr,0
PHKA1,Stim8hr,0
PHKA2,Rest,0
PHKA2,Stim48hr,0
PHKA2,Stim8hr,0
PHKB,Rest,0
PHKB,Stim48hr,0
PHKB,Stim8hr,0
PHKG2,Rest,0
PHKG2,Stim48hr,0
PHKG2,Stim8hr,0
PHLDA1,Rest,0
PHLDA1,Stim48hr,0
PHLDA1,Stim8hr,0
PHLDA2,Rest,0
PHLDA2,Stim48hr,0
PHLDA2,Stim8hr,0
PHLDA3,Rest,0
PHLDA3,Stim48hr,0
PHLDA3,Stim8hr,0
PHLDB1,Rest,0
PHLDB1,Stim48hr,0
PHLDB1,Stim8hr,0
PHLDB2,Rest,0
PHLDB2,Stim48hr,0
PHLDB2,Stim8hr,0
PHLPP1,Rest,0
PHLPP1,Stim48hr,0
PHLPP1,Stim8hr,0
PHLPP2,Rest,0
PHLPP2,Stim48hr,0
PHLPP2,Stim8hr,0
PHOSPHO1,Rest,0
PHOSPHO1,Stim48hr,0
PHOSPHO1,Stim8hr,0
PHOSPHO2,Rest,0
PHOSPHO2,Stim48hr,0
PHOSPHO2,Stim8hr,3
PHOX2A,Rest,0
PHOX2A,Stim48hr,0
PHOX2A,Stim8hr,0
PHOX2B,Rest,2
PHOX2B,Stim48hr,1
PHOX2B,Stim8hr,0
PHPT1,Rest,0
PHPT1,Stim48hr,0
PHPT1,Stim8hr,0
PHRF1,Rest,0
PHRF1,Stim48hr,0
PHRF1,Stim8hr,0
PHTF1,Rest,0
PHTF1,Stim48hr,0
PHTF1,Stim8hr,0
PHTF2,Rest,0
PHTF2,Stim48hr,0
PHTF2,Stim8hr,0
PHYH,Rest,0
PHYH,Stim48hr,0
PHYH,Stim8hr,0
PHYHD1,Rest,0
PHYHD1,Stim48hr,0
PHYHD1,Stim8hr,0
PHYKPL,Rest,0
PHYKPL,Stim48hr,0
PHYKPL,Stim8hr,0
PI16,Stim8hr,0
PI4K2A,Rest,0
PI4K2A,Stim48hr,0
PI4K2A,Stim8hr,0
PI4K2B,Rest,0
PI4K2B,Stim48hr,0
PI4K2B,Stim8hr,0
PI4KB,Rest,0
PI4KB,Stim48hr,0
PI4KB,Stim8hr,0
PIANP,Rest,0
PIANP,Stim48hr,0
PIANP,Stim8hr,0
PIAS1,Rest,0
PIAS1,Stim48hr,0
PIAS1,Stim8hr,0
PIAS2,Rest,0
PIAS2,Stim48hr,0
PIAS2,Stim8hr,0
PIAS3,Rest,0
PIAS3,Stim48hr,0
PIAS3,Stim8hr,0
PIAS4,Rest,0
PIAS4,Stim48hr,0
PIAS4,Stim8hr,0
PIBF1,Rest,0
PIBF1,Stim48hr,0
PIBF1,Stim8hr,0
PICALM,Rest,0
PICALM,Stim48hr,0
PICALM,Stim8hr,0
PICK1,Rest,0
PICK1,Stim48hr,0
PICK1,Stim8hr,0
PIDD1,Rest,0
PIDD1,Stim48hr,0
PIDD1,Stim8hr,0
PIEZO1,Rest,0
PIEZO1,Stim48hr,0
PIEZO1,Stim8hr,0
PIF1,Rest,0
PIF1,Stim48hr,0
PIF1,Stim8hr,0
PIGA,Rest,0
PIGA,Stim48hr,0
PIGA,Stim8hr,0
PIGB,Rest,0
PIGB,Stim48hr,0
PIGB,Stim8hr,0
PIGBOS1,Rest,0
PIGBOS1,Stim48hr,0
PIGBOS1,Stim8hr,0
PIGC,Rest,0
PIGC,Stim48hr,0
PIGC,Stim8hr,0
PIGF,Rest,0
PIGF,Stim48hr,0
PIGF,Stim8hr,0
PIGG,Rest,0
PIGG,Stim48hr,0
PIGG,Stim8hr,0
PIGH,Rest,0
PIGH,Stim48hr,0
PIGH,Stim8hr,0
PIGK,Rest,0
PIGK,Stim48hr,0
PIGK,Stim8hr,0
PIGL,Rest,0
PIGL,Stim48hr,0
PIGL,Stim8hr,1
PIGM,Rest,0
PIGM,Stim48hr,0
PIGM,Stim8hr,0
PIGN,Rest,0
PIGN,Stim48hr,0
PIGN,Stim8hr,0
PIGO,Rest,0
PIGO,Stim48hr,0
PIGO,Stim8hr,0
PIGP,Rest,0
PIGP,Stim48hr,0
PIGP,Stim8hr,0
PIGQ,Rest,0
PIGQ,Stim48hr,0
PIGQ,Stim8hr,0
PIGR,Rest,0
PIGR,Stim48hr,0
PIGR,Stim8hr,0
PIGS,Rest,0
PIGS,Stim48hr,0
PIGS,Stim8hr,0
PIGT,Rest,0
PIGT,Stim48hr,0
PIGT,Stim8hr,0
PIGU,Rest,0
PIGU,Stim48hr,0
PIGU,Stim8hr,0
PIGV,Rest,0
PIGV,Stim48hr,0
PIGV,Stim8hr,0
PIGW,Rest,0
PIGW,Stim48hr,0
PIGW,Stim8hr,0
PIGX,Rest,0
PIGX,Stim48hr,0
PIGX,Stim8hr,0
PIGY,Rest,0
PIGY,Stim48hr,0
PIGY,Stim8hr,0
PIH1D1,Rest,0
PIH1D1,Stim48hr,0
PIH1D1,Stim8hr,0
PIK3AP1,Rest,0
PIK3AP1,Stim48hr,0
PIK3AP1,Stim8hr,0
PIK3C2A,Rest,0
PIK3C2A,Stim48hr,0
PIK3C2A,Stim8hr,0
PIK3C2B,Rest,0
PIK3C2B,Stim48hr,0
PIK3C2B,Stim8hr,0
PIK3C3,Rest,0
PIK3C3,Stim48hr,1
PIK3C3,Stim8hr,0
PIK3CA,Rest,0
PIK3CA,Stim48hr,0
PIK3CA,Stim8hr,0
PIK3CB,Rest,0
PIK3CB,Stim48hr,0
PIK3CB,Stim8hr,0
PIK3CD,Rest,0
PIK3CD,Stim48hr,0
PIK3CD,Stim8hr,0
PIK3CG,Rest,0
PIK3CG,Stim48hr,0
PIK3CG,Stim8hr,0
PIK3IP1,Rest,0
PIK3IP1,Stim48hr,1
PIK3IP1,Stim8hr,0
PIK3R1,Rest,0
PIK3R1,Stim48hr,0
PIK3R1,Stim8hr,0
PIK3R2,Rest,0
PIK3R2,Stim48hr,0
PIK3R2,Stim8hr,0
PIK3R4,Rest,0
PIK3R4,Stim48hr,0
PIK3R4,Stim8hr,0
PIK3R5,Rest,0
PIK3R5,Stim48hr,0
PIK3R5,Stim8hr,0
PIK3R6,Rest,0
PIK3R6,Stim48hr,0
PIK3R6,Stim8hr,0
PIKFYVE,Rest,0
PIKFYVE,Stim8hr,0
PILRA,Rest,0
PILRA,Stim48hr,0
PILRA,Stim8hr,0
PILRB,Rest,0
PILRB,Stim48hr,0
PILRB,Stim8hr,0
PIM1,Rest,0
PIM1,Stim8hr,2
PIM2,Rest,0
PIM2,Stim48hr,0
PIM2,Stim8hr,0
PIM3,Rest,0
PIM3,Stim48hr,0
PIM3,Stim8hr,0
PIMREG,Rest,0
PIMREG,Stim48hr,0
PIMREG,Stim8hr,0
PIN1,Stim48hr,0
PIN1,Stim8hr,0
PIN4,Rest,0
PIN4,Stim48hr,1
PIN4,Stim8hr,0
PINK1,Rest,0
PINK1,Stim48hr,0
PINK1,Stim8hr,0
PIP,Rest,0
PIP,Stim48hr,0
PIP,Stim8hr,0
PIP4K2A,Rest,0
PIP4K2A,Stim48hr,0
PIP4K2A,Stim8hr,0
PIP4K2B,Rest,0
PIP4K2B,Stim48hr,0
PIP4K2B,Stim8hr,0
PIP4K2C,Rest,0
PIP4K2C,Stim48hr,0
PIP4K2C,Stim8hr,0
PIP4P1,Rest,0
PIP4P1,Stim48hr,0
PIP4P1,Stim8hr,0
PIP4P2,Rest,0
PIP4P2,Stim48hr,0
PIP4P2,Stim8hr,0
PIP5K1A,Rest,0
PIP5K1A,Stim48hr,0
PIP5K1A,Stim8hr,0
PIP5K1B,Rest,0
PIP5K1B,Stim48hr,0
PIP5K1B,Stim8hr,0
PIP5K1C,Rest,0
PIP5K1C,Stim48hr,0
PIP5K1C,Stim8hr,0
PIR,Rest,0
PIR,Stim48hr,0
PIR,Stim8hr,0
PISD,Rest,0
PISD,Stim48hr,0
PISD,Stim8hr,0
PITHD1,Rest,0
PITHD1,Stim48hr,0
PITHD1,Stim8hr,0
PITPNA,Rest,0
PITPNA,Stim48hr,0
PITPNA,Stim8hr,0
PITPNB,Rest,0
PITPNB,Stim48hr,0
PITPNB,Stim8hr,0
PITPNC1,Rest,0
PITPNC1,Stim48hr,0
PITPNC1,Stim8hr,0
PITPNM1,Rest,0
PITPNM1,Stim48hr,0
PITPNM1,Stim8hr,0
PITPNM2,Rest,0
PITPNM2,Stim48hr,0
PITPNM2,Stim8hr,0
PITRM1,Rest,0
PITRM1,Stim48hr,2
PITRM1,Stim8hr,0
PITX1,Rest,0
PITX1,Stim48hr,0
PITX1,Stim8hr,0
PITX2,Rest,0
PITX2,Stim48hr,0
PITX2,Stim8hr,0
PITX3,Rest,0
PITX3,Stim48hr,0
PITX3,Stim8hr,0
PIWIL4,Rest,0
PIWIL4,Stim48hr,0
PIWIL4,Stim8hr,0
PJA1,Rest,0
PJA1,Stim48hr,0
PJA1,Stim8hr,0
PJA2,Rest,0
PJA2,Stim48hr,0
PJA2,Stim8hr,0
PJVK,Rest,0
PJVK,Stim48hr,0
PJVK,Stim8hr,0
PKD1,Rest,0
PKD1,Stim48hr,0
PKD1,Stim8hr,0
PKD2,Rest,0
PKD2,Stim48hr,0
PKD2,Stim8hr,0
PKIA,Rest,0
PKIA,Stim48hr,0
PKIA,Stim8hr,0
PKIG,Rest,0
PKIG,Stim48hr,0
PKIG,Stim8hr,0
PKM,Rest,0
PKM,Stim48hr,1
PKM,Stim8hr,9
PKN1,Rest,0
PKN1,Stim48hr,0
PKN1,Stim8hr,0
PKN2,Rest,0
PKN2,Stim48hr,0
PKN2,Stim8hr,0
PKN3,Rest,0
PKN3,Stim48hr,0
PKN3,Stim8hr,0
PKNOX1,Rest,0
PKNOX1,Stim48hr,0
PKNOX1,Stim8hr,0
PKNOX2,Rest,0
PKNOX2,Stim48hr,0
PKNOX2,Stim8hr,0
PKP2,Rest,0
PKP2,Stim48hr,0
PKP2,Stim8hr,0
PKP4,Rest,0
PKP4,Stim48hr,0
PKP4,Stim8hr,0
PLA2G10,Rest,0
PLA2G10,Stim48hr,0
PLA2G10,Stim8hr,0
PLA2G12A,Rest,0
PLA2G12A,Stim48hr,0
PLA2G12A,Stim8hr,0
PLA2G15,Rest,0
PLA2G15,Stim48hr,0
PLA2G15,Stim8hr,0
PLA2G2A,Rest,0
PLA2G2A,Stim48hr,0
PLA2G2A,Stim8hr,0
PLA2G4A,Rest,0
PLA2G4A,Stim48hr,0
PLA2G4A,Stim8hr,4
PLA2G4C,Rest,0
PLA2G4C,Stim48hr,0
PLA2G4C,Stim8hr,0
PLA2G6,Rest,0
PLA2G6,Stim48hr,0
PLA2G6,Stim8hr,0
PLA2G7,Rest,0
PLA2G7,Stim48hr,0
PLA2G7,Stim8hr,0
PLAA,Rest,0
PLAA,Stim48hr,0
PLAA,Stim8hr,0
PLAAT3,Rest,0
PLAAT3,Stim48hr,0
PLAAT3,Stim8hr,0
PLAAT4,Rest,0
PLAAT4,Stim48hr,0
PLAAT4,Stim8hr,0
PLAC8,Rest,0
PLAC8,Stim48hr,0
PLAC8,Stim8hr,0
PLAC9,Rest,0
PLAC9,Stim48hr,0
PLAC9,Stim8hr,0
PLAG1,Rest,0
PLAG1,Stim48hr,0
PLAG1,Stim8hr,0
PLAGL1,Rest,0
PLAGL1,Stim48hr,0
PLAGL1,Stim8hr,0
PLAGL2,Rest,0
PLAT,Stim8hr,5
PLAUR,Rest,0
PLAUR,Stim48hr,0
PLAUR,Stim8hr,0
PLB1,Rest,0
PLB1,Stim48hr,0
PLB1,Stim8hr,0
PLBD1,Rest,0
PLBD1,Stim48hr,0
PLBD1,Stim8hr,0
PLBD2,Rest,0
PLBD2,Stim48hr,0
PLBD2,Stim8hr,0
PLCB1,Rest,0
PLCB1,Stim48hr,0
PLCB1,Stim8hr,0
PLCB2,Rest,0
PLCB2,Stim48hr,0
PLCB2,Stim8hr,0
PLCB3,Rest,0
PLCB3,Stim48hr,0
PLCB3,Stim8hr,0
PLCE1,Rest,0
PLCE1,Stim48hr,0
PLCE1,Stim8hr,0
PLCG1,Rest,0
PLCG1,Stim48hr,6
PLCG1,Stim8hr,14
PLCG2,Rest,0
PLCG2,Stim48hr,0
PLCG2,Stim8hr,0
PLCH2,Rest,0
PLCH2,Stim48hr,0
PLCH2,Stim8hr,0
PLCL1,Rest,0
PLCL1,Stim48hr,0
PLCL1,Stim8hr,0
PLCL2,Rest,0
PLCL2,Stim48hr,0
PLCL2,Stim8hr,0
PLCXD1,Rest,0
PLCXD1,Stim48hr,0
PLCXD1,Stim8hr,0
PLCXD2,Rest,0
PLCXD2,Stim48hr,0
PLCXD2,Stim8hr,0
PLD2,Rest,0
PLD2,Stim48hr,0
PLD2,Stim8hr,0
PLD4,Rest,0
PLD4,Stim48hr,0
PLD4,Stim8hr,0
PLD6,Rest,0
PLD6,Stim48hr,0
PLD6,Stim8hr,0
PLEC,Rest,0
PLEC,Stim48hr,0
PLEC,Stim8hr,0
PLEK,Rest,2
PLEK,Stim48hr,0
PLEK,Stim8hr,0
PLEK2,Rest,0
PLEK2,Stim48hr,0
PLEK2,Stim8hr,3
PLEKHA1,Rest,0
PLEKHA1,Stim48hr,0
PLEKHA1,Stim8hr,0
PLEKHA2,Rest,0
PLEKHA2,Stim48hr,0
PLEKHA2,Stim8hr,0
PLEKHA3,Rest,0
PLEKHA3,Stim48hr,0
PLEKHA3,Stim8hr,0
PLEKHA4,Rest,0
PLEKHA4,Stim48hr,0
PLEKHA4,Stim8hr,0
PLEKHA5,Rest,0
PLEKHA5,Stim48hr,1
PLEKHA5,Stim8hr,0
PLEKHA7,Rest,0
PLEKHA7,Stim48hr,0
PLEKHA7,Stim8hr,0
PLEKHA8,Rest,0
PLEKHA8,Stim48hr,0
PLEKHA8,Stim8hr,0
PLEKHB1,Rest,0
PLEKHB1,Stim48hr,0
PLEKHB1,Stim8hr,0
PLEKHB2,Rest,0
PLEKHB2,Stim48hr,0
PLEKHB2,Stim8hr,0
PLEKHF1,Rest,0
PLEKHF1,Stim48hr,0
PLEKHF1,Stim8hr,0
PLEKHF2,Rest,0
PLEKHF2,Stim48hr,0
PLEKHF2,Stim8hr,0
PLEKHG1,Rest,0
PLEKHG1,Stim48hr,1
PLEKHG1,Stim8hr,0
PLEKHG2,Rest,0
PLEKHG2,Stim48hr,0
PLEKHG2,Stim8hr,0
PLEKHG3,Rest,0
PLEKHG3,Stim48hr,0
PLEKHG3,Stim8hr,0
PLEKHG4,Rest,0
PLEKHG4,Stim48hr,0
PLEKHG4,Stim8hr,0
PLEKHH2,Rest,1
PLEKHH2,Stim48hr,0
PLEKHH2,Stim8hr,0
PLEKHJ1,Rest,0
PLEKHJ1,Stim48hr,0
PLEKHJ1,Stim8hr,0
PLEKHM1,Rest,0
PLEKHM1,Stim48hr,0
PLEKHM1,Stim8hr,0
PLEKHM2,Rest,0
PLEKHM2,Stim48hr,0
PLEKHM2,Stim8hr,0
PLEKHM3,Rest,0
PLEKHM3,Stim48hr,0
PLEKHM3,Stim8hr,0
PLEKHO1,Rest,0
PLEKHO1,Stim48hr,0
PLEKHO1,Stim8hr,0
PLEKHO2,Rest,0
PLEKHO2,Stim48hr,0
PLEKHO2,Stim8hr,0
PLGRKT,Rest,0
PLGRKT,Stim48hr,0
PLGRKT,Stim8hr,0
PLIN2,Rest,0
PLIN2,Stim48hr,0
PLIN2,Stim8hr,0
PLIN3,Rest,0
PLIN3,Stim48hr,0
PLIN3,Stim8hr,0
PLIN4,Rest,0
PLIN4,Stim48hr,0
PLIN4,Stim8hr,3
PLK2,Rest,0
PLK2,Stim48hr,0
PLK2,Stim8hr,0
PLK3,Rest,0
PLK3,Stim48hr,0
PLK3,Stim8hr,0
PLK4,Rest,1
PLK4,Stim8hr,0
PLLP,Rest,0
PLLP,Stim48hr,1
PLLP,Stim8hr,0
PLOD1,Rest,0
PLOD1,Stim48hr,0
PLOD1,Stim8hr,0
PLOD3,Rest,0
PLOD3,Stim48hr,0
PLOD3,Stim8hr,0
PLP2,Rest,0
PLP2,Stim48hr,0
PLP2,Stim8hr,0
PLPBP,Rest,0
PLPBP,Stim48hr,0
PLPBP,Stim8hr,0
PLPP1,Rest,0
PLPP1,Stim48hr,0
PLPP1,Stim8hr,0
PLPP5,Rest,0
PLPP5,Stim48hr,0
PLPP5,Stim8hr,0
PLPP6,Rest,0
PLPP6,Stim8hr,0
PLS1,Rest,0
PLS1,Stim48hr,0
PLS1,Stim8hr,0
PLSCR1,Rest,0
PLSCR1,Stim48hr,0
PLSCR1,Stim8hr,0
PLTP,Rest,0
PLTP,Stim48hr,0
PLTP,Stim8hr,0
PLVAP,Rest,0
PLVAP,Stim48hr,0
PLVAP,Stim8hr,0
PLXDC1,Rest,0
PLXDC1,Stim48hr,0
PLXDC1,Stim8hr,0
PLXDC2,Rest,0
PLXDC2,Stim48hr,0
PLXDC2,Stim8hr,0
PLXNA3,Rest,0
PLXNA3,Stim48hr,0
PLXNA3,Stim8hr,0
PLXNA4,Rest,0
PLXNA4,Stim48hr,0
PLXNA4,Stim8hr,1
PLXNB2,Rest,0
PLXNB2,Stim48hr,0
PLXNB2,Stim8hr,0
PLXNC1,Rest,0
PLXNC1,Stim48hr,0
PLXNC1,Stim8hr,0
PLXND1,Rest,0
PLXND1,Stim48hr,0
PLXND1,Stim8hr,0
PM20D1,Rest,0
PM20D1,Stim48hr,0
PM20D1,Stim8hr,0
PM20D2,Rest,0
PM20D2,Stim48hr,0
PM20D2,Stim8hr,0
PMAIP1,Rest,0
PMAIP1,Stim48hr,0
PMAIP1,Stim8hr,0
PMCH,Rest,0
PMCH,Stim48hr,0
PMCH,Stim8hr,0
PMEL,Rest,0
PMEL,Stim48hr,0
PMEL,Stim8hr,0
PMEPA1,Rest,0
PMEPA1,Stim48hr,0
PMEPA1,Stim8hr,0
PML,Rest,0
PML,Stim48hr,0
PML,Stim8hr,0
PMM1,Rest,0
PMM1,Stim48hr,0
PMM1,Stim8hr,0
PMM2,Rest,1
PMM2,Stim8hr,4
PMP22,Rest,0
PMP22,Stim48hr,0
PMP22,Stim8hr,0
PMPCB,Rest,0
PMPCB,Stim48hr,1
PMPCB,Stim8hr,0
PMS1,Rest,0
PMS1,Stim48hr,1
PMS1,Stim8hr,0
PMS2,Rest,0
PMS2,Stim48hr,0
PMS2,Stim8hr,0
PMVK,Rest,0
PMVK,Stim48hr,12
PMVK,Stim8hr,2
PNKP,Rest,0
PNKP,Stim48hr,0
PNKP,Stim8hr,0
PNMA1,Rest,0
PNMA1,Stim48hr,0
PNMA1,Stim8hr,0
PNMA3,Rest,0
PNMA3,Stim48hr,0
PNMA3,Stim8hr,0
PNMA5,Rest,0
PNMA5,Stim48hr,0
PNMA5,Stim8hr,0
PNMT,Rest,0
PNMT,Stim48hr,0
PNMT,Stim8hr,0
PNP,Rest,0
PNP,Stim48hr,0
PNP,Stim8hr,0
PNPLA2,Rest,0
PNPLA2,Stim48hr,0
PNPLA2,Stim8hr,0
PNPLA4,Rest,0
PNPLA4,Stim48hr,0
PNPLA4,Stim8hr,0
PNPLA6,Rest,0
PNPLA6,Stim48hr,0
PNPLA6,Stim8hr,0
PNPLA7,Rest,0
PNPLA7,Stim48hr,0
PNPLA7,Stim8hr,0
PNPLA8,Rest,0
PNPLA8,Stim48hr,0
PNPLA8,Stim8hr,0
PNPO,Rest,0
PNPO,Stim48hr,0
PNPO,Stim8hr,1
PNPT1,Rest,4
PNPT1,Stim48hr,1
PNPT1,Stim8hr,1
PNRC1,Rest,0
PNRC1,Stim48hr,0
PNRC1,Stim8hr,0
PNRC2,Rest,0
PNRC2,Stim48hr,0
PNRC2,Stim8hr,0
POC1A,Rest,0
POC1A,Stim48hr,0
POC1A,Stim8hr,0
POC1B,Rest,0
POC1B,Stim48hr,0
POC1B,Stim8hr,0
POC5,Rest,0
POC5,Stim48hr,0
POC5,Stim8hr,0
PODXL,Rest,0
PODXL,Stim48hr,0
PODXL,Stim8hr,0
PODXL2,Rest,0
PODXL2,Stim48hr,0
PODXL2,Stim8hr,0
POFUT1,Rest,0
POFUT1,Stim48hr,0
POFUT1,Stim8hr,0
POFUT2,Rest,0
POFUT2,Stim48hr,0
POFUT2,Stim8hr,0
POFUT3,Rest,0
POFUT3,Stim48hr,0
POFUT3,Stim8hr,0
POFUT4,Rest,0
POFUT4,Stim48hr,0
POFUT4,Stim8hr,0
POGK,Rest,0
POGK,Stim48hr,0
POGK,Stim8hr,0
POGLUT1,Rest,0
POGLUT1,Stim48hr,0
POGLUT1,Stim8hr,0
POGLUT2,Rest,0
POGLUT2,Stim48hr,0
POGLUT2,Stim8hr,0
POGLUT3,Rest,3
POGLUT3,Stim48hr,3
POGLUT3,Stim8hr,7
POGZ,Rest,0
POGZ,Stim48hr,0
POGZ,Stim8hr,0
POLB,Rest,0
POLB,Stim48hr,0
POLB,Stim8hr,0
POLD4,Rest,0
POLD4,Stim48hr,0
POLD4,Stim8hr,0
POLDIP2,Rest,0
POLDIP2,Stim48hr,0
POLDIP2,Stim8hr,0
POLDIP3,Rest,0
POLDIP3,Stim48hr,0
POLDIP3,Stim8hr,0
POLE3,Rest,0
POLE3,Stim48hr,0
POLE3,Stim8hr,0
POLE4,Rest,0
POLE4,Stim48hr,1
POLE4,Stim8hr,0
POLG,Rest,0
POLG,Stim48hr,2
POLG,Stim8hr,0
POLG2,Rest,0
POLG2,Stim48hr,0
POLG2,Stim8hr,0
POLH,Rest,0
POLH,Stim48hr,0
POLH,Stim8hr,0
POLI,Rest,0
POLI,Stim48hr,0
POLI,Stim8hr,0
POLK,Rest,0
POLK,Stim48hr,0
POLK,Stim8hr,0
POLL,Rest,0
POLL,Stim48hr,0
POLL,Stim8hr,0
POLM,Rest,0
POLM,Stim48hr,0
POLM,Stim8hr,0
POLQ,Rest,0
POLQ,Stim48hr,0
POLQ,Stim8hr,0
POLR1E,Rest,0
POLR2J2,Rest,0
POLR2J2,Stim48hr,0
POLR2J2,Stim8hr,0
POLR2K,Stim8hr,1
POLR2L,Rest,0
POLR2L,Stim48hr,0
POLR2L,Stim8hr,0
POLR2M,Rest,0
POLR2M,Stim48hr,0
POLR2M,Stim8hr,1
POLR3E,Stim48hr,1
POLR3E,Stim8hr,0
POLR3G,Rest,0
POLR3G,Stim48hr,0
POLR3G,Stim8hr,0
POLR3GL,Rest,0
POLR3GL,Stim48hr,0
POLR3GL,Stim8hr,0
POLR3H,Rest,1
POLR3H,Stim48hr,0
POLR3H,Stim8hr,1
POLRMT,Rest,0
POLRMT,Stim48hr,1
POLRMT,Stim8hr,2
POM121,Rest,0
POM121,Stim48hr,0
POM121,Stim8hr,0
POM121C,Rest,0
POM121C,Stim48hr,0
POM121C,Stim8hr,0
POMC,Rest,0
POMC,Stim48hr,0
POMC,Stim8hr,0
POMGNT1,Rest,0
POMGNT1,Stim48hr,0
POMGNT1,Stim8hr,0
POMGNT2,Rest,0
POMGNT2,Stim48hr,0
POMGNT2,Stim8hr,0
POMK,Rest,0
POMK,Stim48hr,0
POMK,Stim8hr,1
POMT1,Rest,0
POMT1,Stim48hr,0
POMT1,Stim8hr,0
POMT2,Rest,1
POMT2,Stim48hr,0
POMT2,Stim8hr,0
POMZP3,Rest,0
POMZP3,Stim48hr,0
POMZP3,Stim8hr,0
PON2,Rest,0
PON2,Stim48hr,0
PON2,Stim8hr,0
POP4,Rest,0
POP4,Stim8hr,3
POP7,Stim8hr,0
POPDC2,Rest,0
POPDC2,Stim48hr,0
POPDC2,Stim8hr,0
POR,Rest,0
POR,Stim48hr,0
POR,Stim8hr,0
PORCN,Rest,0
PORCN,Stim8hr,0
POU1F1,Rest,0
POU1F1,Stim48hr,0
POU1F1,Stim8hr,0
POU2AF1,Rest,0
POU2AF1,Stim48hr,0
POU2AF1,Stim8hr,0
POU2F2,Rest,0
POU2F2,Stim48hr,0
POU2F2,Stim8hr,0
POU2F3,Rest,0
POU2F3,Stim48hr,0
POU2F3,Stim8hr,0
POU3F1,Rest,0
POU3F1,Stim48hr,0
POU3F1,Stim8hr,0
POU3F2,Rest,0
POU3F2,Stim48hr,0
POU3F2,Stim8hr,0
POU3F3,Rest,0
POU3F3,Stim48hr,0
POU3F3,Stim8hr,0
POU3F4,Rest,0
POU3F4,Stim48hr,0
POU3F4,Stim8hr,0
POU4F1,Rest,0
POU4F1,Stim48hr,0
POU4F1,Stim8hr,0
POU4F2,Rest,0
POU4F2,Stim48hr,0
POU4F2,Stim8hr,0
POU4F3,Rest,0
POU4F3,Stim48hr,0
POU4F3,Stim8hr,0
POU5F1,Rest,0
POU5F1,Stim48hr,0
POU5F1,Stim8hr,0
POU5F1B,Rest,0
POU5F1B,Stim48hr,0
POU5F1B,Stim8hr,0
POU6F1,Rest,0
POU6F1,Stim48hr,0
POU6F1,Stim8hr,0
POU6F2,Rest,0
POU6F2,Stim48hr,0
POU6F2,Stim8hr,0
PP2D1,Rest,0
PP2D1,Stim48hr,0
PP2D1,Stim8hr,0
PPA1,Rest,0
PPA2,Rest,2
PPA2,Stim8hr,1
PPARA,Rest,0
PPARA,Stim48hr,0
PPARA,Stim8hr,0
PPARD,Rest,0
PPARD,Stim48hr,0
PPARD,Stim8hr,0
PPARG,Rest,0
PPARG,Stim48hr,0
PPARG,Stim8hr,0
PPARGC1B,Rest,0
PPARGC1B,Stim48hr,0
PPARGC1B,Stim8hr,0
PPAT,Rest,0
PPAT,Stim48hr,3
PPAT,Stim8hr,0
PPBP,Rest,0
PPBP,Stim48hr,0
PPBP,Stim8hr,0
PPCDC,Rest,0
PPCDC,Stim48hr,1
PPCDC,Stim8hr,1
PPCS,Rest,2
PPCS,Stim48hr,1
PPCS,Stim8hr,4
PPDPF,Rest,4
PPDPF,Stim48hr,0
PPDPF,Stim8hr,0
PPFIA1,Rest,0
PPFIA1,Stim48hr,0
PPFIA1,Stim8hr,0
PPFIA4,Rest,0
PPFIA4,Stim48hr,0
PPFIA4,Stim8hr,0
PPFIBP1,Rest,0
PPFIBP1,Stim48hr,0
PPFIBP1,Stim8hr,0
PPFIBP2,Rest,0
PPFIBP2,Stim48hr,0
PPFIBP2,Stim8hr,0
PPHLN1,Rest,0
PPHLN1,Stim48hr,0
PPHLN1,Stim8hr,0
PPIA,Rest,0
PPIA,Stim48hr,0
PPIA,Stim8hr,0
PPIB,Rest,0
PPIB,Stim48hr,0
PPIB,Stim8hr,0
PPID,Rest,0
PPID,Stim48hr,0
PPID,Stim8hr,0
PPIF,Rest,0
PPIF,Stim48hr,0
PPIF,Stim8hr,1
PPIG,Rest,0
PPIG,Stim48hr,0
PPIG,Stim8hr,0
PPIH,Rest,0
PPIH,Stim48hr,0
PPIH,Stim8hr,1
PPIL1,Rest,0
PPIL1,Stim48hr,0
PPIL1,Stim8hr,1
PPIL3,Rest,0
PPIL3,Stim48hr,0
PPIL3,Stim8hr,0
PPIL4,Rest,0
PPIL4,Stim8hr,0
PPIP5K1,Rest,0
PPIP5K1,Stim48hr,0
PPIP5K1,Stim8hr,0
PPIP5K2,Rest,0
PPIP5K2,Stim48hr,0
PPIP5K2,Stim8hr,0
PPM1A,Rest,0
PPM1A,Stim48hr,0
PPM1A,Stim8hr,0
PPM1B,Rest,0
PPM1B,Stim48hr,0
PPM1B,Stim8hr,0
PPM1D,Rest,1
PPM1D,Stim48hr,0
PPM1D,Stim8hr,0
PPM1F,Rest,0
PPM1F,Stim48hr,0
PPM1F,Stim8hr,0
PPM1G,Rest,0
PPM1G,Stim48hr,0
PPM1G,Stim8hr,0
PPM1K,Rest,0
PPM1K,Stim48hr,0
PPM1K,Stim8hr,0
PPM1L,Rest,0
PPM1L,Stim48hr,0
PPM1L,Stim8hr,0
PPM1M,Rest,0
PPM1M,Stim48hr,0
PPM1M,Stim8hr,0
PPM1N,Rest,0
PPM1N,Stim48hr,0
PPM1N,Stim8hr,0
PPME1,Rest,0
PPME1,Stim48hr,0
PPME1,Stim8hr,0
PPOX,Rest,0
PPOX,Stim48hr,0
PPOX,Stim8hr,0
PPP1CA,Rest,0
PPP1CA,Stim48hr,0
PPP1CA,Stim8hr,0
PPP1CB,Rest,0
PPP1CB,Stim48hr,0
PPP1CB,Stim8hr,0
PPP1CC,Rest,0
PPP1CC,Stim48hr,0
PPP1CC,Stim8hr,0
PPP1R10,Rest,0
PPP1R10,Stim48hr,0
PPP1R10,Stim8hr,1
PPP1R11,Rest,0
PPP1R11,Stim48hr,2
PPP1R11,Stim8hr,7
PPP1R12A,Rest,0
PPP1R12A,Stim48hr,0
PPP1R12A,Stim8hr,0
PPP1R12B,Rest,0
PPP1R12B,Stim48hr,0
PPP1R12B,Stim8hr,0
PPP1R12C,Rest,0
PPP1R12C,Stim48hr,0
PPP1R12C,Stim8hr,0
PPP1R13B,Rest,0
PPP1R13B,Stim48hr,0
PPP1R13B,Stim8hr,0
PPP1R13L,Rest,0
PPP1R13L,Stim48hr,0
PPP1R13L,Stim8hr,1
PPP1R14A,Rest,0
PPP1R14A,Stim48hr,0
PPP1R14A,Stim8hr,0
PPP1R14B,Rest,0
PPP1R14B,Stim48hr,0
PPP1R14B,Stim8hr,0
PPP1R14C,Rest,0
PPP1R14C,Stim48hr,0
PPP1R14C,Stim8hr,0
PPP1R15A,Rest,0
PPP1R15A,Stim48hr,0
PPP1R15A,Stim8hr,0
PPP1R15B,Rest,1
PPP1R15B,Stim48hr,1
PPP1R15B,Stim8hr,3
PPP1R16A,Rest,0
PPP1R16A,Stim48hr,0
PPP1R16A,Stim8hr,0
PPP1R16B,Rest,0
PPP1R16B,Stim48hr,0
PPP1R16B,Stim8hr,0
PPP1R18,Rest,0
PPP1R18,Stim48hr,1
PPP1R18,Stim8hr,0
PPP1R1A,Rest,0
PPP1R1A,Stim48hr,0
PPP1R1A,Stim8hr,1
PPP1R2,Rest,2
PPP1R2,Stim48hr,3
PPP1R2,Stim8hr,4
PPP1R21,Rest,0
PPP1R21,Stim48hr,0
PPP1R21,Stim8hr,0
PPP1R35,Rest,0
PPP1R35,Stim48hr,0
PPP1R35,Stim8hr,0
PPP1R37,Rest,0
PPP1R37,Stim48hr,0
PPP1R37,Stim8hr,0
PPP1R3B,Rest,0
PPP1R3B,Stim48hr,0
PPP1R3B,Stim8hr,0
PPP1R3D,Rest,0
PPP1R3D,Stim48hr,0
PPP1R3D,Stim8hr,0
PPP1R3E,Rest,0
PPP1R3E,Stim48hr,0
PPP1R3E,Stim8hr,0
PPP1R3F,Rest,0
PPP1R3F,Stim48hr,0
PPP1R3F,Stim8hr,0
PPP1R7,Rest,0
PPP1R7,Stim48hr,1
PPP1R7,Stim8hr,0
PPP1R8,Rest,0
PPP1R8,Stim48hr,0
PPP1R8,Stim8hr,0
PPP1R9B,Rest,0
PPP1R9B,Stim48hr,1
PPP1R9B,Stim8hr,0
PPP2CB,Rest,0
PPP2CB,Stim48hr,0
PPP2CB,Stim8hr,0
PPP2R1A,Rest,1
PPP2R1A,Stim48hr,1
PPP2R1A,Stim8hr,1
PPP2R1B,Rest,0
PPP2R1B,Stim48hr,0
PPP2R1B,Stim8hr,0
PPP2R2A,Rest,0
PPP2R2A,Stim48hr,0
PPP2R2A,Stim8hr,0
PPP2R2B,Rest,0
PPP2R2B,Stim48hr,0
PPP2R2B,Stim8hr,0
PPP2R3B,Rest,0
PPP2R3B,Stim48hr,0
PPP2R3B,Stim8hr,0
PPP2R3C,Rest,0
PPP2R3C,Stim48hr,0
PPP2R3C,Stim8hr,0
PPP2R5A,Rest,0
PPP2R5A,Stim48hr,0
PPP2R5A,Stim8hr,0
PPP2R5B,Rest,0
PPP2R5B,Stim48hr,0
PPP2R5B,Stim8hr,0
PPP2R5C,Rest,0
PPP2R5C,Stim48hr,0
PPP2R5C,Stim8hr,0
PPP2R5D,Rest,0
PPP2R5D,Stim48hr,0
PPP2R5D,Stim8hr,0
PPP2R5E,Rest,0
PPP2R5E,Stim48hr,0
PPP2R5E,Stim8hr,0
PPP3CA,Rest,0
PPP3CA,Stim48hr,0
PPP3CA,Stim8hr,0
PPP3CB,Rest,0
PPP3CB,Stim48hr,0
PPP3CB,Stim8hr,0
PPP3CC,Rest,0
PPP3CC,Stim48hr,0
PPP3CC,Stim8hr,0
PPP3R1,Rest,0
PPP3R1,Stim48hr,1
PPP3R1,Stim8hr,1
PPP4C,Rest,1
PPP4C,Stim48hr,0
PPP4C,Stim8hr,1
PPP4R1,Rest,0
PPP4R1,Stim48hr,0
PPP4R1,Stim8hr,0
PPP4R2,Rest,0
PPP4R2,Stim48hr,0
PPP4R2,Stim8hr,0
PPP4R3A,Rest,0
PPP4R3A,Stim48hr,0
PPP4R3A,Stim8hr,0
PPP4R3B,Rest,0
PPP4R3B,Stim48hr,0
PPP4R3B,Stim8hr,0
PPP4R4,Rest,0
PPP4R4,Stim48hr,0
PPP4R4,Stim8hr,0
PPP5C,Rest,0
PPP5C,Stim48hr,0
PPP5C,Stim8hr,0
PPP6C,Rest,1
PPP6C,Stim48hr,5
PPP6C,Stim8hr,2
PPP6R1,Rest,0
PPP6R1,Stim48hr,0
PPP6R1,Stim8hr,0
PPP6R2,Rest,0
PPP6R2,Stim48hr,0
PPP6R2,Stim8hr,0
PPP6R3,Rest,0
PPP6R3,Stim48hr,0
PPP6R3,Stim8hr,0
PPRC1,Rest,0
PPRC1,Stim48hr,0
PPRC1,Stim8hr,1
PPT1,Rest,0
PPT1,Stim48hr,0
PPT1,Stim8hr,0
PPT2,Rest,0
PPT2,Stim48hr,0
PPT2,Stim8hr,0
PPTC7,Rest,0
PPTC7,Stim48hr,0
PPTC7,Stim8hr,0
PQBP1,Rest,0
PQBP1,Stim48hr,0
PQBP1,Stim8hr,0
PRADC1,Rest,1
PRAF2,Rest,0
PRAF2,Stim48hr,0
PRAF2,Stim8hr,0
PRAG1,Rest,0
PRAG1,Stim48hr,0
PRAG1,Stim8hr,0
PRAM1,Rest,4
PRAM1,Stim48hr,0
PRAM1,Stim8hr,1
PRAP1,Rest,0
PRAP1,Stim48hr,0
PRAP1,Stim8hr,0
PRB1,Rest,0
PRB1,Stim48hr,0
PRB1,Stim8hr,0
PRB2,Rest,0
PRB2,Stim48hr,0
PRB2,Stim8hr,0
PRB3,Rest,0
PRB3,Stim48hr,0
PRB3,Stim8hr,0
PRB4,Rest,0
PRB4,Stim48hr,0
PRB4,Stim8hr,0
PRCC,Rest,0
PRCC,Stim48hr,0
PRCC,Stim8hr,0
PRCP,Rest,0
PRCP,Stim48hr,0
PRCP,Stim8hr,0
PRDM11,Rest,0
PRDM11,Stim48hr,0
PRDM11,Stim8hr,0
PRDM12,Rest,0
PRDM12,Stim48hr,0
PRDM12,Stim8hr,0
PRDM13,Rest,0
PRDM13,Stim48hr,0
PRDM13,Stim8hr,0
PRDM14,Rest,0
PRDM14,Stim48hr,0
PRDM14,Stim8hr,0
PRDM15,Rest,0
PRDM15,Stim48hr,0
PRDM15,Stim8hr,0
PRDM16,Rest,0
PRDM16,Stim8hr,0
PRDM4,Rest,0
PRDM4,Stim48hr,0
PRDM4,Stim8hr,0
PRDM5,Rest,0
PRDM5,Stim48hr,0
PRDM5,Stim8hr,0
PRDM6,Rest,0
PRDM6,Stim48hr,0
PRDM6,Stim8hr,0
PRDM9,Rest,0
PRDM9,Stim48hr,0
PRDM9,Stim8hr,0
PRDX1,Rest,0
PRDX1,Stim48hr,0
PRDX1,Stim8hr,0
PRDX2,Rest,0
PRDX2,Stim48hr,0
PRDX2,Stim8hr,0
PRDX3,Rest,0
PRDX3,Stim48hr,0
PRDX3,Stim8hr,0
PRDX4,Rest,0
PRDX4,Stim48hr,0
PRDX4,Stim8hr,0
PRDX5,Rest,0
PRDX5,Stim48hr,0
PRDX5,Stim8hr,0
PRDX6,Rest,0
PRDX6,Stim48hr,0
PRDX6,Stim8hr,0
PRELID1,Rest,1
PRELID1,Stim48hr,0
PRELID1,Stim8hr,0
PRELID2,Rest,0
PRELID2,Stim48hr,0
PRELID2,Stim8hr,0
PREP,Rest,2
PREP,Stim48hr,0
PREP,Stim8hr,0
PREPL,Rest,0
PREPL,Stim48hr,0
PREPL,Stim8hr,0
PREX1,Rest,0
PREX1,Stim48hr,0
PREX1,Stim8hr,0
PRF1,Rest,0
PRF1,Stim48hr,0
PRF1,Stim8hr,1
PRG4,Rest,0
PRG4,Stim48hr,0
PRG4,Stim8hr,0
PRH1,Rest,0
PRH1,Stim48hr,0
PRH1,Stim8hr,0
PRH2,Rest,0
PRH2,Stim48hr,0
PRH2,Stim8hr,0
PRICKLE3,Rest,0
PRICKLE3,Stim48hr,0
PRICKLE3,Stim8hr,0
PRIMPOL,Rest,0
PRIMPOL,Stim48hr,1
PRIMPOL,Stim8hr,0
PRKAA1,Rest,0
PRKAA1,Stim48hr,0
PRKAA1,Stim8hr,0
PRKAB1,Rest,0
PRKAB1,Stim48hr,1
PRKAB1,Stim8hr,0
PRKAB2,Rest,0
PRKAB2,Stim48hr,0
PRKAB2,Stim8hr,0
PRKACA,Rest,0
PRKACA,Stim48hr,0
PRKACA,Stim8hr,0
PRKACB,Rest,0
PRKACB,Stim48hr,0
PRKACB,Stim8hr,0
PRKAG1,Rest,0
PRKAG1,Stim48hr,0
PRKAG1,Stim8hr,0
PRKAG2,Rest,0
PRKAG2,Stim48hr,0
PRKAG2,Stim8hr,0
PRKAR1A,Rest,5
PRKAR1A,Stim48hr,5
PRKAR1A,Stim8hr,6
PRKAR1B,Rest,0
PRKAR1B,Stim48hr,0
PRKAR1B,Stim8hr,0
PRKAR2A,Rest,0
PRKAR2A,Stim48hr,0
PRKAR2A,Stim8hr,0
PRKAR2B,Rest,0
PRKAR2B,Stim48hr,0
PRKAR2B,Stim8hr,0
PRKCA,Rest,0
PRKCA,Stim48hr,0
PRKCA,Stim8hr,0
PRKCB,Rest,0
PRKCB,Stim48hr,0
PRKCB,Stim8hr,0
PRKCD,Rest,0
PRKCD,Stim48hr,0
PRKCD,Stim8hr,0
PRKCE,Rest,0
PRKCE,Stim48hr,0
PRKCE,Stim8hr,0
PRKCH,Rest,0
PRKCH,Stim48hr,0
PRKCH,Stim8hr,0
PRKCI,Rest,0
PRKCI,Stim48hr,0
PRKCI,Stim8hr,0
PRKCQ,Rest,0
PRKCQ,Stim48hr,0
PRKCQ,Stim8hr,0
PRKCSH,Rest,0
PRKCSH,Stim48hr,0
PRKCSH,Stim8hr,3
PRKCZ,Rest,0
PRKCZ,Stim48hr,0
PRKCZ,Stim8hr,0
PRKD2,Rest,0
PRKD2,Stim48hr,0
PRKD2,Stim8hr,0
PRKD3,Rest,0
PRKD3,Stim48hr,0
PRKD3,Stim8hr,0
PRKDC,Rest,0
PRKDC,Stim48hr,1
PRKDC,Stim8hr,0
PRKG2,Rest,0
PRKG2,Stim48hr,0
PRKG2,Stim8hr,0
PRKN,Rest,0
PRKN,Stim48hr,0
PRKN,Stim8hr,0
PRKRA,Rest,0
PRKRA,Stim48hr,0
PRKRA,Stim8hr,0
PRKRIP1,Rest,0
PRKRIP1,Stim48hr,0
PRKRIP1,Stim8hr,0
PRKX,Rest,0
PRKX,Stim48hr,0
PRKX,Stim8hr,0
PRMT2,Rest,0
PRMT2,Stim48hr,0
PRMT2,Stim8hr,0
PRMT2IP,Rest,0
PRMT2IP,Stim48hr,0
PRMT2IP,Stim8hr,0
PRMT3,Rest,0
PRMT3,Stim48hr,0
PRMT3,Stim8hr,0
PRMT5,Stim48hr,0
PRMT6,Rest,0
PRMT6,Stim48hr,0
PRMT6,Stim8hr,0
PRMT7,Rest,0
PRMT9,Rest,0
PRMT9,Stim48hr,0
PRMT9,Stim8hr,0
PRNP,Rest,0
PRNP,Stim48hr,0
PRNP,Stim8hr,0
PROCA1,Rest,0
PROCA1,Stim48hr,0
PROCA1,Stim8hr,0
PROCR,Rest,0
PROCR,Stim48hr,0
PROCR,Stim8hr,0
PROK2,Rest,0
PROK2,Stim48hr,0
PROK2,Stim8hr,3
PROP1,Rest,0
PROP1,Stim48hr,0
PROP1,Stim8hr,0
PRORP,Rest,0
PRORP,Stim48hr,0
PRORP,Stim8hr,0
PROSER1,Rest,0
PROSER1,Stim48hr,0
PROSER1,Stim8hr,0
PROSER3,Rest,0
PROSER3,Stim48hr,0
PROSER3,Stim8hr,0
PROX1,Rest,0
PROX1,Stim48hr,0
PROX1,Stim8hr,0
PROX2,Rest,0
PROX2,Stim48hr,0
PROX2,Stim8hr,0
PROZ,Rest,0
PROZ,Stim48hr,0
PROZ,Stim8hr,1
PRPF38B,Rest,0
PRPF38B,Stim48hr,1
PRPF38B,Stim8hr,0
PRPF39,Rest,0
PRPF39,Stim48hr,0
PRPF39,Stim8hr,4
PRPF40A,Stim48hr,0
PRPF40A,Stim8hr,0
PRPF40B,Rest,0
PRPF40B,Stim48hr,0
PRPF40B,Stim8hr,0
PRPS1,Rest,0
PRPS1,Stim48hr,0
PRPS1,Stim8hr,0
PRPS2,Rest,0
PRPS2,Stim48hr,0
PRPSAP1,Rest,0
PRPSAP1,Stim48hr,0
PRPSAP1,Stim8hr,0
PRPSAP2,Rest,0
PRPSAP2,Stim48hr,0
PRPSAP2,Stim8hr,0
PRR11,Rest,0
PRR11,Stim48hr,0
PRR11,Stim8hr,0
PRR12,Rest,0
PRR12,Stim48hr,0
PRR12,Stim8hr,0
PRR13,Rest,0
PRR13,Stim48hr,0
PRR13,Stim8hr,0
PRR14,Rest,0
PRR14,Stim48hr,0
PRR14,Stim8hr,0
PRR14L,Rest,0
PRR14L,Stim48hr,0
PRR14L,Stim8hr,0
PRR15L,Rest,0
PRR15L,Stim48hr,0
PRR15L,Stim8hr,0
PRR22,Rest,0
PRR22,Stim48hr,0
PRR22,Stim8hr,0
PRR27,Rest,0
PRR27,Stim48hr,0
PRR27,Stim8hr,0
PRR29,Rest,0
PRR29,Stim48hr,0
PRR29,Stim8hr,0
PRR3,Rest,0
PRR3,Stim48hr,0
PRR3,Stim8hr,0
PRR34,Rest,0
PRR34,Stim48hr,0
PRR34,Stim8hr,0
PRR4,Rest,0
PRR4,Stim48hr,0
PRR4,Stim8hr,0
PRR5,Rest,0
PRR5,Stim48hr,0
PRR5,Stim8hr,0
PRR5L,Rest,0
PRR5L,Stim48hr,0
PRR5L,Stim8hr,0
PRR7,Rest,0
PRR7,Stim48hr,0
PRR7,Stim8hr,0
PRRC1,Rest,0
PRRC1,Stim48hr,0
PRRC1,Stim8hr,0
PRRC2A,Rest,0
PRRC2A,Stim48hr,1
PRRC2A,Stim8hr,0
PRRC2C,Rest,0
PRRC2C,Stim48hr,0
PRRC2C,Stim8hr,1
PRRT1,Rest,0
PRRT1,Stim48hr,0
PRRT1,Stim8hr,0
PRRT2,Rest,0
PRRT2,Stim48hr,0
PRRT2,Stim8hr,0
PRRT3,Rest,0
PRRT3,Stim48hr,0
PRRT3,Stim8hr,0
PRRX1,Rest,2
PRRX1,Stim48hr,0
PRRX1,Stim8hr,0
PRRX2,Rest,0
PRRX2,Stim48hr,0
PRRX2,Stim8hr,0
PRSS21,Rest,0
PRSS21,Stim48hr,0
PRSS21,Stim8hr,0
PRSS23,Rest,0
PRSS23,Stim48hr,0
PRSS23,Stim8hr,0
PRSS3,Rest,0
PRSS3,Stim48hr,0
PRSS3,Stim8hr,0
PRSS53,Rest,0
PRSS53,Stim48hr,0
PRSS53,Stim8hr,0
PRTFDC1,Rest,0
PRTFDC1,Stim48hr,0
PRTFDC1,Stim8hr,0
PRTN3,Rest,0
PRTN3,Stim48hr,0
PRTN3,Stim8hr,0
PRUNE1,Rest,0
PRUNE1,Stim48hr,0
PRUNE1,Stim8hr,0
PRX,Rest,0
PRX,Stim48hr,0
PRX,Stim8hr,0
PRXL2A,Rest,0
PRXL2A,Stim48hr,0
PRXL2A,Stim8hr,0
PRXL2B,Rest,1
PRXL2B,Stim48hr,0
PRXL2B,Stim8hr,0
PRXL2C,Rest,0
PRXL2C,Stim48hr,0
PRXL2C,Stim8hr,0
PSAP,Rest,0
PSAP,Stim48hr,0
PSAP,Stim8hr,0
PSAT1,Rest,0
PSAT1,Stim48hr,0
PSAT1,Stim8hr,0
PSD,Rest,0
PSD,Stim48hr,0
PSD,Stim8hr,0
PSD4,Rest,0
PSD4,Stim48hr,0
PSD4,Stim8hr,1
PSEN1,Rest,0
PSEN1,Stim48hr,0
PSEN1,Stim8hr,0
PSEN2,Rest,0
PSEN2,Stim48hr,0
PSEN2,Stim8hr,0
PSENEN,Rest,0
PSENEN,Stim48hr,0
PSENEN,Stim8hr,0
PSIP1,Rest,0
PSIP1,Stim48hr,0
PSIP1,Stim8hr,0
PSKH1,Rest,0
PSKH1,Stim48hr,0
PSKH1,Stim8hr,0
PSMA8,Rest,0
PSMA8,Stim48hr,0
PSMA8,Stim8hr,0
PSMB10,Rest,0
PSMB10,Stim48hr,0
PSMB10,Stim8hr,0
PSMB5,Rest,0
PSMB5,Stim48hr,0
PSMB5,Stim8hr,0
PSMB6,Rest,0
PSMB6,Stim8hr,0
PSMB7,Rest,0
PSMB7,Stim48hr,1
PSMB7,Stim8hr,0
PSMB8,Rest,0
PSMB8,Stim48hr,0
PSMB8,Stim8hr,0
PSMB9,Rest,4
PSMB9,Stim48hr,0
PSMB9,Stim8hr,0
PSMC1,Stim48hr,0
PSMC3IP,Rest,0
PSMC3IP,Stim48hr,0
PSMC3IP,Stim8hr,0
PSMC5,Rest,0
PSMC5,Stim48hr,1
PSMC5,Stim8hr,0
PSMD10,Rest,0
PSMD10,Stim48hr,0
PSMD10,Stim8hr,0
PSMD4,Stim48hr,1
PSMD4,Stim8hr,0
PSMD5,Rest,0
PSMD5,Stim48hr,0
PSMD5,Stim8hr,0
PSMD9,Rest,0
PSMD9,Stim48hr,0
PSMD9,Stim8hr,0
PSME1,Rest,0
PSME1,Stim48hr,0
PSME1,Stim8hr,0
PSME2,Rest,0
PSME2,Stim48hr,0
PSME2,Stim8hr,0
PSME3,Stim48hr,0
PSME3,Stim8hr,0
PSME3IP1,Rest,0
PSME3IP1,Stim48hr,0
PSME3IP1,Stim8hr,0
PSME4,Rest,0
PSME4,Stim48hr,0
PSME4,Stim8hr,0
PSMF1,Rest,0
PSMF1,Stim48hr,0
PSMF1,Stim8hr,0
PSMG2,Rest,0
PSMG2,Stim48hr,0
PSMG2,Stim8hr,0
PSPC1,Rest,0
PSPC1,Stim48hr,0
PSPC1,Stim8hr,0
PSRC1,Rest,0
PSRC1,Stim48hr,0
PSRC1,Stim8hr,0
PSTPIP1,Rest,0
PSTPIP1,Stim48hr,0
PSTPIP1,Stim8hr,0
PSTPIP2,Rest,0
PSTPIP2,Stim48hr,0
PSTPIP2,Stim8hr,0
PTAFR,Rest,0
PTAFR,Stim48hr,0
PTAFR,Stim8hr,0
PTAR1,Rest,0
PTAR1,Stim48hr,0
PTAR1,Stim8hr,0
PTBP1,Rest,0
PTBP1,Stim48hr,0
PTBP1,Stim8hr,2
PTBP2,Rest,0
PTBP2,Stim48hr,0
PTBP2,Stim8hr,0
PTBP3,Rest,0
PTBP3,Stim48hr,0
PTBP3,Stim8hr,0
PTCD2,Rest,0
PTCD2,Stim48hr,0
PTCD2,Stim8hr,0
PTCH1,Rest,0
PTCH1,Stim48hr,0
PTCH1,Stim8hr,0
PTCRA,Rest,0
PTCRA,Stim48hr,0
PTCRA,Stim8hr,0
PTDSS1,Rest,0
PTDSS1,Stim48hr,0
PTDSS1,Stim8hr,0
PTDSS2,Rest,0
PTDSS2,Stim48hr,0
PTDSS2,Stim8hr,0
PTEN,Rest,8
PTEN,Stim48hr,0
PTEN,Stim8hr,6
PTER,Rest,0
PTER,Stim48hr,0
PTER,Stim8hr,0
PTF1A,Rest,0
PTF1A,Stim48hr,0
PTF1A,Stim8hr,0
PTGDR,Rest,0
PTGDR,Stim48hr,0
PTGDR,Stim8hr,0
PTGDR2,Rest,0
PTGDR2,Stim48hr,0
PTGDR2,Stim8hr,0
PTGDS,Rest,0
PTGDS,Stim48hr,0
PTGDS,Stim8hr,1
PTGER2,Rest,0
PTGER2,Stim48hr,0
PTGER2,Stim8hr,0
PTGER3,Rest,0
PTGER3,Stim48hr,0
PTGER3,Stim8hr,0
PTGER4,Rest,0
PTGER4,Stim48hr,0
PTGER4,Stim8hr,0
PTGES2,Rest,1
PTGES2,Stim48hr,0
PTGES2,Stim8hr,0
PTGES3,Rest,0
PTGES3,Stim48hr,0
PTGES3,Stim8hr,0
PTGFRN,Rest,0
PTGFRN,Stim48hr,0
PTGFRN,Stim8hr,0
PTGIR,Rest,0
PTGIR,Stim48hr,0
PTGIR,Stim8hr,0
PTGIS,Rest,0
PTGIS,Stim48hr,0
PTGIS,Stim8hr,0
PTGR1,Rest,0
PTGR1,Stim48hr,0
PTGR1,Stim8hr,0
PTGR2,Rest,0
PTGR2,Stim48hr,0
PTGR2,Stim8hr,1
PTGR3,Rest,0
PTGR3,Stim48hr,0
PTGR3,Stim8hr,0
PTGS1,Rest,0
PTGS1,Stim48hr,0
PTGS1,Stim8hr,0
PTGS2,Rest,0
PTGS2,Stim48hr,0
PTGS2,Stim8hr,0
PTK2,Rest,0
PTK2,Stim48hr,0
PTK2,Stim8hr,0
PTK2B,Rest,0
PTK2B,Stim48hr,0
PTK2B,Stim8hr,0
PTK6,Rest,0
PTK6,Stim48hr,2
PTK6,Stim8hr,0
PTMA,Rest,3
PTMA,Stim48hr,2
PTMA,Stim8hr,3
PTMS,Rest,0
PTMS,Stim48hr,0
PTMS,Stim8hr,0
PTOV1,Rest,0
PTOV1,Stim48hr,0
PTOV1,Stim8hr,0
PTP4A1,Rest,0
PTP4A1,Stim48hr,0
PTP4A1,Stim8hr,0
PTP4A2,Rest,0
PTP4A2,Stim48hr,0
PTP4A2,Stim8hr,0
PTP4A3,Rest,0
PTP4A3,Stim48hr,0
PTP4A3,Stim8hr,0
PTPA,Rest,1
PTPA,Stim48hr,2
PTPA,Stim8hr,0
PTPDC1,Rest,0
PTPDC1,Stim48hr,1
PTPDC1,Stim8hr,0
PTPMT1,Rest,0
PTPMT1,Stim48hr,0
PTPMT1,Stim8hr,0
PTPN1,Rest,2
PTPN1,Stim48hr,1
PTPN1,Stim8hr,0
PTPN11,Rest,1
PTPN11,Stim48hr,1
PTPN11,Stim8hr,0
PTPN12,Rest,0
PTPN12,Stim48hr,0
PTPN12,Stim8hr,0
PTPN13,Rest,0
PTPN13,Stim48hr,0
PTPN13,Stim8hr,0
PTPN14,Rest,0
PTPN14,Stim48hr,0
PTPN14,Stim8hr,0
PTPN18,Rest,0
PTPN18,Stim48hr,0
PTPN18,Stim8hr,0
PTPN2,Rest,6
PTPN2,Stim48hr,0
PTPN2,Stim8hr,2
PTPN22,Rest,0
PTPN22,Stim48hr,0
PTPN22,Stim8hr,0
PTPN4,Rest,0
PTPN4,Stim48hr,0
PTPN4,Stim8hr,0
PTPN6,Rest,0
PTPN6,Stim48hr,0
PTPN6,Stim8hr,0
PTPN7,Rest,2
PTPN7,Stim48hr,0
PTPN7,Stim8hr,0
PTPN9,Rest,0
PTPN9,Stim48hr,0
PTPN9,Stim8hr,0
PTPRA,Rest,0
PTPRA,Stim48hr,0
PTPRA,Stim8hr,0
PTPRC,Rest,0
PTPRC,Stim48hr,8
PTPRC,Stim8hr,7
PTPRCAP,Rest,0
PTPRCAP,Stim48hr,0
PTPRCAP,Stim8hr,0
PTPRE,Rest,0
PTPRE,Stim48hr,0
PTPRE,Stim8hr,0
PTPRF,Rest,2
PTPRF,Stim48hr,0
PTPRF,Stim8hr,0
PTPRJ,Stim48hr,0
PTPRK,Rest,0
PTPRK,Stim48hr,0
PTPRK,Stim8hr,0
PTPRM,Rest,0
PTPRM,Stim48hr,0
PTPRM,Stim8hr,0
PTPRN2,Rest,0
PTPRN2,Stim48hr,0
PTPRN2,Stim8hr,0
PTRH1,Rest,0
PTRH1,Stim48hr,0
PTRH1,Stim8hr,0
PTRH2,Rest,1
PTRH2,Stim48hr,0
PTRH2,Stim8hr,2
PTRHD1,Rest,0
PTRHD1,Stim48hr,0
PTRHD1,Stim8hr,0
PTS,Rest,0
PTS,Stim48hr,0
PTS,Stim8hr,0
PTTG1IP,Rest,0
PTTG1IP,Stim48hr,0
PTTG1IP,Stim8hr,0
PUDP,Rest,0
PUDP,Stim48hr,0
PUDP,Stim8hr,0
PUF60,Rest,0
PUF60,Stim48hr,0
PUF60,Stim8hr,0
PUM1,Rest,0
PUM1,Stim48hr,0
PUM1,Stim8hr,0
PUM2,Rest,0
PUM2,Stim48hr,0
PUM2,Stim8hr,0
PUM3,Stim48hr,0
PURA,Rest,0
PURA,Stim48hr,0
PURA,Stim8hr,0
PURB,Rest,0
PURB,Stim48hr,0
PURB,Stim8hr,0
PURG,Rest,0
PURG,Stim48hr,0
PURG,Stim8hr,0
PUS1,Rest,0
PUS1,Stim48hr,0
PUS1,Stim8hr,0
PUS10,Rest,0
PUS10,Stim48hr,0
PUS10,Stim8hr,0
PUS3,Rest,1
PUS3,Stim48hr,0
PUS3,Stim8hr,1
PUS7,Rest,0
PUS7,Stim48hr,0
PUS7,Stim8hr,0
PUS7L,Rest,0
PUS7L,Stim48hr,0
PUS7L,Stim8hr,0
PUSL1,Rest,0
PUSL1,Stim48hr,0
PUSL1,Stim8hr,0
PVR,Rest,0
PVR,Stim48hr,0
PVR,Stim8hr,0
PVRIG,Rest,0
PVRIG,Stim48hr,0
PVRIG,Stim8hr,0
PWP1,Rest,0
PWP1,Stim8hr,1
PWP2,Rest,0
PWP2,Stim48hr,0
PWP2,Stim8hr,0
PWWP2A,Rest,0
PWWP2A,Stim48hr,0
PWWP2A,Stim8hr,0
PWWP2B,Rest,0
PWWP2B,Stim48hr,0
PWWP2B,Stim8hr,0
PXK,Rest,0
PXK,Stim48hr,0
PXK,Stim8hr,0
PXMP4,Rest,0
PXMP4,Stim48hr,0
PXMP4,Stim8hr,1
PXN,Rest,0
PXN,Stim48hr,0
PXN,Stim8hr,0
PXYLP1,Rest,0
PXYLP1,Stim48hr,0
PXYLP1,Stim8hr,0
PYCARD,Rest,0
PYCARD,Stim48hr,0
PYCARD,Stim8hr,0
PYCR1,Rest,0
PYCR1,Stim48hr,0
PYCR1,Stim8hr,0
PYCR2,Rest,0
PYCR2,Stim48hr,0
PYCR2,Stim8hr,0
PYCR3,Rest,0
PYCR3,Stim48hr,0
PYCR3,Stim8hr,0
PYGB,Rest,0
PYGB,Stim48hr,0
PYGB,Stim8hr,0
PYGL,Rest,0
PYGL,Stim48hr,0
PYGL,Stim8hr,0
PYGM,Rest,0
PYGM,Stim48hr,1
PYGM,Stim8hr,0
PYGO2,Rest,0
PYGO2,Stim48hr,0
PYGO2,Stim8hr,0
PYHIN1,Rest,0
PYHIN1,Stim48hr,0
PYHIN1,Stim8hr,0
PYM1,Rest,0
PYM1,Stim48hr,0
PYM1,Stim8hr,0
PYROXD1,Rest,0
PYROXD1,Stim48hr,0
PYROXD1,Stim8hr,0
PYROXD2,Rest,0
PYROXD2,Stim48hr,0
PYROXD2,Stim8hr,0
PYURF,Rest,0
PYURF,Stim48hr,0
PYURF,Stim8hr,0
PZP,Rest,0
PZP,Stim48hr,0
PZP,Stim8hr,0
QDPR,Rest,0
QDPR,Stim48hr,0
QDPR,Stim8hr,0
QKI,Rest,0
QKI,Stim48hr,0
QKI,Stim8hr,0
QNG1,Rest,0
QNG1,Stim48hr,0
QNG1,Stim8hr,1
QPCT,Rest,0
QPCT,Stim48hr,0
QPCT,Stim8hr,0
QPCTL,Rest,0
QPCTL,Stim48hr,0
QPCTL,Stim8hr,0
QPRT,Rest,0
QPRT,Stim48hr,0
QPRT,Stim8hr,0
QRICH1,Rest,0
QRICH1,Stim48hr,0
QRICH1,Stim8hr,0
QRICH2,Rest,0
QRICH2,Stim48hr,0
QRICH2,Stim8hr,0
QRSL1,Rest,0
QRSL1,Stim48hr,0
QRSL1,Stim8hr,0
QSER1,Rest,0
QSER1,Stim48hr,0
QSER1,Stim8hr,0
QSOX1,Rest,0
QSOX1,Stim48hr,0
QSOX1,Stim8hr,0
QSOX2,Rest,0
QSOX2,Stim48hr,0
QSOX2,Stim8hr,0
QTGAL,Rest,0
QTGAL,Stim48hr,0
QTGAL,Stim8hr,0
QTMAN,Rest,0
QTMAN,Stim48hr,0
QTMAN,Stim8hr,0
QTRT1,Rest,0
QTRT1,Stim48hr,0
QTRT1,Stim8hr,0
QTRT2,Rest,0
QTRT2,Stim48hr,0
QTRT2,Stim8hr,0
R3HCC1,Rest,0
R3HCC1,Stim48hr,0
R3HCC1,Stim8hr,0
R3HCC1L,Rest,0
R3HCC1L,Stim48hr,0
R3HCC1L,Stim8hr,0
R3HDM1,Rest,0
R3HDM1,Stim48hr,0
R3HDM1,Stim8hr,0
R3HDM2,Rest,0
R3HDM2,Stim48hr,0
R3HDM2,Stim8hr,0
R3HDM4,Rest,0
R3HDM4,Stim48hr,0
R3HDM4,Stim8hr,0
RAB10,Rest,0
RAB10,Stim48hr,0
RAB10,Stim8hr,0
RAB11A,Rest,0
RAB11A,Stim48hr,0
RAB11A,Stim8hr,0
RAB11B,Rest,0
RAB11B,Stim48hr,0
RAB11B,Stim8hr,0
RAB11FIP1,Rest,1
RAB11FIP1,Stim48hr,0
RAB11FIP1,Stim8hr,0
RAB11FIP2,Rest,0
RAB11FIP2,Stim48hr,0
RAB11FIP2,Stim8hr,0
RAB11FIP3,Rest,0
RAB11FIP3,Stim48hr,0
RAB11FIP3,Stim8hr,0
RAB11FIP4,Rest,0
RAB11FIP4,Stim48hr,0
RAB11FIP4,Stim8hr,0
RAB11FIP5,Rest,0
RAB11FIP5,Stim48hr,0
RAB11FIP5,Stim8hr,0
RAB12,Rest,0
RAB12,Stim48hr,0
RAB12,Stim8hr,0
RAB13,Rest,0
RAB13,Stim48hr,0
RAB13,Stim8hr,0
RAB14,Rest,0
RAB14,Stim48hr,0
RAB14,Stim8hr,0
RAB15,Rest,0
RAB15,Stim48hr,0
RAB15,Stim8hr,0
RAB18,Rest,0
RAB18,Stim48hr,0
RAB18,Stim8hr,0
RAB19,Rest,0
RAB19,Stim48hr,0
RAB19,Stim8hr,2
RAB1A,Rest,0
RAB1A,Stim48hr,0
RAB1A,Stim8hr,0
RAB1B,Rest,0
RAB1B,Stim48hr,0
RAB1B,Stim8hr,0
RAB20,Rest,0
RAB20,Stim48hr,0
RAB20,Stim8hr,0
RAB21,Rest,0
RAB21,Stim48hr,0
RAB21,Stim8hr,0
RAB22A,Rest,0
RAB22A,Stim48hr,0
RAB22A,Stim8hr,0
RAB23,Rest,0
RAB23,Stim48hr,0
RAB23,Stim8hr,0
RAB24,Rest,0
RAB24,Stim48hr,0
RAB24,Stim8hr,0
RAB27A,Rest,0
RAB27A,Stim48hr,0
RAB27A,Stim8hr,0
RAB27B,Rest,0
RAB27B,Stim48hr,0
RAB27B,Stim8hr,0
RAB28,Rest,0
RAB28,Stim48hr,0
RAB28,Stim8hr,0
RAB29,Rest,0
RAB29,Stim48hr,0
RAB29,Stim8hr,0
RAB2A,Rest,0
RAB2A,Stim48hr,0
RAB2A,Stim8hr,0
RAB2B,Rest,0
RAB2B,Stim48hr,0
RAB2B,Stim8hr,0
RAB30,Rest,0
RAB30,Stim48hr,0
RAB30,Stim8hr,0
RAB31,Rest,0
RAB31,Stim48hr,0
RAB31,Stim8hr,0
RAB32,Rest,0
RAB32,Stim48hr,0
RAB32,Stim8hr,0
RAB33A,Rest,2
RAB33A,Stim48hr,0
RAB33A,Stim8hr,0
RAB33B,Rest,0
RAB33B,Stim48hr,0
RAB33B,Stim8hr,0
RAB34,Rest,0
RAB34,Stim48hr,0
RAB34,Stim8hr,0
RAB35,Rest,0
RAB35,Stim48hr,0
RAB35,Stim8hr,0
RAB36,Rest,1
RAB36,Stim48hr,0
RAB36,Stim8hr,0
RAB37,Rest,0
RAB37,Stim48hr,0
RAB37,Stim8hr,0
RAB39B,Rest,1
RAB39B,Stim48hr,0
RAB39B,Stim8hr,0
RAB3A,Rest,0
RAB3A,Stim48hr,0
RAB3A,Stim8hr,0
RAB3B,Rest,0
RAB3B,Stim48hr,0
RAB3B,Stim8hr,0
RAB3D,Rest,0
RAB3D,Stim48hr,0
RAB3D,Stim8hr,0
RAB3GAP1,Rest,0
RAB3GAP1,Stim48hr,0
RAB3GAP1,Stim8hr,0
RAB3GAP2,Rest,0
RAB3GAP2,Stim48hr,0
RAB3GAP2,Stim8hr,0
RAB3IP,Rest,0
RAB3IP,Stim8hr,0
RAB40B,Rest,0
RAB40B,Stim48hr,0
RAB40B,Stim8hr,0
RAB40C,Rest,0
RAB40C,Stim48hr,0
RAB40C,Stim8hr,0
RAB41,Rest,0
RAB41,Stim48hr,0
RAB41,Stim8hr,0
RAB43,Rest,0
RAB43,Stim48hr,0
RAB43,Stim8hr,0
RAB4A,Rest,0
RAB4A,Stim48hr,0
RAB4A,Stim8hr,0
RAB5A,Rest,0
RAB5A,Stim48hr,0
RAB5A,Stim8hr,0
RAB5B,Rest,0
RAB5B,Stim48hr,0
RAB5B,Stim8hr,0
RAB5C,Rest,0
RAB5C,Stim48hr,0
RAB5C,Stim8hr,0
RAB5IF,Rest,0
RAB5IF,Stim48hr,0
RAB5IF,Stim8hr,0
RAB6B,Rest,0
RAB6B,Stim48hr,0
RAB6B,Stim8hr,0
RAB7A,Rest,0
RAB7A,Stim48hr,0
RAB7A,Stim8hr,0
RAB8A,Rest,0
RAB8A,Stim48hr,0
RAB8A,Stim8hr,0
RAB8B,Rest,0
RAB8B,Stim48hr,0
RAB8B,Stim8hr,0
RAB9A,Rest,0
RAB9A,Stim48hr,0
RAB9A,Stim8hr,0
RAB9B,Rest,0
RAB9B,Stim48hr,0
RAB9B,Stim8hr,0
RABAC1,Rest,0
RABAC1,Stim48hr,0
RABAC1,Stim8hr,0
RABEP1,Rest,0
RABEP1,Stim48hr,1
RABEP1,Stim8hr,0
RABEP2,Rest,0
RABEP2,Stim48hr,0
RABEP2,Stim8hr,0
RABEPK,Rest,0
RABEPK,Stim48hr,0
RABEPK,Stim8hr,0
RABGAP1,Rest,0
RABGAP1,Stim48hr,0
RABGAP1,Stim8hr,0
RABGAP1L,Rest,0
RABGAP1L,Stim48hr,0
RABGAP1L,Stim8hr,0
RABGEF1,Rest,0
RABGEF1,Stim48hr,0
RABGEF1,Stim8hr,0
RABGGTB,Rest,0
RABGGTB,Stim48hr,0
RABGGTB,Stim8hr,0
RABIF,Rest,1
RABIF,Stim48hr,0
RABIF,Stim8hr,0
RABL2A,Rest,0
RABL2A,Stim48hr,0
RABL2A,Stim8hr,0
RABL2B,Rest,0
RABL2B,Stim48hr,0
RABL2B,Stim8hr,0
RABL3,Rest,0
RABL3,Stim48hr,0
RABL3,Stim8hr,0
RABL6,Rest,0
RABL6,Stim48hr,0
RABL6,Stim8hr,0
RAC1,Rest,0
RAC1,Stim48hr,0
RAC1,Stim8hr,0
RAC2,Rest,0
RAC2,Stim48hr,1
RAC2,Stim8hr,1
RAC3,Rest,0
RAC3,Stim48hr,0
RAC3,Stim8hr,0
RAD1,Rest,0
RAD1,Stim48hr,0
RAD1,Stim8hr,0
RAD18,Rest,0
RAD18,Stim48hr,0
RAD18,Stim8hr,0
RAD21,Rest,0
RAD21,Stim48hr,0
RAD21,Stim8hr,0
RAD23A,Rest,1
RAD23A,Stim48hr,0
RAD23A,Stim8hr,0
RAD23B,Rest,0
RAD23B,Stim48hr,0
RAD23B,Stim8hr,0
RAD50,Rest,0
RAD50,Stim48hr,2
RAD50,Stim8hr,0
RAD51AP1,Rest,1
RAD51AP1,Stim48hr,0
RAD51AP1,Stim8hr,0
RAD51B,Rest,2
RAD51B,Stim48hr,0
RAD51B,Stim8hr,0
RAD51D,Rest,0
RAD51D,Stim48hr,0
RAD51D,Stim8hr,0
RAD52,Rest,0
RAD52,Stim48hr,0
RAD52,Stim8hr,0
RAD54B,Rest,0
RAD54B,Stim48hr,0
RAD54B,Stim8hr,0
RAD54L,Rest,0
RAD54L,Stim48hr,0
RAD54L,Stim8hr,0
RAD54L2,Rest,2
RAD54L2,Stim48hr,0
RAD54L2,Stim8hr,0
RADX,Rest,0
RADX,Stim48hr,0
RADX,Stim8hr,0
RAF1,Rest,0
RAF1,Stim48hr,1
RAF1,Stim8hr,0
RAG1,Rest,0
RAG1,Stim48hr,0
RAG1,Stim8hr,0
RAI1,Rest,0
RAI1,Stim48hr,0
RAI1,Stim8hr,0
RAI14,Rest,0
RAI14,Stim48hr,0
RAI14,Stim8hr,0
RAI2,Rest,0
RAI2,Stim48hr,0
RAI2,Stim8hr,0
RALA,Rest,0
RALA,Stim48hr,0
RALA,Stim8hr,0
RALB,Rest,0
RALB,Stim48hr,0
RALB,Stim8hr,0
RALBP1,Rest,0
RALBP1,Stim48hr,0
RALBP1,Stim8hr,0
RALGAPA1,Rest,0
RALGAPA1,Stim48hr,0
RALGAPA1,Stim8hr,0
RALGAPA2,Rest,0
RALGAPA2,Stim48hr,0
RALGAPA2,Stim8hr,0
RALGAPB,Rest,0
RALGAPB,Stim48hr,0
RALGAPB,Stim8hr,0
RALGDS,Rest,0
RALGDS,Stim48hr,0
RALGDS,Stim8hr,0
RALGPS1,Rest,0
RALGPS1,Stim48hr,0
RALGPS1,Stim8hr,0
RALGPS2,Rest,0
RALGPS2,Stim48hr,0
RALGPS2,Stim8hr,0
RALY,Rest,0
RALY,Stim48hr,0
RALY,Stim8hr,0
RAMAC,Rest,0
RAMAC,Stim48hr,0
RAMAC,Stim8hr,0
RAMP1,Rest,0
RAMP1,Stim48hr,0
RAMP1,Stim8hr,0
RAMP3,Rest,0
RAMP3,Stim48hr,0
RAMP3,Stim8hr,2
RANBP1,Rest,0
RANBP1,Stim48hr,1
RANBP1,Stim8hr,0
RANBP10,Rest,1
RANBP10,Stim48hr,0
RANBP10,Stim8hr,0
RANBP2,Rest,0
RANBP2,Stim48hr,0
RANBP2,Stim8hr,0
RANBP3,Rest,0
RANBP3,Stim48hr,0
RANBP3,Stim8hr,1
RANBP6,Rest,0
RANBP6,Stim48hr,0
RANBP6,Stim8hr,0
RANBP9,Rest,0
RANBP9,Stim48hr,0
RANBP9,Stim8hr,0
RANGRF,Rest,0
RANGRF,Stim48hr,0
RANGRF,Stim8hr,0
RAP1A,Rest,0
RAP1A,Stim48hr,1
RAP1A,Stim8hr,1
RAP1B,Rest,0
RAP1B,Stim48hr,0
RAP1B,Stim8hr,0
RAP1GAP2,Rest,0
RAP1GAP2,Stim48hr,0
RAP1GAP2,Stim8hr,0
RAP1GDS1,Rest,0
RAP1GDS1,Stim48hr,0
RAP1GDS1,Stim8hr,0
RAP2A,Rest,0
RAP2A,Stim48hr,0
RAP2A,Stim8hr,0
RAP2B,Rest,0
RAP2B,Stim48hr,0
RAP2B,Stim8hr,0
RAP2C,Rest,0
RAP2C,Stim48hr,0
RAP2C,Stim8hr,0
RAPGEF2,Rest,0
RAPGEF2,Stim48hr,0
RAPGEF2,Stim8hr,0
RAPGEF6,Rest,0
RAPGEF6,Stim48hr,0
RAPGEF6,Stim8hr,0
RAPGEFL1,Rest,0
RAPGEFL1,Stim48hr,0
RAPGEFL1,Stim8hr,0
RAPH1,Rest,1
RAPH1,Stim48hr,0
RAPH1,Stim8hr,0
RARA,Rest,0
RARA,Stim48hr,0
RARA,Stim8hr,1
RARB,Rest,0
RARB,Stim48hr,0
RARB,Stim8hr,0
RARG,Rest,0
RARG,Stim48hr,0
RARG,Stim8hr,0
RARRES2,Rest,0
RARRES2,Stim48hr,0
RARRES2,Stim8hr,0
RARS1,Rest,0
RARS2,Rest,0
RARS2,Stim48hr,0
RARS2,Stim8hr,0
RASA1,Rest,0
RASA1,Stim48hr,0
RASA1,Stim8hr,0
RASA2,Rest,1
RASA2,Stim48hr,1
RASA2,Stim8hr,0
RASA3,Rest,0
RASA3,Stim48hr,0
RASA3,Stim8hr,0
RASA4,Rest,0
RASA4,Stim48hr,0
RASA4,Stim8hr,0
RASA4B,Rest,0
RASA4B,Stim48hr,0
RASA4B,Stim8hr,0
RASAL1,Rest,0
RASAL1,Stim48hr,0
RASAL1,Stim8hr,0
RASAL3,Rest,0
RASAL3,Stim48hr,0
RASAL3,Stim8hr,0
RASD1,Rest,0
RASD1,Stim48hr,0
RASD1,Stim8hr,0
RASD2,Rest,0
RASD2,Stim48hr,0
RASD2,Stim8hr,0
RASGEF1A,Rest,0
RASGEF1A,Stim48hr,0
RASGEF1A,Stim8hr,0
RASGEF1B,Rest,0
RASGEF1B,Stim48hr,0
RASGEF1B,Stim8hr,0
RASGRF2,Rest,0
RASGRF2,Stim48hr,0
RASGRF2,Stim8hr,0
RASGRP1,Rest,2
RASGRP1,Stim48hr,0
RASGRP1,Stim8hr,2
RASGRP2,Rest,0
RASGRP2,Stim48hr,0
RASGRP2,Stim8hr,0
RASGRP3,Rest,0
RASGRP3,Stim48hr,0
RASGRP3,Stim8hr,0
RASGRP4,Rest,0
RASGRP4,Stim48hr,0
RASGRP4,Stim8hr,0
RASL11A,Stim48hr,0
RASL11A,Stim8hr,0
RASSF1,Rest,0
RASSF1,Stim48hr,0
RASSF1,Stim8hr,0
RASSF2,Rest,0
RASSF2,Stim48hr,0
RASSF2,Stim8hr,0
RASSF3,Rest,0
RASSF3,Stim48hr,0
RASSF3,Stim8hr,0
RASSF4,Rest,0
RASSF4,Stim48hr,0
RASSF4,Stim8hr,0
RASSF5,Rest,0
RASSF5,Stim48hr,0
RASSF5,Stim8hr,0
RASSF6,Rest,0
RASSF6,Stim48hr,0
RASSF6,Stim8hr,0
RASSF7,Rest,0
RASSF7,Stim48hr,0
RASSF7,Stim8hr,0
RASSF8,Rest,0
RASSF8,Stim48hr,0
RASSF8,Stim8hr,0
RAVER1,Rest,0
RAVER1,Stim48hr,0
RAVER1,Stim8hr,0
RAVER2,Rest,0
RAVER2,Stim48hr,0
RAVER2,Stim8hr,1
RAX,Rest,0
RAX,Stim48hr,0
RAX,Stim8hr,0
RAX2,Rest,0
RAX2,Stim48hr,0
RAX2,Stim8hr,0
RB1,Rest,0
RB1,Stim48hr,0
RB1,Stim8hr,0
RB1CC1,Rest,3
RB1CC1,Stim48hr,0
RB1CC1,Stim8hr,1
RBAK,Rest,0
RBAK,Stim48hr,0
RBAK,Stim8hr,0
RBBP7,Rest,0
RBBP7,Stim48hr,0
RBBP7,Stim8hr,0
RBBP9,Rest,0
RBBP9,Stim48hr,0
RBBP9,Stim8hr,0
RBCK1,Rest,0
RBCK1,Stim48hr,5
RBCK1,Stim8hr,0
RBFA,Rest,0
RBFA,Stim48hr,1
RBFA,Stim8hr,0
RBIS,Rest,0
RBIS,Stim48hr,1
RBIS,Stim8hr,0
RBKS,Rest,0
RBKS,Stim48hr,0
RBKS,Stim8hr,0
RBL1,Rest,0
RBL1,Stim48hr,0
RBL1,Stim8hr,0
RBL2,Rest,0
RBL2,Stim48hr,0
RBL2,Stim8hr,0
RBM10,Rest,0
RBM10,Stim48hr,1
RBM10,Stim8hr,0
RBM11,Rest,0
RBM11,Stim48hr,0
RBM11,Stim8hr,0
RBM12,Rest,0
RBM12,Stim48hr,3
RBM12,Stim8hr,3
RBM12B,Rest,0
RBM12B,Stim48hr,0
RBM12B,Stim8hr,0
RBM15,Rest,0
RBM15,Stim48hr,0
RBM15,Stim8hr,0
RBM15B,Rest,0
RBM15B,Stim48hr,0
RBM15B,Stim8hr,0
RBM17,Rest,0
RBM17,Stim48hr,0
RBM17,Stim8hr,0
RBM18,Rest,0
RBM18,Stim48hr,1
RBM18,Stim8hr,0
RBM23,Rest,0
RBM23,Stim48hr,0
RBM23,Stim8hr,0
RBM24,Rest,0
RBM24,Stim48hr,0
RBM24,Stim8hr,0
RBM26,Rest,2
RBM26,Stim48hr,0
RBM26,Stim8hr,0
RBM27,Rest,0
RBM27,Stim48hr,1
RBM27,Stim8hr,1
RBM3,Rest,0
RBM3,Stim48hr,0
RBM3,Stim8hr,0
RBM33,Rest,1
RBM33,Stim48hr,2
RBM33,Stim8hr,2
RBM34,Rest,1
RBM34,Stim48hr,0
RBM34,Stim8hr,0
RBM38,Rest,0
RBM38,Stim48hr,0
RBM38,Stim8hr,0
RBM41,Rest,0
RBM41,Stim48hr,0
RBM41,Stim8hr,0
RBM43,Rest,0
RBM43,Stim48hr,0
RBM43,Stim8hr,0
RBM45,Rest,0
RBM45,Stim48hr,0
RBM45,Stim8hr,0
RBM47,Rest,0
RBM47,Stim48hr,0
RBM47,Stim8hr,0
RBM4B,Rest,0
RBM4B,Stim48hr,0
RBM4B,Stim8hr,0
RBM5,Rest,0
RBM5,Stim48hr,0
RBM5,Stim8hr,0
RBM6,Rest,0
RBM6,Stim48hr,0
RBM6,Stim8hr,0
RBM7,Rest,0
RBM7,Stim48hr,0
RBM7,Stim8hr,0
RBM8A,Stim48hr,0
RBM8A,Stim8hr,1
RBMS1,Rest,0
RBMS1,Stim48hr,0
RBMS1,Stim8hr,0
RBMS2,Rest,0
RBMS2,Stim48hr,1
RBMS2,Stim8hr,0
RBMS3,Rest,0
RBMS3,Stim48hr,0
RBMS3,Stim8hr,0
RBMX2,Rest,0
RBMX2,Stim48hr,0
RBMX2,Stim8hr,0
RBMXL1,Rest,0
RBMXL1,Stim48hr,0
RBMXL1,Stim8hr,0
RBP2,Rest,0
RBP2,Stim48hr,0
RBP2,Stim8hr,0
RBP5,Rest,0
RBP5,Stim48hr,0
RBP5,Stim8hr,1
RBPJ,Rest,0
RBPJ,Stim48hr,0
RBPJ,Stim8hr,0
RBPJL,Rest,0
RBPJL,Stim48hr,0
RBPJL,Stim8hr,0
RBPMS,Rest,0
RBPMS,Stim48hr,0
RBPMS,Stim8hr,0
RBSN,Rest,1
RBSN,Stim48hr,2
RBSN,Stim8hr,1
RC3H1,Rest,0
RC3H1,Stim48hr,1
RC3H1,Stim8hr,0
RC3H2,Rest,0
RC3H2,Stim48hr,0
RC3H2,Stim8hr,0
RCAN1,Rest,0
RCAN1,Stim48hr,0
RCAN1,Stim8hr,0
RCAN2,Rest,0
RCAN2,Stim48hr,0
RCAN2,Stim8hr,0
RCAN3,Rest,0
RCAN3,Stim48hr,0
RCAN3,Stim8hr,1
RCBTB1,Rest,0
RCBTB1,Stim48hr,0
RCBTB1,Stim8hr,0
RCBTB2,Rest,0
RCBTB2,Stim48hr,0
RCBTB2,Stim8hr,0
RCC1L,Rest,0
RCC1L,Stim48hr,1
RCC1L,Stim8hr,0
RCC2,Rest,0
RCC2,Stim48hr,0
RCC2,Stim8hr,0
RCCD1,Rest,0
RCCD1,Stim48hr,0
RCCD1,Stim8hr,0
RCE1,Rest,0
RCE1,Stim48hr,0
RCE1,Stim8hr,0
RCHY1,Rest,0
RCHY1,Stim48hr,0
RCHY1,Stim8hr,0
RCN1,Rest,0
RCN1,Stim48hr,0
RCN1,Stim8hr,0
RCN2,Rest,0
RCN2,Stim48hr,0
RCN2,Stim8hr,0
RCN3,Rest,0
RCN3,Stim48hr,0
RCN3,Stim8hr,0
RCOR1,Rest,0
RCOR1,Stim48hr,0
RCOR1,Stim8hr,1
RCOR3,Rest,0
RCOR3,Stim48hr,0
RCOR3,Stim8hr,0
RCSD1,Rest,0
RCSD1,Stim48hr,0
RCSD1,Stim8hr,0
RDH10,Rest,0
RDH10,Stim48hr,0
RDH10,Stim8hr,0
RDH11,Rest,0
RDH11,Stim48hr,0
RDH11,Stim8hr,0
RDH13,Rest,0
RDH13,Stim48hr,0
RDH13,Stim8hr,0
RDH14,Rest,0
RDH14,Stim48hr,0
RDH14,Stim8hr,0
RDM1,Rest,0
RDM1,Stim48hr,0
RDM1,Stim8hr,0
RDX,Rest,0
RDX,Stim48hr,0
RDX,Stim8hr,0
REC8,Stim48hr,0
REC8,Stim8hr,0
RECK,Rest,0
RECK,Stim48hr,0
RECK,Stim8hr,0
RECQL,Rest,0
RECQL,Stim48hr,0
RECQL,Stim8hr,0
RECQL5,Rest,0
RECQL5,Stim48hr,0
RECQL5,Stim8hr,0
REEP2,Rest,0
REEP2,Stim48hr,0
REEP2,Stim8hr,0
REEP3,Rest,1
REEP3,Stim48hr,0
REEP3,Stim8hr,0
REEP4,Rest,0
REEP4,Stim48hr,0
REEP4,Stim8hr,0
REEP5,Rest,1
REEP5,Stim48hr,0
REEP5,Stim8hr,0
REEP6,Rest,0
REEP6,Stim48hr,0
REEP6,Stim8hr,0
REG3A,Rest,0
REG3A,Stim48hr,0
REG3A,Stim8hr,0
REG4,Rest,0
REG4,Stim48hr,0
REG4,Stim8hr,0
REL,Rest,0
REL,Stim48hr,0
REL,Stim8hr,0
RELA,Rest,0
RELA,Stim48hr,0
RELA,Stim8hr,0
RELB,Rest,0
RELB,Stim48hr,1
RELB,Stim8hr,0
RELCH,Rest,0
RELCH,Stim48hr,0
RELCH,Stim8hr,0
RELL1,Rest,0
RELL1,Stim48hr,0
RELL1,Stim8hr,0
RELL2,Rest,2
RELL2,Stim48hr,2
RELL2,Stim8hr,4
RELT,Rest,0
RELT,Stim48hr,0
RELT,Stim8hr,0
RENBP,Rest,0
RENBP,Stim48hr,0
RENBP,Stim8hr,0
REPIN1,Rest,0
REPIN1,Stim48hr,0
REPIN1,Stim8hr,0
REPS1,Rest,0
REPS1,Stim48hr,0
REPS1,Stim8hr,0
RER1,Rest,0
RER1,Stim48hr,0
RER1,Stim8hr,0
RERE,Rest,0
RERE,Stim48hr,0
RERE,Stim8hr,0
RESF1,Rest,0
RESF1,Stim48hr,0
RESF1,Stim8hr,0
REST,Rest,1
REST,Stim48hr,0
REST,Stim8hr,1
RETN,Rest,0
RETN,Stim48hr,0
RETN,Stim8hr,0
RETREG1,Rest,0
RETREG1,Stim48hr,0
RETREG1,Stim8hr,0
RETREG2,Rest,0
RETREG2,Stim48hr,0
RETREG2,Stim8hr,0
RETREG3,Rest,0
RETREG3,Stim48hr,0
RETREG3,Stim8hr,0
RETSAT,Rest,0
RETSAT,Stim48hr,0
RETSAT,Stim8hr,0
REV3L,Rest,0
REV3L,Stim48hr,0
REV3L,Stim8hr,0
REX1BD,Rest,4
REX1BD,Stim8hr,0
REXO1,Rest,0
REXO1,Stim48hr,0
REXO1,Stim8hr,0
REXO2,Rest,0
REXO2,Stim48hr,0
REXO2,Stim8hr,0
REXO4,Rest,0
REXO4,Stim48hr,0
REXO4,Stim8hr,0
REXO5,Rest,0
REXO5,Stim48hr,0
REXO5,Stim8hr,0
RFC1,Rest,0
RFC1,Stim48hr,0
RFC1,Stim8hr,0
RFESD,Rest,0
RFESD,Stim48hr,0
RFESD,Stim8hr,0
RFFL,Rest,0
RFFL,Stim48hr,0
RFFL,Stim8hr,0
RFK,Rest,0
RFK,Stim48hr,0
RFK,Stim8hr,0
RFNG,Rest,0
RFNG,Stim48hr,1
RFNG,Stim8hr,0
RFPL2,Rest,0
RFPL2,Stim48hr,0
RFPL2,Stim8hr,0
RFT1,Rest,0
RFT1,Stim48hr,1
RFT1,Stim8hr,8
RFTN1,Rest,0
RFTN1,Stim48hr,0
RFTN1,Stim8hr,0
RFWD3,Rest,0
RFWD3,Stim48hr,0
RFWD3,Stim8hr,0
RFX1,Rest,0
RFX1,Stim48hr,0
RFX1,Stim8hr,0
RFX2,Rest,0
RFX2,Stim48hr,0
RFX2,Stim8hr,0
RFX3,Rest,0
RFX3,Stim48hr,0
RFX3,Stim8hr,0
RFX4,Rest,0
RFX4,Stim48hr,0
RFX4,Stim8hr,0
RFX5,Rest,0
RFX5,Stim48hr,0
RFX5,Stim8hr,0
RFX6,Rest,0
RFX6,Stim48hr,0
RFX6,Stim8hr,0
RFX7,Rest,0
RFX7,Stim48hr,0
RFX7,Stim8hr,0
RFX8,Rest,0
RFX8,Stim48hr,0
RFX8,Stim8hr,0
RFXANK,Rest,0
RFXANK,Stim48hr,0
RFXANK,Stim8hr,0
RFXAP,Rest,0
RFXAP,Stim48hr,0
RFXAP,Stim8hr,0
RGCC,Rest,0
RGCC,Stim48hr,0
RGCC,Stim8hr,0
RGL1,Rest,0
RGL1,Stim48hr,0
RGL1,Stim8hr,0
RGL2,Rest,0
RGL2,Stim48hr,0
RGL2,Stim8hr,0
RGL4,Rest,0
RGL4,Stim48hr,0
RGL4,Stim8hr,0
RGMB,Rest,0
RGMB,Stim48hr,0
RGMB,Stim8hr,0
RGPD2,Rest,0
RGPD2,Stim48hr,0
RGPD2,Stim8hr,0
RGPD5,Rest,0
RGPD5,Stim48hr,0
RGPD5,Stim8hr,0
RGPD6,Rest,0
RGPD6,Stim48hr,1
RGPD6,Stim8hr,0
RGPD8,Rest,0
RGPD8,Stim48hr,0
RGPD8,Stim8hr,0
RGS1,Rest,0
RGS1,Stim48hr,0
RGS1,Stim8hr,0
RGS10,Rest,0
RGS10,Stim48hr,0
RGS10,Stim8hr,0
RGS12,Rest,0
RGS12,Stim48hr,0
RGS12,Stim8hr,0
RGS14,Rest,0
RGS14,Stim48hr,0
RGS14,Stim8hr,0
RGS16,Rest,0
RGS16,Stim48hr,0
RGS16,Stim8hr,0
RGS17,Rest,0
RGS17,Stim48hr,0
RGS17,Stim8hr,0
RGS18,Rest,0
RGS18,Stim48hr,0
RGS18,Stim8hr,0
RGS19,Rest,0
RGS19,Stim48hr,0
RGS19,Stim8hr,0
RGS2,Rest,0
RGS2,Stim48hr,0
RGS2,Stim8hr,0
RGS3,Rest,0
RGS3,Stim48hr,0
RGS3,Stim8hr,0
RGS5,Rest,0
RGS5,Stim48hr,0
RGS5,Stim8hr,0
RGS6,Rest,0
RGS6,Stim48hr,0
RGS6,Stim8hr,0
RGS9,Rest,0
RGS9,Stim48hr,0
RGS9,Stim8hr,0
RHBDD1,Rest,0
RHBDD1,Stim48hr,0
RHBDD1,Stim8hr,0
RHBDD2,Rest,0
RHBDD2,Stim48hr,0
RHBDD2,Stim8hr,0
RHBDD3,Rest,0
RHBDD3,Stim48hr,0
RHBDD3,Stim8hr,0
RHBDF2,Rest,0
RHBDF2,Stim48hr,0
RHBDF2,Stim8hr,0
RHBDL1,Rest,0
RHBDL1,Stim48hr,0
RHBDL1,Stim8hr,0
RHEB,Rest,0
RHEB,Stim48hr,0
RHEB,Stim8hr,0
RHEBL1,Rest,0
RHEBL1,Stim48hr,0
RHEBL1,Stim8hr,0
RHNO1,Rest,0
RHNO1,Stim48hr,0
RHNO1,Stim8hr,0
RHOA,Stim48hr,2
RHOB,Rest,0
RHOB,Stim48hr,0
RHOB,Stim8hr,0
RHOBTB1,Rest,0
RHOBTB1,Stim48hr,0
RHOBTB1,Stim8hr,0
RHOBTB2,Rest,0
RHOBTB2,Stim48hr,0
RHOBTB2,Stim8hr,0
RHOBTB3,Rest,0
RHOBTB3,Stim48hr,0
RHOBTB3,Stim8hr,0
RHOC,Rest,0
RHOC,Stim48hr,0
RHOC,Stim8hr,0
RHOF,Rest,0
RHOF,Stim48hr,1
RHOF,Stim8hr,0
RHOG,Rest,0
RHOG,Stim48hr,0
RHOG,Stim8hr,0
RHOH,Rest,0
RHOH,Stim48hr,0
RHOH,Stim8hr,0
RHOQ,Rest,0
RHOQ,Stim48hr,0
RHOQ,Stim8hr,0
RHOT1,Rest,0
RHOT1,Stim48hr,0
RHOT1,Stim8hr,0
RHOT2,Rest,0
RHOT2,Stim48hr,0
RHOT2,Stim8hr,0
RHOU,Rest,0
RHOU,Stim48hr,0
RHOU,Stim8hr,0
RHOXF1,Rest,0
RHOXF1,Stim48hr,0
RHOXF1,Stim8hr,0
RHOXF2,Rest,0
RHOXF2,Stim48hr,0
RHOXF2,Stim8hr,0
RHPN1,Rest,0
RHPN1,Stim48hr,0
RHPN1,Stim8hr,0
RIBC2,Rest,0
RIBC2,Stim48hr,0
RIBC2,Stim8hr,0
RIC3,Rest,0
RIC3,Stim48hr,0
RIC3,Stim8hr,0
RIC8A,Rest,0
RIC8A,Stim48hr,0
RIC8A,Stim8hr,0
RIC8B,Rest,0
RIC8B,Stim48hr,0
RIC8B,Stim8hr,0
RICTOR,Rest,0
RICTOR,Stim48hr,1
RICTOR,Stim8hr,0
RIDA,Rest,1
RIDA,Stim48hr,3
RIDA,Stim8hr,1
RIF1,Rest,0
RIF1,Stim48hr,0
RIF1,Stim8hr,0
RIGI,Rest,0
RIGI,Stim48hr,0
RIGI,Stim8hr,0
RILP,Rest,0
RILP,Stim48hr,0
RILP,Stim8hr,0
RILPL1,Rest,0
RILPL1,Stim48hr,0
RILPL1,Stim8hr,0
RILPL2,Rest,0
RILPL2,Stim48hr,0
RILPL2,Stim8hr,0
RIMKLA,Rest,2
RIMKLA,Stim48hr,0
RIMKLA,Stim8hr,0
RIMKLB,Rest,0
RIMKLB,Stim48hr,0
RIMKLB,Stim8hr,0
RIMOC1,Rest,0
RIMOC1,Stim48hr,0
RIMOC1,Stim8hr,0
RIMS3,Rest,0
RIMS3,Stim48hr,0
RIMS3,Stim8hr,0
RIN1,Rest,0
RIN1,Stim48hr,0
RIN1,Stim8hr,0
RIN3,Rest,0
RIN3,Stim48hr,0
RIN3,Stim8hr,0
RING1,Rest,0
RING1,Stim48hr,0
RING1,Stim8hr,0
RINL,Rest,0
RINL,Stim48hr,0
RINL,Stim8hr,0
RIOK1,Rest,0
RIOK1,Stim48hr,0
RIOK1,Stim8hr,0
RIOK3,Rest,1
RIOK3,Stim48hr,0
RIOK3,Stim8hr,0
RIOX1,Rest,0
RIOX1,Stim48hr,0
RIOX1,Stim8hr,0
RIOX2,Rest,0
RIOX2,Stim48hr,0
RIOX2,Stim8hr,0
RIPK1,Rest,3
RIPK1,Stim48hr,0
RIPK1,Stim8hr,1
RIPK2,Rest,1
RIPK2,Stim48hr,0
RIPK2,Stim8hr,0
RIPK3,Rest,0
RIPK3,Stim48hr,0
RIPK3,Stim8hr,0
RIPOR1,Rest,0
RIPOR1,Stim48hr,0
RIPOR1,Stim8hr,0
RIT1,Rest,0
RIT1,Stim48hr,0
RIT1,Stim8hr,0
RITA1,Rest,0
RITA1,Stim8hr,3
RLF,Rest,0
RLF,Stim48hr,1
RLF,Stim8hr,0
RLIG1,Rest,0
RLIG1,Stim48hr,0
RLIG1,Stim8hr,0
RLIM,Rest,0
RLIM,Stim48hr,1
RLIM,Stim8hr,0
RLN2,Rest,0
RLN2,Stim48hr,0
RLN2,Stim8hr,0
RMC1,Rest,0
RMC1,Stim48hr,0
RMC1,Stim8hr,0
RMDN1,Rest,0
RMDN1,Stim48hr,0
RMDN1,Stim8hr,0
RMDN2,Rest,0
RMDN2,Stim48hr,0
RMDN2,Stim8hr,0
RMDN3,Rest,3
RMDN3,Stim48hr,0
RMDN3,Stim8hr,0
RMI1,Rest,0
RMI1,Stim48hr,0
RMI1,Stim8hr,0
RMI2,Rest,1
RMI2,Stim48hr,0
RMI2,Stim8hr,0
RMND1,Rest,0
RMND1,Stim48hr,0
RMND1,Stim8hr,0
RMND5A,Rest,0
RMND5A,Stim48hr,0
RMND5A,Stim8hr,0
RMND5B,Rest,0
RMND5B,Stim48hr,0
RMND5B,Stim8hr,0
RMP24,Rest,0
RMP24,Stim48hr,0
RMP24,Stim8hr,0
RNASE1,Rest,0
RNASE1,Stim48hr,0
RNASE1,Stim8hr,0
RNASE6,Rest,0
RNASE6,Stim48hr,0
RNASE6,Stim8hr,0
RNASEH1,Rest,0
RNASEH1,Stim48hr,0
RNASEH1,Stim8hr,0
RNASEH2A,Rest,0
RNASEH2A,Stim48hr,0
RNASEH2A,Stim8hr,0
RNASEH2B,Rest,0
RNASEH2B,Stim48hr,0
RNASEH2B,Stim8hr,0
RNASEH2C,Stim48hr,0
RNASEH2C,Stim8hr,1
RNASEK,Stim48hr,0
RNASEK,Stim8hr,0
RNASEL,Rest,0
RNASEL,Stim48hr,0
RNASEL,Stim8hr,0
RNASET2,Rest,0
RNASET2,Stim48hr,0
RNASET2,Stim8hr,0
RND1,Rest,0
RND1,Stim48hr,0
RND1,Stim8hr,0
RND3,Rest,0
RND3,Stim48hr,0
RND3,Stim8hr,0
RNF10,Rest,0
RNF10,Stim48hr,0
RNF10,Stim8hr,0
RNF103,Rest,0
RNF103,Stim48hr,0
RNF103,Stim8hr,0
RNF11,Rest,0
RNF11,Stim48hr,0
RNF11,Stim8hr,0
RNF111,Rest,0
RNF111,Stim48hr,0
RNF111,Stim8hr,0
RNF114,Rest,0
RNF114,Stim48hr,0
RNF114,Stim8hr,0
RNF115,Rest,0
RNF115,Stim48hr,1
RNF115,Stim8hr,1
RNF121,Rest,0
RNF121,Stim48hr,0
RNF121,Stim8hr,0
RNF122,Rest,0
RNF122,Stim48hr,0
RNF122,Stim8hr,0
RNF123,Rest,0
RNF123,Stim48hr,0
RNF123,Stim8hr,0
RNF125,Rest,0
RNF125,Stim48hr,0
RNF125,Stim8hr,0
RNF126,Rest,0
RNF126,Stim48hr,0
RNF126,Stim8hr,0
RNF13,Rest,0
RNF13,Stim48hr,0
RNF13,Stim8hr,0
RNF130,Rest,0
RNF130,Stim48hr,0
RNF130,Stim8hr,0
RNF135,Rest,0
RNF135,Stim48hr,0
RNF135,Stim8hr,0
RNF138,Rest,0
RNF138,Stim48hr,0
RNF138,Stim8hr,0
RNF139,Rest,0
RNF139,Stim48hr,2
RNF139,Stim8hr,0
RNF14,Rest,0
RNF14,Stim48hr,0
RNF14,Stim8hr,0
RNF141,Rest,0
RNF141,Stim48hr,0
RNF141,Stim8hr,0
RNF144A,Rest,0
RNF144A,Stim48hr,0
RNF144A,Stim8hr,0
RNF144B,Rest,0
RNF144B,Stim48hr,0
RNF144B,Stim8hr,0
RNF145,Rest,0
RNF145,Stim48hr,0
RNF145,Stim8hr,0
RNF146,Rest,0
RNF146,Stim48hr,0
RNF146,Stim8hr,0
RNF149,Rest,0
RNF149,Stim48hr,0
RNF149,Stim8hr,0
RNF157,Rest,0
RNF157,Stim48hr,0
RNF157,Stim8hr,0
RNF166,Rest,0
RNF166,Stim48hr,0
RNF166,Stim8hr,0
RNF167,Rest,0
RNF167,Stim48hr,0
RNF167,Stim8hr,0
RNF168,Rest,0
RNF168,Stim48hr,0
RNF168,Stim8hr,0
RNF169,Rest,0
RNF169,Stim48hr,0
RNF169,Stim8hr,0
RNF170,Rest,0
RNF170,Stim48hr,0
RNF170,Stim8hr,0
RNF175,Rest,0
RNF175,Stim48hr,0
RNF175,Stim8hr,0
RNF181,Rest,0
RNF181,Stim48hr,0
RNF181,Stim8hr,0
RNF185,Rest,0
RNF185,Stim48hr,0
RNF185,Stim8hr,0
RNF187,Rest,0
RNF187,Stim48hr,0
RNF187,Stim8hr,0
RNF19A,Rest,0
RNF19A,Stim48hr,0
RNF19A,Stim8hr,0
RNF19B,Rest,0
RNF19B,Stim48hr,0
RNF19B,Stim8hr,1
RNF2,Rest,0
RNF2,Stim48hr,0
RNF2,Stim8hr,0
RNF20,Rest,0
RNF20,Stim48hr,6
RNF20,Stim8hr,3
RNF207,Rest,0
RNF207,Stim48hr,0
RNF207,Stim8hr,0
RNF208,Rest,0
RNF208,Stim48hr,0
RNF208,Stim8hr,0
RNF212,Rest,0
RNF212,Stim48hr,0
RNF212,Stim8hr,0
RNF213,Rest,0
RNF213,Stim48hr,0
RNF213,Stim8hr,0
RNF214,Rest,0
RNF214,Stim48hr,0
RNF214,Stim8hr,0
RNF215,Rest,0
RNF215,Stim48hr,0
RNF215,Stim8hr,0
RNF216,Rest,0
RNF216,Stim48hr,0
RNF216,Stim8hr,0
RNF24,Rest,0
RNF24,Stim48hr,0
RNF24,Stim8hr,0
RNF25,Rest,0
RNF25,Stim48hr,0
RNF25,Stim8hr,0
RNF26,Rest,0
RNF26,Stim48hr,0
RNF26,Stim8hr,0
RNF31,Stim8hr,3
RNF32,Rest,0
RNF32,Stim48hr,0
RNF32,Stim8hr,0
RNF34,Rest,0
RNF34,Stim48hr,0
RNF34,Stim8hr,0
RNF38,Rest,0
RNF38,Stim48hr,0
RNF38,Stim8hr,0
RNF39,Rest,0
RNF39,Stim48hr,0
RNF39,Stim8hr,0
RNF40,Stim48hr,0
RNF40,Stim8hr,3
RNF41,Rest,0
RNF41,Stim48hr,0
RNF41,Stim8hr,0
RNF43,Rest,0
RNF43,Stim48hr,0
RNF43,Stim8hr,0
RNF44,Rest,0
RNF44,Stim48hr,0
RNF44,Stim8hr,0
RNF5,Rest,0
RNF5,Stim48hr,0
RNF5,Stim8hr,0
RNF6,Rest,0
RNF6,Stim48hr,0
RNF6,Stim8hr,0
RNF7,Rest,0
RNF7,Stim48hr,0
RNF7,Stim8hr,0
RNF8,Rest,0
RNF8,Stim48hr,0
RNF8,Stim8hr,0
RNFT1,Rest,0
RNFT1,Stim48hr,0
RNFT1,Stim8hr,0
RNFT2,Rest,0
RNFT2,Stim48hr,0
RNFT2,Stim8hr,0
RNH1,Rest,0
RNH1,Stim48hr,0
RNH1,Stim8hr,0
RNLS,Rest,0
RNLS,Stim48hr,0
RNLS,Stim8hr,0
RNMT,Stim8hr,2
RNPC3,Stim8hr,0
RNPEP,Rest,0
RNPEP,Stim48hr,0
RNPEP,Stim8hr,0
RNPEPL1,Rest,0
RNPEPL1,Stim48hr,0
RNPEPL1,Stim8hr,0
RO60,Rest,1
RO60,Stim48hr,0
RO60,Stim8hr,0
ROBO3,Rest,0
ROBO3,Stim48hr,0
ROBO3,Stim8hr,0
ROCK1,Rest,0
ROCK1,Stim48hr,0
ROCK1,Stim8hr,0
ROCK2,Rest,0
ROCK2,Stim48hr,0
ROCK2,Stim8hr,0
ROGDI,Rest,0
ROGDI,Stim48hr,0
ROGDI,Stim8hr,0
ROMO1,Stim8hr,0
ROPN1L,Rest,0
ROPN1L,Stim48hr,0
ROPN1L,Stim8hr,0
RORB,Rest,0
RORB,Stim48hr,0
RORB,Stim8hr,0
RORC,Rest,0
RORC,Stim48hr,0
RORC,Stim8hr,0
RP2,Rest,0
RP2,Stim48hr,0
RP2,Stim8hr,0
RP9,Rest,0
RP9,Stim48hr,0
RP9,Stim8hr,0
RPAIN,Rest,0
RPAIN,Stim8hr,0
RPE,Rest,0
RPE,Stim48hr,0
RPE,Stim8hr,0
RPGR,Rest,0
RPGR,Stim48hr,0
RPGR,Stim8hr,0
RPGRIP1L,Rest,0
RPGRIP1L,Stim48hr,0
RPGRIP1L,Stim8hr,0
RPH3AL,Rest,0
RPH3AL,Stim48hr,0
RPH3AL,Stim8hr,0
RPIA,Rest,0
RPIA,Stim48hr,0
RPIA,Stim8hr,0
RPL22,Rest,0
RPL22,Stim48hr,0
RPL22,Stim8hr,0
RPL22L1,Rest,0
RPL22L1,Stim48hr,0
RPL22L1,Stim8hr,0
RPL23A,Stim48hr,0
RPL26L1,Rest,0
RPL26L1,Stim48hr,0
RPL26L1,Stim8hr,0
RPL28,Stim48hr,0
RPL29,Rest,0
RPL29,Stim48hr,0
RPL29,Stim8hr,0
RPL36A-HNRNPH2,Rest,0
RPL36A-HNRNPH2,Stim48hr,1
RPL36A-HNRNPH2,Stim8hr,0
RPL36AL,Rest,0
RPL36AL,Stim48hr,0
RPL36AL,Stim8hr,0
RPL39L,Rest,0
RPL39L,Stim48hr,0
RPL39L,Stim8hr,0
RPL41,Rest,0
RPL41,Stim48hr,0
RPL41,Stim8hr,0
RPL7L1,Rest,0
RPL7L1,Stim48hr,0
RPL7L1,Stim8hr,0
RPLP0,Stim48hr,0
RPLP2,Rest,0
RPLP2,Stim48hr,0
RPLP2,Stim8hr,0
RPN1,Stim48hr,0
RPN1,Stim8hr,0
RPP14,Rest,0
RPP14,Stim48hr,0
RPP14,Stim8hr,0
RPP25,Rest,0
RPP25,Stim48hr,0
RPP25,Stim8hr,0
RPP25L,Rest,0
RPP25L,Stim48hr,0
RPP25L,Stim8hr,0
RPRD1A,Rest,0
RPRD1A,Stim8hr,0
RPRD1B,Rest,1
RPRD1B,Stim48hr,0
RPRD1B,Stim8hr,3
RPRD2,Rest,2
RPRD2,Stim48hr,1
RPRD2,Stim8hr,1
RPS16,Stim48hr,0
RPS18,Rest,0
RPS18,Stim48hr,0
RPS18,Stim8hr,0
RPS19,Stim8hr,1
RPS2,Rest,0
RPS2,Stim48hr,0
RPS21,Stim8hr,0
RPS23,Stim48hr,0
RPS25,Rest,0
RPS25,Stim48hr,1
RPS25,Stim8hr,0
RPS26,Rest,0
RPS26,Stim48hr,0
RPS26,Stim8hr,0
RPS27L,Rest,0
RPS27L,Stim48hr,0
RPS27L,Stim8hr,0
RPS4Y1,Rest,1
RPS4Y1,Stim48hr,0
RPS4Y1,Stim8hr,0
RPS6KA1,Rest,0
RPS6KA1,Stim48hr,2
RPS6KA1,Stim8hr,0
RPS6KA2,Rest,0
RPS6KA2,Stim48hr,0
RPS6KA2,Stim8hr,0
RPS6KA3,Rest,0
RPS6KA3,Stim48hr,0
RPS6KA3,Stim8hr,0
RPS6KA4,Rest,0
RPS6KA4,Stim48hr,0
RPS6KA4,Stim8hr,0
RPS6KA5,Rest,0
RPS6KA5,Stim48hr,0
RPS6KA5,Stim8hr,0
RPS6KB1,Rest,0
RPS6KB1,Stim48hr,0
RPS6KB1,Stim8hr,0
RPS6KB2,Rest,0
RPS6KB2,Stim48hr,0
RPS6KB2,Stim8hr,0
RPS6KC1,Rest,0
RPS6KC1,Stim8hr,0
RPS6KL1,Rest,0
RPS6KL1,Stim48hr,0
RPS6KL1,Stim8hr,0
RPTOR,Rest,1
RPTOR,Stim48hr,0
RPTOR,Stim8hr,1
RPUSD1,Rest,0
RPUSD1,Stim48hr,1
RPUSD1,Stim8hr,1
RPUSD2,Rest,0
RPUSD2,Stim48hr,0
RPUSD2,Stim8hr,0
RPUSD3,Rest,0
RPUSD3,Stim48hr,0
RPUSD3,Stim8hr,0
RPUSD4,Rest,0
RPUSD4,Stim48hr,0
RPUSD4,Stim8hr,0
RRAD,Rest,0
RRAD,Stim48hr,0
RRAD,Stim8hr,0
RRAGA,Rest,1
RRAGA,Stim48hr,5
RRAGA,Stim8hr,0
RRAGB,Stim48hr,0
RRAGB,Stim8hr,0
RRAGC,Rest,1
RRAGC,Stim48hr,3
RRAGC,Stim8hr,0
RRAGD,Rest,0
RRAGD,Stim48hr,0
RRAGD,Stim8hr,0
RRAS,Rest,0
RRAS,Stim48hr,0
RRAS,Stim8hr,0
RRAS2,Rest,0
RRAS2,Stim48hr,0
RRAS2,Stim8hr,0
RRBP1,Rest,0
RRBP1,Stim48hr,0
RRBP1,Stim8hr,0
RREB1,Rest,0
RREB1,Stim48hr,0
RREB1,Stim8hr,0
RRM2B,Rest,0
RRM2B,Stim48hr,0
RRM2B,Stim8hr,0
RRP1B,Rest,0
RRP1B,Stim48hr,0
RRP1B,Stim8hr,0
RRP8,Rest,0
RRP8,Stim48hr,0
RRP8,Stim8hr,0
RRP9,Stim48hr,0
RRP9,Stim8hr,0
RSAD1,Rest,0
RSAD1,Stim48hr,0
RSAD1,Stim8hr,0
RSAD2,Rest,0
RSAD2,Stim48hr,0
RSAD2,Stim8hr,0
RSBN1,Rest,0
RSBN1,Stim48hr,0
RSBN1,Stim8hr,0
RSBN1L,Rest,0
RSBN1L,Stim48hr,0
RSBN1L,Stim8hr,0
RSF1,Rest,0
RSF1,Stim48hr,0
RSF1,Stim8hr,0
RSKR,Rest,0
RSKR,Stim48hr,0
RSKR,Stim8hr,0
RSPH3,Rest,0
RSPH3,Stim48hr,0
RSPH3,Stim8hr,0
RSPH4A,Rest,0
RSPH4A,Stim48hr,0
RSPH4A,Stim8hr,0
RSPRY1,Rest,0
RSPRY1,Stim48hr,0
RSPRY1,Stim8hr,0
RSRC1,Rest,0
RSRC1,Stim48hr,0
RSRC1,Stim8hr,0
RSRC2,Rest,0
RSRC2,Stim48hr,0
RSRC2,Stim8hr,0
RSRP1,Rest,0
RSRP1,Stim48hr,0
RSRP1,Stim8hr,0
RSU1,Rest,0
RSU1,Stim48hr,0
RSU1,Stim8hr,0
RTCA,Rest,0
RTCA,Stim48hr,0
RTCA,Stim8hr,0
RTEL1,Rest,1
RTEL1,Stim8hr,0
RTF2,Rest,0
RTKN2,Rest,0
RTKN2,Stim48hr,0
RTKN2,Stim8hr,0
RTL5,Rest,0
RTL5,Stim48hr,0
RTL5,Stim8hr,0
RTL6,Rest,0
RTL6,Stim48hr,0
RTL6,Stim8hr,0
RTL8A,Rest,0
RTL8A,Stim48hr,0
RTL8A,Stim8hr,0
RTL8C,Rest,0
RTL8C,Stim48hr,0
RTL8C,Stim8hr,0
RTN3,Rest,0
RTN3,Stim48hr,0
RTN3,Stim8hr,0
RTN4,Rest,0
RTN4,Stim48hr,0
RTN4,Stim8hr,0
RTN4IP1,Rest,0
RTN4IP1,Stim48hr,0
RTN4IP1,Stim8hr,0
RTP4,Rest,0
RTP4,Stim48hr,0
RTP4,Stim8hr,0
RTRAF,Rest,2
RTRAF,Stim48hr,3
RTRAF,Stim8hr,6
RTTN,Rest,1
RTTN,Stim48hr,0
RTTN,Stim8hr,0
RUBCN,Rest,0
RUBCN,Stim48hr,0
RUBCN,Stim8hr,0
RUFY1,Rest,0
RUFY1,Stim48hr,0
RUFY1,Stim8hr,0
RUFY2,Rest,0
RUFY2,Stim48hr,0
RUFY2,Stim8hr,0
RUFY3,Rest,0
RUFY3,Stim48hr,0
RUFY3,Stim8hr,0
RUMY3,Rest,0
RUMY3,Stim48hr,0
RUMY3,Stim8hr,0
RUNDC1,Rest,0
RUNDC1,Stim48hr,0
RUNDC1,Stim8hr,0
RUNX1,Rest,0
RUNX1,Stim48hr,0
RUNX1,Stim8hr,0
RUNX2,Rest,0
RUNX2,Stim48hr,3
RUNX2,Stim8hr,0
RUNX3,Rest,0
RUNX3,Stim48hr,0
RUNX3,Stim8hr,0
RUSC1,Rest,0
RUSC1,Stim48hr,0
RUSC1,Stim8hr,0
RUSF1,Rest,0
RUSF1,Stim48hr,0
RUSF1,Stim8hr,0
RWDD1,Rest,0
RWDD1,Stim48hr,1
RWDD1,Stim8hr,0
RWDD2A,Rest,1
RWDD2A,Stim48hr,0
RWDD2A,Stim8hr,1
RWDD2B,Rest,1
RWDD2B,Stim48hr,0
RWDD2B,Stim8hr,0
RWDD3,Rest,0
RWDD3,Stim48hr,0
RWDD3,Stim8hr,0
RWDD4,Rest,0
RWDD4,Stim48hr,0
RWDD4,Stim8hr,0
RXRA,Rest,0
RXRA,Stim48hr,0
RXRA,Stim8hr,0
RXRB,Rest,0
RXRB,Stim48hr,0
RXRB,Stim8hr,1
RXRG,Stim48hr,0
RXRG,Stim8hr,0
RXYLT1,Rest,0
RXYLT1,Stim48hr,0
RXYLT1,Stim8hr,0
RYBP,Rest,0
RYBP,Stim48hr,0
RYBP,Stim8hr,0
RYK,Rest,0
RYK,Stim48hr,0
RYK,Stim8hr,0
RYR1,Rest,0
RYR1,Stim48hr,0
RYR1,Stim8hr,0
RYR2,Rest,0
RYR2,Stim48hr,0
RYR2,Stim8hr,0
RYR3,Rest,0
RYR3,Stim48hr,0
RYR3,Stim8hr,0
S100A1,Rest,0
S100A1,Stim48hr,0
S100A1,Stim8hr,0
S100A10,Rest,0
S100A10,Stim48hr,0
S100A10,Stim8hr,0
S100A11,Rest,0
S100A11,Stim48hr,0
S100A11,Stim8hr,0
S100A12,Rest,0
S100A12,Stim48hr,0
S100A12,Stim8hr,0
S100A13,Rest,0
S100A13,Stim48hr,0
S100A13,Stim8hr,0
S100A14,Rest,0
S100A14,Stim48hr,0
S100A14,Stim8hr,0
S100A16,Rest,0
S100A16,Stim48hr,0
S100A16,Stim8hr,0
S100A2,Rest,0
S100A2,Stim48hr,0
S100A2,Stim8hr,0
S100A4,Rest,0
S100A4,Stim48hr,0
S100A4,Stim8hr,0
S100A5,Rest,0
S100A5,Stim48hr,0
S100A5,Stim8hr,0
S100A6,Rest,0
S100A6,Stim48hr,0
S100A6,Stim8hr,0
S100A8,Rest,0
S100A8,Stim48hr,0
S100A8,Stim8hr,0
S100A9,Rest,0
S100A9,Stim48hr,0
S100A9,Stim8hr,0
S100B,Rest,0
S100B,Stim48hr,0
S100B,Stim8hr,0
S100P,Rest,0
S100P,Stim48hr,0
S100P,Stim8hr,0
S100PBP,Rest,2
S100PBP,Stim48hr,0
S100PBP,Stim8hr,1
S100Z,Rest,0
S100Z,Stim48hr,0
S100Z,Stim8hr,0
S1PR1,Rest,0
S1PR1,Stim48hr,0
S1PR1,Stim8hr,0
S1PR2,Rest,0
S1PR2,Stim48hr,0
S1PR2,Stim8hr,0
S1PR4,Rest,0
S1PR4,Stim48hr,0
S1PR4,Stim8hr,0
S1PR5,Rest,0
S1PR5,Stim48hr,0
S1PR5,Stim8hr,0
SAA1,Rest,0
SAA1,Stim48hr,0
SAA1,Stim8hr,0
SAA2,Rest,0
SAA2,Stim48hr,0
SAA2,Stim8hr,0
SAAL1,Rest,0
SAAL1,Stim48hr,0
SAAL1,Stim8hr,0
SAC3D1,Rest,2
SAC3D1,Stim48hr,0
SAC3D1,Stim8hr,0
SACK1D,Rest,0
SACK1D,Stim48hr,0
SACK1D,Stim8hr,0
SACK1F,Rest,0
SACK1F,Stim48hr,0
SACK1F,Stim8hr,0
SACK1G,Rest,0
SACK1G,Stim48hr,0
SACK1G,Stim8hr,0
SACK1H,Rest,0
SACK1H,Stim48hr,0
SACK1H,Stim8hr,0
SACM1L,Rest,0
SACM1L,Stim48hr,0
SACM1L,Stim8hr,0
SAFB,Rest,0
SAFB,Stim48hr,0
SAFB,Stim8hr,0
SAFB2,Rest,0
SAFB2,Stim48hr,0
SAFB2,Stim8hr,0
SALL1,Rest,0
SALL1,Stim48hr,0
SALL1,Stim8hr,0
SALL2,Rest,0
SALL2,Stim48hr,0
SALL2,Stim8hr,0
SALL3,Rest,0
SALL3,Stim48hr,0
SALL3,Stim8hr,0
SALL4,Rest,0
SALL4,Stim48hr,0
SALL4,Stim8hr,0
SAMD1,Rest,0
SAMD1,Stim48hr,1
SAMD1,Stim8hr,1
SAMD10,Rest,0
SAMD10,Stim48hr,0
SAMD10,Stim8hr,0
SAMD12,Rest,0
SAMD12,Stim48hr,1
SAMD12,Stim8hr,0
SAMD3,Rest,0
SAMD3,Stim48hr,0
SAMD3,Stim8hr,0
SAMD4A,Rest,0
SAMD4A,Stim48hr,0
SAMD4A,Stim8hr,0
SAMD4B,Rest,0
SAMD4B,Stim48hr,0
SAMD4B,Stim8hr,0
SAMD8,Rest,0
SAMD8,Stim48hr,0
SAMD8,Stim8hr,0
SAMD9,Rest,0
SAMD9,Stim48hr,0
SAMD9,Stim8hr,0
SAMD9L,Rest,0
SAMD9L,Stim48hr,0
SAMD9L,Stim8hr,0
SAMHD1,Rest,0
SAMHD1,Stim48hr,0
SAMHD1,Stim8hr,0
SAMSN1,Rest,0
SAMSN1,Stim48hr,0
SAMSN1,Stim8hr,0
SAMTOR,Rest,1
SAMTOR,Stim48hr,0
SAMTOR,Stim8hr,0
SANBR,Rest,0
SANBR,Stim48hr,0
SANBR,Stim8hr,0
SAP130,Rest,0
SAP130,Stim48hr,0
SAP130,Stim8hr,1
SAP30,Rest,0
SAP30,Stim48hr,0
SAP30,Stim8hr,0
SAP30L,Stim48hr,0
SAPCD1,Rest,0
SAPCD1,Stim48hr,0
SAPCD1,Stim8hr,0
SAPCD2,Rest,0
SAPCD2,Stim48hr,0
SAPCD2,Stim8hr,0
SAR1A,Rest,0
SAR1A,Stim48hr,0
SAR1A,Stim8hr,0
SAR1B,Rest,0
SAR1B,Stim48hr,0
SAR1B,Stim8hr,0
SARAF,Rest,0
SARAF,Stim48hr,0
SARAF,Stim8hr,0
SARDH,Rest,0
SARDH,Stim48hr,0
SARDH,Stim8hr,0
SARM1,Rest,0
SARM1,Stim48hr,0
SARM1,Stim8hr,0
SARNP,Rest,0
SARNP,Stim48hr,0
SARNP,Stim8hr,0
SARS2,Rest,0
SARS2,Stim48hr,0
SARS2,Stim8hr,0
SASH1,Rest,0
SASH1,Stim48hr,0
SASH1,Stim8hr,0
SASH3,Rest,1
SASH3,Stim48hr,0
SASH3,Stim8hr,0
SAT1,Rest,0
SAT1,Stim48hr,0
SAT1,Stim8hr,0
SAT2,Rest,0
SAT2,Stim48hr,0
SAT2,Stim8hr,0
SATB1,Rest,0
SATB1,Stim48hr,0
SATB1,Stim8hr,0
SATB2,Rest,0
SATB2,Stim48hr,0
SATB2,Stim8hr,0
SATL1,Rest,0
SATL1,Stim48hr,0
SATL1,Stim8hr,0
SAV1,Rest,0
SAV1,Stim48hr,0
SAV1,Stim8hr,0
SAXO2,Rest,0
SAXO2,Stim48hr,0
SAXO2,Stim8hr,0
SAXO4,Rest,0
SAXO4,Stim48hr,0
SAXO4,Stim8hr,0
SAXO5,Rest,0
SAXO5,Stim48hr,1
SAXO5,Stim8hr,0
SAXO6,Rest,0
SAXO6,Stim48hr,0
SAXO6,Stim8hr,0
SAYSD1,Rest,0
SAYSD1,Stim48hr,0
SAYSD1,Stim8hr,0
SBDS,Rest,0
SBDS,Stim48hr,0
SBDS,Stim8hr,0
SBF1,Rest,0
SBF1,Stim48hr,0
SBF1,Stim8hr,0
SBF2,Rest,0
SBF2,Stim48hr,0
SBF2,Stim8hr,0
SBK1,Rest,0
SBK1,Stim48hr,0
SBK1,Stim8hr,0
SBNO1,Rest,0
SBNO1,Stim48hr,0
SBNO1,Stim8hr,0
SC5D,Rest,0
SC5D,Stim48hr,0
SC5D,Stim8hr,0
SCAF1,Rest,0
SCAF1,Stim48hr,0
SCAF1,Stim8hr,0
SCAF11,Rest,0
SCAF11,Stim48hr,0
SCAF11,Stim8hr,0
SCAF4,Rest,0
SCAF4,Stim48hr,1
SCAF4,Stim8hr,0
SCAF8,Rest,0
SCAF8,Stim48hr,0
SCAF8,Stim8hr,0
SCAI,Rest,0
SCAI,Stim48hr,0
SCAI,Stim8hr,0
SCAMP1,Rest,0
SCAMP1,Stim48hr,0
SCAMP1,Stim8hr,0
SCAMP2,Rest,0
SCAMP2,Stim48hr,0
SCAMP2,Stim8hr,0
SCAMP3,Rest,0
SCAMP3,Stim48hr,0
SCAMP3,Stim8hr,0
SCAMP4,Rest,0
SCAMP4,Stim48hr,0
SCAMP4,Stim8hr,0
SCAND1,Rest,0
SCAND1,Stim48hr,0
SCAND1,Stim8hr,0
SCAND3,Rest,0
SCAND3,Stim48hr,0
SCAND3,Stim8hr,0
SCAP,Rest,0
SCAP,Stim48hr,0
SCAP,Stim8hr,0
SCAPER,Rest,0
SCAPER,Stim48hr,0
SCAPER,Stim8hr,0
SCARB1,Rest,0
SCARB1,Stim48hr,0
SCARB1,Stim8hr,0
SCARB2,Rest,0
SCARB2,Stim48hr,0
SCARB2,Stim8hr,0
SCARF1,Rest,0
SCARF1,Stim48hr,0
SCARF1,Stim8hr,0
SCCPDH,Rest,0
SCCPDH,Stim48hr,0
SCCPDH,Stim8hr,0
SCD,Rest,0
SCD,Stim48hr,0
SCD,Stim8hr,0
SCD5,Rest,0
SCD5,Stim48hr,0
SCD5,Stim8hr,0
SCFD2,Rest,0
SCFD2,Stim48hr,0
SCFD2,Stim8hr,0
SCGB1A1,Rest,0
SCGB1A1,Stim48hr,0
SCGB1A1,Stim8hr,1
SCGB2B2,Rest,0
SCGB2B2,Stim48hr,0
SCGB2B2,Stim8hr,0
SCGB3A1,Rest,0
SCGB3A1,Stim48hr,0
SCGB3A1,Stim8hr,0
SCGB3A2,Rest,0
SCGB3A2,Stim48hr,0
SCGB3A2,Stim8hr,0
SCIMP,Rest,0
SCIMP,Stim48hr,0
SCIMP,Stim8hr,0
SCLT1,Rest,0
SCLT1,Stim48hr,0
SCLT1,Stim8hr,0
SCLY,Rest,0
SCLY,Stim48hr,0
SCLY,Stim8hr,0
SCMH1,Rest,0
SCMH1,Stim48hr,0
SCMH1,Stim8hr,0
SCML1,Rest,0
SCML1,Stim48hr,1
SCML1,Stim8hr,0
SCML2,Rest,0
SCML2,Stim48hr,0
SCML2,Stim8hr,0
SCML4,Rest,0
SCML4,Stim48hr,0
SCML4,Stim8hr,0
SCN8A,Rest,0
SCN8A,Stim48hr,0
SCN8A,Stim8hr,0
SCNM1,Rest,0
SCNM1,Stim48hr,0
SCNM1,Stim8hr,0
SCNN1D,Rest,0
SCNN1D,Stim48hr,0
SCNN1D,Stim8hr,0
SCO1,Rest,0
SCO1,Stim48hr,0
SCO1,Stim8hr,1
SCO2,Rest,0
SCO2,Stim48hr,0
SCO2,Stim8hr,0
SCOC,Rest,0
SCOC,Stim48hr,0
SCOC,Stim8hr,0
SCP2,Rest,0
SCP2,Stim48hr,0
SCP2,Stim8hr,0
SCPEP1,Rest,0
SCPEP1,Stim48hr,0
SCPEP1,Stim8hr,0
SCRG1,Rest,0
SCRG1,Stim48hr,0
SCRG1,Stim8hr,0
SCRIB,Rest,0
SCRIB,Stim48hr,0
SCRIB,Stim8hr,0
SCRN1,Rest,0
SCRN1,Stim48hr,0
SCRN1,Stim8hr,0
SCRN2,Rest,0
SCRN2,Stim48hr,0
SCRN2,Stim8hr,0
SCRN3,Rest,0
SCRN3,Stim48hr,0
SCRN3,Stim8hr,0
SCRT1,Rest,0
SCRT1,Stim48hr,0
SCRT1,Stim8hr,0
SCRT2,Rest,0
SCRT2,Stim48hr,0
SCRT2,Stim8hr,0
SCX,Rest,0
SCX,Stim48hr,0
SCX,Stim8hr,0
SCYL1,Rest,0
SCYL1,Stim48hr,0
SCYL1,Stim8hr,0
SCYL2,Rest,0
SCYL2,Stim48hr,0
SCYL2,Stim8hr,0
SCYL3,Rest,0
SCYL3,Stim48hr,3
SCYL3,Stim8hr,0
SDC4,Rest,0
SDC4,Stim48hr,0
SDC4,Stim8hr,0
SDCBP,Rest,0
SDCBP,Stim48hr,0
SDCBP,Stim8hr,0
SDCBP2,Rest,0
SDCBP2,Stim48hr,0
SDCBP2,Stim8hr,0
SDCCAG8,Rest,0
SDCCAG8,Stim48hr,0
SDCCAG8,Stim8hr,0
SDF2L1,Rest,0
SDF2L1,Stim48hr,0
SDF2L1,Stim8hr,0
SDF4,Rest,0
SDF4,Stim48hr,0
SDF4,Stim8hr,0
SDHA,Rest,0
SDHAF1,Rest,0
SDHAF1,Stim48hr,0
SDHAF1,Stim8hr,0
SDHAF2,Rest,0
SDHAF2,Stim48hr,0
SDHAF2,Stim8hr,0
SDHAF3,Rest,0
SDHAF3,Stim48hr,0
SDHAF3,Stim8hr,0
SDHAF4,Rest,0
SDHAF4,Stim48hr,0
SDHAF4,Stim8hr,0
SDHD,Rest,0
SDHD,Stim48hr,0
SDHD,Stim8hr,2
SDK2,Rest,0
SDK2,Stim48hr,0
SDK2,Stim8hr,0
SDR39U1,Rest,0
SDR39U1,Stim48hr,0
SDR39U1,Stim8hr,0
SDR42E1,Rest,0
SDR42E1,Stim48hr,0
SDR42E1,Stim8hr,0
SDR42E2,Rest,0
SDR42E2,Stim48hr,0
SDR42E2,Stim8hr,0
SEBOX,Rest,0
SEBOX,Stim48hr,0
SEBOX,Stim8hr,0
SEC11A,Rest,0
SEC11A,Stim48hr,0
SEC11A,Stim8hr,0
SEC11C,Rest,0
SEC11C,Stim48hr,0
SEC11C,Stim8hr,0
SEC14L1,Rest,0
SEC14L1,Stim48hr,2
SEC14L1,Stim8hr,3
SEC14L2,Rest,1
SEC14L2,Stim48hr,0
SEC14L2,Stim8hr,0
SEC14L5,Rest,1
SEC14L5,Stim48hr,0
SEC14L5,Stim8hr,0
SEC16A,Rest,0
SEC16A,Stim48hr,0
SEC16A,Stim8hr,0
SEC22A,Rest,0
SEC22A,Stim48hr,0
SEC22A,Stim8hr,0
SEC22B,Rest,0
SEC22B,Stim48hr,0
SEC22B,Stim8hr,1
SEC22C,Rest,0
SEC22C,Stim48hr,0
SEC22C,Stim8hr,0
SEC23A,Rest,0
SEC23A,Stim48hr,0
SEC23A,Stim8hr,0
SEC23B,Rest,0
SEC23B,Stim48hr,0
SEC23B,Stim8hr,0
SEC23IP,Rest,0
SEC23IP,Stim48hr,0
SEC23IP,Stim8hr,0
SEC24A,Rest,0
SEC24A,Stim48hr,0
SEC24A,Stim8hr,0
SEC24B,Rest,0
SEC24B,Stim48hr,0
SEC24B,Stim8hr,0
SEC24C,Rest,0
SEC24C,Stim48hr,0
SEC24C,Stim8hr,0
SEC24D,Rest,0
SEC24D,Stim48hr,0
SEC24D,Stim8hr,0
SEC31A,Rest,0
SEC31A,Stim48hr,0
SEC31A,Stim8hr,0
SEC31B,Rest,0
SEC31B,Stim48hr,0
SEC31B,Stim8hr,0
SEC61A2,Rest,0
SEC61A2,Stim48hr,0
SEC61A2,Stim8hr,0
SEC61B,Rest,6
SEC61B,Stim8hr,9
SEC62,Rest,0
SEC62,Stim48hr,0
SEC62,Stim8hr,0
SEC63,Rest,2
SEC63,Stim48hr,2
SEC63,Stim8hr,1
SECISBP2,Stim48hr,0
SECISBP2,Stim8hr,0
SECISBP2L,Rest,0
SECISBP2L,Stim48hr,0
SECISBP2L,Stim8hr,0
SECTM1,Rest,0
SECTM1,Stim48hr,0
SECTM1,Stim8hr,0
SEH1L,Rest,0
SEH1L,Stim48hr,0
SEH1L,Stim8hr,0
SEL1L,Rest,3
SEL1L,Stim48hr,1
SEL1L,Stim8hr,6
SEL1L3,Rest,0
SEL1L3,Stim48hr,0
SEL1L3,Stim8hr,0
SELENBP1,Rest,0
SELENBP1,Stim48hr,0
SELENBP1,Stim8hr,0
SELENOF,Rest,0
SELENOF,Stim48hr,0
SELENOF,Stim8hr,0
SELENOH,Rest,0
SELENOH,Stim48hr,0
SELENOH,Stim8hr,0
SELENOI,Rest,0
SELENOI,Stim48hr,0
SELENOI,Stim8hr,0
SELENOK,Rest,0
SELENOK,Stim48hr,0
SELENOK,Stim8hr,0
SELENOM,Rest,0
SELENOM,Stim48hr,0
SELENOM,Stim8hr,0
SELENON,Rest,0
SELENON,Stim48hr,0
SELENON,Stim8hr,0
SELENOO,Rest,0
SELENOO,Stim48hr,0
SELENOO,Stim8hr,0
SELENOS,Rest,0
SELENOS,Stim48hr,0
SELENOS,Stim8hr,0
SELENOT,Rest,0
SELENOT,Stim48hr,0
SELENOT,Stim8hr,0
SELENOW,Rest,0
SELENOW,Stim48hr,0
SELENOW,Stim8hr,0
SELL,Rest,0
SELL,Stim48hr,0
SELL,Stim8hr,0
SELPLG,Rest,0
SELPLG,Stim48hr,0
SELPLG,Stim8hr,0
SEM1,Rest,0
SEM1,Stim48hr,0
SEM1,Stim8hr,0
SEMA3E,Rest,0
SEMA3E,Stim48hr,0
SEMA3E,Stim8hr,0
SEMA3G,Rest,0
SEMA3G,Stim48hr,0
SEMA3G,Stim8hr,0
SEMA4A,Rest,0
SEMA4A,Stim48hr,0
SEMA4A,Stim8hr,0
SEMA4B,Rest,0
SEMA4B,Stim48hr,0
SEMA4B,Stim8hr,0
SEMA4C,Rest,0
SEMA4C,Stim48hr,0
SEMA4C,Stim8hr,0
SEMA4F,Rest,0
SEMA4F,Stim48hr,0
SEMA4F,Stim8hr,0
SEMA5A,Rest,0
SEMA5A,Stim48hr,0
SEMA5A,Stim8hr,0
SEMA6A,Rest,0
SEMA6A,Stim48hr,0
SEMA6A,Stim8hr,0
SEMA6C,Rest,0
SEMA6C,Stim48hr,1
SEMA6C,Stim8hr,0
SEMA7A,Rest,0
SEMA7A,Stim48hr,0
SEMA7A,Stim8hr,0
SENP1,Rest,0
SENP1,Stim48hr,0
SENP1,Stim8hr,0
SENP2,Rest,0
SENP2,Stim48hr,0
SENP2,Stim8hr,0
SENP3,Rest,0
SENP3,Stim48hr,0
SENP3,Stim8hr,0
SENP5,Rest,8
SENP5,Stim48hr,2
SENP5,Stim8hr,2
SENP7,Rest,0
SENP7,Stim48hr,0
SENP7,Stim8hr,0
SEPSECS,Rest,0
SEPSECS,Stim48hr,0
SEPSECS,Stim8hr,1
SEPTIN1,Rest,0
SEPTIN1,Stim48hr,0
SEPTIN1,Stim8hr,0
SEPTIN10,Rest,0
SEPTIN10,Stim48hr,0
SEPTIN10,Stim8hr,0
SEPTIN11,Rest,0
SEPTIN11,Stim48hr,0
SEPTIN11,Stim8hr,0
SEPTIN2,Rest,0
SEPTIN2,Stim48hr,0
SEPTIN2,Stim8hr,0
SEPTIN5,Rest,0
SEPTIN5,Stim48hr,0
SEPTIN5,Stim8hr,0
SEPTIN6,Rest,2
SEPTIN6,Stim48hr,0
SEPTIN6,Stim8hr,0
SEPTIN7,Rest,0
SEPTIN7,Stim48hr,0
SEPTIN7,Stim8hr,0
SEPTIN8,Rest,0
SEPTIN8,Stim48hr,0
SEPTIN8,Stim8hr,0
SERAC1,Rest,1
SERAC1,Stim48hr,0
SERAC1,Stim8hr,0
SERBP1,Rest,0
SERBP1,Stim48hr,0
SERBP1,Stim8hr,0
SERF1B,Rest,0
SERF1B,Stim48hr,0
SERF1B,Stim8hr,1
SERF2,Rest,2
SERF2,Stim48hr,0
SERF2,Stim8hr,0
SERGEF,Rest,0
SERGEF,Stim48hr,0
SERGEF,Stim8hr,0
SERHL2,Rest,0
SERHL2,Stim48hr,0
SERHL2,Stim8hr,0
SERINC1,Rest,0
SERINC1,Stim48hr,0
SERINC1,Stim8hr,0
SERINC3,Rest,0
SERINC3,Stim48hr,0
SERINC3,Stim8hr,0
SERINC5,Rest,0
SERINC5,Stim48hr,0
SERINC5,Stim8hr,0
SERP1,Rest,0
SERP1,Stim48hr,0
SERP1,Stim8hr,0
SERPINA1,Rest,0
SERPINA1,Stim48hr,0
SERPINA1,Stim8hr,0
SERPINB1,Rest,0
SERPINB1,Stim48hr,0
SERPINB1,Stim8hr,0
SERPINB6,Rest,0
SERPINB6,Stim48hr,0
SERPINB6,Stim8hr,0
SERPINB8,Rest,0
SERPINB8,Stim48hr,0
SERPINB8,Stim8hr,0
SERPINB9,Rest,0
SERPINB9,Stim48hr,0
SERPINB9,Stim8hr,0
SERPINE1,Rest,0
SERPINE1,Stim48hr,0
SERPINE1,Stim8hr,0
SERPINE2,Rest,0
SERPINE2,Stim48hr,0
SERPINE2,Stim8hr,0
SERPINE3,Rest,0
SERPINE3,Stim48hr,0
SERPINE3,Stim8hr,0
SERPING1,Rest,0
SERPING1,Stim48hr,0
SERPING1,Stim8hr,0
SERPINH1,Rest,0
SERPINH1,Stim48hr,0
SERPINH1,Stim8hr,0
SERPINI1,Rest,0
SERPINI1,Stim48hr,0
SERPINI1,Stim8hr,0
SERTAD1,Rest,0
SERTAD1,Stim48hr,0
SERTAD1,Stim8hr,0
SERTAD2,Rest,0
SERTAD2,Stim48hr,0
SERTAD2,Stim8hr,0
SERTAD3,Rest,0
SERTAD3,Stim48hr,0
SERTAD3,Stim8hr,0
SESN1,Rest,0
SESN1,Stim48hr,0
SESN1,Stim8hr,0
SESN2,Rest,0
SESN2,Stim48hr,0
SESN2,Stim8hr,0
SESN3,Rest,0
SESN3,Stim48hr,0
SESN3,Stim8hr,0
SESTD1,Rest,0
SESTD1,Stim48hr,0
SESTD1,Stim8hr,0
SET,Rest,0
SET,Stim48hr,0
SET,Stim8hr,0
SETBP1,Rest,0
SETBP1,Stim48hr,0
SETBP1,Stim8hr,0
SETD1B,Rest,2
SETD1B,Stim48hr,0
SETD1B,Stim8hr,4
SETD2,Rest,2
SETD2,Stim48hr,1
SETD2,Stim8hr,0
SETD3,Rest,2
SETD3,Stim48hr,0
SETD3,Stim8hr,0
SETD4,Rest,0
SETD4,Stim48hr,0
SETD4,Stim8hr,0
SETD5,Rest,0
SETD5,Stim48hr,0
SETD5,Stim8hr,0
SETD6,Rest,0
SETD6,Stim48hr,0
SETD6,Stim8hr,0
SETD7,Rest,0
SETD7,Stim48hr,0
SETD7,Stim8hr,0
SETD9,Rest,0
SETD9,Stim48hr,0
SETD9,Stim8hr,0
SETDB1,Rest,0
SETDB1,Stim48hr,0
SETDB1,Stim8hr,0
SETDB2,Rest,0
SETDB2,Stim48hr,0
SETDB2,Stim8hr,0
SETMAR,Rest,0
SETMAR,Stim48hr,0
SETMAR,Stim8hr,0
SETX,Rest,0
SETX,Stim48hr,0
SETX,Stim8hr,0
SF1,Stim8hr,0
SF3B5,Rest,0
SF3B5,Stim48hr,0
SF3B5,Stim8hr,0
SFI1,Rest,0
SFI1,Stim48hr,0
SFI1,Stim8hr,0
SFMBT1,Rest,0
SFMBT1,Stim48hr,0
SFMBT1,Stim8hr,0
SFMBT2,Rest,0
SFMBT2,Stim48hr,0
SFMBT2,Stim8hr,0
SFN,Rest,0
SFN,Stim48hr,0
SFN,Stim8hr,0
SFR1,Rest,0
SFR1,Stim48hr,0
SFR1,Stim8hr,0
SFRP1,Rest,0
SFRP1,Stim48hr,0
SFRP1,Stim8hr,0
SFT2D1,Rest,0
SFT2D1,Stim48hr,0
SFT2D1,Stim8hr,0
SFT2D2,Rest,0
SFT2D2,Stim48hr,0
SFT2D2,Stim8hr,0
SFT2D3,Rest,0
SFT2D3,Stim48hr,0
SFT2D3,Stim8hr,0
SFTPA1,Rest,0
SFTPA1,Stim48hr,0
SFTPA1,Stim8hr,0
SFTPA2,Rest,0
SFTPA2,Stim48hr,0
SFTPA2,Stim8hr,0
SFTPB,Rest,0
SFTPB,Stim48hr,0
SFTPB,Stim8hr,0
SFTPC,Rest,0
SFTPC,Stim48hr,1
SFTPC,Stim8hr,0
SFXN1,Rest,1
SFXN1,Stim48hr,0
SFXN1,Stim8hr,0
SFXN2,Rest,0
SFXN2,Stim48hr,0
SFXN2,Stim8hr,0
SFXN3,Rest,0
SFXN3,Stim48hr,0
SFXN3,Stim8hr,0
SFXN4,Rest,0
SFXN4,Stim48hr,0
SFXN4,Stim8hr,0
SFXN5,Rest,0
SFXN5,Stim48hr,0
SFXN5,Stim8hr,0
SGCB,Rest,1
SGCB,Stim48hr,0
SGCB,Stim8hr,0
SGF29,Rest,5
SGF29,Stim48hr,12
SGF29,Stim8hr,9
SGK1,Rest,0
SGK1,Stim48hr,0
SGK1,Stim8hr,0
SGK2,Rest,0
SGK2,Stim48hr,0
SGK2,Stim8hr,0
SGK3,Rest,0
SGK3,Stim48hr,0
SGK3,Stim8hr,0
SGMS1,Rest,0
SGMS1,Stim48hr,0
SGMS1,Stim8hr,0
SGO1,Rest,0
SGO1,Stim48hr,0
SGO1,Stim8hr,0
SGO2,Rest,0
SGO2,Stim48hr,0
SGO2,Stim8hr,0
SGPL1,Rest,0
SGPL1,Stim48hr,0
SGPL1,Stim8hr,0
SGPP1,Rest,0
SGPP1,Stim48hr,0
SGPP1,Stim8hr,0
SGPP2,Rest,0
SGPP2,Stim48hr,0
SGPP2,Stim8hr,0
SGSH,Rest,0
SGSH,Stim48hr,0
SGSH,Stim8hr,0
SGSM1,Rest,0
SGSM1,Stim48hr,0
SGSM1,Stim8hr,0
SGSM2,Rest,0
SGSM2,Stim48hr,0
SGSM2,Stim8hr,0
SGSM3,Rest,0
SGSM3,Stim48hr,0
SGSM3,Stim8hr,0
SGTA,Rest,0
SGTA,Stim48hr,0
SGTA,Stim8hr,0
SGTB,Rest,0
SGTB,Stim48hr,0
SGTB,Stim8hr,0
SH2B1,Rest,0
SH2B1,Stim48hr,0
SH2B1,Stim8hr,0
SH2B3,Rest,0
SH2B3,Stim48hr,0
SH2B3,Stim8hr,0
SH2D1A,Rest,0
SH2D1A,Stim48hr,0
SH2D1A,Stim8hr,0
SH2D2A,Rest,0
SH2D2A,Stim48hr,0
SH2D2A,Stim8hr,0
SH2D3A,Rest,0
SH2D3A,Stim48hr,0
SH2D3A,Stim8hr,0
SH2D4A,Rest,0
SH2D4A,Stim48hr,0
SH2D4A,Stim8hr,0
SH3BGR,Rest,0
SH3BGR,Stim48hr,0
SH3BGR,Stim8hr,0
SH3BGRL,Rest,0
SH3BGRL,Stim48hr,0
SH3BGRL,Stim8hr,0
SH3BGRL2,Rest,0
SH3BGRL2,Stim48hr,0
SH3BGRL2,Stim8hr,0
SH3BGRL3,Rest,0
SH3BGRL3,Stim48hr,0
SH3BGRL3,Stim8hr,0
SH3BP1,Rest,0
SH3BP1,Stim48hr,0
SH3BP1,Stim8hr,0
SH3BP2,Rest,0
SH3BP2,Stim48hr,0
SH3BP2,Stim8hr,0
SH3BP5,Rest,0
SH3BP5,Stim48hr,0
SH3BP5,Stim8hr,0
SH3BP5L,Rest,0
SH3BP5L,Stim48hr,0
SH3BP5L,Stim8hr,0
SH3D19,Rest,0
SH3D19,Stim48hr,0
SH3D19,Stim8hr,0
SH3GL1,Rest,0
SH3GL1,Stim48hr,0
SH3GL1,Stim8hr,0
SH3GLB1,Rest,0
SH3GLB1,Stim48hr,0
SH3GLB1,Stim8hr,0
SH3GLB2,Rest,0
SH3GLB2,Stim48hr,0
SH3GLB2,Stim8hr,0
SH3KBP1,Rest,1
SH3KBP1,Stim48hr,0
SH3KBP1,Stim8hr,0
SH3PXD2A,Rest,0
SH3PXD2A,Stim48hr,0
SH3PXD2A,Stim8hr,0
SH3RF3,Rest,0
SH3RF3,Stim48hr,0
SH3RF3,Stim8hr,0
SH3TC1,Rest,0
SH3TC1,Stim48hr,0
SH3TC1,Stim8hr,0
SH3YL1,Rest,0
SH3YL1,Stim48hr,0
SH3YL1,Stim8hr,0
SHANK2,Rest,2
SHANK2,Stim48hr,0
SHANK2,Stim8hr,0
SHARPIN,Rest,0
SHARPIN,Stim8hr,0
SHC1,Rest,0
SHC1,Stim48hr,1
SHC1,Stim8hr,0
SHC4,Rest,0
SHC4,Stim48hr,0
SHC4,Stim8hr,0
SHCBP1,Rest,0
SHCBP1,Stim48hr,0
SHCBP1,Stim8hr,0
SHF,Rest,0
SHF,Stim48hr,0
SHF,Stim8hr,0
SHFL,Rest,0
SHFL,Stim48hr,0
SHFL,Stim8hr,0
SHISA2,Rest,0
SHISA2,Stim48hr,0
SHISA2,Stim8hr,0
SHISA5,Rest,0
SHISA5,Stim48hr,0
SHISA5,Stim8hr,0
SHISAL2A,Rest,0
SHISAL2A,Stim48hr,0
SHISAL2A,Stim8hr,0
SHKBP1,Rest,0
SHKBP1,Stim48hr,0
SHKBP1,Stim8hr,0
SHLD1,Rest,0
SHLD1,Stim48hr,0
SHLD1,Stim8hr,0
SHLD2,Rest,0
SHLD2,Stim48hr,0
SHLD2,Stim8hr,0
SHMT1,Rest,0
SHMT1,Stim48hr,0
SHMT1,Stim8hr,0
SHMT2,Rest,0
SHMT2,Stim48hr,0
SHMT2,Stim8hr,1
SHOC2,Rest,0
SHOC2,Stim48hr,1
SHOC2,Stim8hr,2
SHOX,Rest,0
SHOX,Stim48hr,0
SHOX,Stim8hr,0
SHOX2,Rest,0
SHOX2,Stim48hr,0
SHOX2,Stim8hr,0
SHPK,Rest,0
SHPK,Stim48hr,0
SHPK,Stim8hr,0
SHPRH,Rest,0
SHPRH,Stim48hr,0
SHPRH,Stim8hr,0
SHQ1,Rest,0
SHQ1,Stim48hr,0
SHQ1,Stim8hr,0
SHROOM1,Rest,0
SHROOM1,Stim48hr,0
SHROOM1,Stim8hr,0
SIAE,Rest,0
SIAE,Stim48hr,0
SIAE,Stim8hr,0
SIAH1,Rest,0
SIAH1,Stim48hr,0
SIAH1,Stim8hr,0
SIAH2,Rest,0
SIAH2,Stim48hr,0
SIAH2,Stim8hr,0
SIAH3,Rest,0
SIAH3,Stim48hr,0
SIAH3,Stim8hr,0
SIDT1,Rest,0
SIDT1,Stim48hr,0
SIDT1,Stim8hr,0
SIDT2,Rest,0
SIDT2,Stim48hr,0
SIDT2,Stim8hr,0
SIGIRR,Rest,1
SIGIRR,Stim48hr,0
SIGIRR,Stim8hr,0
SIGLEC10,Rest,0
SIGLEC10,Stim48hr,0
SIGLEC10,Stim8hr,0
SIGLEC14,Rest,0
SIGLEC14,Stim48hr,0
SIGLEC14,Stim8hr,0
SIGLEC9,Rest,0
SIGLEC9,Stim48hr,0
SIGLEC9,Stim8hr,0
SIGMAR1,Rest,0
SIGMAR1,Stim48hr,0
SIGMAR1,Stim8hr,0
SIK1,Rest,0
SIK1,Stim48hr,0
SIK1,Stim8hr,0
SIK2,Rest,1
SIK2,Stim48hr,0
SIK2,Stim8hr,0
SIK3,Rest,1
SIK3,Stim48hr,10
SIK3,Stim8hr,5
SIKE1,Rest,0
SIKE1,Stim48hr,0
SIKE1,Stim8hr,0
SIL1,Rest,0
SIL1,Stim48hr,0
SIL1,Stim8hr,0
SIM1,Rest,0
SIM1,Stim48hr,0
SIM1,Stim8hr,0
SIM2,Rest,0
SIM2,Stim48hr,0
SIM2,Stim8hr,0
SIMC1,Rest,0
SIMC1,Stim48hr,0
SIMC1,Stim8hr,0
SIN3A,Rest,0
SIN3A,Stim48hr,0
SIN3A,Stim8hr,0
SIN3B,Rest,1
SIN3B,Stim48hr,1
SIN3B,Stim8hr,0
SINHCAF,Rest,0
SINHCAF,Stim48hr,0
SINHCAF,Stim8hr,0
SIPA1,Rest,0
SIPA1,Stim48hr,0
SIPA1,Stim8hr,0
SIPA1L3,Rest,0
SIPA1L3,Stim48hr,0
SIPA1L3,Stim8hr,0
SIRAL1,Rest,0
SIRAL1,Stim48hr,0
SIRAL1,Stim8hr,0
SIRAL2,Rest,0
SIRAL2,Stim48hr,0
SIRAL2,Stim8hr,0
SIRPA,Rest,0
SIRPA,Stim48hr,0
SIRPA,Stim8hr,0
SIRPB1,Rest,0
SIRPB1,Stim48hr,0
SIRPB1,Stim8hr,0
SIRPG,Rest,0
SIRPG,Stim48hr,0
SIRPG,Stim8hr,0
SIRT1,Stim48hr,0
SIRT1,Stim8hr,0
SIRT2,Rest,0
SIRT2,Stim48hr,0
SIRT2,Stim8hr,0
SIRT3,Rest,2
SIRT3,Stim48hr,0
SIRT3,Stim8hr,0
SIRT4,Rest,0
SIRT4,Stim48hr,0
SIRT4,Stim8hr,0
SIRT5,Rest,0
SIRT5,Stim48hr,0
SIRT5,Stim8hr,0
SIRT6,Rest,0
SIRT6,Stim48hr,0
SIRT6,Stim8hr,0
SIRT7,Rest,2
SIRT7,Stim48hr,0
SIRT7,Stim8hr,1
SIT1,Rest,0
SIT1,Stim48hr,0
SIT1,Stim8hr,0
SIVA1,Rest,0
SIVA1,Stim48hr,0
SIVA1,Stim8hr,0
SIX1,Rest,0
SIX1,Stim48hr,0
SIX1,Stim8hr,0
SIX2,Rest,0
SIX2,Stim48hr,0
SIX2,Stim8hr,0
SIX3,Rest,2
SIX3,Stim48hr,0
SIX3,Stim8hr,0
SIX4,Rest,0
SIX4,Stim48hr,0
SIX4,Stim8hr,0
SIX5,Rest,0
SIX5,Stim48hr,0
SIX5,Stim8hr,0
SIX6,Rest,0
SIX6,Stim48hr,0
SIX6,Stim8hr,0
SKA1,Rest,0
SKA1,Stim48hr,0
SKA1,Stim8hr,0
SKA2,Rest,0
SKA2,Stim48hr,0
SKA2,Stim8hr,0
SKA3,Rest,0
SKA3,Stim48hr,0
SKA3,Stim8hr,0
SKAP1,Rest,0
SKAP1,Stim48hr,0
SKAP1,Stim8hr,0
SKAP2,Rest,0
SKAP2,Stim48hr,0
SKAP2,Stim8hr,0
SKI,Rest,0
SKI,Stim48hr,0
SKI,Stim8hr,0
SKIC2,Rest,0
SKIC2,Stim8hr,6
SKIC3,Rest,0
SKIC3,Stim48hr,0
SKIC3,Stim8hr,2
SKIC8,Rest,2
SKIC8,Stim48hr,5
SKIC8,Stim8hr,2
SKIL,Rest,0
SKIL,Stim48hr,0
SKIL,Stim8hr,0
SKOR1,Rest,0
SKOR1,Stim48hr,0
SKOR1,Stim8hr,0
SKOR2,Rest,0
SKOR2,Stim48hr,0
SKOR2,Stim8hr,0
SKP2,Rest,0
SKP2,Stim48hr,0
SKP2,Stim8hr,0
SLA,Rest,0
SLA,Stim48hr,0
SLA,Stim8hr,0
SLA2,Rest,0
SLA2,Stim48hr,0
SLA2,Stim8hr,0
SLAIN1,Rest,0
SLAIN1,Stim48hr,0
SLAIN1,Stim8hr,0
SLAIN2,Rest,0
SLAIN2,Stim48hr,0
SLAIN2,Stim8hr,0
SLAMF1,Rest,0
SLAMF1,Stim48hr,0
SLAMF1,Stim8hr,0
SLAMF6,Rest,0
SLAMF6,Stim48hr,0
SLAMF6,Stim8hr,0
SLAMF7,Rest,0
SLAMF7,Stim48hr,0
SLAMF7,Stim8hr,0
SLAMF8,Rest,0
SLAMF8,Stim48hr,0
SLAMF8,Stim8hr,1
SLC10A1,Rest,0
SLC10A1,Stim48hr,0
SLC10A1,Stim8hr,0
SLC10A3,Rest,0
SLC10A3,Stim48hr,0
SLC10A3,Stim8hr,0
SLC10A7,Rest,0
SLC10A7,Stim48hr,0
SLC10A7,Stim8hr,0
SLC11A1,Rest,0
SLC11A1,Stim48hr,0
SLC11A1,Stim8hr,0
SLC11A2,Rest,0
SLC11A2,Stim48hr,0
SLC11A2,Stim8hr,0
SLC12A2,Rest,0
SLC12A2,Stim48hr,0
SLC12A2,Stim8hr,0
SLC12A4,Rest,0
SLC12A4,Stim48hr,0
SLC12A4,Stim8hr,0
SLC12A6,Rest,0
SLC12A6,Stim48hr,0
SLC12A6,Stim8hr,0
SLC12A7,Rest,0
SLC12A7,Stim48hr,0
SLC12A7,Stim8hr,0
SLC12A9,Rest,0
SLC12A9,Stim48hr,0
SLC12A9,Stim8hr,0
SLC15A2,Rest,0
SLC15A2,Stim48hr,0
SLC15A2,Stim8hr,0
SLC15A3,Rest,0
SLC15A3,Stim48hr,0
SLC15A3,Stim8hr,0
SLC15A4,Rest,0
SLC15A4,Stim48hr,0
SLC15A4,Stim8hr,0
SLC16A1,Rest,0
SLC16A1,Stim48hr,2
SLC16A1,Stim8hr,0
SLC16A10,Rest,0
SLC16A10,Stim48hr,0
SLC16A10,Stim8hr,0
SLC16A13,Rest,2
SLC16A13,Stim48hr,0
SLC16A13,Stim8hr,0
SLC16A3,Rest,0
SLC16A3,Stim48hr,0
SLC16A3,Stim8hr,0
SLC16A5,Rest,0
SLC16A5,Stim48hr,0
SLC16A5,Stim8hr,0
SLC16A6,Rest,0
SLC16A6,Stim48hr,0
SLC16A6,Stim8hr,0
SLC16A7,Rest,0
SLC16A7,Stim48hr,0
SLC16A7,Stim8hr,0
SLC17A1,Rest,0
SLC17A1,Stim48hr,0
SLC17A1,Stim8hr,0
SLC17A3,Rest,0
SLC17A3,Stim48hr,0
SLC17A3,Stim8hr,0
SLC17A5,Rest,2
SLC17A5,Stim48hr,0
SLC17A5,Stim8hr,0
SLC17A9,Rest,0
SLC17A9,Stim48hr,0
SLC17A9,Stim8hr,0
SLC18A2,Rest,0
SLC18A2,Stim48hr,0
SLC18A2,Stim8hr,0
SLC18B1,Rest,0
SLC18B1,Stim48hr,0
SLC18B1,Stim8hr,0
SLC19A1,Rest,0
SLC19A1,Stim48hr,0
SLC19A1,Stim8hr,0
SLC19A2,Rest,0
SLC19A2,Stim48hr,0
SLC19A2,Stim8hr,0
SLC1A2,Rest,0
SLC1A2,Stim48hr,0
SLC1A2,Stim8hr,0
SLC1A4,Rest,0
SLC1A4,Stim48hr,0
SLC1A4,Stim8hr,0
SLC1A5,Rest,0
SLC1A5,Stim48hr,0
SLC1A5,Stim8hr,0
SLC1A6,Rest,0
SLC1A6,Stim48hr,0
SLC1A6,Stim8hr,0
SLC20A1,Rest,0
SLC20A1,Stim48hr,0
SLC20A1,Stim8hr,0
SLC22A15,Rest,0
SLC22A15,Stim48hr,0
SLC22A15,Stim8hr,0
SLC22A17,Rest,0
SLC22A17,Stim48hr,0
SLC22A17,Stim8hr,0
SLC22A23,Rest,0
SLC22A23,Stim48hr,0
SLC22A23,Stim8hr,0
SLC22A3,Rest,0
SLC22A3,Stim48hr,0
SLC22A3,Stim8hr,0
SLC22A5,Rest,0
SLC22A5,Stim48hr,0
SLC22A5,Stim8hr,0
SLC23A1,Rest,0
SLC23A1,Stim48hr,0
SLC23A1,Stim8hr,0
SLC23A2,Rest,0
SLC23A2,Stim48hr,0
SLC23A2,Stim8hr,0
SLC23A3,Rest,0
SLC23A3,Stim48hr,0
SLC23A3,Stim8hr,0
SLC24A1,Rest,2
SLC24A1,Stim48hr,1
SLC24A1,Stim8hr,1
SLC25A1,Rest,0
SLC25A1,Stim48hr,0
SLC25A1,Stim8hr,0
SLC25A10,Rest,0
SLC25A10,Stim48hr,2
SLC25A10,Stim8hr,0
SLC25A11,Rest,0
SLC25A11,Stim48hr,0
SLC25A11,Stim8hr,0
SLC25A12,Rest,0
SLC25A12,Stim48hr,0
SLC25A12,Stim8hr,0
SLC25A13,Rest,0
SLC25A13,Stim48hr,0
SLC25A13,Stim8hr,0
SLC25A14,Rest,0
SLC25A14,Stim48hr,0
SLC25A14,Stim8hr,0
SLC25A15,Rest,0
SLC25A15,Stim48hr,0
SLC25A15,Stim8hr,0
SLC25A16,Rest,0
SLC25A16,Stim48hr,0
SLC25A16,Stim8hr,0
SLC25A17,Rest,0
SLC25A17,Stim48hr,0
SLC25A17,Stim8hr,0
SLC25A19,Rest,0
SLC25A19,Stim48hr,0
SLC25A19,Stim8hr,0
SLC25A20,Rest,0
SLC25A20,Stim48hr,0
SLC25A20,Stim8hr,0
SLC25A22,Rest,0
SLC25A22,Stim48hr,0
SLC25A22,Stim8hr,0
SLC25A23,Rest,0
SLC25A23,Stim48hr,0
SLC25A23,Stim8hr,0
SLC25A24,Rest,0
SLC25A24,Stim48hr,0
SLC25A24,Stim8hr,0
SLC25A25,Rest,0
SLC25A25,Stim48hr,0
SLC25A25,Stim8hr,0
SLC25A26,Rest,1
SLC25A26,Stim48hr,0
SLC25A26,Stim8hr,2
SLC25A27,Rest,0
SLC25A27,Stim48hr,0
SLC25A27,Stim8hr,0
SLC25A28,Rest,0
SLC25A28,Stim48hr,0
SLC25A28,Stim8hr,0
SLC25A29,Rest,0
SLC25A29,Stim48hr,0
SLC25A29,Stim8hr,0
SLC25A3,Rest,0
SLC25A3,Stim48hr,0
SLC25A3,Stim8hr,1
SLC25A30,Rest,0
SLC25A30,Stim48hr,0
SLC25A30,Stim8hr,0
SLC25A32,Rest,0
SLC25A32,Stim48hr,0
SLC25A32,Stim8hr,0
SLC25A33,Rest,0
SLC25A33,Stim48hr,0
SLC25A33,Stim8hr,0
SLC25A34,Rest,0
SLC25A34,Stim48hr,0
SLC25A34,Stim8hr,0
SLC25A35,Rest,0
SLC25A35,Stim48hr,0
SLC25A35,Stim8hr,0
SLC25A36,Rest,0
SLC25A36,Stim48hr,0
SLC25A36,Stim8hr,0
SLC25A37,Rest,0
SLC25A37,Stim48hr,0
SLC25A37,Stim8hr,0
SLC25A38,Rest,0
SLC25A38,Stim48hr,0
SLC25A38,Stim8hr,0
SLC25A39,Rest,0
SLC25A39,Stim48hr,0
SLC25A39,Stim8hr,0
SLC25A4,Rest,0
SLC25A4,Stim48hr,0
SLC25A4,Stim8hr,0
SLC25A40,Rest,0
SLC25A40,Stim48hr,0
SLC25A40,Stim8hr,0
SLC25A42,Rest,0
SLC25A42,Stim48hr,0
SLC25A42,Stim8hr,0
SLC25A43,Rest,0
SLC25A43,Stim48hr,0
SLC25A43,Stim8hr,0
SLC25A44,Rest,0
SLC25A44,Stim48hr,0
SLC25A44,Stim8hr,0
SLC25A45,Rest,2
SLC25A45,Stim48hr,0
SLC25A45,Stim8hr,0
SLC25A46,Rest,0
SLC25A46,Stim48hr,0
SLC25A46,Stim8hr,0
SLC25A5,Rest,0
SLC25A5,Stim48hr,0
SLC25A5,Stim8hr,0
SLC25A51,Rest,1
SLC25A51,Stim48hr,0
SLC25A51,Stim8hr,1
SLC25A53,Rest,0
SLC25A53,Stim48hr,0
SLC25A53,Stim8hr,0
SLC25A6,Rest,0
SLC25A6,Stim48hr,0
SLC25A6,Stim8hr,0
SLC26A1,Rest,0
SLC26A1,Stim48hr,0
SLC26A1,Stim8hr,0
SLC26A11,Rest,0
SLC26A11,Stim48hr,0
SLC26A11,Stim8hr,0
SLC26A2,Rest,0
SLC26A2,Stim48hr,0
SLC26A2,Stim8hr,0
SLC26A3,Rest,0
SLC26A3,Stim48hr,0
SLC26A3,Stim8hr,0
SLC26A4,Rest,0
SLC26A4,Stim48hr,0
SLC26A4,Stim8hr,0
SLC26A5,Rest,0
SLC26A5,Stim48hr,0
SLC26A5,Stim8hr,0
SLC26A6,Rest,0
SLC26A6,Stim48hr,0
SLC26A6,Stim8hr,0
SLC27A1,Rest,0
SLC27A1,Stim48hr,0
SLC27A1,Stim8hr,0
SLC27A2,Rest,0
SLC27A2,Stim48hr,0
SLC27A2,Stim8hr,0
SLC27A3,Rest,0
SLC27A3,Stim48hr,0
SLC27A3,Stim8hr,0
SLC27A4,Rest,0
SLC27A4,Stim48hr,0
SLC27A4,Stim8hr,0
SLC27A5,Rest,0
SLC27A5,Stim48hr,0
SLC27A5,Stim8hr,0
SLC29A1,Rest,0
SLC29A1,Stim48hr,0
SLC29A1,Stim8hr,0
SLC29A2,Rest,0
SLC29A2,Stim48hr,0
SLC29A2,Stim8hr,0
SLC29A3,Rest,0
SLC29A3,Stim48hr,0
SLC29A3,Stim8hr,0
SLC2A1,Rest,0
SLC2A1,Stim48hr,0
SLC2A1,Stim8hr,0
SLC2A11,Rest,0
SLC2A11,Stim48hr,0
SLC2A11,Stim8hr,0
SLC2A13,Rest,0
SLC2A13,Stim48hr,0
SLC2A13,Stim8hr,0
SLC2A14,Rest,0
SLC2A14,Stim48hr,0
SLC2A14,Stim8hr,0
SLC2A3,Rest,0
SLC2A3,Stim48hr,0
SLC2A3,Stim8hr,0
SLC2A4RG,Rest,0
SLC2A4RG,Stim48hr,0
SLC2A4RG,Stim8hr,0
SLC2A6,Rest,0
SLC2A6,Stim48hr,0
SLC2A6,Stim8hr,0
SLC2A8,Rest,0
SLC2A8,Stim48hr,0
SLC2A8,Stim8hr,0
SLC30A1,Rest,0
SLC30A1,Stim48hr,0
SLC30A1,Stim8hr,0
SLC30A4,Rest,0
SLC30A4,Stim48hr,0
SLC30A4,Stim8hr,0
SLC30A5,Rest,0
SLC30A5,Stim48hr,0
SLC30A5,Stim8hr,0
SLC30A6,Rest,0
SLC30A6,Stim48hr,0
SLC30A6,Stim8hr,0
SLC30A7,Rest,0
SLC30A7,Stim48hr,0
SLC30A7,Stim8hr,0
SLC30A9,Rest,0
SLC30A9,Stim48hr,0
SLC30A9,Stim8hr,0
SLC31A1,Rest,1
SLC31A1,Stim48hr,5
SLC31A1,Stim8hr,1
SLC31A2,Rest,0
SLC31A2,Stim48hr,0
SLC31A2,Stim8hr,0
SLC33A1,Rest,1
SLC33A1,Stim48hr,0
SLC33A1,Stim8hr,0
SLC33A2,Rest,0
SLC33A2,Stim48hr,0
SLC33A2,Stim8hr,0
SLC35A1,Rest,0
SLC35A1,Stim48hr,0
SLC35A1,Stim8hr,0
SLC35A2,Rest,0
SLC35A2,Stim48hr,0
SLC35A2,Stim8hr,0
SLC35A3,Rest,0
SLC35A3,Stim48hr,0
SLC35A3,Stim8hr,0
SLC35A4,Rest,0
SLC35A4,Stim48hr,0
SLC35A4,Stim8hr,0
SLC35A5,Rest,0
SLC35A5,Stim48hr,0
SLC35A5,Stim8hr,0
SLC35B1,Rest,2
SLC35B1,Stim48hr,5
SLC35B1,Stim8hr,9
SLC35B2,Rest,0
SLC35B2,Stim48hr,0
SLC35B2,Stim8hr,0
SLC35B3,Rest,0
SLC35B3,Stim48hr,0
SLC35B3,Stim8hr,0
SLC35B4,Rest,0
SLC35B4,Stim48hr,0
SLC35B4,Stim8hr,0
SLC35C1,Rest,0
SLC35C1,Stim48hr,0
SLC35C1,Stim8hr,0
SLC35D1,Rest,0
SLC35D1,Stim48hr,0
SLC35D1,Stim8hr,0
SLC35D2,Rest,0
SLC35D2,Stim48hr,0
SLC35D2,Stim8hr,0
SLC35D4,Rest,0
SLC35D4,Stim48hr,0
SLC35D4,Stim8hr,0
SLC35E1,Rest,0
SLC35E1,Stim48hr,0
SLC35E1,Stim8hr,0
SLC35E2A,Rest,0
SLC35E2A,Stim48hr,0
SLC35E2A,Stim8hr,0
SLC35E2B,Rest,0
SLC35E2B,Stim48hr,0
SLC35E2B,Stim8hr,0
SLC35E3,Rest,0
SLC35E3,Stim48hr,0
SLC35E3,Stim8hr,0
SLC35E4,Rest,0
SLC35E4,Stim48hr,0
SLC35E4,Stim8hr,0
SLC35F2,Rest,0
SLC35F2,Stim48hr,0
SLC35F2,Stim8hr,0
SLC35F5,Rest,0
SLC35F5,Stim48hr,0
SLC35F5,Stim8hr,0
SLC35F6,Rest,0
SLC35F6,Stim48hr,0
SLC35F6,Stim8hr,0
SLC35G1,Rest,0
SLC35G1,Stim48hr,0
SLC35G1,Stim8hr,0
SLC35H1,Rest,0
SLC35H1,Stim48hr,0
SLC35H1,Stim8hr,0
SLC36A1,Rest,0
SLC36A1,Stim48hr,0
SLC36A1,Stim8hr,0
SLC36A4,Rest,0
SLC36A4,Stim48hr,0
SLC36A4,Stim8hr,0
SLC37A1,Rest,0
SLC37A1,Stim48hr,0
SLC37A1,Stim8hr,0
SLC37A3,Rest,0
SLC37A3,Stim48hr,0
SLC37A3,Stim8hr,0
SLC37A4,Rest,0
SLC37A4,Stim48hr,0
SLC37A4,Stim8hr,0
SLC38A1,Rest,0
SLC38A1,Stim48hr,0
SLC38A1,Stim8hr,0
SLC38A10,Rest,0
SLC38A10,Stim48hr,0
SLC38A10,Stim8hr,0
SLC38A12,Rest,0
SLC38A12,Stim48hr,0
SLC38A12,Stim8hr,0
SLC38A2,Rest,1
SLC38A2,Stim48hr,0
SLC38A2,Stim8hr,0
SLC38A5,Rest,0
SLC38A5,Stim48hr,0
SLC38A5,Stim8hr,0
SLC38A6,Rest,1
SLC38A6,Stim48hr,0
SLC38A6,Stim8hr,1
SLC38A7,Rest,0
SLC38A7,Stim48hr,0
SLC38A7,Stim8hr,0
SLC38A9,Rest,0
SLC38A9,Stim48hr,0
SLC38A9,Stim8hr,0
SLC39A1,Rest,0
SLC39A1,Stim48hr,0
SLC39A1,Stim8hr,0
SLC39A10,Rest,0
SLC39A10,Stim48hr,0
SLC39A10,Stim8hr,0
SLC39A11,Rest,0
SLC39A11,Stim48hr,0
SLC39A11,Stim8hr,0
SLC39A13,Rest,0
SLC39A13,Stim48hr,0
SLC39A13,Stim8hr,1
SLC39A14,Rest,0
SLC39A14,Stim48hr,0
SLC39A14,Stim8hr,0
SLC39A3,Rest,0
SLC39A3,Stim48hr,0
SLC39A3,Stim8hr,0
SLC39A4,Rest,0
SLC39A4,Stim48hr,0
SLC39A4,Stim8hr,0
SLC39A6,Rest,1
SLC39A6,Stim48hr,0
SLC39A6,Stim8hr,1
SLC39A7,Rest,0
SLC39A7,Stim48hr,0
SLC39A7,Stim8hr,0
SLC39A8,Rest,0
SLC39A8,Stim48hr,0
SLC39A8,Stim8hr,0
SLC39A9,Rest,0
SLC39A9,Stim48hr,0
SLC39A9,Stim8hr,0
SLC3A1,Rest,0
SLC3A1,Stim48hr,0
SLC3A1,Stim8hr,0
SLC3A2,Rest,0
SLC3A2,Stim48hr,1
SLC3A2,Stim8hr,3
SLC40A1,Rest,0
SLC40A1,Stim48hr,0
SLC40A1,Stim8hr,0
SLC41A1,Rest,0
SLC41A1,Stim48hr,0
SLC41A1,Stim8hr,0
SLC41A2,Rest,0
SLC41A2,Stim48hr,0
SLC41A2,Stim8hr,0
SLC41A3,Rest,0
SLC41A3,Stim48hr,0
SLC41A3,Stim8hr,0
SLC43A1,Rest,0
SLC43A1,Stim48hr,0
SLC43A1,Stim8hr,0
SLC43A2,Rest,0
SLC43A2,Stim48hr,0
SLC43A2,Stim8hr,0
SLC43A3,Rest,0
SLC43A3,Stim48hr,0
SLC43A3,Stim8hr,0
SLC44A1,Rest,0
SLC44A1,Stim48hr,0
SLC44A1,Stim8hr,0
SLC44A2,Rest,5
SLC44A2,Stim48hr,0
SLC44A2,Stim8hr,1
SLC44A3,Rest,0
SLC44A3,Stim48hr,0
SLC44A3,Stim8hr,0
SLC44A4,Rest,0
SLC44A4,Stim48hr,0
SLC44A4,Stim8hr,0
SLC44A5,Rest,0
SLC44A5,Stim48hr,0
SLC44A5,Stim8hr,0
SLC45A4,Rest,0
SLC45A4,Stim48hr,0
SLC45A4,Stim8hr,0
SLC46A3,Rest,0
SLC46A3,Stim48hr,0
SLC46A3,Stim8hr,0
SLC48A1,Rest,0
SLC48A1,Stim48hr,0
SLC48A1,Stim8hr,0
SLC49A4,Rest,0
SLC49A4,Stim48hr,0
SLC49A4,Stim8hr,0
SLC4A10,Rest,0
SLC4A10,Stim48hr,0
SLC4A10,Stim8hr,0
SLC4A1AP,Rest,0
SLC4A1AP,Stim48hr,0
SLC4A1AP,Stim8hr,0
SLC4A2,Rest,0
SLC4A2,Stim48hr,0
SLC4A2,Stim8hr,0
SLC4A4,Rest,0
SLC4A4,Stim48hr,0
SLC4A4,Stim8hr,0
SLC4A5,Rest,0
SLC4A5,Stim48hr,0
SLC4A5,Stim8hr,0
SLC4A7,Rest,0
SLC4A7,Stim48hr,0
SLC4A7,Stim8hr,0
SLC4A8,Rest,0
SLC4A8,Stim48hr,0
SLC4A8,Stim8hr,0
SLC50A1,Rest,0
SLC50A1,Stim48hr,0
SLC50A1,Stim8hr,0
SLC51A,Rest,0
SLC51A,Stim48hr,0
SLC51A,Stim8hr,0
SLC52A2,Rest,0
SLC52A2,Stim48hr,0
SLC52A2,Stim8hr,0
SLC5A10,Rest,0
SLC5A10,Stim48hr,0
SLC5A10,Stim8hr,0
SLC5A2,Rest,0
SLC5A2,Stim48hr,0
SLC5A2,Stim8hr,0
SLC5A3,Rest,0
SLC5A3,Stim48hr,0
SLC5A3,Stim8hr,0
SLC5A5,Rest,0
SLC5A5,Stim48hr,0
SLC5A5,Stim8hr,0
SLC5A6,Rest,5
SLC5A6,Stim48hr,0
SLC5A6,Stim8hr,0
SLC60A1,Rest,0
SLC60A1,Stim48hr,0
SLC60A1,Stim8hr,0
SLC60A2,Rest,0
SLC60A2,Stim48hr,0
SLC60A2,Stim8hr,0
SLC61A1,Rest,0
SLC61A1,Stim48hr,0
SLC61A1,Stim8hr,0
SLC66A1,Rest,0
SLC66A1,Stim48hr,0
SLC66A1,Stim8hr,0
SLC66A2,Rest,0
SLC66A2,Stim48hr,0
SLC66A2,Stim8hr,0
SLC66A3,Rest,0
SLC66A3,Stim48hr,0
SLC66A3,Stim8hr,0
SLC67A1,Rest,0
SLC67A1,Stim48hr,0
SLC67A1,Stim8hr,0
SLC67A2,Rest,0
SLC67A2,Stim48hr,0
SLC67A2,Stim8hr,0
SLC68A1,Rest,0
SLC68A1,Stim48hr,0
SLC68A1,Stim8hr,0
SLC6A1,Rest,0
SLC6A1,Stim48hr,0
SLC6A1,Stim8hr,0
SLC6A6,Rest,0
SLC6A6,Stim48hr,0
SLC6A6,Stim8hr,0
SLC6A8,Rest,0
SLC6A8,Stim48hr,0
SLC6A8,Stim8hr,0
SLC6A9,Rest,0
SLC6A9,Stim48hr,0
SLC6A9,Stim8hr,0
SLC71A1,Rest,0
SLC71A1,Stim48hr,0
SLC71A1,Stim8hr,0
SLC71A2,Rest,0
SLC71A2,Stim8hr,0
SLC75A1,Rest,0
SLC75A1,Stim48hr,0
SLC75A1,Stim8hr,0
SLC7A11,Rest,1
SLC7A11,Stim48hr,1
SLC7A11,Stim8hr,2
SLC7A5,Rest,0
SLC7A5,Stim48hr,0
SLC7A5,Stim8hr,0
SLC7A6,Rest,0
SLC7A6,Stim48hr,0
SLC7A6,Stim8hr,0
SLC7A7,Rest,1
SLC7A7,Stim48hr,0
SLC7A7,Stim8hr,0
SLC7A8,Rest,0
SLC7A8,Stim48hr,0
SLC7A8,Stim8hr,0
SLC8B1,Rest,0
SLC8B1,Stim48hr,0
SLC8B1,Stim8hr,0
SLC9A1,Rest,0
SLC9A1,Stim48hr,0
SLC9A1,Stim8hr,0
SLC9A5,Rest,0
SLC9A5,Stim48hr,0
SLC9A5,Stim8hr,0
SLC9A6,Rest,0
SLC9A6,Stim48hr,0
SLC9A6,Stim8hr,0
SLC9A7,Rest,0
SLC9A7,Stim48hr,0
SLC9A7,Stim8hr,0
SLC9A8,Rest,0
SLC9A8,Stim48hr,0
SLC9A8,Stim8hr,0
SLC9A9,Rest,0
SLC9A9,Stim48hr,0
SLC9A9,Stim8hr,0
SLC9B1,Rest,0
SLC9B1,Stim48hr,0
SLC9B1,Stim8hr,0
SLC9B2,Rest,0
SLC9B2,Stim48hr,0
SLC9B2,Stim8hr,0
SLC9D1,Rest,0
SLC9D1,Stim48hr,0
SLC9D1,Stim8hr,0
SLCO3A1,Rest,0
SLCO3A1,Stim48hr,0
SLCO3A1,Stim8hr,0
SLCO4A1,Stim48hr,0
SLCO4A1,Stim8hr,0
SLCO4C1,Rest,0
SLCO4C1,Stim48hr,0
SLCO4C1,Stim8hr,0
SLF1,Rest,0
SLF1,Stim48hr,0
SLF1,Stim8hr,0
SLFN11,Rest,0
SLFN11,Stim48hr,0
SLFN11,Stim8hr,0
SLFN12,Rest,0
SLFN12,Stim48hr,0
SLFN12,Stim8hr,0
SLFN12L,Rest,0
SLFN12L,Stim48hr,0
SLFN12L,Stim8hr,0
SLFN14,Rest,0
SLFN14,Stim48hr,0
SLFN14,Stim8hr,0
SLFN5,Rest,0
SLFN5,Stim48hr,0
SLFN5,Stim8hr,0
SLFNL1,Rest,0
SLFNL1,Stim48hr,0
SLFNL1,Stim8hr,0
SLIRP,Rest,0
SLIRP,Stim48hr,0
SLIRP,Stim8hr,0
SLIT3,Rest,1
SLIT3,Stim48hr,0
SLIT3,Stim8hr,0
SLK,Rest,0
SLK,Stim48hr,0
SLK,Stim8hr,5
SLMAP,Rest,0
SLMAP,Stim48hr,0
SLMAP,Stim8hr,0
SLPI,Rest,0
SLPI,Stim48hr,0
SLPI,Stim8hr,0
SLTM,Rest,0
SLTM,Stim48hr,0
SLTM,Stim8hr,0
SLX1A,Rest,0
SLX1A,Stim48hr,0
SLX1A,Stim8hr,0
SLX1B,Rest,0
SLX1B,Stim48hr,0
SLX1B,Stim8hr,2
SLX4,Rest,0
SLX4,Stim48hr,0
SLX4,Stim8hr,0
SLX4IP,Rest,0
SLX4IP,Stim48hr,0
SLX4IP,Stim8hr,0
SLX9,Rest,0
SLX9,Stim48hr,0
SLX9,Stim8hr,0
SMAD1,Rest,0
SMAD1,Stim48hr,0
SMAD1,Stim8hr,0
SMAD2,Rest,0
SMAD2,Stim48hr,0
SMAD2,Stim8hr,0
SMAD3,Rest,2
SMAD3,Stim48hr,0
SMAD3,Stim8hr,1
SMAD4,Rest,1
SMAD4,Stim48hr,0
SMAD4,Stim8hr,1
SMAD5,Rest,0
SMAD5,Stim48hr,0
SMAD5,Stim8hr,0
SMAD7,Rest,0
SMAD7,Stim48hr,0
SMAD7,Stim8hr,0
SMAD9,Rest,0
SMAD9,Stim48hr,0
SMAD9,Stim8hr,0
SMAGP,Rest,0
SMAGP,Stim48hr,0
SMAGP,Stim8hr,1
SMAP1,Rest,0
SMAP1,Stim48hr,0
SMAP1,Stim8hr,0
SMAP2,Rest,0
SMAP2,Stim48hr,0
SMAP2,Stim8hr,0
SMARCA1,Rest,0
SMARCA1,Stim48hr,0
SMARCA1,Stim8hr,0
SMARCA2,Rest,0
SMARCA2,Stim48hr,0
SMARCA2,Stim8hr,0
SMARCA4,Rest,0
SMARCA4,Stim48hr,3
SMARCA4,Stim8hr,2
SMARCA5,Rest,7
SMARCA5,Stim48hr,0
SMARCA5,Stim8hr,2
SMARCAD1,Rest,0
SMARCAD1,Stim48hr,0
SMARCAD1,Stim8hr,0
SMARCAL1,Rest,0
SMARCAL1,Stim48hr,0
SMARCAL1,Stim8hr,0
SMARCB1,Rest,4
SMARCB1,Stim48hr,10
SMARCB1,Stim8hr,9
SMARCC1,Rest,0
SMARCC1,Stim48hr,2
SMARCC1,Stim8hr,2
SMARCC2,Rest,0
SMARCC2,Stim48hr,0
SMARCC2,Stim8hr,0
SMARCD1,Rest,0
SMARCD1,Stim48hr,0
SMARCD1,Stim8hr,0
SMARCD2,Rest,0
SMARCD2,Stim48hr,0
SMARCD2,Stim8hr,0
SMARCD3,Stim48hr,2
SMARCE1,Rest,5
SMARCE1,Stim48hr,8
SMARCE1,Stim8hr,14
SMCHD1,Rest,0
SMCHD1,Stim48hr,0
SMCHD1,Stim8hr,0
SMCO4,Rest,0
SMCO4,Stim48hr,0
SMCO4,Stim8hr,0
SMCR8,Rest,0
SMCR8,Stim48hr,1
SMCR8,Stim8hr,0
SMDT1,Rest,0
SMDT1,Stim48hr,0
SMDT1,Stim8hr,0
SMG1,Rest,1
SMG1,Stim48hr,3
SMG1,Stim8hr,3
SMG5,Rest,0
SMG5,Stim48hr,0
SMG6,Rest,0
SMG6,Stim48hr,0
SMG6,Stim8hr,0
SMG7,Rest,2
SMG7,Stim48hr,2
SMG7,Stim8hr,5
SMG8,Rest,0
SMG8,Stim48hr,1
SMG8,Stim8hr,2
SMG9,Rest,0
SMG9,Stim48hr,3
SMG9,Stim8hr,1
SMIM1,Rest,0
SMIM1,Stim48hr,0
SMIM1,Stim8hr,0
SMIM10L1,Rest,0
SMIM10L1,Stim48hr,0
SMIM10L1,Stim8hr,0
SMIM11,Rest,0
SMIM11,Stim48hr,0
SMIM11,Stim8hr,0
SMIM12,Rest,0
SMIM12,Stim48hr,0
SMIM12,Stim8hr,0
SMIM13,Rest,0
SMIM13,Stim48hr,0
SMIM13,Stim8hr,0
SMIM14,Rest,0
SMIM14,Stim48hr,0
SMIM14,Stim8hr,0
SMIM15,Rest,0
SMIM15,Stim48hr,0
SMIM15,Stim8hr,0
SMIM19,Rest,0
SMIM19,Stim48hr,0
SMIM19,Stim8hr,0
SMIM20,Rest,0
SMIM20,Stim48hr,0
SMIM20,Stim8hr,0
SMIM22,Rest,0
SMIM22,Stim48hr,0
SMIM22,Stim8hr,0
SMIM24,Rest,0
SMIM24,Stim48hr,0
SMIM24,Stim8hr,0
SMIM29,Rest,0
SMIM29,Stim48hr,0
SMIM29,Stim8hr,0
SMIM3,Rest,0
SMIM3,Stim48hr,0
SMIM3,Stim8hr,0
SMIM5,Rest,0
SMIM5,Stim48hr,0
SMIM5,Stim8hr,0
SMIM7,Stim48hr,0
SMIM7,Stim8hr,0
SMIM8,Stim48hr,0
SMKR1,Rest,0
SMKR1,Stim48hr,0
SMKR1,Stim8hr,0
SMNDC1,Rest,0
SMNDC1,Stim48hr,0
SMNDC1,Stim8hr,0
SMOX,Rest,0
SMOX,Stim48hr,0
SMOX,Stim8hr,0
SMPD1,Rest,0
SMPD1,Stim48hr,0
SMPD1,Stim8hr,0
SMPD2,Rest,0
SMPD2,Stim48hr,0
SMPD2,Stim8hr,0
SMPD3,Rest,0
SMPD3,Stim48hr,0
SMPD3,Stim8hr,0
SMPD4,Rest,1
SMPD4,Stim48hr,0
SMPD4,Stim8hr,0
SMR3B,Rest,0
SMR3B,Stim48hr,0
SMR3B,Stim8hr,0
SMS,Rest,7
SMS,Stim48hr,0
SMS,Stim8hr,0
SMTN,Rest,0
SMTN,Stim48hr,0
SMTN,Stim8hr,0
SMTNL1,Rest,0
SMTNL1,Stim48hr,0
SMTNL1,Stim8hr,0
SMUG1,Rest,0
SMUG1,Stim48hr,0
SMUG1,Stim8hr,0
SMURF1,Rest,0
SMURF1,Stim48hr,0
SMURF1,Stim8hr,0
SMURF2,Rest,0
SMURF2,Stim48hr,0
SMURF2,Stim8hr,0
SMYD2,Rest,0
SMYD2,Stim48hr,0
SMYD2,Stim8hr,0
SMYD3,Rest,0
SMYD3,Stim48hr,0
SMYD3,Stim8hr,0
SMYD5,Rest,0
SMYD5,Stim48hr,0
SMYD5,Stim8hr,0
SNAI1,Rest,0
SNAI1,Stim48hr,0
SNAI1,Stim8hr,0
SNAI2,Rest,0
SNAI2,Stim48hr,0
SNAI2,Stim8hr,0
SNAI3,Rest,0
SNAI3,Stim48hr,0
SNAI3,Stim8hr,0
SNAP23,Rest,0
SNAP23,Stim48hr,0
SNAP23,Stim8hr,0
SNAP25,Rest,0
SNAP25,Stim48hr,0
SNAP25,Stim8hr,0
SNAP29,Rest,0
SNAP29,Stim48hr,0
SNAP29,Stim8hr,0
SNAP47,Rest,0
SNAP47,Stim48hr,0
SNAP47,Stim8hr,0
SNAPC1,Stim48hr,0
SNAPC1,Stim8hr,0
SNAPC3,Rest,0
SNAPC3,Stim48hr,0
SNAPC3,Stim8hr,0
SNAPIN,Rest,0
SNAPIN,Stim48hr,0
SNAPIN,Stim8hr,0
SNCA,Rest,0
SNCA,Stim48hr,0
SNCA,Stim8hr,0
SND1,Rest,0
SND1,Stim48hr,0
SND1,Stim8hr,4
SNED1,Rest,0
SNED1,Stim48hr,0
SNED1,Stim8hr,0
SNF8,Rest,0
SNF8,Stim8hr,0
SNHG32,Rest,0
SNHG32,Stim48hr,0
SNHG32,Stim8hr,0
SNN,Rest,0
SNN,Stim48hr,0
SNN,Stim8hr,0
SNPH,Rest,0
SNPH,Stim48hr,0
SNPH,Stim8hr,0
SNRK,Rest,0
SNRK,Stim48hr,0
SNRK,Stim8hr,0
SNRNP40,Rest,0
SNRNP40,Stim8hr,1
SNRPA,Rest,0
SNRPA,Stim48hr,0
SNRPA,Stim8hr,0
SNRPB,Rest,0
SNRPB,Stim48hr,0
SNRPB,Stim8hr,0
SNRPB2,Rest,0
SNRPB2,Stim48hr,0
SNRPB2,Stim8hr,0
SNTA1,Rest,1
SNTA1,Stim48hr,0
SNTA1,Stim8hr,0
SNTB1,Rest,0
SNTB1,Stim8hr,0
SNTB2,Rest,0
SNTB2,Stim48hr,0
SNTB2,Stim8hr,0
SNU13,Rest,0
SNU13,Stim48hr,0
SNU13,Stim8hr,0
SNUPN,Rest,0
SNUPN,Stim48hr,0
SNUPN,Stim8hr,0
SNURF,Rest,0
SNURF,Stim48hr,0
SNURF,Stim8hr,0
SNX1,Rest,0
SNX1,Stim48hr,0
SNX1,Stim8hr,0
SNX10,Rest,1
SNX10,Stim48hr,0
SNX10,Stim8hr,0
SNX11,Rest,0
SNX11,Stim48hr,0
SNX11,Stim8hr,0
SNX12,Rest,0
SNX12,Stim48hr,0
SNX12,Stim8hr,0
SNX13,Rest,0
SNX13,Stim48hr,0
SNX13,Stim8hr,0
SNX14,Rest,0
SNX14,Stim48hr,0
SNX14,Stim8hr,0
SNX16,Rest,0
SNX16,Stim48hr,0
SNX16,Stim8hr,0
SNX17,Rest,0
SNX17,Stim48hr,0
SNX17,Stim8hr,0
SNX18,Rest,0
SNX18,Stim48hr,0
SNX18,Stim8hr,0
SNX19,Rest,0
SNX19,Stim48hr,0
SNX19,Stim8hr,0
SNX2,Rest,1
SNX2,Stim48hr,0
SNX2,Stim8hr,0
SNX20,Rest,0
SNX20,Stim48hr,0
SNX20,Stim8hr,0
SNX24,Rest,0
SNX24,Stim48hr,0
SNX24,Stim8hr,0
SNX25,Stim48hr,0
SNX25,Stim8hr,0
SNX27,Rest,0
SNX27,Stim48hr,0
SNX27,Stim8hr,0
SNX29,Rest,0
SNX29,Stim48hr,0
SNX29,Stim8hr,0
SNX3,Rest,0
SNX3,Stim48hr,0
SNX3,Stim8hr,0
SNX30,Rest,0
SNX30,Stim48hr,0
SNX30,Stim8hr,0
SNX33,Rest,0
SNX33,Stim48hr,0
SNX33,Stim8hr,0
SNX4,Rest,0
SNX4,Stim48hr,0
SNX4,Stim8hr,0
SNX5,Rest,0
SNX5,Stim48hr,0
SNX5,Stim8hr,0
SNX6,Rest,0
SNX6,Stim48hr,0
SNX6,Stim8hr,0
SNX8,Rest,1
SNX8,Stim48hr,0
SNX8,Stim8hr,0
SNX9,Rest,0
SNX9,Stim48hr,0
SNX9,Stim8hr,0
SOAT1,Rest,0
SOAT1,Stim48hr,0
SOAT1,Stim8hr,0
SOAT2,Rest,0
SOAT2,Stim48hr,0
SOAT2,Stim8hr,0
SOCS1,Rest,0
SOCS1,Stim48hr,0
SOCS1,Stim8hr,0
SOCS2,Rest,0
SOCS2,Stim48hr,0
SOCS2,Stim8hr,0
SOCS3,Rest,0
SOCS3,Stim48hr,0
SOCS3,Stim8hr,0
SOCS4,Rest,2
SOCS4,Stim48hr,0
SOCS4,Stim8hr,0
SOCS5,Rest,2
SOCS5,Stim48hr,0
SOCS5,Stim8hr,0
SOCS7,Rest,0
SOCS7,Stim48hr,0
SOCS7,Stim8hr,0
SOD2,Rest,0
SOD2,Stim48hr,0
SOD2,Stim8hr,1
SOHLH1,Rest,0
SOHLH1,Stim48hr,0
SOHLH1,Stim8hr,0
SOHLH2,Rest,0
SOHLH2,Stim48hr,0
SOHLH2,Stim8hr,0
SORBS2,Rest,0
SORBS2,Stim48hr,0
SORBS2,Stim8hr,0
SORBS3,Rest,0
SORBS3,Stim48hr,0
SORBS3,Stim8hr,0
SORCS3,Rest,0
SORCS3,Stim48hr,0
SORCS3,Stim8hr,0
SORD,Rest,0
SORD,Stim48hr,0
SORD,Stim8hr,0
SORL1,Rest,0
SORL1,Stim48hr,0
SORL1,Stim8hr,0
SOS1,Rest,0
SOS1,Stim48hr,0
SOS1,Stim8hr,0
SOS2,Rest,0
SOS2,Stim48hr,0
SOS2,Stim8hr,0
SOWAHC,Rest,0
SOWAHC,Stim48hr,0
SOWAHC,Stim8hr,0
SOX1,Rest,0
SOX1,Stim48hr,0
SOX1,Stim8hr,0
SOX10,Rest,0
SOX10,Stim48hr,0
SOX10,Stim8hr,0
SOX11,Rest,0
SOX11,Stim48hr,0
SOX11,Stim8hr,0
SOX12,Rest,0
SOX12,Stim48hr,0
SOX12,Stim8hr,0
SOX13,Rest,0
SOX13,Stim48hr,0
SOX13,Stim8hr,0
SOX14,Rest,0
SOX14,Stim48hr,0
SOX14,Stim8hr,0
SOX15,Rest,0
SOX15,Stim48hr,0
SOX15,Stim8hr,0
SOX17,Rest,0
SOX17,Stim48hr,0
SOX17,Stim8hr,0
SOX18,Rest,0
SOX18,Stim48hr,0
SOX18,Stim8hr,0
SOX2,Rest,0
SOX2,Stim48hr,0
SOX2,Stim8hr,0
SOX21,Rest,0
SOX21,Stim48hr,0
SOX21,Stim8hr,0
SOX3,Rest,0
SOX3,Stim48hr,0
SOX3,Stim8hr,0
SOX30,Rest,0
SOX30,Stim48hr,0
SOX30,Stim8hr,0
SOX4,Rest,0
SOX4,Stim48hr,0
SOX4,Stim8hr,0
SOX5,Rest,0
SOX5,Stim48hr,0
SOX5,Stim8hr,0
SOX6,Rest,0
SOX6,Stim48hr,0
SOX6,Stim8hr,0
SOX7,Rest,0
SOX7,Stim48hr,0
SOX7,Stim8hr,0
SOX8,Rest,0
SOX8,Stim48hr,1
SOX8,Stim8hr,0
SOX9,Rest,0
SOX9,Stim48hr,0
SOX9,Stim8hr,0
SP1,Rest,0
SP1,Stim48hr,0
SP1,Stim8hr,1
SP100,Rest,0
SP100,Stim48hr,0
SP100,Stim8hr,1
SP110,Rest,0
SP110,Stim48hr,0
SP110,Stim8hr,0
SP140,Rest,1
SP140,Stim48hr,0
SP140,Stim8hr,0
SP140L,Rest,0
SP140L,Stim48hr,0
SP140L,Stim8hr,0
SP2,Rest,0
SP2,Stim48hr,1
SP2,Stim8hr,1
SP3,Rest,0
SP3,Stim48hr,0
SP3,Stim8hr,0
SP4,Rest,0
SP4,Stim48hr,0
SP4,Stim8hr,0
SP5,Rest,0
SP5,Stim48hr,0
SP5,Stim8hr,0
SP6,Rest,0
SP6,Stim48hr,0
SP6,Stim8hr,0
SP7,Rest,0
SP7,Stim48hr,0
SP7,Stim8hr,0
SP8,Rest,0
SP8,Stim48hr,0
SP8,Stim8hr,0
SP9,Rest,0
SP9,Stim48hr,0
SP9,Stim8hr,0
SPACA6,Rest,0
SPACA6,Stim48hr,0
SPACA6,Stim8hr,0
SPACA9,Rest,0
SPACA9,Stim48hr,0
SPACA9,Stim8hr,0
SPACDR,Rest,0
SPACDR,Stim48hr,0
SPACDR,Stim8hr,0
SPAG1,Rest,0
SPAG1,Stim48hr,0
SPAG1,Stim8hr,0
SPAG16,Rest,0
SPAG16,Stim48hr,0
SPAG16,Stim8hr,0
SPAG4,Rest,0
SPAG4,Stim48hr,0
SPAG4,Stim8hr,0
SPAG5,Rest,0
SPAG5,Stim48hr,0
SPAG5,Stim8hr,0
SPAG7,Rest,2
SPAG7,Stim48hr,0
SPAG7,Stim8hr,0
SPAG8,Stim48hr,0
SPAG8,Stim8hr,0
SPAG9,Rest,0
SPAG9,Stim48hr,0
SPAG9,Stim8hr,0
SPARC,Rest,0
SPARC,Stim48hr,0
SPARC,Stim8hr,0
SPARCL1,Rest,0
SPARCL1,Stim48hr,0
SPARCL1,Stim8hr,0
SPART,Rest,0
SPART,Stim48hr,0
SPART,Stim8hr,0
SPAST,Rest,0
SPAST,Stim48hr,0
SPAST,Stim8hr,0
SPATA13,Rest,0
SPATA13,Stim48hr,0
SPATA13,Stim8hr,0
SPATA2,Rest,0
SPATA2,Stim48hr,0
SPATA2,Stim8hr,0
SPATA20,Rest,0
SPATA20,Stim48hr,0
SPATA20,Stim8hr,0
SPATA24,Rest,0
SPATA24,Stim48hr,0
SPATA24,Stim8hr,0
SPATA25,Rest,0
SPATA25,Stim48hr,0
SPATA25,Stim8hr,0
SPATA2L,Rest,0
SPATA2L,Stim48hr,0
SPATA2L,Stim8hr,0
SPATA32,Rest,0
SPATA32,Stim48hr,0
SPATA32,Stim8hr,0
SPATA33,Rest,0
SPATA33,Stim48hr,0
SPATA33,Stim8hr,0
SPATA6,Rest,0
SPATA6,Stim48hr,0
SPATA6,Stim8hr,0
SPATA6L,Rest,0
SPATA6L,Stim48hr,0
SPATA6L,Stim8hr,0
SPATA7,Rest,0
SPATA7,Stim48hr,0
SPATA7,Stim8hr,0
SPATC1L,Rest,0
SPATC1L,Stim48hr,0
SPATC1L,Stim8hr,0
SPATS2,Rest,0
SPATS2,Stim48hr,0
SPATS2,Stim8hr,0
SPATS2L,Rest,0
SPATS2L,Stim48hr,0
SPATS2L,Stim8hr,0
SPCS1,Rest,0
SPCS1,Stim48hr,0
SPCS1,Stim8hr,0
SPCS2,Rest,0
SPCS2,Stim48hr,0
SPCS2,Stim8hr,0
SPDEF,Rest,0
SPDEF,Stim48hr,0
SPDEF,Stim8hr,0
SPDYA,Rest,0
SPDYA,Stim48hr,0
SPDYA,Stim8hr,0
SPDYE2,Rest,0
SPDYE2,Stim48hr,0
SPDYE2,Stim8hr,0
SPDYE3,Rest,4
SPDYE3,Stim48hr,0
SPDYE3,Stim8hr,0
SPECC1,Rest,0
SPECC1,Stim48hr,0
SPECC1,Stim8hr,0
SPECC1L,Rest,0
SPECC1L,Stim48hr,0
SPECC1L,Stim8hr,0
SPEF2,Rest,0
SPEF2,Stim48hr,0
SPEF2,Stim8hr,0
SPEG,Rest,0
SPEG,Stim48hr,0
SPEG,Stim8hr,0
SPEN,Rest,0
SPEN,Stim48hr,0
SPEN,Stim8hr,0
SPG11,Rest,0
SPG11,Stim48hr,1
SPG11,Stim8hr,0
SPG21,Rest,0
SPG21,Stim48hr,0
SPG21,Stim8hr,0
SPG7,Rest,0
SPG7,Stim48hr,0
SPG7,Stim8hr,0
SPHK1,Rest,0
SPHK1,Stim48hr,0
SPHK1,Stim8hr,0
SPHK2,Rest,0
SPHK2,Stim48hr,0
SPHK2,Stim8hr,0
SPI1,Rest,0
SPI1,Stim48hr,0
SPI1,Stim8hr,0
SPIB,Rest,0
SPIB,Stim48hr,0
SPIB,Stim8hr,0
SPIC,Rest,0
SPIC,Stim48hr,0
SPIC,Stim8hr,0
SPICE1,Rest,0
SPICE1,Stim48hr,0
SPICE1,Stim8hr,0
SPIDR,Rest,0
SPIDR,Stim48hr,0
SPIDR,Stim8hr,0
SPIN1,Rest,0
SPIN1,Stim48hr,0
SPIN1,Stim8hr,0
SPIN2B,Rest,0
SPIN2B,Stim48hr,0
SPIN2B,Stim8hr,0
SPIN3,Rest,0
SPIN3,Stim48hr,0
SPIN3,Stim8hr,0
SPIN4,Rest,0
SPIN4,Stim48hr,0
SPIN4,Stim8hr,0
SPINDOC,Rest,0
SPINDOC,Stim48hr,0
SPINDOC,Stim8hr,0
SPINK1,Rest,0
SPINK1,Stim48hr,0
SPINK1,Stim8hr,0
SPINK2,Rest,0
SPINK2,Stim48hr,0
SPINK2,Stim8hr,0
SPINK4,Rest,0
SPINK4,Stim48hr,0
SPINK4,Stim8hr,0
SPINT1,Rest,0
SPINT1,Stim48hr,0
SPINT1,Stim8hr,0
SPINT2,Rest,0
SPINT2,Stim48hr,0
SPINT2,Stim8hr,0
SPIRE1,Rest,0
SPIRE1,Stim48hr,0
SPIRE1,Stim8hr,0
SPMIP4,Rest,0
SPMIP4,Stim48hr,0
SPMIP4,Stim8hr,0
SPN,Rest,0
SPN,Stim48hr,0
SPN,Stim8hr,0
SPNS1,Rest,0
SPNS1,Stim48hr,0
SPNS1,Stim8hr,0
SPNS3,Rest,0
SPNS3,Stim48hr,0
SPNS3,Stim8hr,0
SPOCK2,Rest,0
SPOCK2,Stim48hr,0
SPOCK2,Stim8hr,0
SPON1,Rest,0
SPON1,Stim48hr,0
SPON1,Stim8hr,1
SPON2,Rest,0
SPON2,Stim48hr,0
SPON2,Stim8hr,0
SPOP,Rest,0
SPOP,Stim48hr,1
SPOP,Stim8hr,0
SPOPL,Stim48hr,0
SPP1,Rest,0
SPP1,Stim48hr,0
SPP1,Stim8hr,0
SPPL2A,Rest,0
SPPL2A,Stim48hr,0
SPPL2A,Stim8hr,0
SPPL2B,Rest,0
SPPL2B,Stim48hr,0
SPPL2B,Stim8hr,0
SPPL3,Rest,2
SPPL3,Stim48hr,0
SPPL3,Stim8hr,0
SPR,Rest,0
SPR,Stim48hr,0
SPR,Stim8hr,0
SPRED2,Rest,0
SPRED2,Stim48hr,0
SPRED2,Stim8hr,0
SPRING1,Rest,0
SPRING1,Stim48hr,0
SPRING1,Stim8hr,0
SPRN,Rest,0
SPRN,Stim48hr,0
SPRN,Stim8hr,0
SPRTN,Rest,0
SPRTN,Stim48hr,0
SPRTN,Stim8hr,0
SPRY1,Rest,0
SPRY1,Stim48hr,0
SPRY1,Stim8hr,0
SPRY2,Rest,0
SPRY2,Stim48hr,0
SPRY2,Stim8hr,0
SPRYD3,Rest,1
SPRYD3,Stim48hr,0
SPRYD3,Stim8hr,0
SPRYD4,Rest,0
SPRYD4,Stim48hr,0
SPRYD4,Stim8hr,0
SPRYD7,Rest,0
SPRYD7,Stim48hr,0
SPRYD7,Stim8hr,0
SPSB1,Rest,0
SPSB1,Stim48hr,0
SPSB1,Stim8hr,0
SPSB2,Rest,0
SPSB2,Stim48hr,0
SPSB2,Stim8hr,0
SPSB3,Rest,0
SPSB3,Stim48hr,0
SPSB3,Stim8hr,0
SPTAN1,Rest,0
SPTAN1,Stim48hr,0
SPTAN1,Stim8hr,0
SPTB,Rest,0
SPTB,Stim48hr,0
SPTB,Stim8hr,0
SPTBN1,Rest,0
SPTBN1,Stim48hr,0
SPTBN1,Stim8hr,0
SPTBN5,Rest,0
SPTBN5,Stim48hr,0
SPTBN5,Stim8hr,0
SPTLC1,Rest,0
SPTLC1,Stim48hr,0
SPTLC1,Stim8hr,0
SPTLC2,Rest,0
SPTLC2,Stim48hr,1
SPTLC2,Stim8hr,3
SPTSSA,Rest,0
SPTSSA,Stim48hr,1
SPTSSA,Stim8hr,0
SPTSSB,Rest,0
SPTSSB,Stim48hr,0
SPTSSB,Stim8hr,0
SPTY2D1,Rest,0
SPTY2D1,Stim48hr,0
SPTY2D1,Stim8hr,0
SPZ1,Rest,0
SPZ1,Stim48hr,0
SPZ1,Stim8hr,0
SQLE,Rest,0
SQLE,Stim48hr,0
SQLE,Stim8hr,0
SQOR,Rest,0
SQOR,Stim48hr,0
SQOR,Stim8hr,0
SQSTM1,Rest,0
SQSTM1,Stim48hr,0
SQSTM1,Stim8hr,0
SRA1,Stim48hr,0
SRA1,Stim8hr,0
SRC,Rest,0
SRC,Stim48hr,1
SRC,Stim8hr,0
SRCAP,Rest,0
SRCAP,Stim48hr,0
SRCAP,Stim8hr,0
SRD5A1,Rest,0
SRD5A1,Stim48hr,0
SRD5A1,Stim8hr,0
SRD5A3,Rest,0
SRD5A3,Stim48hr,0
SRD5A3,Stim8hr,0
SREBF1,Stim48hr,1
SREBF1,Stim8hr,0
SREBF2,Rest,0
SREBF2,Stim48hr,0
SREBF2,Stim8hr,0
SREK1,Rest,0
SREK1,Stim48hr,0
SREK1,Stim8hr,0
SREK1IP1,Rest,0
SREK1IP1,Stim48hr,0
SREK1IP1,Stim8hr,0
SRF,Rest,0
SRF,Stim48hr,0
SRF,Stim8hr,0
SRGAP1,Rest,0
SRGAP1,Stim48hr,0
SRGAP1,Stim8hr,0
SRGAP2,Rest,0
SRGAP2,Stim48hr,0
SRGAP2,Stim8hr,0
SRGAP2B,Rest,0
SRGAP2B,Stim48hr,0
SRGAP2B,Stim8hr,0
SRGAP2C,Rest,0
SRGAP2C,Stim48hr,0
SRGAP2C,Stim8hr,0
SRGAP3,Rest,0
SRGAP3,Stim48hr,0
SRGAP3,Stim8hr,0
SRGN,Rest,0
SRGN,Stim48hr,0
SRGN,Stim8hr,0
SRI,Rest,0
SRI,Stim48hr,0
SRI,Stim8hr,0
SRM,Rest,0
SRM,Stim48hr,0
SRM,Stim8hr,0
SRP14,Rest,0
SRP14,Stim8hr,3
SRP54,Rest,0
SRP54,Stim48hr,0
SRP54,Stim8hr,0
SRP68,Rest,0
SRP68,Stim48hr,0
SRP68,Stim8hr,0
SRP72,Stim48hr,1
SRP9,Rest,0
SRP9,Stim48hr,0
SRP9,Stim8hr,2
SRPK1,Rest,0
SRPK1,Stim48hr,0
SRPK1,Stim8hr,0
SRPK2,Rest,1
SRPK2,Stim48hr,0
SRPK2,Stim8hr,0
SRPRB,Stim8hr,0
SRR,Rest,0
SRR,Stim48hr,1
SRR,Stim8hr,1
SRRD,Rest,0
SRRD,Stim48hr,0
SRRD,Stim8hr,0
SRRM1,Rest,0
SRRM1,Stim48hr,0
SRRM1,Stim8hr,0
SRSF10,Rest,0
SRSF10,Stim48hr,1
SRSF10,Stim8hr,0
SRSF11,Rest,0
SRSF11,Stim48hr,0
SRSF11,Stim8hr,0
SRSF2,Rest,0
SRSF2,Stim48hr,0
SRSF2,Stim8hr,0
SRSF4,Rest,0
SRSF4,Stim48hr,0
SRSF4,Stim8hr,0
SRSF5,Rest,0
SRSF5,Stim48hr,0
SRSF5,Stim8hr,0
SRSF6,Rest,0
SRSF6,Stim48hr,0
SRSF6,Stim8hr,0
SRSF8,Rest,0
SRSF8,Stim48hr,0
SRSF8,Stim8hr,0
SRSF9,Rest,0
SRSF9,Stim48hr,0
SRSF9,Stim8hr,0
SRXN1,Rest,0
SRXN1,Stim48hr,0
SRXN1,Stim8hr,1
SRY,Rest,0
SRY,Stim48hr,0
SRY,Stim8hr,0
SS18,Rest,0
SS18,Stim48hr,0
SS18,Stim8hr,0
SS18L1,Rest,0
SS18L1,Stim48hr,0
SS18L1,Stim8hr,0
SS18L2,Rest,0
SS18L2,Stim48hr,0
SS18L2,Stim8hr,0
SSB,Rest,1
SSB,Stim48hr,0
SSB,Stim8hr,5
SSBP1,Rest,0
SSBP1,Stim48hr,4
SSBP1,Stim8hr,2
SSBP2,Rest,0
SSBP2,Stim48hr,0
SSBP2,Stim8hr,0
SSBP3,Rest,0
SSBP3,Stim48hr,0
SSBP3,Stim8hr,0
SSBP4,Rest,0
SSBP4,Stim48hr,0
SSBP4,Stim8hr,0
SSH1,Rest,0
SSH1,Stim48hr,0
SSH1,Stim8hr,0
SSH3,Rest,0
SSH3,Stim48hr,0
SSH3,Stim8hr,0
SSNA1,Rest,0
SSNA1,Stim48hr,0
SSNA1,Stim8hr,0
SSR1,Rest,0
SSR1,Stim48hr,0
SSR1,Stim8hr,0
SSR2,Rest,0
SSR2,Stim48hr,0
SSR2,Stim8hr,0
SSR3,Rest,0
SSR3,Stim48hr,0
SSR3,Stim8hr,0
SSR4,Rest,1
SSR4,Stim48hr,0
SSR4,Stim8hr,0
SSTR3,Rest,0
SSTR3,Stim48hr,0
SSTR3,Stim8hr,0
SSX2IP,Rest,0
SSX2IP,Stim48hr,0
SSX2IP,Stim8hr,0
ST13,Rest,0
ST13,Stim48hr,0
ST13,Stim8hr,0
ST14,Rest,0
ST14,Stim48hr,0
ST14,Stim8hr,0
ST18,Rest,0
ST18,Stim48hr,0
ST18,Stim8hr,0
ST20,Rest,0
ST20,Stim48hr,0
ST20,Stim8hr,0
ST20-MTHFS,Rest,0
ST20-MTHFS,Stim48hr,0
ST20-MTHFS,Stim8hr,0
ST3GAL1,Rest,0
ST3GAL1,Stim48hr,0
ST3GAL1,Stim8hr,0
ST3GAL2,Rest,0
ST3GAL2,Stim48hr,0
ST3GAL2,Stim8hr,0
ST3GAL3,Rest,0
ST3GAL3,Stim48hr,0
ST3GAL3,Stim8hr,0
ST3GAL4,Rest,0
ST3GAL4,Stim48hr,0
ST3GAL4,Stim8hr,0
ST3GAL5,Rest,0
ST3GAL5,Stim48hr,0
ST3GAL5,Stim8hr,0
ST6GAL1,Rest,0
ST6GAL1,Stim48hr,0
ST6GAL1,Stim8hr,0
ST6GALNAC1,Rest,0
ST6GALNAC1,Stim48hr,0
ST6GALNAC1,Stim8hr,0
ST6GALNAC3,Rest,0
ST6GALNAC3,Stim48hr,0
ST6GALNAC3,Stim8hr,0
ST6GALNAC4,Rest,0
ST6GALNAC4,Stim48hr,0
ST6GALNAC4,Stim8hr,0
ST6GALNAC6,Rest,0
ST6GALNAC6,Stim48hr,0
ST6GALNAC6,Stim8hr,0
ST7,Rest,0
ST7,Stim48hr,0
ST7,Stim8hr,0
ST7L,Rest,0
ST7L,Stim48hr,0
ST7L,Stim8hr,0
ST8SIA1,Rest,0
ST8SIA1,Stim48hr,0
ST8SIA1,Stim8hr,0
ST8SIA4,Rest,0
ST8SIA4,Stim48hr,0
ST8SIA4,Stim8hr,0
STAB1,Rest,0
STAB1,Stim48hr,0
STAB1,Stim8hr,0
STAC3,Rest,4
STAC3,Stim48hr,0
STAC3,Stim8hr,0
STAG1,Rest,0
STAG1,Stim48hr,0
STAG1,Stim8hr,0
STAG2,Rest,0
STAG2,Stim48hr,0
STAG2,Stim8hr,0
STAG3,Rest,0
STAG3,Stim48hr,0
STAG3,Stim8hr,0
STAM,Rest,0
STAM,Stim48hr,0
STAM,Stim8hr,0
STAM2,Rest,0
STAM2,Stim48hr,0
STAM2,Stim8hr,0
STAMBP,Rest,0
STAMBP,Stim48hr,0
STAMBP,Stim8hr,0
STAMBPL1,Rest,0
STAMBPL1,Stim48hr,0
STAMBPL1,Stim8hr,0
STAP1,Rest,0
STAP1,Stim48hr,0
STAP1,Stim8hr,0
STAP2,Rest,0
STAP2,Stim48hr,0
STAP2,Stim8hr,1
STARD10,Rest,2
STARD10,Stim48hr,0
STARD3,Rest,0
STARD3,Stim48hr,0
STARD3,Stim8hr,0
STARD3NL,Rest,0
STARD3NL,Stim48hr,0
STARD3NL,Stim8hr,0
STARD4,Rest,0
STARD4,Stim48hr,0
STARD4,Stim8hr,0
STARD5,Rest,0
STARD5,Stim48hr,0
STARD5,Stim8hr,0
STARD7,Rest,0
STARD7,Stim48hr,0
STARD7,Stim8hr,0
STARD9,Rest,0
STARD9,Stim48hr,0
STARD9,Stim8hr,0
STAT1,Rest,0
STAT1,Stim48hr,0
STAT1,Stim8hr,0
STAT2,Rest,0
STAT2,Stim48hr,0
STAT2,Stim8hr,0
STAT3,Rest,2
STAT3,Stim48hr,9
STAT3,Stim8hr,8
STAT4,Rest,0
STAT4,Stim48hr,0
STAT4,Stim8hr,0
STAT5A,Rest,0
STAT5A,Stim48hr,3
STAT5A,Stim8hr,0
STAT5B,Rest,1
STAT5B,Stim48hr,13
STAT5B,Stim8hr,9
STAT6,Rest,0
STAT6,Stim48hr,7
STAT6,Stim8hr,1
STATH,Rest,0
STATH,Stim48hr,0
STATH,Stim8hr,0
STAU1,Rest,0
STAU1,Stim48hr,0
STAU1,Stim8hr,0
STAU2,Rest,0
STAU2,Stim48hr,0
STAU2,Stim8hr,0
STC2,Rest,0
STC2,Stim48hr,0
STC2,Stim8hr,0
STEAP4,Rest,0
STEAP4,Stim48hr,0
STEAP4,Stim8hr,0
STEEP1,Rest,0
STEEP1,Stim48hr,0
STEEP1,Stim8hr,0
STIL,Stim8hr,0
STIM1,Rest,0
STIM1,Stim48hr,0
STIM1,Stim8hr,0
STIM2,Rest,0
STIM2,Stim48hr,0
STIM2,Stim8hr,0
STIMATE-MUSTN1,Rest,0
STIMATE-MUSTN1,Stim48hr,0
STIMATE-MUSTN1,Stim8hr,0
STING1,Rest,1
STING1,Stim48hr,0
STING1,Stim8hr,0
STIP1,Rest,0
STIP1,Stim48hr,4
STIP1,Stim8hr,1
STK10,Rest,0
STK10,Stim48hr,0
STK10,Stim8hr,0
STK11,Rest,2
STK11,Stim48hr,6
STK11,Stim8hr,9
STK11IP,Rest,0
STK11IP,Stim48hr,0
STK11IP,Stim8hr,0
STK16,Rest,0
STK16,Stim48hr,0
STK16,Stim8hr,0
STK17A,Rest,0
STK17A,Stim48hr,0
STK17A,Stim8hr,0
STK17B,Rest,0
STK17B,Stim48hr,0
STK17B,Stim8hr,0
STK24,Rest,0
STK24,Stim48hr,0
STK24,Stim8hr,0
STK25,Rest,0
STK25,Stim48hr,0
STK25,Stim8hr,0
STK26,Rest,0
STK26,Stim48hr,0
STK26,Stim8hr,0
STK3,Stim48hr,0
STK32C,Rest,0
STK32C,Stim48hr,0
STK32C,Stim8hr,0
STK35,Rest,0
STK35,Stim48hr,0
STK35,Stim8hr,0
STK36,Rest,0
STK36,Stim48hr,0
STK36,Stim8hr,0
STK38,Rest,0
STK38,Stim48hr,0
STK38,Stim8hr,0
STK38L,Rest,0
STK38L,Stim48hr,0
STK38L,Stim8hr,0
STK39,Rest,1
STK39,Stim48hr,0
STK39,Stim8hr,0
STK4,Rest,0
STK4,Stim48hr,0
STK4,Stim8hr,0
STK40,Rest,1
STK40,Stim48hr,1
STK40,Stim8hr,0
STMN1,Rest,0
STMN1,Stim48hr,0
STMN1,Stim8hr,0
STMN3,Rest,0
STMN3,Stim48hr,0
STMN3,Stim8hr,0
STMP1,Rest,0
STMP1,Stim48hr,0
STMP1,Stim8hr,0
STN1,Rest,0
STN1,Stim48hr,0
STN1,Stim8hr,0
STOM,Rest,0
STOM,Stim48hr,0
STOM,Stim8hr,0
STOML1,Rest,1
STOML1,Stim48hr,0
STOML1,Stim8hr,0
STOML2,Rest,0
STOML2,Stim48hr,0
STOML2,Stim8hr,0
STON1,Rest,0
STON1,Stim48hr,0
STON1,Stim8hr,0
STON2,Rest,0
STON2,Stim48hr,0
STON2,Stim8hr,0
STOX1,Rest,0
STOX1,Stim48hr,0
STOX1,Stim8hr,0
STPG1,Rest,0
STPG1,Stim48hr,0
STPG1,Stim8hr,0
STRADA,Rest,0
STRADA,Stim48hr,0
STRADA,Stim8hr,0
STRADB,Rest,0
STRADB,Stim48hr,0
STRADB,Stim8hr,0
STRAP,Rest,0
STRAP,Stim48hr,2
STRAP,Stim8hr,5
STRBP,Rest,0
STRBP,Stim8hr,0
STRIP1,Rest,0
STRIP1,Stim48hr,0
STRIP1,Stim8hr,0
STRIP2,Rest,0
STRIP2,Stim48hr,0
STRIP2,Stim8hr,0
STRN,Rest,0
STRN,Stim48hr,0
STRN,Stim8hr,0
STRN3,Rest,0
STRN3,Stim48hr,0
STRN3,Stim8hr,1
STRN4,Rest,0
STRN4,Stim8hr,0
STS,Stim48hr,0
STS,Stim8hr,0
STT3A,Rest,1
STT3A,Stim48hr,0
STT3A,Stim8hr,1
STT3B,Rest,0
STUB1,Rest,0
STUB1,Stim48hr,0
STUB1,Stim8hr,0
STUM,Rest,0
STUM,Stim48hr,0
STUM,Stim8hr,0
STX10,Rest,0
STX10,Stim48hr,0
STX10,Stim8hr,0
STX11,Rest,0
STX11,Stim48hr,0
STX11,Stim8hr,0
STX12,Rest,0
STX12,Stim48hr,0
STX12,Stim8hr,0
STX16,Rest,0
STX16,Stim48hr,0
STX16,Stim8hr,0
STX17,Rest,0
STX17,Stim48hr,0
STX17,Stim8hr,0
STX1A,Rest,0
STX1A,Stim48hr,0
STX1A,Stim8hr,0
STX1B,Rest,0
STX1B,Stim48hr,0
STX1B,Stim8hr,0
STX2,Rest,0
STX2,Stim48hr,0
STX2,Stim8hr,0
STX3,Rest,0
STX3,Stim48hr,0
STX3,Stim8hr,0
STX4,Rest,0
STX4,Stim48hr,0
STX4,Stim8hr,0
STX5,Rest,0
STX5,Stim48hr,0
STX5,Stim8hr,0
STX6,Rest,0
STX6,Stim48hr,0
STX6,Stim8hr,0
STX7,Rest,0
STX7,Stim48hr,0
STX7,Stim8hr,0
STX8,Rest,2
STX8,Stim48hr,0
STX8,Stim8hr,0
STXBP1,Rest,0
STXBP1,Stim48hr,0
STXBP1,Stim8hr,0
STXBP2,Rest,0
STXBP2,Stim48hr,0
STXBP2,Stim8hr,0
STXBP3,Rest,0
STXBP3,Stim48hr,0
STXBP3,Stim8hr,0
STXBP4,Rest,0
STXBP4,Stim48hr,1
STXBP4,Stim8hr,0
STXBP5,Stim8hr,0
STYX,Rest,0
STYX,Stim48hr,0
STYX,Stim8hr,0
STYXL1,Rest,0
STYXL1,Stim48hr,0
STYXL1,Stim8hr,1
SUB1,Rest,0
SUB1,Stim48hr,0
SUB1,Stim8hr,0
SUCLA2,Rest,0
SUCLA2,Stim48hr,0
SUCLA2,Stim8hr,0
SUCLG1,Rest,0
SUCLG1,Stim48hr,0
SUCLG1,Stim8hr,1
SUCLG2,Rest,0
SUCLG2,Stim8hr,0
SUCO,Rest,0
SUCO,Stim48hr,0
SUCO,Stim8hr,0
SUFU,Rest,0
SUFU,Stim48hr,0
SUFU,Stim8hr,0
SUGP1,Rest,0
SUGP1,Stim48hr,0
SUGP1,Stim8hr,0
SUGP2,Rest,0
SUGP2,Stim48hr,0
SUGP2,Stim8hr,0
SUGT1,Rest,0
SUGT1,Stim48hr,0
SUGT1,Stim8hr,0
SULF2,Rest,0
SULF2,Stim48hr,3
SULF2,Stim8hr,0
SULT1A1,Rest,0
SULT1A1,Stim48hr,0
SULT1A1,Stim8hr,0
SULT1A3,Rest,0
SULT1A3,Stim48hr,0
SULT1A3,Stim8hr,0
SULT1A4,Rest,0
SULT1A4,Stim48hr,0
SULT1A4,Stim8hr,0
SULT1B1,Rest,0
SULT1B1,Stim48hr,0
SULT1B1,Stim8hr,0
SUMF1,Rest,0
SUMF1,Stim48hr,0
SUMF1,Stim8hr,0
SUMF2,Rest,0
SUMF2,Stim48hr,0
SUMF2,Stim8hr,0
SUMO1,Rest,1
SUMO1,Stim48hr,0
SUMO1,Stim8hr,0
SUMO2,Rest,0
SUMO2,Stim48hr,0
SUMO2,Stim8hr,1
SUMO3,Rest,0
SUMO3,Stim48hr,0
SUMO3,Stim8hr,0
SUN1,Rest,0
SUN1,Stim48hr,0
SUN1,Stim8hr,0
SUN2,Rest,0
SUN2,Stim48hr,0
SUN2,Stim8hr,0
SUOX,Rest,0
SUOX,Stim48hr,0
SUOX,Stim8hr,0
SUPT20H,Rest,4
SUPT20H,Stim48hr,9
SUPT20H,Stim8hr,7
SUPT3H,Rest,0
SUPT3H,Stim48hr,0
SUPT3H,Stim8hr,0
SUPT4H1,Rest,1
SUPT4H1,Stim48hr,0
SUPT4H1,Stim8hr,1
SUPT7L,Rest,5
SUPT7L,Stim48hr,10
SUPT7L,Stim8hr,8
SUPV3L1,Rest,0
SUPV3L1,Stim48hr,0
SUPV3L1,Stim8hr,0
SURF1,Rest,0
SURF1,Stim48hr,0
SURF1,Stim8hr,0
SURF2,Rest,0
SURF2,Stim48hr,0
SURF2,Stim8hr,0
SUSD3,Rest,0
SUSD3,Stim48hr,0
SUSD3,Stim8hr,0
SUSD4,Rest,0
SUSD4,Stim48hr,0
SUSD4,Stim8hr,0
SUSD6,Rest,0
SUSD6,Stim48hr,0
SUSD6,Stim8hr,0
SUV39H1,Rest,0
SUV39H1,Stim48hr,0
SUV39H1,Stim8hr,0
SUV39H2,Rest,0
SUV39H2,Stim48hr,0
SUV39H2,Stim8hr,0
SV2A,Rest,0
SV2A,Stim48hr,0
SV2A,Stim8hr,0
SVBP,Rest,0
SVBP,Stim48hr,0
SVBP,Stim8hr,0
SVIL,Rest,0
SVIL,Stim48hr,0
SVIL,Stim8hr,0
SVIP,Rest,0
SVIP,Stim48hr,0
SVIP,Stim8hr,0
SWAP70,Rest,0
SWAP70,Stim48hr,0
SWAP70,Stim8hr,0
SWI5,Rest,0
SWI5,Stim48hr,0
SWI5,Stim8hr,0
SWSAP1,Rest,1
SWSAP1,Stim48hr,0
SWSAP1,Stim8hr,0
SWT1,Rest,0
SWT1,Stim48hr,0
SWT1,Stim8hr,0
SYAP1,Rest,1
SYAP1,Stim48hr,0
SYAP1,Stim8hr,0
SYCE1L,Rest,0
SYCE1L,Stim48hr,0
SYCE1L,Stim8hr,0
SYCE2,Rest,0
SYCE2,Stim48hr,0
SYCE2,Stim8hr,0
SYCP2,Rest,0
SYCP2,Stim48hr,0
SYCP2,Stim8hr,0
SYDE2,Rest,0
SYDE2,Stim48hr,0
SYDE2,Stim8hr,0
SYF2,Rest,0
SYF2,Stim48hr,0
SYF2,Stim8hr,0
SYK,Rest,0
SYK,Stim48hr,1
SYK,Stim8hr,2
SYNC,Rest,0
SYNC,Stim48hr,0
SYNC,Stim8hr,0
SYNCRIP,Rest,0
SYNCRIP,Stim48hr,0
SYNCRIP,Stim8hr,0
SYNE1,Rest,0
SYNE1,Stim48hr,0
SYNE1,Stim8hr,0
SYNE2,Rest,0
SYNE2,Stim48hr,0
SYNE2,Stim8hr,0
SYNE3,Rest,0
SYNE3,Stim48hr,0
SYNE3,Stim8hr,0
SYNE4,Rest,0
SYNE4,Stim48hr,0
SYNE4,Stim8hr,0
SYNGAP1,Rest,0
SYNGAP1,Stim48hr,0
SYNGAP1,Stim8hr,0
SYNGR1,Rest,0
SYNGR1,Stim48hr,0
SYNGR1,Stim8hr,0
SYNGR2,Rest,0
SYNGR2,Stim48hr,0
SYNGR2,Stim8hr,0
SYNGR3,Rest,0
SYNGR3,Stim48hr,0
SYNGR3,Stim8hr,0
SYNJ1,Rest,0
SYNJ1,Stim48hr,0
SYNJ1,Stim8hr,0
SYNJ2,Rest,0
SYNJ2,Stim48hr,0
SYNJ2,Stim8hr,0
SYNJ2BP,Rest,0
SYNJ2BP,Stim48hr,0
SYNJ2BP,Stim8hr,0
SYNJ2BP-COX16,Rest,0
SYNJ2BP-COX16,Stim48hr,0
SYNJ2BP-COX16,Stim8hr,0
SYNM,Rest,0
SYNM,Stim48hr,0
SYNM,Stim8hr,0
SYNRG,Rest,0
SYNRG,Stim48hr,0
SYNRG,Stim8hr,0
SYP,Rest,0
SYP,Stim48hr,0
SYP,Stim8hr,0
SYPL1,Rest,0
SYPL1,Stim48hr,0
SYPL1,Stim8hr,0
SYT11,Rest,0
SYT11,Stim48hr,0
SYT11,Stim8hr,0
SYTL1,Rest,0
SYTL1,Stim48hr,0
SYTL1,Stim8hr,0
SYTL2,Rest,0
SYTL2,Stim48hr,0
SYTL2,Stim8hr,0
SYTL3,Rest,4
SYTL3,Stim48hr,0
SYTL3,Stim8hr,0
SYVN1,Rest,1
SYVN1,Stim48hr,0
SYVN1,Stim8hr,1
SZRD1,Rest,0
SZRD1,Stim48hr,0
SZRD1,Stim8hr,1
TAB1,Rest,0
TAB1,Stim48hr,0
TAB1,Stim8hr,0
TAB3,Rest,0
TAB3,Stim48hr,0
TAB3,Stim8hr,0
TAC4,Rest,0
TAC4,Stim48hr,0
TAC4,Stim8hr,0
TACC1,Rest,0
TACC1,Stim48hr,0
TACC1,Stim8hr,0
TACC2,Rest,0
TACC2,Stim48hr,0
TACC2,Stim8hr,0
TACO1,Stim48hr,0
TACO1,Stim8hr,0
TADA1,Rest,5
TADA1,Stim48hr,11
TADA1,Stim8hr,10
TADA2A,Rest,0
TADA2A,Stim48hr,0
TADA2A,Stim8hr,0
TADA2B,Rest,7
TADA2B,Stim48hr,14
TADA2B,Stim8hr,8
TADA3,Rest,0
TADA3,Stim48hr,0
TADA3,Stim8hr,0
TAF1,Rest,0
TAF1,Stim48hr,0
TAF1,Stim8hr,0
TAF11,Rest,3
TAF11,Stim48hr,0
TAF11,Stim8hr,4
TAF12,Rest,0
TAF12,Stim48hr,0
TAF12,Stim8hr,0
TAF13,Rest,4
TAF13,Stim48hr,4
TAF13,Stim8hr,6
TAF15,Rest,0
TAF15,Stim48hr,0
TAF15,Stim8hr,0
TAF1B,Rest,0
TAF1B,Stim48hr,0
TAF1B,Stim8hr,0
TAF1D,Rest,0
TAF1D,Stim48hr,0
TAF1D,Stim8hr,0
TAF3,Rest,0
TAF3,Stim48hr,0
TAF3,Stim8hr,0
TAF4,Rest,1
TAF4,Stim8hr,3
TAF4B,Rest,0
TAF4B,Stim48hr,0
TAF4B,Stim8hr,0
TAF5L,Rest,0
TAF5L,Stim48hr,0
TAF5L,Stim8hr,0
TAF6,Rest,1
TAF6,Stim8hr,1
TAF6L,Rest,6
TAF6L,Stim48hr,7
TAF6L,Stim8hr,6
TAF9,Rest,1
TAF9,Stim48hr,0
TAF9,Stim8hr,0
TAF9B,Rest,0
TAF9B,Stim48hr,0
TAF9B,Stim8hr,0
TAFA1,Rest,0
TAFA1,Stim48hr,0
TAFA1,Stim8hr,0
TAFA2,Rest,0
TAFA2,Stim48hr,0
TAFA2,Stim8hr,0
TAFAZZIN,Rest,0
TAFAZZIN,Stim48hr,0
TAFAZZIN,Stim8hr,0
TAGAP,Rest,0
TAGAP,Stim48hr,0
TAGAP,Stim8hr,0
TAGLN,Rest,0
TAGLN,Stim48hr,0
TAGLN,Stim8hr,0
TAGLN2,Rest,0
TAGLN2,Stim48hr,0
TAGLN2,Stim8hr,0
TAGLN3,Rest,0
TAGLN3,Stim48hr,0
TAGLN3,Stim8hr,0
TAL1,Rest,0
TAL1,Stim48hr,0
TAL1,Stim8hr,0
TAL2,Rest,0
TAL2,Stim48hr,0
TAL2,Stim8hr,0
TALDO1,Rest,0
TALDO1,Stim48hr,0
TALDO1,Stim8hr,0
TAMALIN,Rest,0
TAMALIN,Stim48hr,0
TAMALIN,Stim8hr,0
TANGO2,Rest,0
TANGO2,Stim48hr,0
TANGO2,Stim8hr,0
TANK,Rest,0
TANK,Stim48hr,0
TANK,Stim8hr,0
TAOK1,Rest,0
TAOK1,Stim48hr,0
TAOK1,Stim8hr,0
TAOK2,Rest,0
TAOK2,Stim48hr,0
TAOK2,Stim8hr,0
TAOK3,Rest,0
TAOK3,Stim48hr,0
TAOK3,Stim8hr,0
TAP1,Rest,0
TAP1,Stim48hr,0
TAP1,Stim8hr,0
TAP2,Rest,0
TAP2,Stim48hr,0
TAP2,Stim8hr,0
TAPBP,Rest,0
TAPBP,Stim48hr,0
TAPBP,Stim8hr,0
TAPBPL,Rest,0
TAPBPL,Stim48hr,0
TAPBPL,Stim8hr,0
TAPT1,Rest,0
TAPT1,Stim48hr,0
TAPT1,Stim8hr,0
TARBP1,Rest,0
TARBP1,Stim48hr,0
TARBP1,Stim8hr,0
TARBP2,Rest,0
TARBP2,Stim48hr,0
TARBP2,Stim8hr,0
TARDBP,Rest,0
TARDBP,Stim48hr,4
TARDBP,Stim8hr,2
TARS2,Rest,1
TARS2,Stim48hr,1
TARS2,Stim8hr,3
TARS3,Rest,0
TARS3,Stim48hr,0
TARS3,Stim8hr,0
TAS2R14,Rest,0
TAS2R14,Stim48hr,0
TAS2R14,Stim8hr,0
TAS2R20,Rest,0
TAS2R20,Stim48hr,0
TAS2R20,Stim8hr,0
TAS2R5,Rest,0
TAS2R5,Stim48hr,0
TAS2R5,Stim8hr,0
TASL,Rest,0
TASL,Stim48hr,0
TASL,Stim8hr,0
TASOR,Rest,0
TASOR,Stim48hr,0
TASOR,Stim8hr,0
TASOR2,Rest,0
TASOR2,Stim48hr,0
TASOR2,Stim8hr,0
TASP1,Rest,0
TASP1,Stim48hr,0
TASP1,Stim8hr,0
TATDN1,Rest,0
TATDN1,Stim48hr,0
TATDN1,Stim8hr,0
TATDN2,Rest,0
TATDN2,Stim48hr,0
TATDN2,Stim8hr,0
TATDN3,Rest,0
TATDN3,Stim48hr,0
TATDN3,Stim8hr,0
TAX1BP1,Rest,0
TAX1BP1,Stim48hr,0
TAX1BP1,Stim8hr,0
TAX1BP3,Rest,0
TAX1BP3,Stim48hr,0
TAX1BP3,Stim8hr,0
TBC1D1,Rest,0
TBC1D1,Stim48hr,0
TBC1D1,Stim8hr,0
TBC1D10A,Rest,4
TBC1D10A,Stim48hr,0
TBC1D10A,Stim8hr,0
TBC1D10B,Rest,0
TBC1D10B,Stim48hr,0
TBC1D10B,Stim8hr,1
TBC1D10C,Rest,0
TBC1D10C,Stim48hr,0
TBC1D10C,Stim8hr,0
TBC1D13,Rest,0
TBC1D13,Stim48hr,0
TBC1D13,Stim8hr,0
TBC1D14,Rest,0
TBC1D14,Stim48hr,0
TBC1D14,Stim8hr,0
TBC1D15,Rest,0
TBC1D15,Stim48hr,0
TBC1D15,Stim8hr,0
TBC1D16,Rest,0
TBC1D16,Stim48hr,0
TBC1D16,Stim8hr,0
TBC1D17,Rest,0
TBC1D17,Stim48hr,0
TBC1D17,Stim8hr,0
TBC1D19,Rest,0
TBC1D19,Stim48hr,0
TBC1D19,Stim8hr,0
TBC1D2,Rest,0
TBC1D2,Stim48hr,0
TBC1D2,Stim8hr,0
TBC1D20,Rest,0
TBC1D20,Stim48hr,0
TBC1D20,Stim8hr,0
TBC1D22A,Rest,0
TBC1D22A,Stim48hr,0
TBC1D22A,Stim8hr,0
TBC1D22B,Rest,0
TBC1D22B,Stim48hr,0
TBC1D22B,Stim8hr,0
TBC1D23,Rest,0
TBC1D23,Stim48hr,0
TBC1D23,Stim8hr,0
TBC1D24,Rest,0
TBC1D24,Stim48hr,0
TBC1D24,Stim8hr,0
TBC1D25,Rest,0
TBC1D25,Stim48hr,0
TBC1D25,Stim8hr,0
TBC1D2B,Rest,0
TBC1D2B,Stim48hr,0
TBC1D2B,Stim8hr,0
TBC1D31,Rest,0
TBC1D31,Stim48hr,0
TBC1D31,Stim8hr,0
TBC1D32,Rest,0
TBC1D32,Stim48hr,0
TBC1D32,Stim8hr,0
TBC1D3B,Rest,0
TBC1D3B,Stim48hr,0
TBC1D3B,Stim8hr,0
TBC1D3L,Rest,0
TBC1D3L,Stim48hr,0
TBC1D3L,Stim8hr,0
TBC1D4,Rest,0
TBC1D4,Stim48hr,0
TBC1D4,Stim8hr,0
TBC1D5,Rest,0
TBC1D5,Stim48hr,0
TBC1D5,Stim8hr,0
TBC1D7,Rest,0
TBC1D7,Stim48hr,0
TBC1D7,Stim8hr,0
TBC1D8,Rest,0
TBC1D8,Stim48hr,0
TBC1D8,Stim8hr,0
TBC1D9B,Rest,0
TBC1D9B,Stim48hr,1
TBC1D9B,Stim8hr,0
TBCA,Rest,2
TBCA,Stim48hr,0
TBCA,Stim8hr,0
TBCCD1,Rest,0
TBCCD1,Stim48hr,0
TBCCD1,Stim8hr,0
TBCEL,Rest,0
TBCEL,Stim48hr,0
TBCEL,Stim8hr,0
TBCK,Rest,0
TBCK,Stim48hr,0
TBCK,Stim8hr,0
TBK1,Rest,0
TBK1,Stim48hr,0
TBK1,Stim8hr,0
TBKBP1,Rest,0
TBKBP1,Stim48hr,1
TBKBP1,Stim8hr,0
TBL1X,Rest,0
TBL1X,Stim48hr,0
TBL1X,Stim8hr,1
TBL1XR1,Rest,0
TBL1XR1,Stim48hr,2
TBL1XR1,Stim8hr,0
TBL2,Rest,0
TBL2,Stim48hr,0
TBL2,Stim8hr,0
TBP,Rest,0
TBP,Stim48hr,0
TBP,Stim8hr,0
TBPL1,Rest,0
TBPL1,Stim48hr,0
TBPL1,Stim8hr,0
TBPL2,Rest,1
TBPL2,Stim48hr,0
TBPL2,Stim8hr,0
TBR1,Rest,0
TBR1,Stim48hr,0
TBR1,Stim8hr,0
TBRG1,Rest,0
TBRG1,Stim48hr,0
TBRG1,Stim8hr,0
TBRG4,Rest,0
TBRG4,Stim48hr,0
TBRG4,Stim8hr,0
TBX1,Rest,0
TBX1,Stim48hr,0
TBX1,Stim8hr,0
TBX10,Rest,0
TBX10,Stim48hr,0
TBX10,Stim8hr,0
TBX15,Rest,0
TBX15,Stim48hr,0
TBX15,Stim8hr,0
TBX18,Rest,0
TBX18,Stim48hr,0
TBX18,Stim8hr,0
TBX19,Rest,0
TBX19,Stim48hr,0
TBX19,Stim8hr,0
TBX2,Rest,0
TBX2,Stim48hr,0
TBX2,Stim8hr,0
TBX20,Rest,0
TBX20,Stim48hr,0
TBX20,Stim8hr,0
TBX21,Rest,1
TBX21,Stim48hr,5
TBX21,Stim8hr,6
TBX22,Rest,0
TBX22,Stim48hr,0
TBX22,Stim8hr,0
TBX3,Rest,0
TBX3,Stim48hr,0
TBX3,Stim8hr,0
TBX4,Rest,0
TBX4,Stim48hr,0
TBX4,Stim8hr,0
TBX5,Rest,3
TBX5,Stim48hr,0
TBX5,Stim8hr,0
TBX6,Rest,0
TBX6,Stim48hr,0
TBX6,Stim8hr,0
TBXA2R,Rest,0
TBXA2R,Stim48hr,0
TBXA2R,Stim8hr,0
TBXAS1,Rest,0
TBXAS1,Stim48hr,0
TBXAS1,Stim8hr,0
TC2N,Rest,0
TC2N,Stim48hr,0
TC2N,Stim8hr,0
TCAF1,Stim48hr,0
TCAF1,Stim8hr,0
TCAF2,Rest,0
TCAF2,Stim48hr,0
TCAF2,Stim8hr,0
TCAIM,Rest,0
TCAIM,Stim48hr,0
TCAIM,Stim8hr,0
TCAP,Rest,0
TCAP,Stim48hr,0
TCAP,Stim8hr,0
TCEA1,Rest,0
TCEA1,Stim48hr,0
TCEA1,Stim8hr,0
TCEA2,Rest,0
TCEA2,Stim48hr,0
TCEA2,Stim8hr,0
TCEA3,Rest,0
TCEA3,Stim8hr,1
TCEAL1,Rest,1
TCEAL1,Stim48hr,0
TCEAL1,Stim8hr,0
TCEAL2,Rest,0
TCEAL2,Stim48hr,0
TCEAL2,Stim8hr,0
TCEAL3,Rest,0
TCEAL3,Stim48hr,0
TCEAL3,Stim8hr,0
TCEAL4,Rest,0
TCEAL4,Stim48hr,0
TCEAL4,Stim8hr,0
TCEAL8,Rest,0
TCEAL8,Stim48hr,0
TCEAL8,Stim8hr,0
TCEAL9,Rest,0
TCEAL9,Stim48hr,0
TCEAL9,Stim8hr,0
TCEANC,Rest,0
TCEANC,Stim48hr,0
TCEANC,Stim8hr,0
TCEANC2,Rest,0
TCEANC2,Stim48hr,0
TCEANC2,Stim8hr,0
TCF12,Rest,0
TCF12,Stim48hr,0
TCF12,Stim8hr,0
TCF15,Rest,0
TCF15,Stim48hr,0
TCF15,Stim8hr,0
TCF19,Rest,0
TCF19,Stim48hr,0
TCF19,Stim8hr,0
TCF20,Rest,0
TCF20,Stim48hr,0
TCF20,Stim8hr,0
TCF21,Rest,0
TCF21,Stim48hr,0
TCF21,Stim8hr,0
TCF23,Rest,0
TCF23,Stim48hr,0
TCF23,Stim8hr,0
TCF24,Rest,0
TCF24,Stim48hr,0
TCF24,Stim8hr,0
TCF25,Rest,0
TCF25,Stim48hr,0
TCF25,Stim8hr,0
TCF3,Rest,0
TCF3,Stim48hr,0
TCF3,Stim8hr,0
TCF4,Rest,0
TCF4,Stim48hr,0
TCF4,Stim8hr,0
TCF7,Rest,0
TCF7,Stim48hr,0
TCF7,Stim8hr,0
TCF7L1,Rest,0
TCF7L1,Stim48hr,0
TCF7L1,Stim8hr,0
TCF7L2,Rest,0
TCF7L2,Stim48hr,0
TCF7L2,Stim8hr,0
TCFL5,Rest,0
TCFL5,Stim48hr,0
TCFL5,Stim8hr,0
TCHP,Rest,0
TCHP,Stim48hr,0
TCHP,Stim8hr,0
TCIM,Rest,0
TCIM,Stim48hr,0
TCIM,Stim8hr,0
TCIRG1,Rest,0
TCIRG1,Stim48hr,0
TCIRG1,Stim8hr,0
TCL1A,Rest,0
TCL1A,Stim48hr,0
TCL1A,Stim8hr,0
TCP11L1,Rest,0
TCP11L1,Stim48hr,0
TCP11L1,Stim8hr,0
TCP11L2,Rest,0
TCP11L2,Stim48hr,0
TCP11L2,Stim8hr,0
TCTA,Rest,0
TCTA,Stim48hr,0
TCTA,Stim8hr,0
TCTN1,Rest,0
TCTN1,Stim48hr,0
TCTN1,Stim8hr,0
TCTN2,Rest,0
TCTN2,Stim48hr,0
TCTN2,Stim8hr,0
TCTN3,Rest,0
TCTN3,Stim48hr,0
TCTN3,Stim8hr,0
TDG,Rest,0
TDG,Stim48hr,0
TDG,Stim8hr,0
TDP1,Rest,0
TDP1,Stim48hr,0
TDP1,Stim8hr,0
TDP2,Rest,0
TDP2,Stim48hr,0
TDP2,Stim8hr,0
TDRD3,Rest,0
TDRD3,Stim48hr,0
TDRD3,Stim8hr,0
TDRD7,Rest,0
TDRD7,Stim48hr,0
TDRD7,Stim8hr,0
TDRKH,Rest,0
TDRKH,Stim48hr,0
TDRKH,Stim8hr,0
TEAD1,Rest,0
TEAD1,Stim48hr,0
TEAD1,Stim8hr,0
TEAD2,Rest,0
TEAD2,Stim48hr,0
TEAD2,Stim8hr,0
TEAD3,Rest,0
TEAD3,Stim48hr,0
TEAD3,Stim8hr,0
TEAD4,Rest,0
TEAD4,Stim48hr,0
TEAD4,Stim8hr,0
TEC,Rest,0
TEC,Stim48hr,0
TEC,Stim8hr,0
TECPR1,Rest,0
TECPR1,Stim48hr,0
TECPR1,Stim8hr,0
TECPR2,Rest,0
TECPR2,Stim48hr,0
TECPR2,Stim8hr,0
TECR,Rest,0
TECR,Stim48hr,0
TECR,Stim8hr,0
TEDC1,Rest,0
TEDC1,Stim48hr,0
TEDC1,Stim8hr,0
TEDC2,Rest,0
TEDC2,Stim48hr,0
TEDC2,Stim8hr,0
TEF,Rest,0
TEF,Stim48hr,0
TEF,Stim8hr,0
TEFM,Rest,0
TEFM,Stim48hr,0
TEFM,Stim8hr,0
TEN1,Stim48hr,0
TEN1,Stim8hr,0
TENM4,Rest,0
TENM4,Stim48hr,0
TENM4,Stim8hr,0
TENT2,Rest,0
TENT2,Stim48hr,0
TENT2,Stim8hr,0
TENT4A,Rest,0
TENT4A,Stim48hr,0
TENT4A,Stim8hr,0
TENT4B,Rest,0
TENT4B,Stim48hr,0
TENT4B,Stim8hr,0
TENT5A,Rest,0
TENT5A,Stim48hr,0
TENT5A,Stim8hr,0
TENT5C,Rest,0
TENT5C,Stim48hr,1
TENT5C,Stim8hr,1
TEP1,Rest,4
TEP1,Stim48hr,0
TEP1,Stim8hr,0
TEPSIN,Rest,0
TEPSIN,Stim48hr,0
TEPSIN,Stim8hr,0
TERB1,Rest,0
TERB1,Stim48hr,0
TERB1,Stim8hr,0
TERF1,Rest,0
TERF1,Stim48hr,0
TERF1,Stim8hr,0
TERF2IP,Rest,0
TERF2IP,Stim48hr,0
TERF2IP,Stim8hr,0
TERT,Rest,0
TERT,Stim48hr,0
TERT,Stim8hr,0
TES,Rest,0
TES,Stim48hr,0
TES,Stim8hr,0
TESC,Rest,0
TESC,Stim48hr,0
TESC,Stim8hr,0
TESK1,Rest,0
TESK1,Stim48hr,0
TESK1,Stim8hr,0
TESK2,Rest,0
TESK2,Stim48hr,1
TESK2,Stim8hr,0
TESMIN,Rest,0
TESMIN,Stim48hr,0
TESMIN,Stim8hr,0
TESPA1,Rest,1
TESPA1,Stim48hr,0
TESPA1,Stim8hr,3
TET2,Rest,1
TET2,Stim48hr,2
TET2,Stim8hr,2
TET3,Rest,0
TET3,Stim48hr,0
TET3,Stim8hr,0
TEX2,Rest,0
TEX2,Stim48hr,0
TEX2,Stim8hr,0
TEX22,Rest,0
TEX22,Stim48hr,0
TEX22,Stim8hr,0
TEX261,Rest,0
TEX261,Stim48hr,0
TEX261,Stim8hr,0
TEX264,Rest,0
TEX264,Stim48hr,0
TEX264,Stim8hr,0
TEX30,Rest,0
TEX30,Stim48hr,0
TEX30,Stim8hr,0
TEX56P,Rest,0
TEX56P,Stim48hr,0
TEX56P,Stim8hr,0
TF,Rest,0
TF,Stim48hr,0
TF,Stim8hr,0
TFAM,Rest,0
TFAM,Stim48hr,5
TFAM,Stim8hr,2
TFAP2A,Rest,0
TFAP2A,Stim48hr,0
TFAP2A,Stim8hr,0
TFAP2B,Rest,0
TFAP2B,Stim48hr,0
TFAP2B,Stim8hr,0
TFAP2C,Rest,0
TFAP2C,Stim48hr,0
TFAP2C,Stim8hr,4
TFAP2D,Rest,0
TFAP2D,Stim48hr,0
TFAP2D,Stim8hr,0
TFAP2E,Rest,0
TFAP2E,Stim48hr,0
TFAP2E,Stim8hr,0
TFAP4,Rest,0
TFAP4,Stim48hr,1
TFAP4,Stim8hr,1
TFB1M,Rest,0
TFB1M,Stim48hr,1
TFB1M,Stim8hr,0
TFB2M,Rest,1
TFB2M,Stim48hr,0
TFB2M,Stim8hr,0
TFCP2,Rest,0
TFCP2,Stim48hr,0
TFCP2,Stim8hr,0
TFCP2L1,Rest,0
TFCP2L1,Stim48hr,0
TFCP2L1,Stim8hr,0
TFDP1,Rest,0
TFDP1,Stim48hr,0
TFDP1,Stim8hr,0
TFDP2,Rest,0
TFDP2,Stim48hr,0
TFDP2,Stim8hr,0
TFDP3,Rest,0
TFDP3,Stim48hr,0
TFDP3,Stim8hr,0
TFE3,Rest,0
TFE3,Stim48hr,0
TFE3,Stim8hr,0
TFEB,Rest,0
TFEB,Stim48hr,0
TFEB,Stim8hr,0
TFEC,Rest,0
TFEC,Stim48hr,0
TFEC,Stim8hr,0
TFF3,Rest,0
TFF3,Stim48hr,0
TFF3,Stim8hr,0
TFG,Rest,0
TFG,Stim48hr,0
TFG,Stim8hr,1
TFIP11,Rest,0
TFIP11,Stim48hr,0
TFIP11,Stim8hr,0
TFPI,Rest,0
TFPI,Stim48hr,0
TFPI,Stim8hr,0
TFPT,Stim8hr,0
TG,Rest,0
TG,Stim48hr,0
TG,Stim8hr,0
TGDS,Rest,1
TGDS,Stim48hr,0
TGDS,Stim8hr,0
TGFA,Rest,0
TGFA,Stim48hr,0
TGFA,Stim8hr,0
TGFB1,Rest,0
TGFB1,Stim48hr,0
TGFB1,Stim8hr,0
TGFB3,Rest,0
TGFB3,Stim48hr,0
TGFB3,Stim8hr,0
TGFBI,Rest,0
TGFBI,Stim48hr,0
TGFBI,Stim8hr,0
TGFBR2,Rest,0
TGFBR2,Stim48hr,0
TGFBR2,Stim8hr,0
TGFBR3,Rest,0
TGFBR3,Stim48hr,0
TGFBR3,Stim8hr,0
TGFBRAP1,Rest,0
TGFBRAP1,Stim48hr,0
TGFBRAP1,Stim8hr,0
TGIF1,Rest,1
TGIF1,Stim48hr,0
TGIF1,Stim8hr,0
TGIF2,Rest,0
TGIF2,Stim48hr,0
TGIF2,Stim8hr,0
TGIF2-RAB5IF,Rest,1
TGIF2-RAB5IF,Stim48hr,0
TGIF2-RAB5IF,Stim8hr,0
TGIF2LX,Rest,0
TGIF2LX,Stim8hr,0
TGIF2LY,Rest,0
TGIF2LY,Stim48hr,0
TGIF2LY,Stim8hr,0
TGM1,Rest,0
TGM1,Stim48hr,0
TGM1,Stim8hr,0
TGOLN2,Rest,0
TGOLN2,Stim48hr,0
TGOLN2,Stim8hr,0
TGS1,Rest,0
TGS1,Stim8hr,1
THADA,Rest,0
THADA,Stim48hr,0
THADA,Stim8hr,0
THAP10,Rest,0
THAP10,Stim48hr,0
THAP10,Stim8hr,0
THAP11,Rest,4
THAP11,Stim48hr,0
THAP11,Stim8hr,2
THAP12,Rest,0
THAP12,Stim48hr,0
THAP12,Stim8hr,0
THAP2,Rest,0
THAP2,Stim48hr,0
THAP2,Stim8hr,0
THAP3,Rest,0
THAP3,Stim48hr,0
THAP3,Stim8hr,0
THAP5,Rest,1
THAP5,Stim48hr,1
THAP5,Stim8hr,0
THAP6,Rest,0
THAP6,Stim48hr,0
THAP6,Stim8hr,1
THAP7,Rest,0
THAP7,Stim48hr,0
THAP7,Stim8hr,0
THAP8,Rest,0
THAP8,Stim48hr,0
THAP8,Stim8hr,0
THAP9,Rest,0
THAP9,Stim48hr,0
THAP9,Stim8hr,0
THBS1,Rest,0
THBS1,Stim48hr,0
THBS1,Stim8hr,0
THBS3,Rest,1
THBS3,Stim48hr,0
THBS3,Stim8hr,0
THBS4,Rest,0
THBS4,Stim48hr,0
THBS4,Stim8hr,0
THEM4,Rest,0
THEM4,Stim48hr,0
THEM4,Stim8hr,0
THEM5,Rest,0
THEM5,Stim48hr,0
THEM5,Stim8hr,0
THEM6,Rest,0
THEM6,Stim48hr,0
THEM6,Stim8hr,0
THEMIS,Rest,0
THEMIS,Stim48hr,0
THEMIS,Stim8hr,0
THEMIS2,Rest,0
THEMIS2,Stim48hr,0
THEMIS2,Stim8hr,0
THG1L,Rest,1
THG1L,Stim48hr,1
THG1L,Stim8hr,2
THNSL1,Rest,0
THNSL1,Stim48hr,0
THNSL1,Stim8hr,0
THOC6,Rest,0
THOC6,Stim48hr,1
THOC6,Stim8hr,0
THOC7,Rest,0
THOC7,Stim48hr,0
THOC7,Stim8hr,0
THOP1,Rest,0
THOP1,Stim48hr,0
THOP1,Stim8hr,0
THRA,Rest,1
THRA,Stim48hr,0
THRA,Stim8hr,0
THRAP3,Rest,0
THRAP3,Stim48hr,0
THRAP3,Stim8hr,0
THRB,Rest,0
THRB,Stim48hr,0
THRB,Stim8hr,0
THTPA,Rest,0
THTPA,Stim48hr,0
THTPA,Stim8hr,0
THUMPD1,Rest,0
THUMPD1,Stim48hr,0
THUMPD1,Stim8hr,0
THUMPD2,Rest,0
THUMPD2,Stim48hr,0
THUMPD2,Stim8hr,0
THUMPD3,Rest,0
THUMPD3,Stim48hr,0
THUMPD3,Stim8hr,0
THY1,Rest,0
THY1,Stim48hr,0
THY1,Stim8hr,0
THYN1,Rest,0
THYN1,Stim48hr,0
THYN1,Stim8hr,0
TIA1,Rest,1
TIA1,Stim48hr,0
TIA1,Stim8hr,0
TIAL1,Rest,0
TIAL1,Stim48hr,0
TIAL1,Stim8hr,0
TIAM1,Rest,0
TIAM1,Stim48hr,0
TIAM1,Stim8hr,0
TICAM1,Rest,0
TICAM1,Stim48hr,0
TICAM1,Stim8hr,0
TIFA,Rest,0
TIFA,Stim48hr,0
TIFA,Stim8hr,0
TIGAR,Rest,0
TIGAR,Stim48hr,0
TIGAR,Stim8hr,0
TIGD1,Rest,0
TIGD1,Stim48hr,0
TIGD1,Stim8hr,0
TIGD2,Rest,0
TIGD2,Stim48hr,0
TIGD2,Stim8hr,0
TIGD3,Rest,0
TIGD3,Stim48hr,0
TIGD3,Stim8hr,0
TIGD4,Rest,0
TIGD4,Stim48hr,0
TIGD4,Stim8hr,0
TIGD5,Rest,0
TIGD5,Stim48hr,0
TIGD5,Stim8hr,0
TIGD6,Rest,0
TIGD6,Stim48hr,0
TIGD6,Stim8hr,1
TIGD7,Rest,0
TIGD7,Stim48hr,0
TIGD7,Stim8hr,0
TIGIT,Rest,0
TIGIT,Stim48hr,0
TIGIT,Stim8hr,0
TIMCC,Rest,0
TIMCC,Stim48hr,0
TIMCC,Stim8hr,0
TIMD4,Rest,0
TIMD4,Stim48hr,0
TIMD4,Stim8hr,0
TIMM10,Rest,10
TIMM10,Stim48hr,0
TIMM10,Stim8hr,2
TIMM10B,Rest,0
TIMM10B,Stim48hr,0
TIMM10B,Stim8hr,0
TIMM13,Rest,0
TIMM13,Stim48hr,0
TIMM13,Stim8hr,0
TIMM17A,Rest,0
TIMM17A,Stim48hr,0
TIMM17A,Stim8hr,0
TIMM17B,Rest,0
TIMM17B,Stim48hr,0
TIMM17B,Stim8hr,0
TIMM21,Rest,0
TIMM21,Stim48hr,0
TIMM21,Stim8hr,0
TIMM23,Rest,0
TIMM23,Stim48hr,0
TIMM23,Stim8hr,0
TIMM29,Rest,0
TIMM29,Stim48hr,0
TIMM29,Stim8hr,0
TIMM50,Rest,0
TIMM50,Stim8hr,1
TIMM8A,Rest,3
TIMM8A,Stim48hr,0
TIMM8A,Stim8hr,0
TIMM8B,Rest,0
TIMM8B,Stim48hr,1
TIMM8B,Stim8hr,1
TIMM9,Rest,2
TIMM9,Stim48hr,0
TIMM9,Stim8hr,0
TIMMDC1,Rest,0
TIMMDC1,Stim48hr,0
TIMMDC1,Stim8hr,0
TIMP1,Rest,0
TIMP1,Stim48hr,0
TIMP1,Stim8hr,2
TIMP2,Stim48hr,0
TIMP3,Rest,0
TIMP3,Stim48hr,0
TIMP3,Stim8hr,0
TIPARP,Rest,0
TIPARP,Stim48hr,2
TIPARP,Stim8hr,0
TIPE1,Rest,0
TIPE1,Stim48hr,0
TIPE1,Stim8hr,0
TIPE2,Rest,0
TIPE2,Stim48hr,0
TIPE2,Stim8hr,0
TIPRL,Rest,2
TIPRL,Stim48hr,0
TIPRL,Stim8hr,1
TIRAP,Rest,0
TIRAP,Stim48hr,0
TIRAP,Stim8hr,0
TJAP1,Rest,0
TJAP1,Stim48hr,0
TJAP1,Stim8hr,0
TJP3,Rest,0
TJP3,Stim48hr,0
TJP3,Stim8hr,0
TK1,Rest,0
TK1,Stim48hr,0
TK1,Stim8hr,0
TK2,Rest,0
TK2,Stim48hr,0
TK2,Stim8hr,0
TKFC,Rest,1
TKFC,Stim48hr,0
TKT,Rest,0
TKT,Stim48hr,0
TKT,Stim8hr,0
TKTL1,Rest,0
TKTL1,Stim48hr,0
TKTL1,Stim8hr,0
TLCD1,Rest,0
TLCD1,Stim48hr,0
TLCD1,Stim8hr,0
TLCD3A,Rest,0
TLCD3A,Stim48hr,0
TLCD3A,Stim8hr,0
TLCD5,Rest,0
TLCD5,Stim48hr,0
TLCD5,Stim8hr,0
TLDC2,Rest,0
TLDC2,Stim48hr,0
TLDC2,Stim8hr,0
TLE1,Rest,0
TLE1,Stim48hr,0
TLE1,Stim8hr,0
TLE2,Rest,0
TLE2,Stim48hr,0
TLE2,Stim8hr,0
TLE4,Rest,0
TLE4,Stim48hr,0
TLE4,Stim8hr,0
TLE5,Rest,0
TLE5,Stim48hr,0
TLE5,Stim8hr,0
TLK1,Rest,1
TLK1,Stim48hr,0
TLK1,Stim8hr,0
TLK2,Rest,0
TLK2,Stim48hr,0
TLK2,Stim8hr,0
TLN1,Rest,0
TLN1,Stim48hr,2
TLN1,Stim8hr,1
TLN2,Rest,0
TLN2,Stim48hr,0
TLN2,Stim8hr,0
TLNRD1,Rest,0
TLNRD1,Stim48hr,0
TLNRD1,Stim8hr,0
TLR1,Rest,0
TLR1,Stim48hr,0
TLR1,Stim8hr,0
TLR2,Rest,0
TLR2,Stim48hr,0
TLR2,Stim8hr,0
TLR5,Rest,0
TLR5,Stim48hr,0
TLR5,Stim8hr,0
TLR6,Rest,0
TLR6,Stim48hr,0
TLR6,Stim8hr,0
TLX1,Rest,0
TLX1,Stim48hr,0
TLX1,Stim8hr,0
TLX2,Rest,0
TLX2,Stim48hr,0
TLX2,Stim8hr,0
TLX3,Rest,0
TLX3,Stim48hr,0
TLX3,Stim8hr,0
TM2D1,Rest,0
TM2D1,Stim48hr,0
TM2D1,Stim8hr,0
TM2D2,Rest,0
TM2D2,Stim48hr,0
TM2D2,Stim8hr,0
TM2D3,Rest,0
TM2D3,Stim48hr,0
TM2D3,Stim8hr,0
TM4SF1,Rest,0
TM4SF1,Stim48hr,0
TM4SF1,Stim8hr,0
TM6SF1,Rest,0
TM6SF1,Stim48hr,0
TM6SF1,Stim8hr,0
TM7SF2,Rest,0
TM7SF2,Stim48hr,0
TM7SF2,Stim8hr,0
TM7SF3,Rest,1
TM7SF3,Stim48hr,0
TM7SF3,Stim8hr,0
TM9SF2,Rest,0
TM9SF2,Stim48hr,0
TM9SF2,Stim8hr,0
TM9SF3,Rest,0
TM9SF3,Stim48hr,0
TM9SF3,Stim8hr,0
TM9SF4,Rest,0
TM9SF4,Stim48hr,0
TM9SF4,Stim8hr,0
TMA7,Rest,0
TMA7,Stim48hr,0
TMA7,Stim8hr,0
TMBIM1,Rest,0
TMBIM1,Stim48hr,0
TMBIM1,Stim8hr,0
TMBIM4,Rest,0
TMBIM4,Stim48hr,0
TMBIM4,Stim8hr,0
TMBIM6,Rest,1
TMBIM6,Stim48hr,0
TMBIM6,Stim8hr,0
TMC5,Rest,0
TMC5,Stim48hr,0
TMC5,Stim8hr,0
TMC6,Rest,0
TMC6,Stim48hr,0
TMC6,Stim8hr,0
TMC8,Rest,0
TMC8,Stim48hr,0
TMC8,Stim8hr,0
TMCC1,Rest,0
TMCC1,Stim48hr,0
TMCC1,Stim8hr,1
TMCC2,Rest,0
TMCC2,Stim48hr,0
TMCC2,Stim8hr,0
TMCC3,Rest,0
TMCC3,Stim48hr,1
TMCC3,Stim8hr,0
TMCO1,Rest,0
TMCO1,Stim48hr,0
TMCO1,Stim8hr,0
TMCO4,Rest,0
TMCO4,Stim48hr,0
TMCO4,Stim8hr,0
TMCO6,Rest,0
TMCO6,Stim48hr,0
TMCO6,Stim8hr,0
TMED1,Rest,0
TMED1,Stim48hr,0
TMED1,Stim8hr,0
TMED10,Rest,1
TMED10,Stim48hr,0
TMED10,Stim8hr,3
TMED2,Rest,0
TMED2,Stim48hr,0
TMED2,Stim8hr,2
TMED3,Rest,0
TMED3,Stim48hr,0
TMED3,Stim8hr,0
TMED4,Rest,0
TMED4,Stim48hr,0
TMED4,Stim8hr,0
TMED5,Rest,0
TMED5,Stim48hr,0
TMED5,Stim8hr,0
TMED6,Rest,0
TMED6,Stim48hr,0
TMED6,Stim8hr,0
TMED7,Rest,0
TMED7,Stim48hr,0
TMED7,Stim8hr,0
TMED8,Rest,0
TMED8,Stim48hr,0
TMED8,Stim8hr,0
TMED9,Rest,6
TMED9,Stim48hr,1
TMED9,Stim8hr,7
TMEM101,Rest,0
TMEM101,Stim48hr,0
TMEM101,Stim8hr,0
TMEM102,Rest,0
TMEM102,Stim48hr,0
TMEM102,Stim8hr,0
TMEM106A,Rest,0
TMEM106A,Stim48hr,0
TMEM106A,Stim8hr,0
TMEM106B,Rest,0
TMEM106B,Stim48hr,0
TMEM106B,Stim8hr,0
TMEM106C,Rest,0
TMEM106C,Stim48hr,0
TMEM106C,Stim8hr,0
TMEM107,Rest,0
TMEM107,Stim48hr,0
TMEM107,Stim8hr,0
TMEM109,Rest,0
TMEM109,Stim48hr,0
TMEM109,Stim8hr,0
TMEM11,Rest,0
TMEM11,Stim48hr,0
TMEM11,Stim8hr,0
TMEM115,Rest,3
TMEM115,Stim48hr,0
TMEM115,Stim8hr,0
TMEM116,Rest,0
TMEM116,Stim48hr,0
TMEM116,Stim8hr,0
TMEM117,Rest,0
TMEM117,Stim48hr,0
TMEM117,Stim8hr,0
TMEM119,Rest,0
TMEM119,Stim48hr,0
TMEM119,Stim8hr,1
TMEM120A,Rest,0
TMEM120A,Stim48hr,0
TMEM120A,Stim8hr,0
TMEM120B,Rest,0
TMEM120B,Stim48hr,0
TMEM120B,Stim8hr,0
TMEM121,Rest,0
TMEM121,Stim48hr,0
TMEM121,Stim8hr,0
TMEM123,Rest,0
TMEM123,Stim48hr,0
TMEM123,Stim8hr,0
TMEM126A,Rest,0
TMEM126A,Stim48hr,0
TMEM126A,Stim8hr,0
TMEM126B,Rest,0
TMEM126B,Stim48hr,2
TMEM126B,Stim8hr,0
TMEM127,Rest,0
TMEM127,Stim48hr,0
TMEM127,Stim8hr,0
TMEM128,Rest,0
TMEM128,Stim48hr,0
TMEM128,Stim8hr,0
TMEM131,Rest,0
TMEM131,Stim48hr,0
TMEM131,Stim8hr,0
TMEM131L,Rest,0
TMEM131L,Stim48hr,0
TMEM131L,Stim8hr,0
TMEM134,Rest,0
TMEM134,Stim48hr,0
TMEM134,Stim8hr,0
TMEM135,Rest,0
TMEM135,Stim48hr,0
TMEM135,Stim8hr,0
TMEM138,Rest,0
TMEM138,Stim48hr,0
TMEM138,Stim8hr,0
TMEM140,Rest,0
TMEM140,Stim48hr,0
TMEM140,Stim8hr,0
TMEM141,Rest,0
TMEM141,Stim48hr,0
TMEM141,Stim8hr,0
TMEM143,Rest,1
TMEM143,Stim48hr,0
TMEM143,Stim8hr,0
TMEM147,Rest,0
TMEM147,Stim48hr,0
TMEM147,Stim8hr,0
TMEM14A,Rest,0
TMEM14A,Stim48hr,0
TMEM14A,Stim8hr,0
TMEM14B,Rest,0
TMEM14B,Stim48hr,0
TMEM14B,Stim8hr,0
TMEM14C,Rest,0
TMEM14C,Stim48hr,0
TMEM14C,Stim8hr,0
TMEM150A,Rest,0
TMEM150A,Stim48hr,0
TMEM150A,Stim8hr,0
TMEM154,Rest,0
TMEM154,Stim48hr,0
TMEM154,Stim8hr,0
TMEM156,Rest,0
TMEM156,Stim48hr,0
TMEM156,Stim8hr,0
TMEM160,Rest,0
TMEM160,Stim48hr,0
TMEM160,Stim8hr,0
TMEM161A,Rest,0
TMEM161A,Stim48hr,0
TMEM161A,Stim8hr,0
TMEM161B,Rest,0
TMEM161B,Stim48hr,0
TMEM161B,Stim8hr,0
TMEM164,Rest,0
TMEM164,Stim48hr,0
TMEM164,Stim8hr,0
TMEM165,Rest,0
TMEM165,Stim48hr,0
TMEM165,Stim8hr,0
TMEM167A,Rest,0
TMEM167A,Stim48hr,1
TMEM167A,Stim8hr,0
TMEM167B,Rest,0
TMEM167B,Stim48hr,0
TMEM167B,Stim8hr,0
TMEM168,Rest,0
TMEM168,Stim48hr,0
TMEM168,Stim8hr,0
TMEM169,Rest,0
TMEM169,Stim48hr,0
TMEM169,Stim8hr,0
TMEM170A,Rest,0
TMEM170A,Stim48hr,0
TMEM170A,Stim8hr,0
TMEM170B,Rest,0
TMEM170B,Stim48hr,0
TMEM170B,Stim8hr,0
TMEM175,Rest,0
TMEM175,Stim48hr,0
TMEM175,Stim8hr,0
TMEM176B,Rest,0
TMEM176B,Stim48hr,0
TMEM176B,Stim8hr,0
TMEM177,Rest,0
TMEM177,Stim8hr,0
TMEM178B,Rest,0
TMEM178B,Stim48hr,0
TMEM178B,Stim8hr,0
TMEM179B,Rest,0
TMEM179B,Stim48hr,0
TMEM179B,Stim8hr,0
TMEM18,Rest,0
TMEM18,Stim48hr,0
TMEM18,Stim8hr,0
TMEM181,Rest,0
TMEM181,Stim48hr,0
TMEM181,Stim8hr,0
TMEM182,Rest,0
TMEM182,Stim48hr,0
TMEM182,Stim8hr,0
TMEM183A,Rest,0
TMEM183A,Stim48hr,0
TMEM183A,Stim8hr,0
TMEM184B,Rest,0
TMEM184B,Stim48hr,0
TMEM184B,Stim8hr,0
TMEM184C,Rest,0
TMEM184C,Stim48hr,0
TMEM184C,Stim8hr,0
TMEM185A,Rest,0
TMEM185A,Stim48hr,0
TMEM185A,Stim8hr,0
TMEM185B,Rest,0
TMEM185B,Stim48hr,0
TMEM185B,Stim8hr,0
TMEM186,Rest,1
TMEM186,Stim48hr,0
TMEM186,Stim8hr,0
TMEM187,Rest,0
TMEM187,Stim48hr,1
TMEM187,Stim8hr,0
TMEM19,Rest,0
TMEM19,Stim48hr,0
TMEM19,Stim8hr,0
TMEM191B,Rest,0
TMEM191B,Stim48hr,0
TMEM191B,Stim8hr,0
TMEM192,Rest,0
TMEM192,Stim48hr,0
TMEM192,Stim8hr,0
TMEM200A,Rest,0
TMEM200A,Stim48hr,0
TMEM200A,Stim8hr,0
TMEM201,Rest,0
TMEM201,Stim48hr,0
TMEM201,Stim8hr,0
TMEM203,Rest,0
TMEM203,Stim48hr,0
TMEM203,Stim8hr,0
TMEM204,Rest,0
TMEM204,Stim48hr,0
TMEM204,Stim8hr,0
TMEM205,Rest,7
TMEM205,Stim48hr,0
TMEM205,Stim8hr,0
TMEM208,Rest,0
TMEM208,Stim48hr,0
TMEM208,Stim8hr,0
TMEM209,Rest,0
TMEM209,Stim48hr,0
TMEM209,Stim8hr,0
TMEM214,Rest,1
TMEM214,Stim48hr,4
TMEM214,Stim8hr,1
TMEM216,Rest,0
TMEM216,Stim48hr,0
TMEM216,Stim8hr,0
TMEM217,Rest,0
TMEM217,Stim48hr,0
TMEM217,Stim8hr,0
TMEM218,Rest,0
TMEM218,Stim48hr,0
TMEM218,Stim8hr,0
TMEM219,Rest,0
TMEM219,Stim48hr,0
TMEM219,Stim8hr,0
TMEM220,Rest,0
TMEM220,Stim48hr,0
TMEM220,Stim8hr,0
TMEM222,Rest,0
TMEM222,Stim48hr,0
TMEM222,Stim8hr,0
TMEM223,Rest,0
TMEM223,Stim48hr,0
TMEM223,Stim8hr,0
TMEM229B,Rest,0
TMEM229B,Stim48hr,0
TMEM229B,Stim8hr,0
TMEM230,Rest,0
TMEM230,Stim48hr,0
TMEM230,Stim8hr,0
TMEM231,Rest,0
TMEM231,Stim48hr,0
TMEM231,Stim8hr,0
TMEM234,Rest,0
TMEM234,Stim48hr,0
TMEM234,Stim8hr,0
TMEM237,Rest,0
TMEM237,Stim48hr,0
TMEM237,Stim8hr,1
TMEM238,Rest,0
TMEM238,Stim48hr,0
TMEM242,Rest,0
TMEM242,Stim48hr,0
TMEM242,Stim8hr,0
TMEM243,Rest,0
TMEM243,Stim48hr,0
TMEM243,Stim8hr,0
TMEM245,Rest,1
TMEM245,Stim48hr,0
TMEM245,Stim8hr,0
TMEM248,Rest,0
TMEM248,Stim48hr,0
TMEM248,Stim8hr,0
TMEM25,Rest,0
TMEM25,Stim48hr,0
TMEM25,Stim8hr,0
TMEM250,Rest,0
TMEM250,Stim48hr,0
TMEM250,Stim8hr,0
TMEM254,Rest,0
TMEM254,Stim48hr,0
TMEM254,Stim8hr,0
TMEM255A,Rest,0
TMEM255A,Stim48hr,0
TMEM255A,Stim8hr,0
TMEM256,Rest,0
TMEM256,Stim48hr,0
TMEM256,Stim8hr,0
TMEM258,Rest,0
TMEM258,Stim48hr,0
TMEM258,Stim8hr,0
TMEM259,Rest,0
TMEM259,Stim48hr,0
TMEM259,Stim8hr,0
TMEM260,Rest,0
TMEM260,Stim48hr,0
TMEM260,Stim8hr,0
TMEM263,Rest,0
TMEM263,Stim48hr,0
TMEM263,Stim8hr,0
TMEM265,Rest,0
TMEM265,Stim48hr,0
TMEM265,Stim8hr,0
TMEM267,Rest,1
TMEM267,Stim48hr,0
TMEM267,Stim8hr,0
TMEM268,Rest,0
TMEM268,Stim48hr,0
TMEM268,Stim8hr,0
TMEM273,Rest,0
TMEM273,Stim48hr,0
TMEM273,Stim8hr,0
TMEM33,Rest,0
TMEM33,Stim48hr,0
TMEM33,Stim8hr,0
TMEM35B,Rest,0
TMEM35B,Stim48hr,0
TMEM35B,Stim8hr,0
TMEM38B,Rest,0
TMEM38B,Stim48hr,0
TMEM38B,Stim8hr,0
TMEM39A,Rest,0
TMEM39A,Stim8hr,0
TMEM39B,Rest,0
TMEM39B,Stim48hr,0
TMEM39B,Stim8hr,0
TMEM40,Rest,0
TMEM40,Stim48hr,0
TMEM40,Stim8hr,0
TMEM41A,Rest,0
TMEM41A,Stim48hr,0
TMEM41A,Stim8hr,0
TMEM41B,Rest,1
TMEM41B,Stim48hr,0
TMEM41B,Stim8hr,0
TMEM42,Rest,0
TMEM42,Stim48hr,0
TMEM42,Stim8hr,0
TMEM43,Rest,0
TMEM43,Stim48hr,0
TMEM43,Stim8hr,0
TMEM44,Rest,0
TMEM44,Stim48hr,0
TMEM44,Stim8hr,0
TMEM45A,Rest,0
TMEM45A,Stim48hr,0
TMEM45A,Stim8hr,0
TMEM45B,Rest,0
TMEM45B,Stim48hr,0
TMEM45B,Stim8hr,0
TMEM50A,Rest,0
TMEM50A,Stim48hr,0
TMEM50A,Stim8hr,0
TMEM50B,Rest,0
TMEM50B,Stim48hr,0
TMEM50B,Stim8hr,0
TMEM53,Rest,0
TMEM53,Stim48hr,0
TMEM53,Stim8hr,0
TMEM54,Rest,0
TMEM54,Stim48hr,0
TMEM54,Stim8hr,0
TMEM59,Rest,0
TMEM59,Stim48hr,0
TMEM59,Stim8hr,0
TMEM60,Rest,2
TMEM60,Stim48hr,0
TMEM60,Stim8hr,0
TMEM62,Rest,0
TMEM62,Stim48hr,0
TMEM62,Stim8hr,0
TMEM63A,Rest,0
TMEM63A,Stim48hr,0
TMEM63A,Stim8hr,0
TMEM63B,Rest,0
TMEM63B,Stim48hr,0
TMEM63B,Stim8hr,0
TMEM63C,Rest,0
TMEM63C,Stim48hr,0
TMEM63C,Stim8hr,0
TMEM64,Rest,0
TMEM64,Stim48hr,0
TMEM64,Stim8hr,0
TMEM65,Rest,0
TMEM65,Stim48hr,0
TMEM65,Stim8hr,0
TMEM67,Rest,0
TMEM67,Stim48hr,0
TMEM67,Stim8hr,0
TMEM68,Rest,0
TMEM68,Stim48hr,0
TMEM68,Stim8hr,0
TMEM69,Rest,0
TMEM69,Stim48hr,0
TMEM69,Stim8hr,0
TMEM70,Rest,0
TMEM70,Stim8hr,0
TMEM71,Rest,0
TMEM71,Stim48hr,0
TMEM71,Stim8hr,1
TMEM79,Rest,0
TMEM79,Stim48hr,0
TMEM79,Stim8hr,0
TMEM80,Rest,0
TMEM80,Stim48hr,0
TMEM80,Stim8hr,0
TMEM81,Rest,0
TMEM81,Stim48hr,0
TMEM81,Stim8hr,0
TMEM86A,Rest,0
TMEM86A,Stim48hr,0
TMEM86A,Stim8hr,0
TMEM86B,Rest,0
TMEM86B,Stim48hr,0
TMEM86B,Stim8hr,0
TMEM87A,Rest,0
TMEM87A,Stim48hr,0
TMEM87A,Stim8hr,0
TMEM87B,Rest,0
TMEM87B,Stim48hr,0
TMEM87B,Stim8hr,1
TMEM88,Stim48hr,0
TMEM8B,Rest,0
TMEM8B,Stim48hr,0
TMEM8B,Stim8hr,0
TMEM9,Rest,0
TMEM9,Stim48hr,0
TMEM9,Stim8hr,0
TMEM91,Rest,0
TMEM91,Stim48hr,0
TMEM91,Stim8hr,0
TMEM94,Rest,0
TMEM94,Stim48hr,0
TMEM94,Stim8hr,0
TMEM97,Rest,0
TMEM97,Stim48hr,0
TMEM97,Stim8hr,0
TMEM98,Rest,0
TMEM98,Stim48hr,0
TMEM98,Stim8hr,0
TMEM9B,Rest,0
TMEM9B,Stim48hr,0
TMEM9B,Stim8hr,0
TMF1,Rest,0
TMF1,Stim8hr,0
TMIE,Rest,0
TMIE,Stim48hr,0
TMIE,Stim8hr,0
TMIGD2,Rest,0
TMIGD2,Stim48hr,0
TMIGD2,Stim8hr,0
TMLHE,Rest,0
TMLHE,Stim48hr,0
TMLHE,Stim8hr,0
TMOD2,Rest,0
TMOD2,Stim48hr,0
TMOD2,Stim8hr,0
TMOD3,Rest,0
TMOD3,Stim48hr,0
TMOD3,Stim8hr,0
TMPO,Rest,0
TMPO,Stim48hr,0
TMPO,Stim8hr,0
TMPPE,Rest,0
TMPPE,Stim48hr,0
TMPPE,Stim8hr,0
TMPRSS13,Rest,0
TMPRSS13,Stim48hr,0
TMPRSS13,Stim8hr,0
TMPRSS3,Rest,0
TMPRSS3,Stim48hr,0
TMPRSS3,Stim8hr,0
TMPRSS5,Rest,0
TMPRSS5,Stim48hr,0
TMPRSS5,Stim8hr,0
TMPRSS6,Rest,0
TMPRSS6,Stim48hr,0
TMPRSS6,Stim8hr,0
TMSB10,Rest,0
TMSB10,Stim48hr,0
TMSB10,Stim8hr,0
TMSB15B,Rest,0
TMSB15B,Stim48hr,0
TMSB15B,Stim8hr,0
TMSB4X,Rest,0
TMSB4X,Stim48hr,0
TMSB4X,Stim8hr,0
TMSB4Y,Rest,0
TMSB4Y,Stim48hr,0
TMSB4Y,Stim8hr,0
TMT1A,Rest,0
TMT1A,Stim48hr,0
TMT1A,Stim8hr,0
TMTC2,Rest,0
TMTC2,Stim48hr,0
TMTC2,Stim8hr,1
TMTC3,Rest,0
TMTC3,Stim48hr,0
TMTC3,Stim8hr,0
TMTC4,Rest,0
TMTC4,Stim48hr,0
TMTC4,Stim8hr,0
TMUB1,Rest,0
TMUB1,Stim48hr,0
TMUB1,Stim8hr,0
TMUB2,Rest,0
TMUB2,Stim48hr,0
TMUB2,Stim8hr,0
TMX1,Rest,0
TMX1,Stim48hr,9
TMX1,Stim8hr,7
TMX2,Rest,0
TMX2,Stim48hr,0
TMX2,Stim8hr,2
TMX3,Rest,0
TMX3,Stim48hr,0
TMX3,Stim8hr,0
TMX4,Rest,0
TMX4,Stim48hr,0
TMX4,Stim8hr,0
TNF,Rest,1
TNF,Stim48hr,1
TNF,Stim8hr,2
TNFAIP1,Rest,0
TNFAIP1,Stim48hr,0
TNFAIP1,Stim8hr,0
TNFAIP3,Rest,0
TNFAIP3,Stim48hr,0
TNFAIP3,Stim8hr,2
TNFAIP6,Rest,0
TNFAIP6,Stim48hr,0
TNFAIP6,Stim8hr,0
TNFAIP8,Rest,0
TNFAIP8,Stim48hr,0
TNFAIP8,Stim8hr,0
TNFRSF10A,Rest,0
TNFRSF10A,Stim48hr,0
TNFRSF10A,Stim8hr,0
TNFRSF10B,Rest,0
TNFRSF10B,Stim48hr,0
TNFRSF10B,Stim8hr,1
TNFRSF10D,Rest,0
TNFRSF10D,Stim48hr,0
TNFRSF10D,Stim8hr,0
TNFRSF11A,Rest,0
TNFRSF11A,Stim48hr,0
TNFRSF11A,Stim8hr,0
TNFRSF12A,Rest,0
TNFRSF12A,Stim48hr,0
TNFRSF12A,Stim8hr,0
TNFRSF13B,Rest,1
TNFRSF13B,Stim48hr,0
TNFRSF13B,Stim8hr,0
TNFRSF13C,Rest,0
TNFRSF13C,Stim48hr,0
TNFRSF13C,Stim8hr,0
TNFRSF14,Rest,0
TNFRSF14,Stim48hr,0
TNFRSF14,Stim8hr,0
TNFRSF18,Rest,0
TNFRSF18,Stim48hr,0
TNFRSF18,Stim8hr,0
TNFRSF1A,Rest,0
TNFRSF1A,Stim48hr,0
TNFRSF1A,Stim8hr,0
TNFRSF1B,Rest,0
TNFRSF1B,Stim48hr,0
TNFRSF1B,Stim8hr,0
TNFRSF21,Rest,0
TNFRSF21,Stim48hr,0
TNFRSF21,Stim8hr,0
TNFRSF25,Rest,0
TNFRSF25,Stim48hr,0
TNFRSF25,Stim8hr,0
TNFRSF4,Rest,0
TNFRSF4,Stim48hr,0
TNFRSF4,Stim8hr,0
TNFRSF8,Rest,0
TNFRSF8,Stim48hr,0
TNFRSF8,Stim8hr,0
TNFRSF9,Rest,1
TNFRSF9,Stim48hr,0
TNFRSF9,Stim8hr,0
TNFSF10,Rest,0
TNFSF10,Stim48hr,0
TNFSF10,Stim8hr,0
TNFSF11,Rest,0
TNFSF11,Stim48hr,0
TNFSF11,Stim8hr,0
TNFSF12-TNFSF13,Rest,0
TNFSF12-TNFSF13,Stim48hr,0
TNFSF12-TNFSF13,Stim8hr,0
TNFSF13,Rest,0
TNFSF13,Stim48hr,0
TNFSF13,Stim8hr,0
TNFSF13B,Rest,0
TNFSF13B,Stim48hr,0
TNFSF13B,Stim8hr,0
TNFSF14,Rest,0
TNFSF14,Stim48hr,0
TNFSF14,Stim8hr,0
TNFSF4,Rest,0
TNFSF4,Stim48hr,0
TNFSF4,Stim8hr,0
TNFSF8,Rest,0
TNFSF8,Stim48hr,0
TNFSF8,Stim8hr,0
TNFSF9,Rest,0
TNFSF9,Stim48hr,0
TNFSF9,Stim8hr,0
TNIK,Rest,0
TNIK,Stim48hr,0
TNIK,Stim8hr,0
TNIP1,Rest,1
TNIP1,Stim48hr,0
TNIP1,Stim8hr,0
TNIP2,Rest,0
TNIP2,Stim48hr,0
TNIP2,Stim8hr,2
TNIP3,Rest,0
TNIP3,Stim48hr,0
TNIP3,Stim8hr,0
TNK1,Rest,0
TNK1,Stim48hr,0
TNK1,Stim8hr,0
TNK2,Rest,0
TNK2,Stim48hr,0
TNK2,Stim8hr,0
TNKS,Rest,0
TNKS,Stim48hr,0
TNKS,Stim8hr,0
TNKS2,Rest,0
TNKS2,Stim48hr,0
TNKS2,Stim8hr,0
TNNC1,Rest,0
TNNC1,Stim48hr,0
TNNC1,Stim8hr,0
TNNC2,Rest,0
TNNC2,Stim48hr,0
TNNC2,Stim8hr,0
TNPO1,Rest,0
TNPO1,Stim48hr,3
TNPO1,Stim8hr,1
TNPO2,Rest,0
TNPO2,Stim48hr,0
TNPO2,Stim8hr,0
TNPO3,Rest,3
TNRC18,Stim48hr,0
TNRC18,Stim8hr,0
TNRC6A,Rest,0
TNRC6A,Stim48hr,4
TNRC6A,Stim8hr,0
TNRC6B,Rest,0
TNRC6B,Stim48hr,0
TNRC6B,Stim8hr,0
TNS1,Rest,0
TNS1,Stim48hr,0
TNS1,Stim8hr,0
TNS3,Rest,0
TNS3,Stim48hr,0
TNS3,Stim8hr,0
TNS4,Rest,0
TNS4,Stim48hr,0
TNS4,Stim8hr,0
TOB1,Rest,0
TOB1,Stim48hr,0
TOB1,Stim8hr,0
TOB2,Rest,0
TOB2,Stim48hr,0
TOB2,Stim8hr,0
TOE1,Rest,0
TOE1,Stim48hr,0
TOE1,Stim8hr,0
TOGARAM1,Rest,0
TOGARAM1,Stim48hr,0
TOGARAM1,Stim8hr,0
TOLLIP,Rest,0
TOLLIP,Stim48hr,0
TOLLIP,Stim8hr,0
TOM1,Rest,0
TOM1,Stim48hr,0
TOM1,Stim8hr,0
TOM1L2,Rest,0
TOM1L2,Stim48hr,0
TOM1L2,Stim8hr,0
TOMM20,Rest,2
TOMM20,Stim8hr,1
TOMM34,Rest,0
TOMM34,Stim48hr,0
TOMM34,Stim8hr,0
TOMM40,Rest,6
TOMM40,Stim8hr,5
TOMM40L,Rest,0
TOMM40L,Stim48hr,0
TOMM40L,Stim8hr,0
TOMM5,Rest,0
TOMM5,Stim48hr,0
TOMM5,Stim8hr,0
TOMM6,Rest,0
TOMM6,Stim48hr,0
TOMM6,Stim8hr,0
TOMM7,Rest,0
TOMM7,Stim48hr,0
TOMM7,Stim8hr,0
TOMM70,Rest,0
TOMM70,Stim48hr,1
TOMM70,Stim8hr,1
TOP1MT,Rest,0
TOP1MT,Stim48hr,0
TOP1MT,Stim8hr,0
TOP2B,Rest,0
TOP2B,Stim48hr,0
TOP2B,Stim8hr,0
TOP3B,Rest,0
TOP3B,Stim48hr,0
TOP3B,Stim8hr,0
TOP6BL,Rest,0
TOP6BL,Stim48hr,1
TOP6BL,Stim8hr,0
TOPBP1,Rest,0
TOPBP1,Stim48hr,0
TOPBP1,Stim8hr,0
TOPORS,Rest,1
TOPORS,Stim8hr,0
TOR1A,Rest,0
TOR1A,Stim48hr,2
TOR1A,Stim8hr,0
TOR1AIP1,Rest,0
TOR1AIP1,Stim48hr,0
TOR1AIP1,Stim8hr,0
TOR1AIP2,Rest,0
TOR1AIP2,Stim48hr,0
TOR1AIP2,Stim8hr,0
TOR1B,Rest,0
TOR1B,Stim48hr,0
TOR1B,Stim8hr,0
TOR2A,Rest,0
TOR2A,Stim48hr,0
TOR2A,Stim8hr,0
TOR3A,Rest,0
TOR3A,Stim48hr,0
TOR3A,Stim8hr,0
TOR4A,Rest,0
TOR4A,Stim48hr,0
TOR4A,Stim8hr,0
TOX,Rest,0
TOX,Stim48hr,0
TOX,Stim8hr,0
TOX2,Rest,0
TOX2,Stim48hr,0
TOX2,Stim8hr,0
TP53,Rest,1
TP53,Stim48hr,0
TP53,Stim8hr,0
TP53BP1,Rest,0
TP53BP1,Stim48hr,0
TP53BP1,Stim8hr,0
TP53BP2,Rest,0
TP53BP2,Stim48hr,0
TP53BP2,Stim8hr,0
TP53I11,Rest,0
TP53I11,Stim48hr,0
TP53I11,Stim8hr,0
TP53I13,Rest,1
TP53I13,Stim48hr,0
TP53I13,Stim8hr,1
TP53INP1,Rest,0
TP53INP1,Stim48hr,0
TP53INP1,Stim8hr,0
TP53INP2,Rest,0
TP53INP2,Stim48hr,5
TP53INP2,Stim8hr,2
TP53RK,Rest,0
TP53RK,Stim8hr,1
TP53TG5,Rest,0
TP53TG5,Stim48hr,0
TP53TG5,Stim8hr,0
TP63,Rest,0
TP63,Stim48hr,0
TP63,Stim8hr,0
TP73,Rest,0
TP73,Stim48hr,0
TP73,Stim8hr,0
TPBG,Rest,0
TPBG,Stim48hr,0
TPBG,Stim8hr,0
TPCN1,Rest,0
TPCN1,Stim48hr,0
TPCN1,Stim8hr,0
TPCN2,Rest,0
TPCN2,Stim48hr,0
TPCN2,Stim8hr,0
TPD52,Rest,1
TPD52,Stim48hr,0
TPD52,Stim8hr,0
TPD52L1,Rest,0
TPD52L1,Stim48hr,0
TPD52L1,Stim8hr,0
TPD52L2,Rest,0
TPD52L2,Stim48hr,0
TPD52L2,Stim8hr,0
TPGS1,Rest,0
TPGS1,Stim48hr,0
TPGS1,Stim8hr,0
TPGS2,Rest,0
TPGS2,Stim48hr,0
TPGS2,Stim8hr,0
TPH1,Stim48hr,0
TPH1,Stim8hr,0
TPI1,Rest,0
TPI1,Stim8hr,1
TPK1,Rest,0
TPK1,Stim48hr,0
TPK1,Stim8hr,1
TPM1,Rest,0
TPM1,Stim48hr,0
TPM1,Stim8hr,0
TPM2,Rest,0
TPM2,Stim48hr,0
TPM2,Stim8hr,0
TPM3,Rest,0
TPM3,Stim48hr,0
TPM3,Stim8hr,0
TPM4,Rest,0
TPM4,Stim48hr,0
TPM4,Stim8hr,0
TPMT,Rest,0
TPMT,Stim48hr,0
TPMT,Stim8hr,0
TPP1,Rest,0
TPP1,Stim48hr,0
TPP1,Stim8hr,0
TPP2,Rest,0
TPP2,Stim48hr,0
TPP2,Stim8hr,0
TPPP,Rest,0
TPPP,Stim48hr,0
TPPP,Stim8hr,0
TPR,Rest,0
TPR,Stim48hr,0
TPR,Stim8hr,0
TPRA1,Rest,0
TPRA1,Stim48hr,0
TPRA1,Stim8hr,0
TPRG1,Rest,0
TPRG1,Stim48hr,0
TPRG1,Stim8hr,0
TPRG1L,Rest,1
TPRG1L,Stim48hr,0
TPRG1L,Stim8hr,0
TPRKB,Rest,0
TPRKB,Stim48hr,0
TPRKB,Stim8hr,0
TPRN,Rest,0
TPRN,Stim48hr,0
TPRN,Stim8hr,0
TPRX1,Rest,0
TPRX1,Stim48hr,0
TPRX1,Stim8hr,0
TPST1,Rest,0
TPST1,Stim48hr,0
TPST1,Stim8hr,1
TPST2,Rest,0
TPST2,Stim48hr,1
TPST2,Stim8hr,0
TPT1,Rest,1
TPT1,Stim48hr,1
TPT1,Stim8hr,2
TRA2A,Rest,0
TRA2A,Stim48hr,0
TRA2A,Stim8hr,0
TRABD,Rest,0
TRABD,Stim48hr,0
TRABD,Stim8hr,0
TRABD2A,Rest,0
TRABD2A,Stim48hr,0
TRABD2A,Stim8hr,0
TRADD,Rest,0
TRADD,Stim48hr,0
TRADD,Stim8hr,0
TRAF1,Rest,0
TRAF1,Stim48hr,0
TRAF1,Stim8hr,0
TRAF2,Rest,0
TRAF2,Stim48hr,0
TRAF2,Stim8hr,0
TRAF3,Rest,1
TRAF3,Stim48hr,0
TRAF3,Stim8hr,2
TRAF3IP2,Rest,0
TRAF3IP2,Stim48hr,0
TRAF3IP2,Stim8hr,0
TRAF3IP3,Rest,0
TRAF3IP3,Stim48hr,0
TRAF3IP3,Stim8hr,0
TRAF4,Rest,0
TRAF4,Stim48hr,0
TRAF4,Stim8hr,0
TRAF5,Rest,0
TRAF5,Stim48hr,0
TRAF5,Stim8hr,0
TRAF6,Rest,0
TRAF6,Stim48hr,0
TRAF6,Stim8hr,0
TRAF7,Rest,0
TRAF7,Stim48hr,0
TRAF7,Stim8hr,0
TRAFD1,Rest,0
TRAFD1,Stim48hr,0
TRAFD1,Stim8hr,0
TRAK1,Stim48hr,0
TRAK1,Stim8hr,0
TRAK2,Rest,0
TRAK2,Stim48hr,1
TRAK2,Stim8hr,0
TRAM1,Rest,0
TRAM1,Stim48hr,0
TRAM1,Stim8hr,0
TRAM2,Rest,0
TRAM2,Stim48hr,0
TRAM2,Stim8hr,0
TRANK1,Rest,0
TRANK1,Stim48hr,0
TRANK1,Stim8hr,0
TRAP1,Rest,0
TRAP1,Stim48hr,0
TRAP1,Stim8hr,0
TRAPPC10,Rest,0
TRAPPC10,Stim48hr,0
TRAPPC10,Stim8hr,0
TRAPPC11,Rest,1
TRAPPC12,Rest,0
TRAPPC12,Stim48hr,0
TRAPPC12,Stim8hr,0
TRAPPC13,Rest,0
TRAPPC13,Stim48hr,0
TRAPPC13,Stim8hr,1
TRAPPC14,Rest,0
TRAPPC14,Stim48hr,0
TRAPPC14,Stim8hr,0
TRAPPC2,Rest,0
TRAPPC2,Stim48hr,0
TRAPPC2,Stim8hr,0
TRAPPC2L,Rest,0
TRAPPC2L,Stim48hr,0
TRAPPC2L,Stim8hr,0
TRAPPC3,Rest,1
TRAPPC3,Stim48hr,0
TRAPPC3,Stim8hr,0
TRAPPC4,Rest,0
TRAPPC4,Stim48hr,0
TRAPPC4,Stim8hr,0
TRAPPC6A,Rest,0
TRAPPC6A,Stim48hr,0
TRAPPC6A,Stim8hr,0
TRAPPC6B,Rest,0
TRAPPC6B,Stim48hr,0
TRAPPC6B,Stim8hr,0
TRAPPC8,Rest,0
TRAPPC8,Stim48hr,0
TRAPPC8,Stim8hr,0
TRAPPC9,Rest,0
TRAPPC9,Stim48hr,0
TRAPPC9,Stim8hr,1
TRAT1,Rest,0
TRAT1,Stim48hr,0
TRAT1,Stim8hr,0
TRDMT1,Rest,0
TRDMT1,Stim48hr,0
TRDMT1,Stim8hr,0
TREM1,Rest,0
TREM1,Stim48hr,0
TREM1,Stim8hr,0
TREML1,Rest,0
TREML1,Stim48hr,0
TREML1,Stim8hr,0
TREML2,Rest,0
TREML2,Stim48hr,0
TREML2,Stim8hr,0
TRERF1,Rest,0
TRERF1,Stim48hr,0
TRERF1,Stim8hr,0
TREX1,Rest,0
TREX1,Stim48hr,0
TREX1,Stim8hr,0
TRIB1,Rest,0
TRIB1,Stim48hr,0
TRIB1,Stim8hr,0
TRIB2,Rest,0
TRIB2,Stim48hr,0
TRIB2,Stim8hr,1
TRIB3,Rest,0
TRIB3,Stim48hr,0
TRIB3,Stim8hr,0
TRIM13,Rest,0
TRIM13,Stim48hr,0
TRIM13,Stim8hr,0
TRIM14,Rest,0
TRIM14,Stim48hr,0
TRIM14,Stim8hr,0
TRIM16,Rest,0
TRIM16,Stim48hr,0
TRIM16,Stim8hr,0
TRIM17,Rest,0
TRIM17,Stim48hr,0
TRIM17,Stim8hr,0
TRIM2,Rest,0
TRIM2,Stim48hr,0
TRIM2,Stim8hr,0
TRIM21,Rest,0
TRIM21,Stim48hr,0
TRIM21,Stim8hr,1
TRIM22,Rest,0
TRIM22,Stim48hr,0
TRIM22,Stim8hr,0
TRIM23,Rest,0
TRIM23,Stim48hr,0
TRIM23,Stim8hr,0
TRIM24,Rest,0
TRIM24,Stim48hr,0
TRIM24,Stim8hr,0
TRIM25,Rest,0
TRIM25,Stim48hr,0
TRIM25,Stim8hr,0
TRIM26,Rest,0
TRIM26,Stim48hr,0
TRIM26,Stim8hr,0
TRIM27,Rest,0
TRIM27,Stim48hr,0
TRIM27,Stim8hr,0
TRIM28,Rest,0
TRIM28,Stim48hr,1
TRIM28,Stim8hr,0
TRIM3,Rest,0
TRIM3,Stim48hr,0
TRIM3,Stim8hr,0
TRIM32,Stim48hr,0
TRIM32,Stim8hr,0
TRIM33,Rest,0
TRIM33,Stim48hr,0
TRIM33,Stim8hr,0
TRIM34,Rest,0
TRIM34,Stim48hr,0
TRIM34,Stim8hr,0
TRIM35,Rest,0
TRIM35,Stim48hr,0
TRIM35,Stim8hr,0
TRIM37,Rest,0
TRIM37,Stim48hr,0
TRIM37,Stim8hr,0
TRIM38,Rest,0
TRIM38,Stim48hr,0
TRIM38,Stim8hr,0
TRIM39,Rest,0
TRIM39,Stim48hr,0
TRIM39,Stim8hr,0
TRIM4,Rest,0
TRIM4,Stim48hr,0
TRIM4,Stim8hr,2
TRIM41,Rest,0
TRIM41,Stim48hr,0
TRIM41,Stim8hr,0
TRIM44,Rest,0
TRIM44,Stim48hr,0
TRIM44,Stim8hr,0
TRIM46,Rest,1
TRIM46,Stim48hr,0
TRIM46,Stim8hr,0
TRIM47,Rest,0
TRIM47,Stim48hr,0
TRIM47,Stim8hr,0
TRIM5,Rest,0
TRIM5,Stim48hr,0
TRIM5,Stim8hr,0
TRIM52,Rest,0
TRIM52,Stim48hr,0
TRIM52,Stim8hr,0
TRIM56,Rest,0
TRIM56,Stim48hr,0
TRIM56,Stim8hr,0
TRIM58,Rest,0
TRIM58,Stim48hr,0
TRIM58,Stim8hr,0
TRIM59,Rest,0
TRIM59,Stim48hr,0
TRIM59,Stim8hr,0
TRIM61,Rest,0
TRIM61,Stim48hr,0
TRIM61,Stim8hr,0
TRIM62,Rest,0
TRIM62,Stim48hr,0
TRIM62,Stim8hr,0
TRIM65,Rest,0
TRIM65,Stim48hr,0
TRIM65,Stim8hr,0
TRIM66,Rest,0
TRIM66,Stim48hr,0
TRIM66,Stim8hr,0
TRIM68,Rest,0
TRIM68,Stim48hr,0
TRIM68,Stim8hr,0
TRIM69,Rest,0
TRIM69,Stim48hr,0
TRIM69,Stim8hr,0
TRIM74,Rest,0
TRIM74,Stim48hr,0
TRIM74,Stim8hr,0
TRIM8,Rest,0
TRIM8,Stim48hr,0
TRIM8,Stim8hr,0
TRIO,Rest,0
TRIO,Stim48hr,0
TRIO,Stim8hr,0
TRIP10,Rest,0
TRIP10,Stim48hr,0
TRIP10,Stim8hr,0
TRIP11,Rest,0
TRIP11,Stim48hr,0
TRIP11,Stim8hr,0
TRIP12,Rest,0
TRIP12,Stim48hr,2
TRIP12,Stim8hr,4
TRIP13,Rest,1
TRIP13,Stim48hr,0
TRIP13,Stim8hr,0
TRIP4,Rest,0
TRIP4,Stim48hr,0
TRIP4,Stim8hr,0
TRIP6,Rest,0
TRIP6,Stim48hr,0
TRIP6,Stim8hr,0
TRIQK,Rest,0
TRIQK,Stim48hr,0
TRIQK,Stim8hr,0
TRIR,Rest,0
TRIR,Stim48hr,0
TRIR,Stim8hr,0
TRIT1,Rest,0
TRIT1,Stim48hr,0
TRIT1,Stim8hr,0
TRMO,Rest,0
TRMO,Stim48hr,0
TRMO,Stim8hr,0
TRMT1,Rest,0
TRMT1,Stim48hr,0
TRMT1,Stim8hr,0
TRMT10A,Rest,0
TRMT10A,Stim48hr,0
TRMT10A,Stim8hr,0
TRMT10B,Rest,0
TRMT10B,Stim48hr,0
TRMT10B,Stim8hr,0
TRMT10C,Rest,0
TRMT10C,Stim48hr,0
TRMT10C,Stim8hr,0
TRMT11,Rest,0
TRMT11,Stim48hr,0
TRMT11,Stim8hr,0
TRMT13,Rest,0
TRMT13,Stim48hr,0
TRMT13,Stim8hr,0
TRMT1L,Rest,0
TRMT1L,Stim48hr,0
TRMT1L,Stim8hr,0
TRMT2A,Rest,0
TRMT2A,Stim48hr,0
TRMT2A,Stim8hr,0
TRMT2B,Rest,0
TRMT2B,Stim48hr,0
TRMT2B,Stim8hr,0
TRMT44,Rest,0
TRMT44,Stim48hr,0
TRMT44,Stim8hr,0
TRMT6,Rest,0
TRMT6,Stim48hr,0
TRMT6,Stim8hr,1
TRMT61A,Rest,1
TRMT61A,Stim48hr,0
TRMT61A,Stim8hr,1
TRMT61B,Rest,1
TRMT61B,Stim48hr,0
TRMT61B,Stim8hr,0
TRMU,Rest,0
TRMU,Stim48hr,0
TRMU,Stim8hr,0
TRNAU1AP,Rest,0
TRNAU1AP,Stim8hr,0
TROAP,Rest,0
TROAP,Stim48hr,0
TROAP,Stim8hr,0
TRPC1,Rest,0
TRPC1,Stim48hr,0
TRPC1,Stim8hr,0
TRPC4AP,Rest,0
TRPC4AP,Stim48hr,0
TRPC4AP,Stim8hr,0
TRPM2,Rest,0
TRPM2,Stim48hr,0
TRPM2,Stim8hr,0
TRPM7,Stim8hr,0
TRPS1,Rest,0
TRPS1,Stim48hr,0
TRPS1,Stim8hr,0
TRPT1,Rest,0
TRPT1,Stim48hr,0
TRPT1,Stim8hr,0
TRPV2,Rest,0
TRPV2,Stim48hr,0
TRPV2,Stim8hr,0
TRRAP,Rest,0
TRRAP,Stim48hr,0
TRRAP,Stim8hr,0
TRUB1,Rest,0
TRUB1,Stim48hr,0
TRUB1,Stim8hr,1
TRUB2,Rest,0
TRUB2,Stim48hr,0
TRUB2,Stim8hr,0
TSC1,Rest,2
TSC1,Stim48hr,1
TSC1,Stim8hr,0
TSC2,Rest,1
TSC2,Stim48hr,0
TSC2,Stim8hr,0
TSC22D1,Rest,0
TSC22D1,Stim48hr,0
TSC22D1,Stim8hr,0
TSC22D2,Rest,0
TSC22D2,Stim48hr,0
TSC22D2,Stim8hr,0
TSC22D3,Rest,0
TSC22D3,Stim48hr,0
TSC22D3,Stim8hr,0
TSC22D4,Rest,0
TSC22D4,Stim48hr,0
TSC22D4,Stim8hr,0
TSEN15,Rest,0
TSEN15,Stim48hr,0
TSEN15,Stim8hr,1
TSEN2,Rest,1
TSEN2,Stim8hr,4
TSEN34,Rest,0
TSEN34,Stim48hr,0
TSEN34,Stim8hr,0
TSFM,Rest,0
TSFM,Stim48hr,0
TSFM,Stim8hr,0
TSGA10,Rest,0
TSGA10,Stim48hr,0
TSGA10,Stim8hr,0
TSHR,Rest,0
TSHR,Stim48hr,0
TSHR,Stim8hr,0
TSHZ1,Rest,0
TSHZ1,Stim48hr,0
TSHZ1,Stim8hr,0
TSHZ3,Rest,0
TSHZ3,Stim48hr,0
TSHZ3,Stim8hr,0
TSKU,Rest,0
TSKU,Stim48hr,0
TSKU,Stim8hr,0
TSLIG1,Rest,2
TSLIG2,Rest,0
TSLIG2,Stim48hr,0
TSLIG2,Stim8hr,0
TSLIG3A,Rest,0
TSLIG3A,Stim48hr,0
TSLIG3A,Stim8hr,0
TSLIG3B,Rest,0
TSLIG3B,Stim48hr,5
TSLIG3B,Stim8hr,1
TSLIG3C,Rest,0
TSLIG3C,Stim48hr,0
TSLIG3C,Stim8hr,0
TSLP,Rest,0
TSLP,Stim48hr,0
TSLP,Stim8hr,0
TSN,Rest,0
TSN,Stim48hr,0
TSN,Stim8hr,0
TSNARE1,Rest,0
TSNARE1,Stim48hr,0
TSNARE1,Stim8hr,0
TSNAX,Rest,0
TSNAX,Stim48hr,0
TSNAX,Stim8hr,0
TSPAN14,Rest,0
TSPAN14,Stim48hr,0
TSPAN14,Stim8hr,0
TSPAN15,Rest,0
TSPAN15,Stim48hr,0
TSPAN15,Stim8hr,0
TSPAN17,Rest,0
TSPAN17,Stim48hr,0
TSPAN17,Stim8hr,0
TSPAN18,Rest,0
TSPAN18,Stim48hr,0
TSPAN18,Stim8hr,0
TSPAN2,Rest,0
TSPAN2,Stim48hr,0
TSPAN2,Stim8hr,0
TSPAN3,Rest,0
TSPAN3,Stim48hr,0
TSPAN3,Stim8hr,0
TSPAN31,Rest,0
TSPAN31,Stim48hr,0
TSPAN31,Stim8hr,1
TSPAN32,Rest,0
TSPAN32,Stim48hr,0
TSPAN32,Stim8hr,0
TSPAN33,Rest,0
TSPAN33,Stim48hr,0
TSPAN33,Stim8hr,0
TSPAN4,Stim48hr,2
TSPAN4,Stim8hr,1
TSPAN5,Rest,0
TSPAN5,Stim48hr,0
TSPAN5,Stim8hr,0
TSPAN6,Rest,0
TSPAN6,Stim48hr,0
TSPAN6,Stim8hr,0
TSPAN8,Rest,0
TSPAN8,Stim48hr,0
TSPAN8,Stim8hr,0
TSPAN9,Rest,0
TSPAN9,Stim48hr,0
TSPAN9,Stim8hr,3
TSPO,Rest,0
TSPO,Stim48hr,0
TSPO,Stim8hr,0
TSPO2,Rest,0
TSPO2,Stim48hr,0
TSPO2,Stim8hr,0
TSPOAP1,Rest,0
TSPOAP1,Stim48hr,0
TSPOAP1,Stim8hr,0
TSPYL1,Rest,0
TSPYL1,Stim48hr,0
TSPYL1,Stim8hr,0
TSPYL2,Rest,0
TSPYL2,Stim48hr,0
TSPYL2,Stim8hr,0
TSPYL4,Rest,1
TSPYL4,Stim48hr,0
TSPYL4,Stim8hr,0
TSPYL5,Rest,2
TSPYL5,Stim48hr,4
TSPYL5,Stim8hr,2
TSR2,Rest,0
TSR3,Rest,0
TSR3,Stim48hr,0
TSR3,Stim8hr,0
TSSC4,Rest,0
TSSC4,Stim48hr,0
TSSC4,Stim8hr,0
TSSK4,Rest,0
TSSK4,Stim48hr,1
TSSK4,Stim8hr,0
TSSK6,Rest,0
TSSK6,Stim48hr,0
TSSK6,Stim8hr,0
TST,Rest,0
TST,Stim48hr,0
TST,Stim8hr,0
TSTD1,Rest,0
TSTD1,Stim48hr,0
TSTD1,Stim8hr,0
TSTD2,Rest,1
TSTD2,Stim48hr,2
TSTD2,Stim8hr,0
TSTD3P,Rest,0
TSTD3P,Stim48hr,0
TSTD3P,Stim8hr,0
TTBK2,Rest,0
TTBK2,Stim48hr,0
TTBK2,Stim8hr,0
TTC12,Rest,0
TTC12,Stim48hr,0
TTC12,Stim8hr,0
TTC13,Rest,0
TTC13,Stim48hr,0
TTC13,Stim8hr,0
TTC14,Rest,0
TTC14,Stim48hr,0
TTC14,Stim8hr,0
TTC16,Rest,0
TTC16,Stim48hr,0
TTC16,Stim8hr,0
TTC17,Rest,0
TTC17,Stim48hr,0
TTC17,Stim8hr,0
TTC19,Rest,1
TTC19,Stim48hr,0
TTC19,Stim8hr,0
TTC21A,Rest,0
TTC21A,Stim48hr,0
TTC21A,Stim8hr,0
TTC21B,Rest,0
TTC21B,Stim48hr,0
TTC21B,Stim8hr,0
TTC22,Rest,0
TTC22,Stim48hr,0
TTC22,Stim8hr,0
TTC24,Rest,0
TTC24,Stim48hr,0
TTC24,Stim8hr,0
TTC28,Rest,0
TTC28,Stim48hr,0
TTC28,Stim8hr,0
TTC3,Rest,0
TTC3,Stim48hr,0
TTC3,Stim8hr,0
TTC31,Rest,0
TTC31,Stim48hr,0
TTC31,Stim8hr,0
TTC32,Rest,0
TTC32,Stim48hr,0
TTC32,Stim8hr,0
TTC33,Rest,0
TTC33,Stim48hr,0
TTC33,Stim8hr,0
TTC34,Rest,0
TTC34,Stim48hr,0
TTC34,Stim8hr,0
TTC38,Rest,0
TTC38,Stim48hr,0
TTC38,Stim8hr,0
TTC39B,Rest,0
TTC39B,Stim48hr,0
TTC39B,Stim8hr,0
TTC39C,Rest,0
TTC39C,Stim48hr,0
TTC39C,Stim8hr,0
TTC4,Rest,0
TTC4,Stim48hr,3
TTC4,Stim8hr,1
TTC5,Rest,0
TTC5,Stim48hr,0
TTC5,Stim8hr,0
TTC7A,Rest,0
TTC7A,Stim48hr,0
TTC7A,Stim8hr,0
TTC7B,Rest,0
TTC7B,Stim48hr,0
TTC7B,Stim8hr,0
TTC8,Rest,0
TTC8,Stim48hr,0
TTC8,Stim8hr,0
TTC9,Rest,0
TTC9,Stim48hr,0
TTC9,Stim8hr,0
TTC9C,Rest,0
TTC9C,Stim8hr,0
TTF1,Rest,0
TTF1,Stim48hr,0
TTF1,Stim8hr,1
TTI2,Rest,0
TTI2,Stim8hr,0
TTL,Rest,0
TTL,Stim48hr,0
TTL,Stim8hr,0
TTLL1,Rest,0
TTLL1,Stim48hr,0
TTLL1,Stim8hr,0
TTLL11,Rest,0
TTLL11,Stim48hr,0
TTLL11,Stim8hr,0
TTLL12,Rest,0
TTLL12,Stim48hr,0
TTLL12,Stim8hr,0
TTLL2,Rest,0
TTLL2,Stim48hr,0
TTLL2,Stim8hr,0
TTLL3,Rest,0
TTLL3,Stim48hr,0
TTLL3,Stim8hr,0
TTLL4,Rest,0
TTLL4,Stim48hr,0
TTLL4,Stim8hr,0
TTLL5,Rest,0
TTLL5,Stim48hr,0
TTLL5,Stim8hr,0
TTN,Rest,0
TTN,Stim48hr,0
TTN,Stim8hr,0
TTPAL,Rest,0
TTPAL,Stim48hr,0
TTPAL,Stim8hr,0
TTYH2,Rest,0
TTYH2,Stim48hr,0
TTYH2,Stim8hr,0
TTYH3,Stim48hr,0
TTYH3,Stim8hr,0
TUB,Rest,0
TUB,Stim48hr,0
TUB,Stim8hr,0
TUBA1A,Rest,0
TUBA1A,Stim48hr,0
TUBA1A,Stim8hr,0
TUBA1C,Rest,0
TUBA1C,Stim48hr,0
TUBA1C,Stim8hr,0
TUBA4A,Rest,0
TUBA4A,Stim48hr,0
TUBA4A,Stim8hr,0
TUBA8,Rest,1
TUBA8,Stim48hr,0
TUBA8,Stim8hr,0
TUBB1,Rest,0
TUBB1,Stim48hr,0
TUBB1,Stim8hr,0
TUBB2A,Rest,0
TUBB2A,Stim48hr,0
TUBB2A,Stim8hr,0
TUBB4B,Rest,0
TUBB4B,Stim48hr,0
TUBB4B,Stim8hr,0
TUBB6,Rest,0
TUBB6,Stim48hr,0
TUBB6,Stim8hr,0
TUBD1,Rest,0
TUBD1,Stim48hr,0
TUBD1,Stim8hr,0
TUBE1,Rest,0
TUBE1,Stim48hr,0
TUBE1,Stim8hr,0
TUBG2,Rest,0
TUBG2,Stim48hr,0
TUBG2,Stim8hr,0
TUFM,Rest,1
TUFM,Stim48hr,6
TUFM,Stim8hr,2
TUFT1,Rest,0
TUFT1,Stim48hr,0
TUFT1,Stim8hr,0
TULP2,Rest,0
TULP2,Stim48hr,0
TULP2,Stim8hr,0
TUSC2,Rest,0
TUSC2,Stim48hr,0
TUSC2,Stim8hr,0
TUT4,Stim48hr,1
TUT4,Stim8hr,0
TUT7,Rest,0
TUT7,Stim48hr,0
TUT7,Stim8hr,0
TVP23A,Rest,0
TVP23A,Stim48hr,0
TVP23A,Stim8hr,0
TVP23B,Rest,0
TVP23B,Stim48hr,0
TVP23B,Stim8hr,0
TVP23C,Rest,0
TVP23C,Stim48hr,0
TVP23C,Stim8hr,0
TWF1,Rest,0
TWF1,Stim48hr,0
TWF1,Stim8hr,0
TWF2,Rest,0
TWF2,Stim48hr,0
TWF2,Stim8hr,0
TWIST1,Rest,0
TWIST1,Stim48hr,0
TWIST1,Stim8hr,0
TWIST2,Rest,0
TWIST2,Stim48hr,0
TWIST2,Stim8hr,0
TWNK,Rest,0
TWNK,Stim48hr,4
TWNK,Stim8hr,1
TWSG1,Rest,0
TWSG1,Stim48hr,0
TWSG1,Stim8hr,0
TXK,Rest,0
TXK,Stim48hr,0
TXK,Stim8hr,0
TXLNA,Rest,0
TXLNA,Stim48hr,0
TXLNA,Stim8hr,0
TXLNB,Rest,0
TXLNB,Stim48hr,0
TXLNB,Stim8hr,0
TXLNG,Rest,0
TXLNG,Stim48hr,0
TXLNG,Stim8hr,0
TXN2,Rest,0
TXN2,Stim48hr,0
TXN2,Stim8hr,0
TXNDC11,Rest,0
TXNDC11,Stim48hr,0
TXNDC11,Stim8hr,0
TXNDC12,Rest,0
TXNDC12,Stim48hr,0
TXNDC12,Stim8hr,1
TXNDC15,Rest,0
TXNDC15,Stim48hr,0
TXNDC15,Stim8hr,1
TXNDC16,Rest,0
TXNDC16,Stim48hr,0
TXNDC16,Stim8hr,0
TXNDC17,Rest,0
TXNDC17,Stim48hr,0
TXNDC17,Stim8hr,0
TXNDC5,Rest,0
TXNDC5,Stim48hr,0
TXNDC5,Stim8hr,0
TXNDC9,Rest,0
TXNDC9,Stim48hr,1
TXNDC9,Stim8hr,0
TXNIP,Rest,0
TXNIP,Stim48hr,0
TXNIP,Stim8hr,0
TXNL1,Rest,0
TXNL1,Stim48hr,0
TXNL1,Stim8hr,0
TXNL4B,Stim48hr,0
TXNL4B,Stim8hr,2
TXNRD1,Stim48hr,2
TXNRD2,Rest,1
TXNRD2,Stim48hr,0
TXNRD2,Stim8hr,0
TYK2,Rest,0
TYK2,Stim48hr,0
TYK2,Stim8hr,0
TYMP,Rest,0
TYMP,Stim48hr,0
TYMP,Stim8hr,0
TYROBP,Rest,0
TYROBP,Stim48hr,0
TYROBP,Stim8hr,0
TYSND1,Rest,0
TYSND1,Stim48hr,0
TYSND1,Stim8hr,1
TYW1,Rest,0
TYW1,Stim48hr,0
TYW1,Stim8hr,0
TYW1B,Rest,0
TYW1B,Stim48hr,0
TYW1B,Stim8hr,0
TYW2,Rest,0
TYW2,Stim48hr,0
TYW2,Stim8hr,0
TYW3,Rest,0
TYW3,Stim48hr,0
TYW3,Stim8hr,0
TYW5,Rest,0
TYW5,Stim48hr,0
TYW5,Stim8hr,0
U2AF1L4,Rest,0
U2AF1L4,Stim48hr,0
U2AF1L4,Stim8hr,0
U2SURP,Rest,0
U2SURP,Stim48hr,0
U2SURP,Stim8hr,0
UACA,Rest,0
UACA,Stim48hr,0
UACA,Stim8hr,0
UAP1,Rest,0
UAP1,Stim48hr,0
UAP1,Stim8hr,0
UAP1L1,Rest,0
UAP1L1,Stim48hr,0
UAP1L1,Stim8hr,0
UBA2,Rest,0
UBA2,Stim48hr,2
UBA2,Stim8hr,1
UBA5,Rest,1
UBA5,Stim48hr,0
UBA5,Stim8hr,4
UBA6,Rest,0
UBA6,Stim48hr,0
UBA6,Stim8hr,0
UBA7,Rest,0
UBA7,Stim48hr,0
UBA7,Stim8hr,0
UBAC1,Rest,0
UBAC1,Stim48hr,0
UBAC1,Stim8hr,0
UBAC2,Rest,0
UBAC2,Stim48hr,0
UBAC2,Stim8hr,0
UBALD1,Rest,0
UBALD1,Stim48hr,0
UBALD1,Stim8hr,0
UBAP1L,Stim48hr,0
UBAP1L,Stim8hr,0
UBAP2,Rest,0
UBAP2,Stim48hr,0
UBAP2,Stim8hr,0
UBAP2L,Rest,0
UBAP2L,Stim48hr,0
UBAP2L,Stim8hr,1
UBASH3A,Rest,0
UBASH3A,Stim48hr,0
UBASH3A,Stim8hr,0
UBASH3B,Rest,0
UBASH3B,Stim48hr,0
UBASH3B,Stim8hr,0
UBB,Rest,0
UBB,Stim48hr,0
UBB,Stim8hr,0
UBC,Rest,0
UBC,Stim48hr,0
UBC,Stim8hr,0
UBE2A,Rest,0
UBE2A,Stim48hr,0
UBE2A,Stim8hr,0
UBE2B,Rest,0
UBE2B,Stim48hr,0
UBE2B,Stim8hr,0
UBE2C,Rest,0
UBE2C,Stim48hr,0
UBE2C,Stim8hr,0
UBE2D1,Rest,0
UBE2D1,Stim48hr,0
UBE2D1,Stim8hr,0
UBE2D2,Rest,0
UBE2D2,Stim48hr,0
UBE2D2,Stim8hr,0
UBE2D3,Rest,2
UBE2D3,Stim48hr,0
UBE2D3,Stim8hr,0
UBE2D4,Rest,0
UBE2D4,Stim48hr,0
UBE2D4,Stim8hr,0
UBE2E1,Rest,0
UBE2E1,Stim48hr,0
UBE2E1,Stim8hr,0
UBE2E2,Rest,0
UBE2E2,Stim48hr,1
UBE2E2,Stim8hr,3
UBE2E3,Rest,0
UBE2E3,Stim48hr,0
UBE2E3,Stim8hr,0
UBE2F,Rest,0
UBE2F,Stim48hr,0
UBE2F,Stim8hr,0
UBE2G1,Rest,0
UBE2G1,Stim48hr,1
UBE2G1,Stim8hr,0
UBE2G2,Rest,1
UBE2G2,Stim48hr,1
UBE2G2,Stim8hr,1
UBE2H,Rest,0
UBE2H,Stim48hr,0
UBE2H,Stim8hr,0
UBE2I,Rest,0
UBE2I,Stim48hr,2
UBE2I,Stim8hr,0
UBE2J1,Rest,0
UBE2J1,Stim48hr,0
UBE2J1,Stim8hr,0
UBE2J2,Rest,0
UBE2J2,Stim48hr,0
UBE2J2,Stim8hr,0
UBE2K,Rest,0
UBE2K,Stim48hr,0
UBE2K,Stim8hr,0
UBE2L3,Rest,2
UBE2L3,Stim48hr,0
UBE2L3,Stim8hr,4
UBE2L6,Rest,0
UBE2L6,Stim48hr,0
UBE2L6,Stim8hr,0
UBE2M,Rest,0
UBE2M,Stim48hr,0
UBE2M,Stim8hr,0
UBE2N,Rest,0
UBE2N,Stim48hr,0
UBE2N,Stim8hr,3
UBE2O,Rest,0
UBE2O,Stim48hr,0
UBE2O,Stim8hr,0
UBE2Q1,Rest,0
UBE2Q1,Stim48hr,0
UBE2Q1,Stim8hr,0
UBE2Q2,Rest,0
UBE2Q2,Stim48hr,0
UBE2Q2,Stim8hr,0
UBE2R2,Rest,0
UBE2R2,Stim48hr,0
UBE2R2,Stim8hr,0
UBE2S,Rest,2
UBE2S,Stim48hr,0
UBE2S,Stim8hr,0
UBE2T,Rest,0
UBE2T,Stim8hr,2
UBE2V1,Rest,0
UBE2V1,Stim48hr,0
UBE2V1,Stim8hr,0
UBE2V2,Rest,1
UBE2V2,Stim48hr,1
UBE2V2,Stim8hr,0
UBE2W,Rest,0
UBE2W,Stim48hr,0
UBE2W,Stim8hr,0
UBE2Z,Rest,0
UBE2Z,Stim48hr,0
UBE2Z,Stim8hr,0
UBE3A,Rest,0
UBE3A,Stim48hr,0
UBE3A,Stim8hr,0
UBE3B,Rest,0
UBE3B,Stim48hr,0
UBE3B,Stim8hr,0
UBE3C,Rest,0
UBE3C,Stim48hr,0
UBE3C,Stim8hr,0
UBE3D,Rest,0
UBE3D,Stim48hr,0
UBE3D,Stim8hr,0
UBE4A,Rest,0
UBE4A,Stim48hr,0
UBE4A,Stim8hr,0
UBE4B,Rest,0
UBE4B,Stim48hr,0
UBE4B,Stim8hr,0
UBFD1,Rest,0
UBFD1,Stim48hr,0
UBIAD1,Rest,0
UBIAD1,Stim48hr,0
UBIAD1,Stim8hr,0
UBL3,Rest,0
UBL3,Stim48hr,0
UBL3,Stim8hr,0
UBL4A,Rest,0
UBL4A,Stim48hr,0
UBL4A,Stim8hr,0
UBL7,Rest,0
UBL7,Stim48hr,0
UBL7,Stim8hr,0
UBLCP1,Rest,0
UBLCP1,Stim48hr,0
UBLCP1,Stim8hr,0
UBN1,Rest,0
UBN1,Stim48hr,0
UBN1,Stim8hr,0
UBN2,Rest,0
UBN2,Stim48hr,0
UBN2,Stim8hr,0
UBOX5,Rest,0
UBOX5,Stim48hr,0
UBOX5,Stim8hr,0
UBP1,Rest,0
UBP1,Stim48hr,0
UBP1,Stim8hr,0
UBQLN1,Rest,0
UBQLN1,Stim48hr,0
UBQLN1,Stim8hr,0
UBQLN2,Rest,0
UBQLN2,Stim48hr,0
UBQLN2,Stim8hr,0
UBQLN4,Rest,0
UBQLN4,Stim48hr,0
UBQLN4,Stim8hr,0
UBQLNL,Rest,0
UBQLNL,Stim48hr,0
UBQLNL,Stim8hr,0
UBR1,Rest,0
UBR1,Stim48hr,1
UBR1,Stim8hr,0
UBR2,Rest,0
UBR2,Stim48hr,0
UBR2,Stim8hr,0
UBR3,Rest,0
UBR3,Stim48hr,0
UBR3,Stim8hr,0
UBR4,Rest,0
UBR4,Stim48hr,9
UBR4,Stim8hr,4
UBR5,Rest,1
UBR5,Stim48hr,1
UBR5,Stim8hr,3
UBR7,Rest,0
UBR7,Stim48hr,0
UBR7,Stim8hr,0
UBTD1,Rest,0
UBTD1,Stim48hr,0
UBTD1,Stim8hr,0
UBTD2,Rest,0
UBTD2,Stim48hr,0
UBTD2,Stim8hr,0
UBTF,Rest,0
UBTF,Stim48hr,0
UBTF,Stim8hr,0
UBXN1,Rest,4
UBXN1,Stim48hr,0
UBXN1,Stim8hr,1
UBXN11,Rest,0
UBXN11,Stim48hr,0
UBXN11,Stim8hr,0
UBXN2A,Rest,0
UBXN2A,Stim48hr,1
UBXN2A,Stim8hr,0
UBXN2B,Rest,0
UBXN2B,Stim48hr,0
UBXN2B,Stim8hr,0
UBXN4,Rest,0
UBXN4,Stim48hr,0
UBXN4,Stim8hr,0
UBXN6,Rest,0
UBXN6,Stim48hr,0
UBXN6,Stim8hr,0
UBXN7,Rest,0
UBXN7,Stim48hr,0
UBXN7,Stim8hr,0
UBXN8,Rest,0
UBXN8,Stim48hr,0
UBXN8,Stim8hr,0
UCHL3,Stim48hr,0
UCHL3,Stim8hr,0
UCHL5,Rest,1
UCHL5,Stim48hr,0
UCHL5,Stim8hr,0
UCK1,Rest,0
UCK1,Stim48hr,0
UCK1,Stim8hr,0
UCK2,Rest,0
UCK2,Stim48hr,0
UCK2,Stim8hr,0
UCKL1,Rest,0
UCKL1,Stim48hr,0
UCKL1,Stim8hr,0
UCN,Rest,0
UCN,Stim48hr,0
UCN,Stim8hr,0
UCP2,Rest,0
UCP2,Stim48hr,1
UCP2,Stim8hr,0
UCP3,Rest,1
UCP3,Stim48hr,0
UCP3,Stim8hr,0
UEVLD,Rest,0
UEVLD,Stim48hr,0
UEVLD,Stim8hr,0
UFC1,Rest,0
UFC1,Stim48hr,0
UFC1,Stim8hr,0
UFL1,Rest,1
UFL1,Stim48hr,1
UFL1,Stim8hr,7
UFM1,Rest,2
UFM1,Stim48hr,4
UFM1,Stim8hr,7
UFSP1,Rest,0
UFSP1,Stim48hr,0
UFSP1,Stim8hr,0
UFSP2,Rest,0
UFSP2,Stim48hr,0
UFSP2,Stim8hr,0
UGCG,Rest,0
UGCG,Stim48hr,0
UGCG,Stim8hr,0
UGDH,Rest,1
UGDH,Stim48hr,0
UGDH,Stim8hr,1
UGGT1,Rest,1
UGGT1,Stim48hr,0
UGGT1,Stim8hr,0
UGP2,Rest,0
UGP2,Stim48hr,0
UGP2,Stim8hr,0
UHMK1,Rest,0
UHMK1,Stim48hr,0
UHMK1,Stim8hr,0
UHRF1,Rest,0
UHRF1,Stim48hr,0
UHRF1,Stim8hr,3
UHRF2,Rest,0
UHRF2,Stim48hr,0
UHRF2,Stim8hr,0
UIMC1,Rest,0
UIMC1,Stim48hr,0
UIMC1,Stim8hr,0
ULBP1,Rest,0
ULBP1,Stim48hr,0
ULBP1,Stim8hr,0
ULBP2,Rest,0
ULBP2,Stim48hr,0
ULBP2,Stim8hr,0
ULK1,Rest,0
ULK1,Stim48hr,0
ULK1,Stim8hr,0
ULK2,Rest,0
ULK2,Stim48hr,0
ULK2,Stim8hr,0
ULK3,Rest,0
ULK3,Stim48hr,0
ULK4,Rest,0
ULK4,Stim48hr,0
ULK4,Stim8hr,0
UMPS,Rest,2
UMPS,Stim8hr,0
UNC119,Rest,0
UNC119,Stim48hr,0
UNC119,Stim8hr,0
UNC119B,Rest,0
UNC119B,Stim48hr,0
UNC119B,Stim8hr,0
UNC13A,Rest,0
UNC13A,Stim48hr,0
UNC13A,Stim8hr,0
UNC13D,Rest,0
UNC13D,Stim48hr,0
UNC13D,Stim8hr,0
UNC45A,Rest,0
UNC45A,Stim48hr,0
UNC45A,Stim8hr,1
UNC50,Rest,0
UNC50,Stim48hr,1
UNC50,Stim8hr,0
UNC5CL,Rest,0
UNC5CL,Stim48hr,0
UNC5CL,Stim8hr,0
UNC93B1,Rest,0
UNC93B1,Stim48hr,0
UNC93B1,Stim8hr,0
UNCX,Rest,0
UNCX,Stim48hr,0
UNCX,Stim8hr,0
UNG,Rest,0
UNG,Stim48hr,0
UNG,Stim8hr,0
UNK,Rest,0
UNK,Stim48hr,0
UNK,Stim8hr,0
UNKL,Rest,0
UNKL,Stim48hr,0
UNKL,Stim8hr,0
UPF2,Rest,2
UPF2,Stim48hr,1
UPF2,Stim8hr,2
UPF3A,Rest,0
UPF3A,Stim48hr,0
UPF3A,Stim8hr,0
UPF3B,Stim48hr,0
UPF3B,Stim8hr,0
UPK3BL1,Rest,1
UPK3BL1,Stim48hr,0
UPK3BL1,Stim8hr,0
UPP1,Rest,0
UPP1,Stim48hr,0
UPP1,Stim8hr,0
UPRT,Rest,0
UPRT,Stim48hr,0
UPRT,Stim8hr,0
UQCC1,Rest,0
UQCC1,Stim8hr,1
UQCC2,Rest,0
UQCC2,Stim48hr,0
UQCC2,Stim8hr,0
UQCC3,Rest,1
UQCC3,Stim48hr,0
UQCC3,Stim8hr,0
UQCC4,Rest,0
UQCC4,Stim48hr,0
UQCC4,Stim8hr,0
UQCC5,Rest,0
UQCC5,Stim48hr,0
UQCC5,Stim8hr,0
UQCC6,Rest,0
UQCC6,Stim48hr,0
UQCC6,Stim8hr,0
UQCR10,Rest,0
UQCR10,Stim8hr,0
UQCR11,Rest,0
UQCR11,Stim48hr,0
UQCR11,Stim8hr,0
UQCRB,Rest,0
UQCRB,Stim48hr,1
UQCRB,Stim8hr,2
UQCRC1,Rest,1
UQCRC1,Stim8hr,0
UQCRC2,Rest,0
UQCRC2,Stim48hr,0
UQCRC2,Stim8hr,0
UQCRH,Rest,0
UQCRH,Stim48hr,0
UQCRH,Stim8hr,0
UQCRHL,Rest,0
UQCRHL,Stim48hr,0
UQCRHL,Stim8hr,0
UQCRQ,Rest,0
UQCRQ,Stim48hr,2
UQCRQ,Stim8hr,1
URB1,Stim8hr,0
URB2,Rest,0
URB2,Stim48hr,0
URB2,Stim8hr,0
URGCP,Rest,0
URGCP,Stim48hr,0
URGCP,Stim8hr,0
URI1,Rest,0
URI1,Stim48hr,0
URI1,Stim8hr,0
URM1,Rest,2
URM1,Stim48hr,0
URM1,Stim8hr,2
UROD,Stim48hr,0
UROD,Stim8hr,2
UROS,Rest,0
UROS,Stim48hr,0
UROS,Stim8hr,1
USB1,Rest,0
USB1,Stim48hr,0
USB1,Stim8hr,0
USF1,Rest,0
USF1,Stim48hr,0
USF1,Stim8hr,0
USF2,Rest,0
USF2,Stim48hr,0
USF2,Stim8hr,0
USF3,Rest,0
USF3,Stim48hr,0
USF3,Stim8hr,0
USO1,Rest,3
USO1,Stim48hr,0
USO1,Stim8hr,5
USP1,Rest,0
USP1,Stim48hr,0
USP1,Stim8hr,0
USP10,Rest,0
USP10,Stim48hr,0
USP10,Stim8hr,0
USP11,Rest,0
USP11,Stim48hr,0
USP11,Stim8hr,0
USP12,Rest,0
USP12,Stim48hr,0
USP12,Stim8hr,0
USP13,Rest,0
USP13,Stim48hr,0
USP13,Stim8hr,0
USP14,Rest,0
USP14,Stim48hr,0
USP14,Stim8hr,0
USP15,Rest,0
USP15,Stim48hr,0
USP15,Stim8hr,0
USP16,Rest,0
USP16,Stim48hr,0
USP16,Stim8hr,0
USP18,Rest,0
USP18,Stim48hr,0
USP18,Stim8hr,0
USP19,Rest,0
USP19,Stim48hr,0
USP19,Stim8hr,0
USP20,Rest,0
USP20,Stim48hr,0
USP20,Stim8hr,0
USP21,Rest,0
USP21,Stim48hr,0
USP21,Stim8hr,0
USP22,Rest,2
USP22,Stim48hr,5
USP22,Stim8hr,2
USP24,Rest,0
USP24,Stim48hr,1
USP24,Stim8hr,0
USP25,Rest,0
USP25,Stim48hr,0
USP25,Stim8hr,0
USP27X,Rest,2
USP27X,Stim8hr,3
USP28,Rest,0
USP28,Stim48hr,0
USP28,Stim8hr,0
USP3,Rest,0
USP3,Stim48hr,0
USP3,Stim8hr,0
USP30,Rest,0
USP30,Stim48hr,0
USP30,Stim8hr,0
USP32,Rest,0
USP32,Stim48hr,0
USP32,Stim8hr,0
USP33,Rest,0
USP33,Stim48hr,0
USP33,Stim8hr,0
USP34,Rest,0
USP34,Stim48hr,0
USP34,Stim8hr,0
USP35,Rest,0
USP35,Stim48hr,0
USP35,Stim8hr,0
USP36,Stim48hr,0
USP36,Stim8hr,1
USP38,Rest,0
USP38,Stim48hr,0
USP38,Stim8hr,0
USP39,Rest,0
USP39,Stim48hr,0
USP39,Stim8hr,0
USP4,Rest,0
USP4,Stim48hr,0
USP4,Stim8hr,0
USP40,Rest,0
USP40,Stim48hr,0
USP40,Stim8hr,0
USP41P,Rest,0
USP41P,Stim48hr,0
USP41P,Stim8hr,0
USP42,Rest,0
USP42,Stim48hr,0
USP42,Stim8hr,0
USP44,Rest,0
USP44,Stim48hr,0
USP44,Stim8hr,0
USP45,Rest,0
USP45,Stim48hr,0
USP45,Stim8hr,0
USP46,Rest,0
USP46,Stim48hr,0
USP46,Stim8hr,0
USP47,Rest,0
USP47,Stim48hr,0
USP47,Stim8hr,0
USP48,Rest,0
USP48,Stim48hr,0
USP48,Stim8hr,0
USP51,Rest,0
USP51,Stim48hr,0
USP51,Stim8hr,0
USP53,Rest,0
USP53,Stim48hr,0
USP53,Stim8hr,0
USP6NL,Rest,0
USP6NL,Stim48hr,0
USP6NL,Stim8hr,0
USP7,Rest,1
USP7,Stim48hr,2
USP7,Stim8hr,2
USP9X,Rest,0
USP9X,Stim48hr,0
USP9X,Stim8hr,0
UST,Rest,0
UST,Stim48hr,0
UST,Stim8hr,0
UTP14C,Stim8hr,2
UTP23,Rest,0
UTP23,Stim48hr,0
UTP23,Stim8hr,0
UTP25,Stim8hr,1
UTP4,Rest,0
UTP6,Stim48hr,0
UTS2,Rest,0
UTS2,Stim48hr,0
UTS2,Stim8hr,0
UTY,Rest,0
UTY,Stim48hr,0
UTY,Stim8hr,0
UVRAG,Rest,0
UVRAG,Stim48hr,1
UVRAG,Stim8hr,1
UVSSA,Rest,0
UVSSA,Stim48hr,0
UVSSA,Stim8hr,0
UXS1,Rest,0
UXS1,Stim48hr,0
UXS1,Stim8hr,0
UXT,Rest,0
UXT,Stim48hr,0
UXT,Stim8hr,0
VAC14,Rest,0
VAC14,Stim48hr,0
VAC14,Stim8hr,0
VAMP1,Rest,0
VAMP1,Stim48hr,0
VAMP1,Stim8hr,0
VAMP2,Rest,0
VAMP2,Stim48hr,0
VAMP2,Stim8hr,0
VAMP3,Rest,0
VAMP3,Stim48hr,0
VAMP3,Stim8hr,0
VAMP4,Rest,0
VAMP4,Stim48hr,0
VAMP4,Stim8hr,0
VAMP5,Rest,0
VAMP7,Rest,0
VAMP7,Stim48hr,0
VAMP7,Stim8hr,0
VAMP8,Rest,0
VAMP8,Stim48hr,0
VAMP8,Stim8hr,0
VANGL1,Rest,0
VANGL1,Stim48hr,0
VANGL1,Stim8hr,0
VAPA,Rest,0
VAPA,Stim48hr,0
VAPA,Stim8hr,0
VAPB,Rest,0
VAPB,Stim48hr,0
VAPB,Stim8hr,0
VARS2,Rest,0
VARS2,Stim48hr,4
VARS2,Stim8hr,2
VASH1,Rest,0
VASH1,Stim48hr,0
VASH1,Stim8hr,0
VASP,Rest,0
VASP,Stim48hr,0
VASP,Stim8hr,0
VAT1,Rest,0
VAT1,Stim48hr,0
VAT1,Stim8hr,0
VAV1,Rest,1
VAV1,Stim48hr,15
VAV1,Stim8hr,17
VAV3,Rest,0
VAV3,Stim48hr,1
VAV3,Stim8hr,0
VAX1,Rest,0
VAX1,Stim48hr,0
VAX1,Stim8hr,0
VAX2,Rest,0
VAX2,Stim48hr,0
VAX2,Stim8hr,0
VBP1,Rest,0
VBP1,Stim48hr,0
VBP1,Stim8hr,0
VCAN,Rest,0
VCAN,Stim48hr,0
VCAN,Stim8hr,0
VCF1,Rest,0
VCF1,Stim48hr,0
VCF1,Stim8hr,0
VCF2,Rest,0
VCF2,Stim48hr,0
VCF2,Stim8hr,1
VCL,Rest,0
VCL,Stim48hr,0
VCL,Stim8hr,0
VCPIP1,Rest,0
VCPIP1,Stim48hr,0
VCPIP1,Stim8hr,0
VCPKMT,Rest,0
VCPKMT,Stim48hr,0
VCPKMT,Stim8hr,0
VDAC1,Rest,0
VDAC1,Stim48hr,0
VDAC1,Stim8hr,0
VDAC2,Rest,0
VDAC2,Stim48hr,0
VDAC2,Stim8hr,0
VDAC3,Rest,0
VDAC3,Stim48hr,0
VDAC3,Stim8hr,0
VDR,Rest,0
VDR,Stim48hr,0
VDR,Stim8hr,0
VEGFA,Rest,0
VEGFA,Stim48hr,0
VEGFA,Stim8hr,0
VEGFB,Rest,0
VEGFB,Stim48hr,0
VEGFB,Stim8hr,0
VENTX,Rest,0
VENTX,Stim48hr,0
VENTX,Stim8hr,0
VEZF1,Rest,1
VEZF1,Stim48hr,0
VEZF1,Stim8hr,0
VEZT,Rest,0
VEZT,Stim48hr,2
VEZT,Stim8hr,0
VGLL4,Rest,0
VGLL4,Stim48hr,0
VGLL4,Stim8hr,0
VHL,Rest,2
VHL,Stim48hr,1
VHL,Stim8hr,1
VIL1,Rest,0
VIL1,Stim48hr,0
VIL1,Stim8hr,0
VILL,Rest,0
VILL,Stim48hr,0
VILL,Stim8hr,0
VIM,Rest,0
VIM,Stim48hr,0
VIM,Stim8hr,0
VIPAS39,Rest,0
VIPAS39,Stim48hr,0
VIPAS39,Stim8hr,0
VIPR1,Rest,0
VIPR1,Stim48hr,0
VIPR1,Stim8hr,0
VIPR2,Rest,0
VIPR2,Stim48hr,0
VIPR2,Stim8hr,0
VKORC1,Rest,0
VKORC1,Stim48hr,0
VKORC1,Stim8hr,0
VKORC1L1,Rest,0
VKORC1L1,Stim48hr,0
VKORC1L1,Stim8hr,0
VLDLR,Rest,0
VLDLR,Stim48hr,0
VLDLR,Stim8hr,0
VMA12,Rest,0
VMA12,Stim48hr,0
VMA12,Stim8hr,0
VMAC,Rest,0
VMAC,Stim48hr,0
VMAC,Stim8hr,0
VNN2,Rest,0
VNN2,Stim48hr,0
VNN2,Stim8hr,0
VOPP1,Rest,0
VOPP1,Stim48hr,0
VOPP1,Stim8hr,0
VPREB3,Rest,0
VPREB3,Stim48hr,0
VPREB3,Stim8hr,0
VPS11,Rest,0
VPS11,Stim48hr,0
VPS11,Stim8hr,0
VPS13A,Rest,0
VPS13A,Stim48hr,2
VPS13A,Stim8hr,0
VPS13B,Rest,0
VPS13B,Stim48hr,0
VPS13B,Stim8hr,0
VPS13C,Rest,1
VPS13C,Stim48hr,0
VPS13C,Stim8hr,0
VPS18,Stim48hr,0
VPS18,Stim8hr,0
VPS26A,Rest,0
VPS26A,Stim48hr,0
VPS26A,Stim8hr,0
VPS26B,Rest,0
VPS26B,Stim48hr,0
VPS26B,Stim8hr,0
VPS26C,Rest,0
VPS26C,Stim48hr,0
VPS26C,Stim8hr,0
VPS29,Rest,0
VPS29,Stim48hr,0
VPS29,Stim8hr,4
VPS33A,Stim48hr,0
VPS33B,Rest,0
VPS33B,Stim48hr,0
VPS33B,Stim8hr,0
VPS35,Rest,0
VPS35,Stim48hr,0
VPS35,Stim8hr,1
VPS35L,Rest,0
VPS35L,Stim48hr,0
VPS35L,Stim8hr,0
VPS37A,Stim48hr,2
VPS37B,Rest,0
VPS37B,Stim48hr,1
VPS37B,Stim8hr,0
VPS37C,Rest,0
VPS37C,Stim48hr,0
VPS37C,Stim8hr,0
VPS39,Rest,0
VPS39,Stim48hr,0
VPS39,Stim8hr,0
VPS41,Rest,1
VPS41,Stim48hr,2
VPS41,Stim8hr,0
VPS45,Rest,0
VPS45,Stim48hr,0
VPS45,Stim8hr,0
VPS4A,Rest,0
VPS4A,Stim48hr,0
VPS4A,Stim8hr,0
VPS4B,Rest,0
VPS4B,Stim48hr,0
VPS4B,Stim8hr,0
VPS50,Rest,0
VPS50,Stim48hr,0
VPS50,Stim8hr,0
VPS52,Rest,0
VPS52,Stim48hr,0
VPS52,Stim8hr,0
VPS8,Rest,0
VPS8,Stim48hr,0
VPS8,Stim8hr,0
VPS9D1,Rest,0
VPS9D1,Stim48hr,0
VPS9D1,Stim8hr,0
VRK1,Rest,1
VRK1,Stim48hr,0
VRK1,Stim8hr,0
VRK2,Rest,0
VRK2,Stim48hr,0
VRK2,Stim8hr,0
VRK3,Rest,0
VRK3,Stim48hr,0
VRK3,Stim8hr,0
VSIG1,Rest,0
VSIG1,Stim48hr,0
VSIG1,Stim8hr,0
VSIG10,Rest,0
VSIG10,Stim48hr,0
VSIG10,Stim8hr,0
VSIG10L,Rest,0
VSIG10L,Stim48hr,0
VSIG10L,Stim8hr,0
VSIG2,Rest,0
VSIG2,Stim48hr,0
VSIG2,Stim8hr,0
VSIR,Rest,0
VSIR,Stim48hr,0
VSIR,Stim8hr,0
VSTM2L,Rest,0
VSTM2L,Stim48hr,0
VSTM2L,Stim8hr,0
VSX1,Rest,0
VSX1,Stim48hr,0
VSX1,Stim8hr,0
VSX2,Rest,0
VSX2,Stim48hr,0
VSX2,Stim8hr,0
VTA1,Rest,0
VTA1,Stim48hr,0
VTA1,Stim8hr,0
VTI1A,Rest,0
VTI1A,Stim48hr,0
VTI1A,Stim8hr,0
VTI1B,Rest,0
VTI1B,Stim48hr,0
VTI1B,Stim8hr,0
VWA5A,Rest,0
VWA5A,Stim48hr,0
VWA5A,Stim8hr,0
VWA7,Rest,0
VWA7,Stim48hr,0
VWA7,Stim8hr,0
VWA8,Rest,0
VWA8,Stim48hr,0
VWA8,Stim8hr,0
VWCE,Rest,0
VWCE,Stim48hr,0
VWCE,Stim8hr,0
VWDE,Rest,0
VWDE,Stim48hr,0
VWDE,Stim8hr,0
VWF,Rest,0
VWF,Stim48hr,0
VWF,Stim8hr,0
VXN,Rest,0
VXN,Stim48hr,0
VXN,Stim8hr,0
WAC,Rest,2
WAC,Stim48hr,3
WAC,Stim8hr,4
WAPL,Rest,0
WAPL,Stim48hr,0
WAPL,Stim8hr,3
WARS1,Rest,1
WARS1,Stim48hr,0
WARS1,Stim8hr,1
WARS2,Rest,0
WARS2,Stim48hr,1
WARS2,Stim8hr,0
WAS,Rest,0
WAS,Stim48hr,0
WAS,Stim8hr,1
WASF1,Rest,0
WASF1,Stim48hr,0
WASF1,Stim8hr,0
WASF2,Rest,1
WASF2,Stim48hr,0
WASF2,Stim8hr,0
WASHC1,Rest,0
WASHC1,Stim8hr,0
WASHC2A,Rest,0
WASHC2C,Rest,0
WASHC2C,Stim48hr,0
WASHC2C,Stim8hr,0
WASHC3,Rest,0
WASHC3,Stim48hr,0
WASHC3,Stim8hr,0
WASHC4,Rest,0
WASHC4,Stim48hr,0
WASHC4,Stim8hr,0
WASHC5,Rest,0
WASHC5,Stim48hr,0
WASHC5,Stim8hr,0
WASL,Rest,0
WASL,Stim48hr,0
WASL,Stim8hr,0
WBP1,Rest,0
WBP1,Stim48hr,0
WBP1,Stim8hr,0
WBP11,Rest,0
WBP11,Stim48hr,0
WBP11,Stim8hr,0
WBP1L,Rest,0
WBP1L,Stim48hr,0
WBP1L,Stim8hr,1
WBP2,Rest,0
WBP2,Stim48hr,0
WBP2,Stim8hr,0
WBP4,Rest,0
WBP4,Stim48hr,0
WBP4,Stim8hr,1
WDFY1,Rest,0
WDFY1,Stim48hr,0
WDFY1,Stim8hr,0
WDFY2,Rest,0
WDFY2,Stim48hr,0
WDFY2,Stim8hr,0
WDFY4,Rest,0
WDFY4,Stim48hr,0
WDFY4,Stim8hr,0
WDPCP,Rest,0
WDPCP,Stim48hr,0
WDPCP,Stim8hr,0
WDR11,Rest,0
WDR11,Stim48hr,0
WDR11,Stim8hr,0
WDR13,Rest,0
WDR13,Stim48hr,0
WDR13,Stim8hr,0
WDR18,Rest,0
WDR18,Stim48hr,1
WDR18,Stim8hr,0
WDR19,Rest,0
WDR19,Stim48hr,0
WDR19,Stim8hr,0
WDR20,Rest,0
WDR20,Stim48hr,0
WDR20,Stim8hr,0
WDR24,Stim48hr,0
WDR24,Stim8hr,0
WDR25,Rest,0
WDR25,Stim48hr,0
WDR25,Stim8hr,0
WDR26,Rest,0
WDR26,Stim48hr,0
WDR26,Stim8hr,0
WDR27,Rest,0
WDR27,Stim48hr,0
WDR27,Stim8hr,0
WDR35,Rest,0
WDR35,Stim8hr,0
WDR37,Rest,0
WDR37,Stim48hr,0
WDR37,Stim8hr,0
WDR41,Rest,0
WDR41,Stim48hr,0
WDR41,Stim8hr,0
WDR44,Rest,0
WDR44,Stim48hr,0
WDR44,Stim8hr,0
WDR45B,Rest,0
WDR45B,Stim48hr,0
WDR45B,Stim8hr,0
WDR47,Rest,0
WDR47,Stim48hr,0
WDR47,Stim8hr,0
WDR48,Rest,0
WDR48,Stim48hr,0
WDR48,Stim8hr,1
WDR53,Rest,0
WDR53,Stim48hr,0
WDR53,Stim8hr,0
WDR54,Rest,0
WDR54,Stim48hr,0
WDR54,Stim8hr,0
WDR59,Rest,0
WDR59,Stim48hr,1
WDR59,Stim8hr,0
WDR5B,Rest,0
WDR5B,Stim48hr,0
WDR5B,Stim8hr,0
WDR6,Rest,0
WDR6,Stim48hr,0
WDR6,Stim8hr,0
WDR62,Rest,0
WDR62,Stim48hr,0
WDR62,Stim8hr,0
WDR7,Rest,0
WDR7,Stim48hr,0
WDR7,Stim8hr,0
WDR70,Stim48hr,0
WDR70,Stim8hr,0
WDR73,Rest,0
WDR73,Stim48hr,0
WDR73,Stim8hr,0
WDR76,Rest,0
WDR76,Stim48hr,0
WDR76,Stim8hr,0
WDR77,Rest,0
WDR77,Stim48hr,0
WDR77,Stim8hr,0
WDR81,Rest,0
WDR81,Stim48hr,0
WDR81,Stim8hr,0
WDR82,Rest,2
WDR82,Stim48hr,5
WDR82,Stim8hr,2
WDR83,Rest,0
WDR83,Stim48hr,0
WDR83,Stim8hr,0
WDR83OS,Rest,0
WDR83OS,Stim48hr,0
WDR83OS,Stim8hr,0
WDR86,Rest,0
WDR86,Stim48hr,0
WDR86,Stim8hr,0
WDR88,Rest,0
WDR88,Stim48hr,0
WDR88,Stim8hr,0
WDR89,Rest,0
WDR89,Stim48hr,0
WDR89,Stim8hr,0
WDR90,Rest,0
WDR90,Stim48hr,0
WDR90,Stim8hr,0
WDR91,Rest,0
WDR91,Stim48hr,0
WDR91,Stim8hr,0
WDSUB1,Rest,0
WDSUB1,Stim48hr,0
WDSUB1,Stim8hr,0
WDTC1,Rest,0
WFDC2,Rest,0
WFDC2,Stim48hr,0
WFDC2,Stim8hr,0
WHAMM,Rest,1
WHAMM,Stim48hr,0
WHAMM,Stim8hr,0
WHR1,Rest,0
WHR1,Stim48hr,0
WHR1,Stim8hr,0
WHRN,Rest,0
WHRN,Stim48hr,0
WHRN,Stim8hr,0
WIPF1,Rest,0
WIPF1,Stim48hr,0
WIPF1,Stim8hr,0
WIPF2,Rest,0
WIPF2,Stim48hr,0
WIPF2,Stim8hr,0
WIPI1,Rest,0
WIPI1,Stim48hr,0
WIPI1,Stim8hr,0
WIPI2,Rest,0
WIPI2,Stim48hr,0
WIPI2,Stim8hr,0
WIZ,Rest,0
WIZ,Stim48hr,0
WIZ,Stim8hr,0
WNK1,Rest,3
WNK1,Stim48hr,2
WNK1,Stim8hr,1
WNT1,Rest,0
WNT1,Stim48hr,0
WNT1,Stim8hr,0
WNT10A,Rest,0
WNT10A,Stim48hr,0
WNT10A,Stim8hr,0
WNT10B,Rest,0
WNT10B,Stim48hr,0
WNT10B,Stim8hr,0
WNT16,Rest,0
WNT16,Stim48hr,0
WNT16,Stim8hr,0
WNT2B,Rest,0
WNT2B,Stim48hr,0
WNT2B,Stim8hr,0
WNT7A,Rest,0
WNT7A,Stim48hr,0
WNT7A,Stim8hr,0
WNT9A,Rest,0
WNT9A,Stim48hr,0
WNT9A,Stim8hr,0
WRAP53,Rest,1
WRAP53,Stim48hr,0
WRAP53,Stim8hr,1
WRAP73,Rest,0
WRAP73,Stim48hr,0
WRAP73,Stim8hr,0
WRN,Rest,0
WRN,Stim48hr,0
WRN,Stim8hr,0
WRNIP1,Rest,0
WRNIP1,Stim48hr,0
WRNIP1,Stim8hr,0
WSB1,Rest,0
WSB1,Stim48hr,0
WSB1,Stim8hr,0
WSB2,Rest,0
WSB2,Stim48hr,0
WSB2,Stim8hr,0
WT1,Rest,0
WT1,Stim48hr,0
WT1,Stim8hr,0
WTAP,Rest,0
WTAP,Stim48hr,0
WTAP,Stim8hr,0
WWC1,Rest,0
WWC1,Stim48hr,0
WWC1,Stim8hr,0
WWC2,Rest,0
WWC2,Stim48hr,0
WWC2,Stim8hr,0
WWC3,Rest,0
WWC3,Stim48hr,0
WWC3,Stim8hr,0
WWOX,Rest,0
WWOX,Stim48hr,0
WWOX,Stim8hr,0
WWP1,Rest,0
WWP1,Stim48hr,0
WWP1,Stim8hr,0
WWP2,Rest,0
WWP2,Stim48hr,0
WWP2,Stim8hr,0
XAF1,Rest,0
XAF1,Stim48hr,0
XAF1,Stim8hr,0
XBP1,Rest,2
XBP1,Stim48hr,2
XBP1,Stim8hr,2
XCL1,Rest,0
XCL1,Stim48hr,0
XCL1,Stim8hr,0
XCL2,Rest,0
XCL2,Stim48hr,0
XCL2,Stim8hr,0
XIAP,Rest,0
XIAP,Stim48hr,0
XIAP,Stim8hr,0
XIRP1,Rest,0
XIRP1,Stim48hr,0
XIRP1,Stim8hr,0
XK,Rest,0
XK,Stim48hr,0
XK,Stim8hr,0
XKR6,Rest,0
XKR6,Stim48hr,0
XKR6,Stim8hr,0
XKR8,Rest,0
XKR8,Stim48hr,0
XKR8,Stim8hr,0
XKRX,Rest,0
XKRX,Stim48hr,0
XKRX,Stim8hr,0
XPA,Rest,0
XPA,Stim48hr,0
XPA,Stim8hr,0
XPNPEP1,Rest,0
XPNPEP1,Stim48hr,0
XPNPEP1,Stim8hr,0
XPNPEP3,Rest,0
XPNPEP3,Stim48hr,0
XPNPEP3,Stim8hr,0
XPO4,Rest,0
XPO4,Stim48hr,0
XPO4,Stim8hr,0
XPO5,Rest,0
XPO5,Stim48hr,1
XPO5,Stim8hr,0
XPO6,Rest,0
XPO6,Stim48hr,1
XPO6,Stim8hr,0
XPO7,Rest,0
XPO7,Stim48hr,0
XPO7,Stim8hr,0
XPOT,Rest,0
XPOT,Stim48hr,0
XPOT,Stim8hr,0
XPR1,Rest,0
XPR1,Stim48hr,0
XPR1,Stim8hr,0
XRCC1,Rest,0
XRCC1,Stim48hr,0
XRCC1,Stim8hr,0
XRCC2,Rest,0
XRCC2,Stim48hr,0
XRCC2,Stim8hr,2
XRCC3,Rest,0
XRN1,Rest,0
XRN1,Stim48hr,0
XRN1,Stim8hr,0
XRN2,Rest,0
XRRA1,Rest,2
XRRA1,Stim48hr,0
XRRA1,Stim8hr,5
XTBD1,Rest,0
XTBD1,Stim48hr,0
XTBD1,Stim8hr,0
XXYLT1,Rest,0
XXYLT1,Stim48hr,0
XXYLT1,Stim8hr,0
XYLB,Rest,0
XYLB,Stim48hr,0
XYLB,Stim8hr,0
XYLT1,Rest,0
XYLT1,Stim48hr,0
XYLT1,Stim8hr,0
XYLT2,Rest,0
XYLT2,Stim48hr,0
XYLT2,Stim8hr,0
YAF2,Rest,0
YAF2,Stim48hr,0
YAF2,Stim8hr,0
YARS1,Stim48hr,0
YARS1,Stim8hr,1
YARS2,Rest,0
YARS2,Stim48hr,0
YARS2,Stim8hr,0
YBEY,Rest,0
YBEY,Stim48hr,2
YBEY,Stim8hr,0
YBX1,Rest,0
YBX1,Stim48hr,0
YBX1,Stim8hr,0
YBX2,Rest,0
YBX2,Stim48hr,0
YBX2,Stim8hr,0
YBX3,Rest,0
YBX3,Stim48hr,0
YBX3,Stim8hr,0
YDJC,Rest,0
YDJC,Stim48hr,0
YDJC,Stim8hr,0
YEATS2,Rest,1
YEATS2,Stim48hr,1
YEATS2,Stim8hr,1
YES1,Rest,0
YES1,Stim48hr,0
YES1,Stim8hr,0
YIF1A,Rest,0
YIF1A,Stim48hr,0
YIF1A,Stim8hr,0
YIF1B,Rest,0
YIF1B,Stim48hr,0
YIF1B,Stim8hr,0
YIPF1,Rest,0
YIPF1,Stim48hr,0
YIPF1,Stim8hr,0
YIPF2,Rest,0
YIPF2,Stim48hr,0
YIPF2,Stim8hr,0
YIPF3,Rest,0
YIPF3,Stim48hr,0
YIPF3,Stim8hr,0
YIPF4,Rest,0
YIPF4,Stim48hr,0
YIPF4,Stim8hr,0
YIPF5,Rest,0
YIPF5,Stim48hr,0
YIPF5,Stim8hr,0
YIPF6,Rest,0
YIPF6,Stim48hr,0
YIPF6,Stim8hr,0
YJEFN3,Rest,0
YJEFN3,Stim48hr,0
YJEFN3,Stim8hr,0
YJU2,Rest,0
YJU2,Stim48hr,0
YJU2,Stim8hr,0
YJU2B,Rest,0
YJU2B,Stim48hr,0
YJU2B,Stim8hr,0
YLPM1,Rest,0
YLPM1,Stim48hr,0
YLPM1,Stim8hr,0
YME1L1,Rest,0
YME1L1,Stim48hr,0
YME1L1,Stim8hr,1
YOD1,Rest,0
YOD1,Stim48hr,0
YOD1,Stim8hr,0
YPEL1,Rest,0
YPEL1,Stim48hr,0
YPEL1,Stim8hr,0
YPEL2,Rest,0
YPEL2,Stim48hr,0
YPEL2,Stim8hr,0
YPEL3,Rest,1
YPEL3,Stim48hr,0
YPEL3,Stim8hr,0
YPEL4,Rest,0
YPEL4,Stim48hr,0
YPEL4,Stim8hr,0
YPEL5,Rest,0
YPEL5,Stim48hr,0
YPEL5,Stim8hr,0
YRDC,Rest,0
YRDC,Stim48hr,0
YRDC,Stim8hr,0
YTHDC2,Rest,0
YTHDC2,Stim48hr,0
YTHDC2,Stim8hr,0
YTHDF1,Rest,0
YTHDF1,Stim48hr,0
YTHDF1,Stim8hr,0
YTHDF2,Rest,0
YTHDF2,Stim48hr,6
YTHDF2,Stim8hr,6
YTHDF3,Rest,0
YTHDF3,Stim48hr,0
YTHDF3,Stim8hr,0
YWHAB,Rest,0
YWHAB,Stim48hr,0
YWHAB,Stim8hr,0
YWHAE,Rest,0
YWHAE,Stim48hr,0
YWHAE,Stim8hr,0
YWHAG,Rest,0
YWHAG,Stim48hr,0
YWHAG,Stim8hr,0
YWHAH,Rest,0
YWHAH,Stim48hr,0
YWHAH,Stim8hr,0
YWHAQ,Rest,0
YWHAQ,Stim48hr,0
YWHAQ,Stim8hr,0
YWHAZ,Rest,0
YWHAZ,Stim48hr,0
YWHAZ,Stim8hr,0
YY1,Rest,0
YY1,Stim48hr,1
YY1,Stim8hr,1
YY1AP1,Rest,0
YY1AP1,Stim48hr,0
YY1AP1,Stim8hr,0
YY2,Rest,0
YY2,Stim48hr,0
YY2,Stim8hr,0
ZACN,Rest,0
ZACN,Stim48hr,0
ZACN,Stim8hr,0
ZAP70,Rest,0
ZAP70,Stim48hr,11
ZAP70,Stim8hr,17
ZBED1,Rest,0
ZBED1,Stim48hr,0
ZBED1,Stim8hr,0
ZBED10P,Rest,0
ZBED10P,Stim48hr,0
ZBED10P,Stim8hr,0
ZBED11,Rest,0
ZBED11,Stim48hr,0
ZBED11,Stim8hr,0
ZBED2,Rest,0
ZBED2,Stim48hr,0
ZBED2,Stim8hr,0
ZBED3,Rest,0
ZBED3,Stim48hr,2
ZBED3,Stim8hr,4
ZBED4,Rest,0
ZBED4,Stim48hr,0
ZBED4,Stim8hr,0
ZBED5,Rest,0
ZBED5,Stim48hr,0
ZBED5,Stim8hr,0
ZBED6,Rest,0
ZBED6,Stim48hr,0
ZBED6,Stim8hr,0
ZBED8L,Rest,0
ZBED8L,Stim48hr,0
ZBED8L,Stim8hr,0
ZBP1,Rest,0
ZBP1,Stim48hr,0
ZBP1,Stim8hr,0
ZBTB1,Rest,0
ZBTB1,Stim48hr,0
ZBTB1,Stim8hr,0
ZBTB10,Rest,0
ZBTB10,Stim48hr,0
ZBTB10,Stim8hr,0
ZBTB12,Rest,0
ZBTB12,Stim48hr,0
ZBTB12,Stim8hr,0
ZBTB14,Rest,0
ZBTB14,Stim48hr,1
ZBTB14,Stim8hr,0
ZBTB16,Rest,1
ZBTB16,Stim48hr,0
ZBTB16,Stim8hr,0
ZBTB17,Rest,1
ZBTB17,Stim48hr,0
ZBTB17,Stim8hr,0
ZBTB18,Rest,0
ZBTB18,Stim48hr,0
ZBTB18,Stim8hr,0
ZBTB2,Rest,0
ZBTB2,Stim48hr,0
ZBTB2,Stim8hr,0
ZBTB21,Rest,0
ZBTB21,Stim48hr,0
ZBTB21,Stim8hr,0
ZBTB22,Rest,0
ZBTB22,Stim48hr,0
ZBTB22,Stim8hr,0
ZBTB24,Rest,0
ZBTB24,Stim48hr,1
ZBTB24,Stim8hr,0
ZBTB25,Rest,0
ZBTB25,Stim48hr,0
ZBTB25,Stim8hr,0
ZBTB26,Rest,0
ZBTB26,Stim48hr,0
ZBTB26,Stim8hr,0
ZBTB3,Rest,0
ZBTB3,Stim48hr,0
ZBTB3,Stim8hr,0
ZBTB32,Rest,0
ZBTB32,Stim48hr,3
ZBTB32,Stim8hr,0
ZBTB33,Rest,1
ZBTB33,Stim48hr,1
ZBTB33,Stim8hr,0
ZBTB34,Rest,4
ZBTB34,Stim48hr,0
ZBTB34,Stim8hr,0
ZBTB35,Rest,0
ZBTB35,Stim48hr,0
ZBTB35,Stim8hr,0
ZBTB37,Rest,0
ZBTB37,Stim48hr,0
ZBTB37,Stim8hr,0
ZBTB38,Rest,0
ZBTB38,Stim48hr,0
ZBTB38,Stim8hr,0
ZBTB39,Rest,0
ZBTB39,Stim48hr,0
ZBTB39,Stim8hr,0
ZBTB40,Rest,0
ZBTB40,Stim48hr,0
ZBTB40,Stim8hr,0
ZBTB41,Rest,0
ZBTB41,Stim48hr,0
ZBTB41,Stim8hr,0
ZBTB42,Rest,0
ZBTB42,Stim48hr,0
ZBTB42,Stim8hr,0
ZBTB43,Rest,0
ZBTB43,Stim48hr,0
ZBTB43,Stim8hr,0
ZBTB44,Rest,0
ZBTB44,Stim48hr,0
ZBTB44,Stim8hr,0
ZBTB45,Rest,0
ZBTB45,Stim48hr,1
ZBTB45,Stim8hr,0
ZBTB46,Stim48hr,0
ZBTB46,Stim8hr,0
ZBTB47,Rest,0
ZBTB47,Stim48hr,0
ZBTB47,Stim8hr,0
ZBTB48,Rest,0
ZBTB48,Stim48hr,0
ZBTB48,Stim8hr,0
ZBTB49,Rest,0
ZBTB49,Stim48hr,0
ZBTB49,Stim8hr,0
ZBTB5,Rest,0
ZBTB5,Stim48hr,0
ZBTB5,Stim8hr,0
ZBTB6,Rest,0
ZBTB6,Stim48hr,0
ZBTB6,Stim8hr,0
ZBTB7A,Rest,0
ZBTB7A,Stim48hr,1
ZBTB7A,Stim8hr,1
ZBTB7B,Rest,0
ZBTB7B,Stim48hr,0
ZBTB7B,Stim8hr,0
ZBTB8A,Rest,0
ZBTB8A,Stim48hr,0
ZBTB8A,Stim8hr,0
ZBTB8B,Rest,0
ZBTB8B,Stim48hr,0
ZBTB8B,Stim8hr,0
ZBTB9,Rest,0
ZBTB9,Stim48hr,0
ZBTB9,Stim8hr,0
ZC2HC1A,Rest,0
ZC2HC1A,Stim48hr,0
ZC2HC1A,Stim8hr,0
ZC3H10,Rest,1
ZC3H10,Stim48hr,0
ZC3H10,Stim8hr,0
ZC3H11A,Rest,0
ZC3H11A,Stim48hr,0
ZC3H11A,Stim8hr,0
ZC3H12A,Rest,1
ZC3H12A,Stim48hr,1
ZC3H12A,Stim8hr,1
ZC3H12B,Rest,0
ZC3H12B,Stim48hr,0
ZC3H12B,Stim8hr,2
ZC3H12C,Rest,0
ZC3H12C,Stim48hr,0
ZC3H12C,Stim8hr,0
ZC3H12D,Rest,0
ZC3H12D,Stim48hr,0
ZC3H12D,Stim8hr,0
ZC3H14,Rest,0
ZC3H14,Stim48hr,0
ZC3H14,Stim8hr,0
ZC3H15,Rest,3
ZC3H15,Stim48hr,0
ZC3H15,Stim8hr,0
ZC3H3,Rest,0
ZC3H3,Stim48hr,0
ZC3H3,Stim8hr,0
ZC3H4,Rest,1
ZC3H4,Stim48hr,0
ZC3H4,Stim8hr,0
ZC3H6,Rest,0
ZC3H6,Stim48hr,0
ZC3H6,Stim8hr,0
ZC3H7A,Rest,0
ZC3H7A,Stim48hr,0
ZC3H7A,Stim8hr,0
ZC3H7B,Rest,0
ZC3H7B,Stim48hr,0
ZC3H7B,Stim8hr,0
ZC3HAV1,Rest,0
ZC3HAV1,Stim48hr,0
ZC3HAV1,Stim8hr,0
ZC3HAV1L,Rest,0
ZC3HAV1L,Stim48hr,0
ZC3HAV1L,Stim8hr,0
ZC3HC1,Rest,1
ZC3HC1,Stim48hr,0
ZC3HC1,Stim8hr,0
ZC4H2,Rest,0
ZC4H2,Stim48hr,0
ZC4H2,Stim8hr,0
ZCCHC10,Rest,0
ZCCHC10,Stim48hr,0
ZCCHC10,Stim8hr,0
ZCCHC12,Rest,0
ZCCHC12,Stim48hr,0
ZCCHC12,Stim8hr,0
ZCCHC14,Rest,0
ZCCHC14,Stim48hr,0
ZCCHC14,Stim8hr,0
ZCCHC17,Rest,0
ZCCHC17,Stim48hr,0
ZCCHC17,Stim8hr,1
ZCCHC18,Rest,0
ZCCHC18,Stim48hr,0
ZCCHC18,Stim8hr,0
ZCCHC2,Rest,0
ZCCHC2,Stim48hr,0
ZCCHC2,Stim8hr,0
ZCCHC24,Rest,0
ZCCHC24,Stim48hr,0
ZCCHC24,Stim8hr,0
ZCCHC3,Rest,0
ZCCHC3,Stim48hr,0
ZCCHC3,Stim8hr,0
ZCCHC4,Rest,0
ZCCHC4,Stim48hr,0
ZCCHC4,Stim8hr,0
ZCCHC7,Rest,0
ZCCHC7,Stim48hr,0
ZCCHC7,Stim8hr,0
ZCCHC8,Rest,0
ZCCHC8,Stim48hr,0
ZCCHC8,Stim8hr,0
ZCRB1,Rest,0
ZCRB1,Stim48hr,0
ZCRB1,Stim8hr,2
ZCWPW1,Rest,0
ZCWPW1,Stim48hr,0
ZCWPW1,Stim8hr,0
ZCWPW2,Rest,0
ZCWPW2,Stim48hr,0
ZCWPW2,Stim8hr,0
ZDBF2,Rest,0
ZDBF2,Stim48hr,0
ZDBF2,Stim8hr,0
ZDHHC11,Rest,0
ZDHHC11,Stim48hr,0
ZDHHC11,Stim8hr,0
ZDHHC11B,Rest,0
ZDHHC11B,Stim48hr,0
ZDHHC11B,Stim8hr,0
ZDHHC12,Rest,1
ZDHHC12,Stim48hr,0
ZDHHC12,Stim8hr,0
ZDHHC13,Rest,0
ZDHHC13,Stim48hr,1
ZDHHC13,Stim8hr,0
ZDHHC14,Rest,0
ZDHHC14,Stim48hr,0
ZDHHC14,Stim8hr,0
ZDHHC15,Rest,0
ZDHHC15,Stim48hr,0
ZDHHC15,Stim8hr,0
ZDHHC16,Rest,0
ZDHHC16,Stim48hr,0
ZDHHC16,Stim8hr,0
ZDHHC17,Rest,1
ZDHHC17,Stim48hr,0
ZDHHC17,Stim8hr,0
ZDHHC18,Rest,1
ZDHHC18,Stim48hr,0
ZDHHC18,Stim8hr,0
ZDHHC2,Rest,0
ZDHHC2,Stim48hr,0
ZDHHC2,Stim8hr,0
ZDHHC20,Rest,0
ZDHHC20,Stim48hr,0
ZDHHC20,Stim8hr,0
ZDHHC21,Rest,0
ZDHHC21,Stim48hr,0
ZDHHC21,Stim8hr,0
ZDHHC23,Rest,0
ZDHHC23,Stim48hr,0
ZDHHC23,Stim8hr,0
ZDHHC24,Rest,0
ZDHHC24,Stim48hr,0
ZDHHC24,Stim8hr,0
ZDHHC3,Rest,0
ZDHHC3,Stim48hr,0
ZDHHC3,Stim8hr,0
ZDHHC4,Rest,0
ZDHHC4,Stim48hr,0
ZDHHC4,Stim8hr,0
ZDHHC5,Rest,0
ZDHHC5,Stim48hr,0
ZDHHC5,Stim8hr,0
ZDHHC6,Rest,0
ZDHHC6,Stim48hr,0
ZDHHC6,Stim8hr,0
ZDHHC7,Rest,0
ZDHHC7,Stim48hr,0
ZDHHC7,Stim8hr,0
ZDHHC8,Rest,0
ZDHHC8,Stim48hr,0
ZDHHC8,Stim8hr,0
ZDHHC9,Rest,0
ZDHHC9,Stim48hr,0
ZDHHC9,Stim8hr,0
ZEB1,Rest,2
ZEB1,Stim48hr,1
ZEB1,Stim8hr,1
ZEB2,Rest,0
ZEB2,Stim48hr,0
ZEB2,Stim8hr,0
ZER1,Rest,0
ZER1,Stim48hr,0
ZER1,Stim8hr,0
ZFAND1,Rest,0
ZFAND1,Stim48hr,0
ZFAND1,Stim8hr,0
ZFAND2A,Rest,0
ZFAND2A,Stim48hr,0
ZFAND2A,Stim8hr,0
ZFAND2B,Rest,0
ZFAND2B,Stim48hr,0
ZFAND2B,Stim8hr,0
ZFAND3,Rest,0
ZFAND3,Stim48hr,0
ZFAND3,Stim8hr,0
ZFAND4,Rest,2
ZFAND4,Stim48hr,0
ZFAND4,Stim8hr,0
ZFAND5,Rest,0
ZFAND5,Stim48hr,0
ZFAND5,Stim8hr,0
ZFAND6,Rest,0
ZFAND6,Stim48hr,0
ZFAND6,Stim8hr,0
ZFAT,Rest,0
ZFAT,Stim48hr,0
ZFAT,Stim8hr,0
ZFC3H1,Rest,0
ZFC3H1,Stim48hr,1
ZFC3H1,Stim8hr,1
ZFHX2,Rest,0
ZFHX2,Stim48hr,0
ZFHX2,Stim8hr,0
ZFHX3,Rest,0
ZFHX3,Stim48hr,0
ZFHX3,Stim8hr,0
ZFHX4,Rest,0
ZFHX4,Stim48hr,0
ZFHX4,Stim8hr,0
ZFP1,Rest,2
ZFP1,Stim48hr,0
ZFP1,Stim8hr,0
ZFP14,Rest,0
ZFP14,Stim48hr,0
ZFP14,Stim8hr,0
ZFP28,Rest,0
ZFP28,Stim48hr,0
ZFP28,Stim8hr,0
ZFP3,Rest,0
ZFP3,Stim48hr,0
ZFP3,Stim8hr,0
ZFP30,Rest,0
ZFP30,Stim48hr,0
ZFP30,Stim8hr,0
ZFP36,Rest,0
ZFP36,Stim48hr,0
ZFP36,Stim8hr,0
ZFP36L1,Rest,0
ZFP36L1,Stim48hr,0
ZFP36L1,Stim8hr,1
ZFP36L2,Rest,0
ZFP36L2,Stim48hr,0
ZFP36L2,Stim8hr,0
ZFP37,Rest,0
ZFP37,Stim48hr,0
ZFP37,Stim8hr,0
ZFP41,Rest,0
ZFP41,Stim48hr,0
ZFP41,Stim8hr,0
ZFP42,Rest,0
ZFP42,Stim48hr,0
ZFP42,Stim8hr,0
ZFP57,Rest,0
ZFP57,Stim48hr,1
ZFP57,Stim8hr,0
ZFP62,Rest,0
ZFP62,Stim48hr,0
ZFP62,Stim8hr,0
ZFP64,Rest,0
ZFP64,Stim48hr,0
ZFP64,Stim8hr,0
ZFP69,Rest,0
ZFP69,Stim48hr,0
ZFP69,Stim8hr,0
ZFP69B,Rest,0
ZFP69B,Stim48hr,0
ZFP69B,Stim8hr,0
ZFP82,Rest,0
ZFP82,Stim48hr,0
ZFP82,Stim8hr,0
ZFP90,Rest,0
ZFP90,Stim48hr,0
ZFP90,Stim8hr,0
ZFP91,Rest,0
ZFP91,Stim48hr,0
ZFP91,Stim8hr,0
ZFP92,Rest,0
ZFP92,Stim48hr,0
ZFP92,Stim8hr,0
ZFPL1,Rest,0
ZFPL1,Stim48hr,0
ZFPL1,Stim8hr,0
ZFPM1,Rest,7
ZFPM1,Stim48hr,8
ZFPM1,Stim8hr,11
ZFPM2,Rest,0
ZFPM2,Stim48hr,0
ZFPM2,Stim8hr,0
ZFR,Rest,0
ZFR,Stim48hr,0
ZFR,Stim8hr,0
ZFTA,Rest,0
ZFTA,Stim48hr,0
ZFTA,Stim8hr,0
ZFTRAF1,Rest,0
ZFTRAF1,Stim48hr,0
ZFTRAF1,Stim8hr,0
ZFX,Rest,0
ZFX,Stim48hr,1
ZFX,Stim8hr,3
ZFY,Rest,0
ZFY,Stim48hr,0
ZFY,Stim8hr,0
ZFYVE1,Rest,1
ZFYVE1,Stim48hr,0
ZFYVE1,Stim8hr,0
ZFYVE16,Rest,0
ZFYVE16,Stim48hr,0
ZFYVE16,Stim8hr,0
ZFYVE21,Rest,1
ZFYVE21,Stim48hr,0
ZFYVE21,Stim8hr,1
ZFYVE26,Rest,0
ZFYVE26,Stim48hr,0
ZFYVE26,Stim8hr,0
ZFYVE27,Rest,0
ZFYVE27,Stim48hr,0
ZFYVE27,Stim8hr,0
ZFYVE28,Rest,0
ZFYVE28,Stim48hr,0
ZFYVE28,Stim8hr,0
ZFYVE9,Rest,0
ZFYVE9,Stim48hr,0
ZFYVE9,Stim8hr,0
ZG16,Rest,0
ZG16,Stim48hr,0
ZG16,Stim8hr,0
ZG16B,Rest,0
ZG16B,Stim48hr,0
ZG16B,Stim8hr,0
ZGLP1,Rest,0
ZGLP1,Stim48hr,0
ZGLP1,Stim8hr,0
ZGPAT,Rest,1
ZGPAT,Stim48hr,0
ZGPAT,Stim8hr,0
ZGRF1,Rest,0
ZGRF1,Stim48hr,0
ZGRF1,Stim8hr,0
ZHX1,Rest,0
ZHX1,Stim48hr,0
ZHX1,Stim8hr,0
ZHX1-C8orf76,Rest,0
ZHX1-C8orf76,Stim48hr,0
ZHX1-C8orf76,Stim8hr,1
ZHX2,Rest,0
ZHX2,Stim48hr,0
ZHX2,Stim8hr,0
ZHX3,Rest,0
ZHX3,Stim48hr,0
ZHX3,Stim8hr,0
ZIC1,Rest,0
ZIC1,Stim48hr,0
ZIC1,Stim8hr,0
ZIC2,Rest,0
ZIC2,Stim48hr,0
ZIC2,Stim8hr,0
ZIC3,Rest,0
ZIC3,Stim48hr,0
ZIC3,Stim8hr,0
ZIC4,Rest,0
ZIC4,Stim48hr,0
ZIC4,Stim8hr,1
ZIC5,Rest,0
ZIC5,Stim48hr,0
ZIC5,Stim8hr,0
ZIK1,Rest,0
ZIK1,Stim48hr,1
ZIK1,Stim8hr,0
ZIM3,Rest,0
ZIM3,Stim48hr,0
ZIM3,Stim8hr,0
ZKSCAN1,Rest,0
ZKSCAN1,Stim48hr,0
ZKSCAN1,Stim8hr,0
ZKSCAN2,Stim48hr,0
ZKSCAN2,Stim8hr,0
ZKSCAN3,Rest,0
ZKSCAN3,Stim48hr,0
ZKSCAN3,Stim8hr,0
ZKSCAN4,Rest,0
ZKSCAN4,Stim48hr,0
ZKSCAN4,Stim8hr,0
ZKSCAN5,Rest,0
ZKSCAN5,Stim48hr,0
ZKSCAN5,Stim8hr,0
ZKSCAN7,Rest,0
ZKSCAN7,Stim48hr,0
ZKSCAN7,Stim8hr,0
ZKSCAN8,Stim48hr,0
ZKSCAN8,Stim8hr,0
ZMAT1,Rest,1
ZMAT1,Stim48hr,1
ZMAT1,Stim8hr,0
ZMAT3,Rest,0
ZMAT3,Stim48hr,0
ZMAT3,Stim8hr,0
ZMAT4,Rest,0
ZMAT4,Stim48hr,0
ZMAT4,Stim8hr,0
ZMIZ1,Rest,0
ZMIZ1,Stim48hr,0
ZMIZ1,Stim8hr,0
ZMIZ2,Rest,0
ZMIZ2,Stim48hr,0
ZMIZ2,Stim8hr,0
ZMPSTE24,Rest,0
ZMPSTE24,Stim48hr,0
ZMPSTE24,Stim8hr,0
ZMYM1,Rest,0
ZMYM1,Stim48hr,0
ZMYM1,Stim8hr,0
ZMYM2,Rest,1
ZMYM2,Stim48hr,0
ZMYM2,Stim8hr,2
ZMYM3,Rest,0
ZMYM3,Stim48hr,0
ZMYM3,Stim8hr,0
ZMYM4,Stim48hr,0
ZMYM4,Stim8hr,0
ZMYM5,Rest,0
ZMYM5,Stim48hr,0
ZMYM5,Stim8hr,0
ZMYM6,Rest,0
ZMYM6,Stim48hr,0
ZMYM6,Stim8hr,0
ZMYND11,Rest,1
ZMYND11,Stim48hr,0
ZMYND11,Stim8hr,0
ZMYND19,Rest,0
ZMYND19,Stim48hr,1
ZMYND19,Stim8hr,0
ZMYND8,Rest,2
ZMYND8,Stim48hr,1
ZMYND8,Stim8hr,0
ZNF10,Rest,0
ZNF10,Stim48hr,0
ZNF10,Stim8hr,0
ZNF100,Rest,0
ZNF100,Stim48hr,0
ZNF100,Stim8hr,0
ZNF101,Rest,0
ZNF101,Stim48hr,0
ZNF101,Stim8hr,1
ZNF106,Rest,0
ZNF106,Stim48hr,0
ZNF106,Stim8hr,0
ZNF107,Rest,0
ZNF107,Stim48hr,0
ZNF107,Stim8hr,0
ZNF112,Rest,0
ZNF112,Stim48hr,0
ZNF112,Stim8hr,0
ZNF114,Rest,0
ZNF114,Stim48hr,0
ZNF114,Stim8hr,0
ZNF117,Rest,0
ZNF117,Stim48hr,0
ZNF117,Stim8hr,0
ZNF12,Rest,0
ZNF12,Stim48hr,0
ZNF12,Stim8hr,0
ZNF121,Rest,0
ZNF121,Stim48hr,0
ZNF121,Stim8hr,0
ZNF124,Rest,0
ZNF124,Stim48hr,0
ZNF124,Stim8hr,0
ZNF132,Rest,0
ZNF132,Stim48hr,0
ZNF132,Stim8hr,0
ZNF133,Rest,0
ZNF133,Stim48hr,0
ZNF133,Stim8hr,0
ZNF134,Rest,0
ZNF134,Stim48hr,0
ZNF134,Stim8hr,0
ZNF135,Rest,0
ZNF135,Stim48hr,0
ZNF135,Stim8hr,0
ZNF136,Rest,0
ZNF136,Stim48hr,0
ZNF136,Stim8hr,0
ZNF138,Rest,0
ZNF138,Stim48hr,0
ZNF138,Stim8hr,0
ZNF14,Rest,0
ZNF14,Stim48hr,0
ZNF14,Stim8hr,0
ZNF140,Rest,0
ZNF140,Stim48hr,0
ZNF140,Stim8hr,0
ZNF141,Rest,0
ZNF141,Stim48hr,0
ZNF141,Stim8hr,0
ZNF142,Rest,0
ZNF142,Stim48hr,0
ZNF142,Stim8hr,0
ZNF146,Rest,0
ZNF146,Stim48hr,0
ZNF146,Stim8hr,0
ZNF148,Rest,0
ZNF148,Stim48hr,0
ZNF148,Stim8hr,0
ZNF154,Rest,0
ZNF154,Stim48hr,0
ZNF154,Stim8hr,0
ZNF155,Rest,0
ZNF155,Stim48hr,0
ZNF155,Stim8hr,0
ZNF157,Rest,0
ZNF157,Stim48hr,0
ZNF157,Stim8hr,0
ZNF16,Rest,0
ZNF16,Stim48hr,0
ZNF16,Stim8hr,0
ZNF160,Rest,0
ZNF160,Stim48hr,0
ZNF160,Stim8hr,0
ZNF165,Rest,0
ZNF165,Stim48hr,0
ZNF165,Stim8hr,0
ZNF169,Rest,0
ZNF169,Stim48hr,0
ZNF169,Stim8hr,0
ZNF17,Rest,0
ZNF17,Stim48hr,0
ZNF17,Stim8hr,0
ZNF174,Rest,0
ZNF174,Stim48hr,0
ZNF174,Stim8hr,0
ZNF175,Rest,0
ZNF175,Stim48hr,0
ZNF175,Stim8hr,0
ZNF177,Rest,0
ZNF177,Stim48hr,0
ZNF177,Stim8hr,0
ZNF18,Rest,0
ZNF18,Stim48hr,0
ZNF18,Stim8hr,0
ZNF180,Rest,0
ZNF180,Stim48hr,0
ZNF180,Stim8hr,0
ZNF181,Rest,0
ZNF181,Stim48hr,0
ZNF181,Stim8hr,0
ZNF182,Rest,0
ZNF182,Stim48hr,0
ZNF182,Stim8hr,0
ZNF184,Rest,0
ZNF184,Stim48hr,0
ZNF184,Stim8hr,0
ZNF185,Rest,0
ZNF185,Stim48hr,0
ZNF185,Stim8hr,0
ZNF189,Rest,0
ZNF189,Stim48hr,0
ZNF189,Stim8hr,0
ZNF19,Rest,0
ZNF19,Stim48hr,0
ZNF19,Stim8hr,0
ZNF195,Rest,0
ZNF195,Stim48hr,0
ZNF195,Stim8hr,0
ZNF197,Rest,0
ZNF197,Stim48hr,0
ZNF197,Stim8hr,0
ZNF2,Rest,0
ZNF2,Stim48hr,0
ZNF2,Stim8hr,0
ZNF20,Rest,0
ZNF20,Stim48hr,0
ZNF20,Stim8hr,0
ZNF200,Rest,0
ZNF200,Stim48hr,0
ZNF200,Stim8hr,0
ZNF202,Rest,0
ZNF202,Stim48hr,0
ZNF202,Stim8hr,0
ZNF205,Rest,0
ZNF205,Stim48hr,0
ZNF205,Stim8hr,0
ZNF208,Rest,0
ZNF208,Stim48hr,0
ZNF208,Stim8hr,0
ZNF211,Rest,0
ZNF211,Stim48hr,0
ZNF211,Stim8hr,0
ZNF212,Rest,0
ZNF212,Stim48hr,0
ZNF212,Stim8hr,0
ZNF213,Rest,0
ZNF213,Stim48hr,0
ZNF213,Stim8hr,0
ZNF214,Rest,0
ZNF214,Stim48hr,0
ZNF214,Stim8hr,0
ZNF215,Rest,0
ZNF215,Stim48hr,0
ZNF215,Stim8hr,0
ZNF219,Rest,0
ZNF219,Stim48hr,0
ZNF219,Stim8hr,0
ZNF22,Rest,0
ZNF22,Stim48hr,0
ZNF22,Stim8hr,0
ZNF221,Rest,0
ZNF221,Stim48hr,0
ZNF221,Stim8hr,0
ZNF222,Rest,0
ZNF222,Stim48hr,0
ZNF222,Stim8hr,0
ZNF223,Rest,0
ZNF223,Stim48hr,0
ZNF223,Stim8hr,0
ZNF224,Rest,0
ZNF224,Stim48hr,0
ZNF224,Stim8hr,0
ZNF225,Rest,1
ZNF225,Stim48hr,0
ZNF225,Stim8hr,0
ZNF226,Rest,0
ZNF226,Stim48hr,0
ZNF226,Stim8hr,0
ZNF227,Rest,0
ZNF227,Stim48hr,0
ZNF227,Stim8hr,0
ZNF229,Rest,0
ZNF229,Stim48hr,0
ZNF229,Stim8hr,0
ZNF23,Rest,0
ZNF23,Stim48hr,0
ZNF23,Stim8hr,0
ZNF230,Rest,0
ZNF230,Stim48hr,0
ZNF230,Stim8hr,0
ZNF232,Rest,0
ZNF232,Stim48hr,0
ZNF232,Stim8hr,0
ZNF233,Rest,0
ZNF233,Stim48hr,0
ZNF233,Stim8hr,0
ZNF235,Rest,0
ZNF235,Stim48hr,0
ZNF235,Stim8hr,0
ZNF236,Rest,0
ZNF236,Stim48hr,0
ZNF236,Stim8hr,1
ZNF239,Rest,0
ZNF239,Stim48hr,0
ZNF239,Stim8hr,0
ZNF24,Rest,0
ZNF24,Stim48hr,0
ZNF24,Stim8hr,0
ZNF248,Rest,0
ZNF248,Stim48hr,0
ZNF248,Stim8hr,0
ZNF25,Rest,0
ZNF25,Stim48hr,0
ZNF25,Stim8hr,0
ZNF250,Rest,0
ZNF250,Stim48hr,0
ZNF250,Stim8hr,0
ZNF251,Rest,0
ZNF251,Stim48hr,0
ZNF251,Stim8hr,0
ZNF253,Rest,0
ZNF253,Stim48hr,0
ZNF253,Stim8hr,0
ZNF254,Rest,1
ZNF254,Stim48hr,0
ZNF254,Stim8hr,0
ZNF256,Rest,0
ZNF256,Stim48hr,0
ZNF256,Stim8hr,0
ZNF257,Rest,0
ZNF257,Stim48hr,0
ZNF257,Stim8hr,0
ZNF26,Rest,0
ZNF26,Stim48hr,0
ZNF26,Stim8hr,0
ZNF260,Rest,0
ZNF260,Stim48hr,0
ZNF260,Stim8hr,0
ZNF263,Rest,0
ZNF263,Stim48hr,0
ZNF263,Stim8hr,0
ZNF264,Rest,0
ZNF264,Stim48hr,0
ZNF264,Stim8hr,0
ZNF266,Rest,0
ZNF266,Stim48hr,0
ZNF266,Stim8hr,0
ZNF267,Rest,0
ZNF267,Stim48hr,0
ZNF267,Stim8hr,0
ZNF268,Rest,0
ZNF268,Stim48hr,0
ZNF268,Stim8hr,0
ZNF273,Rest,0
ZNF273,Stim48hr,0
ZNF273,Stim8hr,0
ZNF274,Rest,0
ZNF274,Stim48hr,0
ZNF274,Stim8hr,0
ZNF275,Rest,0
ZNF275,Stim48hr,0
ZNF275,Stim8hr,0
ZNF276,Rest,0
ZNF276,Stim48hr,0
ZNF276,Stim8hr,0
ZNF277,Rest,0
ZNF277,Stim48hr,1
ZNF277,Stim8hr,0
ZNF28,Rest,0
ZNF28,Stim48hr,0
ZNF28,Stim8hr,0
ZNF280A,Rest,0
ZNF280A,Stim48hr,0
ZNF280A,Stim8hr,0
ZNF280B,Rest,1
ZNF280B,Stim48hr,0
ZNF280B,Stim8hr,0
ZNF280C,Rest,0
ZNF280C,Stim48hr,0
ZNF280C,Stim8hr,0
ZNF280D,Rest,0
ZNF280D,Stim48hr,0
ZNF280D,Stim8hr,0
ZNF281,Rest,0
ZNF281,Stim48hr,0
ZNF281,Stim8hr,0
ZNF282,Rest,0
ZNF282,Stim48hr,0
ZNF282,Stim8hr,0
ZNF283,Rest,0
ZNF283,Stim48hr,0
ZNF283,Stim8hr,0
ZNF284,Rest,0
ZNF284,Stim48hr,0
ZNF284,Stim8hr,0
ZNF285,Rest,0
ZNF285,Stim48hr,0
ZNF285,Stim8hr,0
ZNF286A,Rest,0
ZNF286A,Stim48hr,0
ZNF286A,Stim8hr,0
ZNF286B,Rest,0
ZNF286B,Stim48hr,0
ZNF286B,Stim8hr,1
ZNF287,Rest,0
ZNF287,Stim48hr,0
ZNF287,Stim8hr,0
ZNF292,Rest,0
ZNF292,Stim8hr,0
ZNF296,Rest,0
ZNF296,Stim48hr,0
ZNF296,Stim8hr,0
ZNF3,Rest,0
ZNF3,Stim48hr,0
ZNF3,Stim8hr,0
ZNF30,Rest,0
ZNF30,Stim48hr,0
ZNF30,Stim8hr,0
ZNF300,Rest,2
ZNF300,Stim48hr,0
ZNF300,Stim8hr,0
ZNF302,Rest,0
ZNF302,Stim48hr,0
ZNF302,Stim8hr,0
ZNF304,Rest,0
ZNF304,Stim48hr,0
ZNF304,Stim8hr,0
ZNF311,Rest,1
ZNF311,Stim48hr,0
ZNF311,Stim8hr,0
ZNF316,Rest,0
ZNF316,Stim48hr,0
ZNF316,Stim8hr,0
ZNF317,Rest,0
ZNF317,Stim48hr,0
ZNF317,Stim8hr,0
ZNF318,Rest,0
ZNF318,Stim48hr,0
ZNF318,Stim8hr,0
ZNF319,Rest,0
ZNF319,Stim48hr,0
ZNF319,Stim8hr,0
ZNF32,Rest,0
ZNF32,Stim48hr,0
ZNF32,Stim8hr,0
ZNF320,Rest,0
ZNF320,Stim48hr,0
ZNF320,Stim8hr,0
ZNF322,Rest,0
ZNF322,Stim48hr,0
ZNF322,Stim8hr,0
ZNF324,Rest,0
ZNF324,Stim48hr,0
ZNF324,Stim8hr,0
ZNF324B,Rest,0
ZNF324B,Stim48hr,0
ZNF324B,Stim8hr,0
ZNF326,Rest,0
ZNF326,Stim48hr,0
ZNF326,Stim8hr,0
ZNF329,Rest,0
ZNF329,Stim48hr,0
ZNF329,Stim8hr,0
ZNF331,Rest,0
ZNF331,Stim48hr,0
ZNF331,Stim8hr,0
ZNF333,Rest,0
ZNF333,Stim48hr,0
ZNF333,Stim8hr,0
ZNF334,Rest,2
ZNF334,Stim48hr,0
ZNF334,Stim8hr,0
ZNF337,Rest,0
ZNF337,Stim48hr,0
ZNF337,Stim8hr,0
ZNF33A,Rest,0
ZNF33A,Stim48hr,0
ZNF33A,Stim8hr,0
ZNF33B,Rest,0
ZNF33B,Stim48hr,0
ZNF33B,Stim8hr,0
ZNF34,Rest,0
ZNF34,Stim48hr,0
ZNF34,Stim8hr,0
ZNF343,Rest,0
ZNF343,Stim48hr,0
ZNF343,Stim8hr,0
ZNF345,Rest,0
ZNF345,Stim48hr,0
ZNF345,Stim8hr,0
ZNF346,Rest,0
ZNF346,Stim48hr,0
ZNF346,Stim8hr,0
ZNF347,Rest,0
ZNF347,Stim48hr,0
ZNF347,Stim8hr,0
ZNF35,Rest,0
ZNF35,Stim48hr,0
ZNF35,Stim8hr,0
ZNF350,Rest,0
ZNF350,Stim48hr,0
ZNF350,Stim8hr,0
ZNF354A,Rest,0
ZNF354A,Stim48hr,0
ZNF354A,Stim8hr,0
ZNF354B,Rest,0
ZNF354B,Stim48hr,0
ZNF354B,Stim8hr,0
ZNF354C,Rest,0
ZNF354C,Stim48hr,0
ZNF354C,Stim8hr,0
ZNF358,Rest,0
ZNF358,Stim48hr,0
ZNF358,Stim8hr,0
ZNF362,Rest,0
ZNF362,Stim48hr,0
ZNF362,Stim8hr,0
ZNF365,Rest,0
ZNF365,Stim48hr,0
ZNF365,Stim8hr,0
ZNF366,Rest,0
ZNF366,Stim48hr,0
ZNF366,Stim8hr,0
ZNF367,Rest,0
ZNF367,Stim48hr,0
ZNF367,Stim8hr,0
ZNF37A,Rest,0
ZNF37A,Stim48hr,0
ZNF37A,Stim8hr,0
ZNF382,Rest,0
ZNF382,Stim48hr,0
ZNF382,Stim8hr,0
ZNF383,Rest,0
ZNF383,Stim48hr,0
ZNF383,Stim8hr,0
ZNF384,Rest,0
ZNF384,Stim48hr,0
ZNF384,Stim8hr,0
ZNF385A,Rest,0
ZNF385A,Stim48hr,0
ZNF385A,Stim8hr,0
ZNF385B,Rest,0
ZNF385B,Stim48hr,0
ZNF385B,Stim8hr,0
ZNF385C,Rest,0
ZNF385C,Stim48hr,0
ZNF385C,Stim8hr,0
ZNF385D,Rest,0
ZNF385D,Stim48hr,0
ZNF385D,Stim8hr,0
ZNF391,Rest,0
ZNF391,Stim48hr,1
ZNF391,Stim8hr,0
ZNF394,Rest,0
ZNF394,Stim48hr,0
ZNF394,Stim8hr,0
ZNF395,Rest,0
ZNF395,Stim48hr,0
ZNF395,Stim8hr,0
ZNF396,Rest,0
ZNF396,Stim48hr,0
ZNF396,Stim8hr,0
ZNF397,Rest,0
ZNF397,Stim48hr,0
ZNF397,Stim8hr,0
ZNF398,Rest,0
ZNF398,Stim48hr,0
ZNF398,Stim8hr,0
ZNF404,Stim48hr,0
ZNF404,Stim8hr,0
ZNF408,Rest,0
ZNF408,Stim48hr,0
ZNF408,Stim8hr,0
ZNF41,Rest,0
ZNF41,Stim48hr,0
ZNF41,Stim8hr,0
ZNF410,Rest,0
ZNF410,Stim48hr,0
ZNF410,Stim8hr,0
ZNF414,Rest,0
ZNF414,Stim48hr,0
ZNF414,Stim8hr,0
ZNF415,Rest,0
ZNF415,Stim48hr,0
ZNF415,Stim8hr,0
ZNF416,Rest,0
ZNF416,Stim48hr,0
ZNF416,Stim8hr,0
ZNF417,Rest,0
ZNF417,Stim48hr,0
ZNF417,Stim8hr,0
ZNF418,Rest,0
ZNF418,Stim48hr,0
ZNF418,Stim8hr,0
ZNF419,Rest,0
ZNF419,Stim48hr,0
ZNF419,Stim8hr,0
ZNF420,Rest,0
ZNF420,Stim48hr,0
ZNF420,Stim8hr,0
ZNF423,Rest,0
ZNF423,Stim48hr,0
ZNF423,Stim8hr,0
ZNF425,Rest,0
ZNF425,Stim48hr,0
ZNF425,Stim8hr,0
ZNF426,Rest,0
ZNF426,Stim48hr,0
ZNF426,Stim8hr,0
ZNF428,Rest,0
ZNF428,Stim48hr,0
ZNF428,Stim8hr,0
ZNF429,Rest,0
ZNF429,Stim48hr,0
ZNF429,Stim8hr,0
ZNF43,Rest,0
ZNF43,Stim48hr,0
ZNF43,Stim8hr,0
ZNF430,Rest,1
ZNF430,Stim48hr,0
ZNF430,Stim8hr,0
ZNF431,Rest,0
ZNF431,Stim48hr,0
ZNF431,Stim8hr,0
ZNF432,Rest,0
ZNF432,Stim48hr,0
ZNF432,Stim8hr,0
ZNF433,Rest,0
ZNF433,Stim48hr,0
ZNF433,Stim8hr,0
ZNF436,Rest,0
ZNF436,Stim48hr,0
ZNF436,Stim8hr,0
ZNF438,Rest,0
ZNF438,Stim48hr,0
ZNF438,Stim8hr,0
ZNF439,Rest,0
ZNF439,Stim48hr,0
ZNF439,Stim8hr,0
ZNF44,Rest,0
ZNF44,Stim48hr,0
ZNF44,Stim8hr,0
ZNF440,Rest,0
ZNF440,Stim48hr,0
ZNF440,Stim8hr,0
ZNF441,Rest,0
ZNF441,Stim48hr,0
ZNF441,Stim8hr,0
ZNF442,Rest,0
ZNF442,Stim48hr,0
ZNF442,Stim8hr,0
ZNF443,Rest,0
ZNF443,Stim48hr,0
ZNF443,Stim8hr,0
ZNF444,Rest,0
ZNF444,Stim48hr,0
ZNF444,Stim8hr,0
ZNF445,Rest,0
ZNF445,Stim48hr,0
ZNF445,Stim8hr,0
ZNF446,Rest,0
ZNF446,Stim48hr,0
ZNF446,Stim8hr,0
ZNF449,Rest,0
ZNF449,Stim48hr,0
ZNF449,Stim8hr,0
ZNF45,Rest,0
ZNF45,Stim48hr,0
ZNF45,Stim8hr,0
ZNF451,Rest,0
ZNF451,Stim48hr,0
ZNF451,Stim8hr,0
ZNF454,Rest,0
ZNF454,Stim48hr,0
ZNF454,Stim8hr,0
ZNF460,Rest,0
ZNF460,Stim48hr,0
ZNF460,Stim8hr,0
ZNF461,Rest,0
ZNF461,Stim48hr,0
ZNF461,Stim8hr,0
ZNF462,Rest,0
ZNF462,Stim48hr,0
ZNF462,Stim8hr,0
ZNF467,Rest,0
ZNF467,Stim48hr,0
ZNF467,Stim8hr,0
ZNF468,Rest,0
ZNF468,Stim48hr,0
ZNF468,Stim8hr,0
ZNF469,Rest,0
ZNF469,Stim48hr,0
ZNF469,Stim8hr,0
ZNF470,Rest,0
ZNF470,Stim48hr,0
ZNF470,Stim8hr,0
ZNF471,Rest,0
ZNF471,Stim48hr,0
ZNF471,Stim8hr,0
ZNF473,Rest,0
ZNF473,Stim48hr,0
ZNF473,Stim8hr,1
ZNF474,Rest,0
ZNF474,Stim48hr,0
ZNF474,Stim8hr,0
ZNF479,Rest,0
ZNF479,Stim48hr,0
ZNF479,Stim8hr,0
ZNF48,Rest,0
ZNF48,Stim48hr,1
ZNF48,Stim8hr,0
ZNF480,Rest,0
ZNF480,Stim48hr,0
ZNF480,Stim8hr,0
ZNF483,Rest,0
ZNF483,Stim48hr,0
ZNF483,Stim8hr,0
ZNF484,Rest,0
ZNF484,Stim48hr,0
ZNF484,Stim8hr,0
ZNF485,Rest,0
ZNF485,Stim48hr,0
ZNF485,Stim8hr,0
ZNF486,Rest,0
ZNF486,Stim48hr,0
ZNF486,Stim8hr,0
ZNF488,Rest,0
ZNF488,Stim48hr,1
ZNF488,Stim8hr,0
ZNF490,Rest,0
ZNF490,Stim48hr,0
ZNF490,Stim8hr,0
ZNF491,Rest,0
ZNF491,Stim48hr,0
ZNF491,Stim8hr,0
ZNF492,Rest,0
ZNF492,Stim48hr,0
ZNF492,Stim8hr,0
ZNF493,Rest,0
ZNF493,Stim48hr,0
ZNF493,Stim8hr,0
ZNF496,Rest,0
ZNF496,Stim48hr,0
ZNF496,Stim8hr,0
ZNF497,Rest,0
ZNF497,Stim48hr,0
ZNF497,Stim8hr,0
ZNF500,Rest,0
ZNF500,Stim48hr,0
ZNF500,Stim8hr,0
ZNF501,Rest,0
ZNF501,Stim48hr,0
ZNF501,Stim8hr,0
ZNF502,Rest,0
ZNF502,Stim48hr,0
ZNF502,Stim8hr,0
ZNF503,Rest,0
ZNF503,Stim48hr,0
ZNF503,Stim8hr,0
ZNF506,Rest,0
ZNF506,Stim48hr,0
ZNF506,Stim8hr,0
ZNF507,Rest,0
ZNF507,Stim48hr,0
ZNF507,Stim8hr,0
ZNF510,Rest,0
ZNF510,Stim48hr,0
ZNF510,Stim8hr,0
ZNF512,Rest,0
ZNF512,Stim48hr,0
ZNF512,Stim8hr,0
ZNF512B,Rest,0
ZNF512B,Stim48hr,0
ZNF512B,Stim8hr,0
ZNF513,Rest,0
ZNF513,Stim48hr,0
ZNF513,Stim8hr,0
ZNF514,Rest,0
ZNF514,Stim48hr,0
ZNF514,Stim8hr,0
ZNF516,Rest,0
ZNF516,Stim48hr,0
ZNF516,Stim8hr,0
ZNF517,Rest,0
ZNF517,Stim48hr,0
ZNF517,Stim8hr,0
ZNF518A,Rest,0
ZNF518A,Stim48hr,0
ZNF518A,Stim8hr,0
ZNF518B,Rest,0
ZNF518B,Stim48hr,0
ZNF518B,Stim8hr,0
ZNF519,Rest,0
ZNF519,Stim48hr,0
ZNF519,Stim8hr,0
ZNF521,Rest,0
ZNF521,Stim48hr,0
ZNF521,Stim8hr,0
ZNF524,Rest,0
ZNF524,Stim48hr,0
ZNF524,Stim8hr,0
ZNF526,Rest,0
ZNF526,Stim48hr,0
ZNF526,Stim8hr,0
ZNF527,Rest,4
ZNF527,Stim48hr,0
ZNF527,Stim8hr,0
ZNF528,Rest,0
ZNF528,Stim48hr,0
ZNF528,Stim8hr,0
ZNF529,Rest,0
ZNF529,Stim48hr,0
ZNF529,Stim8hr,0
ZNF530,Rest,0
ZNF530,Stim48hr,0
ZNF530,Stim8hr,0
ZNF532,Rest,0
ZNF532,Stim48hr,0
ZNF532,Stim8hr,0
ZNF534,Rest,0
ZNF534,Stim48hr,0
ZNF534,Stim8hr,0
ZNF536,Rest,0
ZNF536,Stim48hr,0
ZNF536,Stim8hr,0
ZNF540,Rest,0
ZNF540,Stim48hr,0
ZNF540,Stim8hr,0
ZNF543,Rest,0
ZNF543,Stim48hr,0
ZNF543,Stim8hr,0
ZNF544,Rest,0
ZNF544,Stim48hr,0
ZNF544,Stim8hr,0
ZNF546,Rest,0
ZNF546,Stim48hr,0
ZNF546,Stim8hr,0
ZNF547,Rest,0
ZNF547,Stim48hr,0
ZNF547,Stim8hr,0
ZNF548,Rest,0
ZNF548,Stim48hr,0
ZNF548,Stim8hr,0
ZNF549,Rest,0
ZNF549,Stim48hr,0
ZNF549,Stim8hr,0
ZNF550,Rest,0
ZNF550,Stim48hr,0
ZNF550,Stim8hr,0
ZNF551,Rest,0
ZNF551,Stim48hr,0
ZNF551,Stim8hr,0
ZNF552,Rest,0
ZNF552,Stim48hr,0
ZNF552,Stim8hr,0
ZNF554,Rest,4
ZNF554,Stim48hr,2
ZNF554,Stim8hr,1
ZNF555,Rest,0
ZNF555,Stim48hr,0
ZNF555,Stim8hr,0
ZNF556,Rest,0
ZNF556,Stim48hr,0
ZNF556,Stim8hr,0
ZNF557,Rest,0
ZNF557,Stim48hr,0
ZNF557,Stim8hr,0
ZNF558,Rest,0
ZNF558,Stim48hr,0
ZNF558,Stim8hr,0
ZNF559,Rest,0
ZNF559,Stim48hr,0
ZNF559,Stim8hr,0
ZNF560,Rest,0
ZNF560,Stim48hr,0
ZNF560,Stim8hr,0
ZNF561,Rest,0
ZNF561,Stim48hr,0
ZNF561,Stim8hr,0
ZNF562,Rest,0
ZNF562,Stim48hr,0
ZNF562,Stim8hr,0
ZNF563,Rest,0
ZNF563,Stim48hr,0
ZNF563,Stim8hr,0
ZNF564,Rest,0
ZNF564,Stim48hr,0
ZNF564,Stim8hr,0
ZNF565,Rest,0
ZNF565,Stim48hr,0
ZNF565,Stim8hr,0
ZNF566,Rest,0
ZNF566,Stim48hr,0
ZNF566,Stim8hr,0
ZNF567,Rest,0
ZNF567,Stim48hr,0
ZNF567,Stim8hr,0
ZNF568,Rest,0
ZNF568,Stim48hr,0
ZNF568,Stim8hr,0
ZNF569,Rest,0
ZNF569,Stim48hr,0
ZNF569,Stim8hr,0
ZNF57,Rest,0
ZNF57,Stim8hr,0
ZNF570,Rest,0
ZNF570,Stim48hr,0
ZNF570,Stim8hr,0
ZNF571,Rest,0
ZNF571,Stim48hr,0
ZNF571,Stim8hr,0
ZNF572,Rest,0
ZNF572,Stim48hr,0
ZNF572,Stim8hr,0
ZNF573,Rest,0
ZNF573,Stim48hr,0
ZNF573,Stim8hr,0
ZNF574,Rest,0
ZNF574,Stim48hr,0
ZNF574,Stim8hr,0
ZNF575,Rest,0
ZNF575,Stim48hr,0
ZNF575,Stim8hr,0
ZNF576,Rest,0
ZNF576,Stim48hr,0
ZNF576,Stim8hr,0
ZNF577,Rest,0
ZNF577,Stim48hr,0
ZNF577,Stim8hr,0
ZNF578,Rest,0
ZNF578,Stim48hr,0
ZNF578,Stim8hr,0
ZNF579,Rest,1
ZNF579,Stim48hr,0
ZNF579,Stim8hr,1
ZNF580,Rest,0
ZNF580,Stim48hr,0
ZNF580,Stim8hr,0
ZNF581,Rest,0
ZNF581,Stim48hr,0
ZNF581,Stim8hr,0
ZNF582,Rest,0
ZNF582,Stim48hr,0
ZNF582,Stim8hr,0
ZNF583,Rest,0
ZNF583,Stim48hr,0
ZNF583,Stim8hr,0
ZNF584,Rest,0
ZNF584,Stim48hr,0
ZNF584,Stim8hr,0
ZNF585A,Rest,0
ZNF585A,Stim48hr,0
ZNF585A,Stim8hr,0
ZNF585B,Rest,0
ZNF585B,Stim48hr,0
ZNF585B,Stim8hr,0
ZNF586,Rest,0
ZNF586,Stim48hr,0
ZNF586,Stim8hr,0
ZNF587,Rest,0
ZNF587,Stim48hr,0
ZNF587,Stim8hr,0
ZNF587B,Rest,0
ZNF587B,Stim48hr,0
ZNF587B,Stim8hr,0
ZNF589,Rest,0
ZNF589,Stim48hr,0
ZNF589,Stim8hr,0
ZNF592,Rest,0
ZNF592,Stim48hr,0
ZNF592,Stim8hr,0
ZNF593,Rest,0
ZNF593,Stim48hr,0
ZNF593,Stim8hr,0
ZNF594,Rest,0
ZNF594,Stim48hr,0
ZNF594,Stim8hr,0
ZNF595,Rest,0
ZNF595,Stim48hr,0
ZNF595,Stim8hr,0
ZNF596,Rest,0
ZNF596,Stim48hr,0
ZNF596,Stim8hr,0
ZNF597,Rest,0
ZNF597,Stim48hr,0
ZNF597,Stim8hr,0
ZNF598,Stim48hr,0
ZNF599,Rest,0
ZNF599,Stim48hr,0
ZNF599,Stim8hr,0
ZNF600,Rest,0
ZNF600,Stim48hr,0
ZNF600,Stim8hr,0
ZNF605,Rest,0
ZNF605,Stim48hr,0
ZNF605,Stim8hr,0
ZNF606,Rest,0
ZNF606,Stim48hr,0
ZNF606,Stim8hr,0
ZNF607,Rest,1
ZNF607,Stim48hr,0
ZNF607,Stim8hr,0
ZNF608,Rest,0
ZNF608,Stim48hr,1
ZNF608,Stim8hr,3
ZNF610,Rest,0
ZNF610,Stim48hr,0
ZNF610,Stim8hr,0
ZNF611,Rest,0
ZNF611,Stim48hr,0
ZNF611,Stim8hr,0
ZNF613,Rest,0
ZNF613,Stim48hr,0
ZNF613,Stim8hr,0
ZNF614,Rest,0
ZNF614,Stim48hr,0
ZNF614,Stim8hr,1
ZNF615,Rest,0
ZNF615,Stim48hr,0
ZNF615,Stim8hr,0
ZNF616,Rest,0
ZNF616,Stim48hr,0
ZNF616,Stim8hr,1
ZNF618,Rest,0
ZNF618,Stim48hr,0
ZNF618,Stim8hr,0
ZNF619,Rest,0
ZNF619,Stim48hr,0
ZNF619,Stim8hr,0
ZNF620,Rest,0
ZNF620,Stim48hr,0
ZNF620,Stim8hr,0
ZNF621,Rest,0
ZNF621,Stim48hr,0
ZNF621,Stim8hr,0
ZNF622,Rest,0
ZNF622,Stim48hr,0
ZNF622,Stim8hr,0
ZNF623,Rest,1
ZNF623,Stim48hr,0
ZNF623,Stim8hr,0
ZNF624,Rest,0
ZNF624,Stim48hr,0
ZNF624,Stim8hr,0
ZNF625,Rest,0
ZNF625,Stim48hr,0
ZNF625,Stim8hr,0
ZNF626,Rest,0
ZNF626,Stim48hr,0
ZNF626,Stim8hr,0
ZNF627,Rest,0
ZNF627,Stim48hr,0
ZNF627,Stim8hr,0
ZNF628,Rest,0
ZNF628,Stim48hr,0
ZNF628,Stim8hr,0
ZNF629,Rest,0
ZNF629,Stim48hr,0
ZNF629,Stim8hr,0
ZNF630,Rest,2
ZNF630,Stim48hr,0
ZNF630,Stim8hr,0
ZNF638,Rest,0
ZNF638,Stim48hr,0
ZNF638,Stim8hr,0
ZNF639,Rest,0
ZNF639,Stim48hr,0
ZNF639,Stim8hr,0
ZNF641,Rest,0
ZNF641,Stim48hr,0
ZNF641,Stim8hr,0
ZNF644,Rest,0
ZNF644,Stim48hr,0
ZNF644,Stim8hr,0
ZNF646,Rest,0
ZNF646,Stim48hr,0
ZNF646,Stim8hr,0
ZNF648,Rest,3
ZNF648,Stim48hr,0
ZNF648,Stim8hr,0
ZNF649,Rest,0
ZNF649,Stim48hr,3
ZNF649,Stim8hr,1
ZNF652,Rest,0
ZNF652,Stim48hr,0
ZNF652,Stim8hr,0
ZNF653,Rest,0
ZNF653,Stim48hr,0
ZNF653,Stim8hr,0
ZNF655,Rest,0
ZNF655,Stim48hr,0
ZNF655,Stim8hr,0
ZNF658,Rest,0
ZNF658,Stim48hr,1
ZNF658,Stim8hr,0
ZNF660,Rest,0
ZNF660,Stim48hr,0
ZNF660,Stim8hr,0
ZNF662,Rest,1
ZNF662,Stim48hr,0
ZNF662,Stim8hr,0
ZNF664,Rest,0
ZNF664,Stim48hr,0
ZNF664,Stim8hr,0
ZNF665,Rest,0
ZNF665,Stim48hr,0
ZNF665,Stim8hr,0
ZNF667,Rest,0
ZNF667,Stim48hr,0
ZNF667,Stim8hr,0
ZNF669,Rest,0
ZNF669,Stim48hr,0
ZNF669,Stim8hr,0
ZNF670,Rest,0
ZNF670,Stim48hr,0
ZNF670,Stim8hr,0
ZNF671,Rest,0
ZNF671,Stim48hr,0
ZNF671,Stim8hr,0
ZNF672,Rest,0
ZNF672,Stim48hr,0
ZNF672,Stim8hr,0
ZNF674,Rest,0
ZNF674,Stim48hr,0
ZNF674,Stim8hr,0
ZNF675,Rest,0
ZNF675,Stim48hr,0
ZNF675,Stim8hr,0
ZNF676,Rest,0
ZNF676,Stim48hr,0
ZNF676,Stim8hr,0
ZNF677,Rest,1
ZNF677,Stim48hr,0
ZNF677,Stim8hr,0
ZNF678,Rest,0
ZNF678,Stim48hr,0
ZNF678,Stim8hr,0
ZNF680,Rest,0
ZNF680,Stim48hr,0
ZNF680,Stim8hr,0
ZNF681,Rest,0
ZNF681,Stim48hr,0
ZNF681,Stim8hr,0
ZNF682,Rest,0
ZNF682,Stim48hr,0
ZNF682,Stim8hr,0
ZNF683,Rest,0
ZNF683,Stim48hr,0
ZNF683,Stim8hr,0
ZNF684,Rest,0
ZNF684,Stim48hr,0
ZNF684,Stim8hr,0
ZNF687,Rest,0
ZNF687,Stim48hr,0
ZNF687,Stim8hr,0
ZNF688,Rest,0
ZNF688,Stim48hr,0
ZNF688,Stim8hr,0
ZNF689,Rest,0
ZNF689,Stim48hr,0
ZNF689,Stim8hr,0
ZNF69,Rest,0
ZNF69,Stim48hr,0
ZNF69,Stim8hr,0
ZNF691,Rest,0
ZNF691,Stim48hr,0
ZNF691,Stim8hr,0
ZNF692,Rest,0
ZNF692,Stim48hr,0
ZNF692,Stim8hr,0
ZNF695,Rest,0
ZNF695,Stim48hr,0
ZNF695,Stim8hr,0
ZNF696,Rest,0
ZNF696,Stim48hr,0
ZNF696,Stim8hr,0
ZNF697,Rest,2
ZNF697,Stim48hr,0
ZNF697,Stim8hr,0
ZNF699,Rest,0
ZNF699,Stim48hr,0
ZNF699,Stim8hr,0
ZNF7,Rest,0
ZNF7,Stim48hr,0
ZNF7,Stim8hr,0
ZNF70,Rest,0
ZNF70,Stim48hr,0
ZNF70,Stim8hr,0
ZNF700,Rest,0
ZNF700,Stim48hr,0
ZNF700,Stim8hr,0
ZNF701,Rest,0
ZNF701,Stim48hr,0
ZNF701,Stim8hr,0
ZNF703,Rest,1
ZNF703,Stim48hr,2
ZNF703,Stim8hr,2
ZNF704,Rest,0
ZNF704,Stim48hr,0
ZNF704,Stim8hr,0
ZNF705A,Rest,0
ZNF705A,Stim48hr,0
ZNF705A,Stim8hr,0
ZNF705B,Rest,0
ZNF705B,Stim48hr,0
ZNF705B,Stim8hr,0
ZNF705D,Rest,0
ZNF705D,Stim48hr,0
ZNF705D,Stim8hr,0
ZNF705EP,Rest,0
ZNF705EP,Stim48hr,0
ZNF705EP,Stim8hr,1
ZNF705G,Rest,0
ZNF705G,Stim48hr,0
ZNF705G,Stim8hr,0
ZNF706,Rest,0
ZNF706,Stim48hr,0
ZNF706,Stim8hr,0
ZNF707,Rest,0
ZNF707,Stim48hr,0
ZNF707,Stim8hr,0
ZNF708,Rest,0
ZNF708,Stim48hr,0
ZNF708,Stim8hr,0
ZNF71,Rest,0
ZNF71,Stim48hr,1
ZNF71,Stim8hr,0
ZNF710,Rest,0
ZNF710,Stim48hr,0
ZNF710,Stim8hr,0
ZNF711,Rest,0
ZNF711,Stim48hr,0
ZNF711,Stim8hr,0
ZNF713,Rest,0
ZNF713,Stim48hr,0
ZNF713,Stim8hr,0
ZNF714,Rest,0
ZNF714,Stim48hr,0
ZNF714,Stim8hr,0
ZNF716,Rest,0
ZNF716,Stim48hr,0
ZNF716,Stim8hr,0
ZNF717,Rest,0
ZNF717,Stim48hr,0
ZNF717,Stim8hr,0
ZNF718,Rest,0
ZNF718,Stim48hr,0
ZNF718,Stim8hr,0
ZNF721,Rest,0
ZNF721,Stim48hr,0
ZNF721,Stim8hr,0
ZNF726,Rest,1
ZNF726,Stim48hr,0
ZNF726,Stim8hr,0
ZNF727,Rest,0
ZNF727,Stim48hr,0
ZNF727,Stim8hr,0
ZNF728,Rest,0
ZNF728,Stim48hr,0
ZNF728,Stim8hr,0
ZNF729,Rest,0
ZNF729,Stim48hr,0
ZNF729,Stim8hr,0
ZNF730,Rest,0
ZNF730,Stim48hr,0
ZNF730,Stim8hr,0
ZNF732,Rest,0
ZNF732,Stim48hr,0
ZNF732,Stim8hr,0
ZNF736,Rest,1
ZNF736,Stim48hr,0
ZNF736,Stim8hr,0
ZNF737,Rest,0
ZNF737,Stim48hr,0
ZNF737,Stim8hr,0
ZNF74,Rest,0
ZNF74,Stim48hr,0
ZNF74,Stim8hr,1
ZNF740,Rest,0
ZNF740,Stim48hr,0
ZNF740,Stim8hr,0
ZNF746,Rest,0
ZNF746,Stim48hr,0
ZNF746,Stim8hr,0
ZNF747,Rest,0
ZNF747,Stim48hr,0
ZNF747,Stim8hr,0
ZNF749,Rest,0
ZNF749,Stim48hr,0
ZNF749,Stim8hr,0
ZNF750,Rest,0
ZNF750,Stim48hr,0
ZNF750,Stim8hr,0
ZNF75A,Rest,0
ZNF75A,Stim48hr,0
ZNF75A,Stim8hr,0
ZNF75D,Rest,0
ZNF75D,Stim48hr,0
ZNF75D,Stim8hr,0
ZNF76,Rest,0
ZNF76,Stim48hr,0
ZNF76,Stim8hr,0
ZNF761,Rest,0
ZNF761,Stim48hr,0
ZNF761,Stim8hr,0
ZNF764,Rest,0
ZNF764,Stim48hr,0
ZNF764,Stim8hr,0
ZNF765,Rest,0
ZNF765,Stim48hr,0
ZNF765,Stim8hr,0
ZNF766,Rest,0
ZNF766,Stim48hr,0
ZNF766,Stim8hr,0
ZNF768,Rest,0
ZNF768,Stim48hr,0
ZNF768,Stim8hr,0
ZNF77,Rest,0
ZNF77,Stim48hr,0
ZNF77,Stim8hr,0
ZNF770,Rest,0
ZNF770,Stim48hr,0
ZNF770,Stim8hr,0
ZNF771,Rest,0
ZNF771,Stim48hr,0
ZNF771,Stim8hr,0
ZNF772,Rest,0
ZNF772,Stim48hr,0
ZNF772,Stim8hr,0
ZNF773,Rest,0
ZNF773,Stim48hr,0
ZNF773,Stim8hr,0
ZNF774,Rest,0
ZNF774,Stim48hr,0
ZNF774,Stim8hr,0
ZNF775,Stim48hr,0
ZNF775,Stim8hr,0
ZNF776,Rest,1
ZNF776,Stim48hr,0
ZNF776,Stim8hr,0
ZNF777,Rest,0
ZNF777,Stim48hr,0
ZNF777,Stim8hr,0
ZNF778,Rest,0
ZNF778,Stim48hr,0
ZNF778,Stim8hr,0
ZNF780A,Rest,0
ZNF780A,Stim48hr,0
ZNF780A,Stim8hr,0
ZNF780B,Rest,0
ZNF780B,Stim48hr,0
ZNF780B,Stim8hr,0
ZNF781,Rest,0
ZNF781,Stim48hr,0
ZNF781,Stim8hr,0
ZNF782,Rest,0
ZNF782,Stim48hr,0
ZNF782,Stim8hr,0
ZNF783,Rest,0
ZNF783,Stim48hr,0
ZNF783,Stim8hr,0
ZNF784,Rest,0
ZNF784,Stim48hr,0
ZNF784,Stim8hr,0
ZNF785,Rest,0
ZNF785,Stim48hr,0
ZNF785,Stim8hr,0
ZNF786,Rest,0
ZNF786,Stim48hr,0
ZNF786,Stim8hr,0
ZNF787,Rest,0
ZNF787,Stim48hr,1
ZNF787,Stim8hr,0
ZNF789,Rest,0
ZNF789,Stim48hr,0
ZNF789,Stim8hr,0
ZNF79,Rest,0
ZNF79,Stim48hr,0
ZNF79,Stim8hr,0
ZNF790,Rest,0
ZNF790,Stim48hr,0
ZNF790,Stim8hr,2
ZNF791,Rest,0
ZNF791,Stim48hr,0
ZNF791,Stim8hr,0
ZNF792,Rest,0
ZNF792,Stim48hr,0
ZNF792,Stim8hr,0
ZNF793,Rest,0
ZNF793,Stim48hr,0
ZNF793,Stim8hr,0
ZNF799,Rest,0
ZNF8,Rest,0
ZNF8,Stim48hr,0
ZNF8,Stim8hr,0
ZNF80,Rest,0
ZNF80,Stim48hr,0
ZNF80,Stim8hr,0
ZNF800,Rest,0
ZNF800,Stim48hr,0
ZNF800,Stim8hr,0
ZNF804A,Rest,0
ZNF804A,Stim48hr,0
ZNF804A,Stim8hr,0
ZNF804B,Rest,0
ZNF804B,Stim48hr,0
ZNF804B,Stim8hr,0
ZNF805,Rest,0
ZNF805,Stim48hr,0
ZNF805,Stim8hr,0
ZNF808,Rest,0
ZNF808,Stim48hr,0
ZNF808,Stim8hr,0
ZNF81,Rest,0
ZNF81,Stim48hr,0
ZNF81,Stim8hr,0
ZNF813,Rest,0
ZNF813,Stim48hr,0
ZNF813,Stim8hr,0
ZNF814,Rest,0
ZNF814,Stim48hr,0
ZNF814,Stim8hr,0
ZNF816,Rest,1
ZNF816,Stim48hr,0
ZNF816,Stim8hr,0
ZNF821,Rest,0
ZNF821,Stim48hr,0
ZNF821,Stim8hr,0
ZNF823,Rest,0
ZNF823,Stim48hr,0
ZNF823,Stim8hr,0
ZNF827,Rest,0
ZNF827,Stim48hr,0
ZNF827,Stim8hr,0
ZNF829,Rest,0
ZNF829,Stim48hr,0
ZNF829,Stim8hr,0
ZNF83,Rest,0
ZNF83,Stim48hr,0
ZNF83,Stim8hr,0
ZNF835,Rest,0
ZNF835,Stim48hr,0
ZNF835,Stim8hr,0
ZNF836,Rest,0
ZNF836,Stim48hr,0
ZNF836,Stim8hr,0
ZNF837,Rest,0
ZNF837,Stim48hr,0
ZNF837,Stim8hr,0
ZNF839,Rest,0
ZNF839,Stim48hr,0
ZNF839,Stim8hr,0
ZNF84,Rest,0
ZNF84,Stim48hr,0
ZNF84,Stim8hr,0
ZNF841,Rest,0
ZNF841,Stim48hr,0
ZNF841,Stim8hr,0
ZNF843,Rest,0
ZNF843,Stim48hr,0
ZNF843,Stim8hr,0
ZNF844,Rest,0
ZNF844,Stim48hr,0
ZNF844,Stim8hr,0
ZNF845,Rest,0
ZNF845,Stim48hr,0
ZNF845,Stim8hr,0
ZNF846,Rest,0
ZNF846,Stim48hr,0
ZNF846,Stim8hr,0
ZNF85,Rest,0
ZNF85,Stim48hr,0
ZNF85,Stim8hr,0
ZNF850,Rest,0
ZNF850,Stim48hr,0
ZNF850,Stim8hr,0
ZNF852,Rest,0
ZNF852,Stim48hr,0
ZNF852,Stim8hr,0
ZNF853,Rest,0
ZNF853,Stim48hr,0
ZNF853,Stim8hr,0
ZNF860,Rest,0
ZNF860,Stim48hr,0
ZNF860,Stim8hr,0
ZNF862,Rest,0
ZNF862,Stim48hr,0
ZNF862,Stim8hr,0
ZNF865,Rest,0
ZNF865,Stim48hr,0
ZNF865,Stim8hr,0
ZNF875,Rest,0
ZNF875,Stim48hr,0
ZNF875,Stim8hr,0
ZNF878,Rest,0
ZNF878,Stim48hr,0
ZNF878,Stim8hr,0
ZNF879,Rest,0
ZNF879,Stim48hr,0
ZNF879,Stim8hr,0
ZNF880,Rest,0
ZNF880,Stim48hr,0
ZNF880,Stim8hr,0
ZNF883,Rest,0
ZNF883,Stim48hr,0
ZNF883,Stim8hr,2
ZNF888,Rest,0
ZNF888,Stim48hr,0
ZNF888,Stim8hr,0
ZNF891,Rest,0
ZNF891,Stim48hr,0
ZNF891,Stim8hr,0
ZNF90,Rest,0
ZNF90,Stim48hr,0
ZNF90,Stim8hr,0
ZNF91,Rest,0
ZNF91,Stim48hr,0
ZNF91,Stim8hr,0
ZNF92,Rest,1
ZNF92,Stim48hr,0
ZNF92,Stim8hr,0
ZNF93,Rest,3
ZNF93,Stim48hr,0
ZNF93,Stim8hr,0
ZNF98,Rest,0
ZNF98,Stim48hr,0
ZNF98,Stim8hr,0
ZNF99,Rest,0
ZNF99,Stim48hr,0
ZNF99,Stim8hr,0
ZNFX1,Rest,1
ZNFX1,Stim48hr,0
ZNFX1,Stim8hr,0
ZNG1A,Rest,0
ZNG1A,Stim48hr,0
ZNG1A,Stim8hr,0
ZNG1B,Rest,0
ZNG1B,Stim48hr,0
ZNG1B,Stim8hr,0
ZNG1C,Rest,0
ZNG1C,Stim48hr,0
ZNG1C,Stim8hr,0
ZNG1E,Rest,0
ZNG1E,Stim48hr,0
ZNG1E,Stim8hr,0
ZNHIT3,Rest,0
ZNHIT3,Stim48hr,1
ZNHIT3,Stim8hr,3
ZNRD2,Rest,0
ZNRD2,Stim48hr,0
ZNRD2,Stim8hr,0
ZNRF1,Rest,0
ZNRF1,Stim48hr,0
ZNRF1,Stim8hr,0
ZNRF2,Rest,3
ZNRF2,Stim48hr,0
ZNRF2,Stim8hr,0
ZNRF3,Rest,2
ZNRF3,Stim48hr,0
ZNRF3,Stim8hr,0
ZP3,Rest,0
ZP3,Stim48hr,0
ZP3,Stim8hr,0
ZPR1,Rest,0
ZPR1,Stim48hr,0
ZPR1,Stim8hr,0
ZRANB2,Rest,0
ZRANB2,Stim48hr,0
ZRANB2,Stim8hr,0
ZRANB3,Rest,0
ZRANB3,Stim48hr,0
ZRANB3,Stim8hr,0
ZRSR2,Rest,0
ZRSR2,Stim48hr,0
ZRSR2,Stim8hr,1
ZSCAN1,Rest,0
ZSCAN1,Stim48hr,0
ZSCAN1,Stim8hr,0
ZSCAN10,Rest,0
ZSCAN10,Stim8hr,0
ZSCAN12,Rest,0
ZSCAN12,Stim48hr,0
ZSCAN12,Stim8hr,0
ZSCAN16,Rest,0
ZSCAN16,Stim48hr,0
ZSCAN16,Stim8hr,0
ZSCAN18,Rest,0
ZSCAN18,Stim48hr,0
ZSCAN18,Stim8hr,0
ZSCAN2,Rest,0
ZSCAN2,Stim48hr,0
ZSCAN2,Stim8hr,0
ZSCAN20,Rest,0
ZSCAN20,Stim48hr,0
ZSCAN20,Stim8hr,0
ZSCAN21,Rest,0
ZSCAN21,Stim48hr,0
ZSCAN21,Stim8hr,0
ZSCAN22,Rest,0
ZSCAN22,Stim48hr,0
ZSCAN22,Stim8hr,0
ZSCAN23,Rest,0
ZSCAN23,Stim48hr,0
ZSCAN23,Stim8hr,0
ZSCAN25,Rest,0
ZSCAN25,Stim48hr,0
ZSCAN25,Stim8hr,0
ZSCAN26,Rest,0
ZSCAN26,Stim48hr,0
ZSCAN26,Stim8hr,0
ZSCAN29,Rest,0
ZSCAN29,Stim48hr,0
ZSCAN29,Stim8hr,0
ZSCAN30,Rest,0
ZSCAN30,Stim48hr,0
ZSCAN30,Stim8hr,0
ZSCAN31,Rest,0
ZSCAN31,Stim48hr,0
ZSCAN31,Stim8hr,0
ZSCAN32,Rest,0
ZSCAN32,Stim48hr,0
ZSCAN32,Stim8hr,0
ZSCAN4,Rest,0
ZSCAN4,Stim48hr,0
ZSCAN4,Stim8hr,0
ZSCAN5A,Rest,0
ZSCAN5A,Stim48hr,0
ZSCAN5A,Stim8hr,0
ZSCAN5B,Rest,0
ZSCAN5B,Stim48hr,0
ZSCAN5B,Stim8hr,0
ZSCAN9,Rest,0
ZSCAN9,Stim48hr,0
ZSCAN9,Stim8hr,0
ZSWIM1,Rest,0
ZSWIM1,Stim48hr,0
ZSWIM1,Stim8hr,0
ZSWIM3,Rest,0
ZSWIM3,Stim48hr,0
ZSWIM3,Stim8hr,0
ZSWIM4,Rest,0
ZSWIM4,Stim48hr,0
ZSWIM4,Stim8hr,0
ZSWIM5,Rest,0
ZSWIM5,Stim48hr,0
ZSWIM5,Stim8hr,0
ZSWIM6,Rest,0
ZSWIM6,Stim48hr,0
ZSWIM6,Stim8hr,0
ZSWIM7,Rest,0
ZSWIM7,Stim48hr,0
ZSWIM7,Stim8hr,0
ZSWIM8,Rest,0
ZSWIM8,Stim48hr,0
ZSWIM8,Stim8hr,0
ZSWIM9,Rest,0
ZSWIM9,Stim48hr,0
ZSWIM9,Stim8hr,0
ZUP1,Rest,0
ZUP1,Stim48hr,0
ZUP1,Stim8hr,0
ZW10,Rest,2
ZW10,Stim48hr,0
ZW10,Stim8hr,0
ZWINT,Rest,0
ZWINT,Stim48hr,0
ZWINT,Stim8hr,3
ZXDA,Rest,0
ZXDA,Stim48hr,0
ZXDA,Stim8hr,0
ZXDB,Rest,0
ZXDB,Stim48hr,0
ZXDB,Stim8hr,0
ZXDC,Rest,0
ZXDC,Stim48hr,0
ZXDC,Stim8hr,0
ZYG11B,Rest,0
ZYG11B,Stim48hr,0
ZYG11B,Stim8hr,0
ZYX,Rest,0
ZYX,Stim48hr,0
ZYX,Stim8hr,0
ZZEF1,Rest,0
ZZEF1,Stim48hr,0
ZZEF1,Stim8hr,0
