gene,furthest_stage,pu_role
A1BG,,unlabeled
A1CF,,unlabeled
A2M,,unlabeled
A2ML1,,unlabeled
A3GALT2,,unlabeled
A4GALT,,unlabeled
A4GNT,,unlabeled
AAAS,,unlabeled
AACS,,unlabeled
AADAC,,unlabeled
AADACL2,,unlabeled
AADACL3,,unlabeled
AADACL4,,unlabeled
AADAT,,unlabeled
AAGAB,,unlabeled
AAK1,,unlabeled
AAMDC,,unlabeled
AAMP,,unlabeled
AANAT,,unlabeled
AAR2,,unlabeled
AARD,,unlabeled
AARS1,,unlabeled
AARS2,,unlabeled
AARSD1,,unlabeled
AASDH,,unlabeled
AASDHPPT,,unlabeled
AASS,,unlabeled
AATF,,unlabeled
LMTK1,,unlabeled
ABAT,Unknown,unlabeled
ABCA1,,unlabeled
ABCA10,,unlabeled
ABCA12,,unlabeled
ABCA13,,unlabeled
ABCA2,,unlabeled
ABCA3,,unlabeled
ABCA4,,unlabeled
ABCA5,,unlabeled
ABCA6,,unlabeled
ABCA7,,unlabeled
ABCA8,,unlabeled
ABCA9,,unlabeled
ABCB1,Phase 3,trial_heldout
ABCB10,,unlabeled
ABCB11,,unlabeled
ABCB4,,unlabeled
ABCB5,,unlabeled
ABCB6,,unlabeled
ABCB7,,unlabeled
ABCB8,,unlabeled
ABCB9,,unlabeled
ABCC1,,unlabeled
ABCC10,,unlabeled
ABCC11,,unlabeled
ABCC12,,unlabeled
ABCC2,,unlabeled
ABCC3,,unlabeled
ABCC4,,unlabeled
ABCC5,,unlabeled
ABCC6,,unlabeled
ABCC8,Phase 3,trial_heldout
ABCC9,Phase 2,trial_heldout
ABCD1,,unlabeled
ABCD2,,unlabeled
ABCD3,,unlabeled
ABCD4,,unlabeled
ABCE1,,unlabeled
ABCF1,,unlabeled
ABCF2,,unlabeled
ABCF2-H2BK1,,unlabeled
ABCF3,,unlabeled
ABCG1,,unlabeled
ABCG2,,unlabeled
ABCG4,,unlabeled
ABCG5,,unlabeled
ABCG8,,unlabeled
ABHD1,,unlabeled
ABHD10,,unlabeled
ABHD11,,unlabeled
ABHD12,,unlabeled
ABHD12B,,unlabeled
ABHD13,,unlabeled
ABHD14A,,unlabeled
ABHD14A-ACY1,,unlabeled
ABHD14B,,unlabeled
ABHD15,,unlabeled
ABHD16A,,unlabeled
ABHD16B,,unlabeled
ABHD17A,,unlabeled
ABHD17B,,unlabeled
ABHD17C,,unlabeled
ABHD18,,unlabeled
ABHD2,,unlabeled
ABHD3,,unlabeled
ABHD4,,unlabeled
ABHD5,,unlabeled
ABHD6,,unlabeled
ABHD8,,unlabeled
ABI1,,unlabeled
ABI2,,unlabeled
ABI3,,unlabeled
ABI3BP,,unlabeled
ABITRAM,,unlabeled
ABL1,Approved,P
ABL2,,unlabeled
ABLIM1,,unlabeled
ABLIM2,,unlabeled
ABLIM3,,unlabeled
ABO,,unlabeled
ABR,,unlabeled
ABRA,,unlabeled
ABRACL,,unlabeled
ABRAXAS1,,unlabeled
ABRAXAS2,,unlabeled
ABT1,,unlabeled
ABTB1,,unlabeled
ABTB2,,unlabeled
ACAA1,,unlabeled
ACAA2,,unlabeled
ACACA,,unlabeled
ACACB,,unlabeled
ACAD10,,unlabeled
ACAD11,,unlabeled
ACAD8,,unlabeled
ACAD9,,unlabeled
ACADL,,unlabeled
ACADM,,unlabeled
ACADS,,unlabeled
ACADSB,,unlabeled
ACADVL,,unlabeled
ACAN,,unlabeled
ACAP1,,unlabeled
ACAP2,,unlabeled
ACAP3,,unlabeled
ACAT1,,unlabeled
ACAT2,,unlabeled
ACBD3,,unlabeled
ACBD4,,unlabeled
ACBD5,,unlabeled
ACBD6,,unlabeled
ACBD7,,unlabeled
ACCS,,unlabeled
ACCSL,,unlabeled
ACD,,unlabeled
ACE,Phase 3,trial_heldout
ACE2,,unlabeled
ACER1,,unlabeled
ACER2,,unlabeled
ACER3,,unlabeled
ACHE,Approved,P
ACIN1,,unlabeled
ACKR1,,unlabeled
ACKR2,,unlabeled
ACKR3,,unlabeled
ACKR4,,unlabeled
ACLY,,unlabeled
ACMSD,,unlabeled
ACO1,,unlabeled
ACO2,,unlabeled
ACOD1,,unlabeled
ACOT1,,unlabeled
ACOT11,,unlabeled
ACOT12,,unlabeled
ACOT13,,unlabeled
ACOT2,,unlabeled
ACOT4,,unlabeled
ACOT6,,unlabeled
ACOT7,,unlabeled
ACOT8,,unlabeled
ACOT9,,unlabeled
ACOX1,,unlabeled
ACOX2,,unlabeled
ACOX3,,unlabeled
ACOXL,,unlabeled
ACP1,,unlabeled
ACP2,,unlabeled
ACP3,,unlabeled
ACP4,,unlabeled
ACP5,,unlabeled
ACP6,,unlabeled
ACP7,,unlabeled
ACR,,unlabeled
ACRBP,,unlabeled
ACRV1,,unlabeled
ACSBG1,,unlabeled
ACSBG2,,unlabeled
ACSF2,,unlabeled
ACSF3,,unlabeled
ACSL1,,unlabeled
ACSL3,,unlabeled
ACSL4,,unlabeled
ACSL5,,unlabeled
ACSL6,,unlabeled
ACSM1,,unlabeled
ACSM2A,,unlabeled
ACSM2B,,unlabeled
ACSM3,,unlabeled
ACSM4,,unlabeled
ACSM5,,unlabeled
ACSM6,,unlabeled
ACSS1,,unlabeled
ACSS2,,unlabeled
ACSS3,,unlabeled
ACTA1,,unlabeled
ACTA2,,unlabeled
ACTB,,unlabeled
ACTBL2,,unlabeled
ACTC1,,unlabeled
ACTG1,,unlabeled
ACTG2,,unlabeled
ACTL10,,unlabeled
ACTL6A,,unlabeled
ACTL6B,,unlabeled
ACTL7A,,unlabeled
ACTL7B,,unlabeled
ACTL8,,unlabeled
ACTL9,,unlabeled
ACTN1,,unlabeled
ACTN2,,unlabeled
ACTN3,,unlabeled
ACTN4,,unlabeled
ACTR10,,unlabeled
ACTR1A,,unlabeled
ACTR1B,,unlabeled
ACTR2,,unlabeled
ACTR3,,unlabeled
ACTR3B,,unlabeled
ACTR3C,,unlabeled
ACTR5,,unlabeled
ACTR6,,unlabeled
ACTR8,,unlabeled
ACTRT1,,unlabeled
ACTRT2,,unlabeled
ACTRT3,,unlabeled
ACVR1,Approved,P
ACVR1B,,unlabeled
ACVR1C,,unlabeled
ACVR2A,,unlabeled
ACVR2B,Phase 3,trial_heldout
ACVRL1,,unlabeled
ACY1,,unlabeled
ACY3,,unlabeled
ACYP1,,unlabeled
ACYP2,,unlabeled
ADA,Approved,P
ADA2,,unlabeled
ADAD1,,unlabeled
ADAD2,,unlabeled
MAPDA,,unlabeled
ADAM10,,unlabeled
ADAM11,,unlabeled
ADAM12,,unlabeled
ADAM15,,unlabeled
ADAM17,Phase 2,trial_heldout
ADAM18,,unlabeled
ADAM19,,unlabeled
ADAM2,,unlabeled
ADAM20,,unlabeled
ADAM21,,unlabeled
ADAM22,,unlabeled
ADAM23,,unlabeled
ADAM28,,unlabeled
ADAM29,,unlabeled
ADAM30,,unlabeled
ADAM32,,unlabeled
ADAM33,,unlabeled
ADAM7,,unlabeled
ADAM8,,unlabeled
ADAM9,,unlabeled
ADAMDEC1,,unlabeled
ADAMTS1,,unlabeled
ADAMTS10,,unlabeled
ADAMTS12,,unlabeled
ADAMTS13,Approved,P
ADAMTS14,,unlabeled
ADAMTS15,,unlabeled
ADAMTS16,,unlabeled
ADAMTS17,,unlabeled
ADAMTS18,,unlabeled
ADAMTS19,,unlabeled
ADAMTS2,,unlabeled
ADAMTS20,,unlabeled
ADAMTS3,,unlabeled
ADAMTS4,,unlabeled
ADAMTS5,,unlabeled
ADAMTS6,,unlabeled
ADAMTS7,,unlabeled
ADAMTS8,,unlabeled
ADAMTS9,,unlabeled
ADAMTSL1,,unlabeled
ADAMTSL2,,unlabeled
ADAMTSL3,,unlabeled
ADAMTSL4,,unlabeled
ADAMTSL5,,unlabeled
ADAP1,,unlabeled
ADAP2,,unlabeled
ADAR,,unlabeled
ADARB1,,unlabeled
ADARB2,,unlabeled
ADAT1,,unlabeled
ADAT2,,unlabeled
ADAT3,,unlabeled
ADCK1,,unlabeled
ADCK2,,unlabeled
ADCK5,,unlabeled
ADCY1,,unlabeled
ADCY10,,unlabeled
ADCY2,,unlabeled
ADCY3,,unlabeled
ADCY4,,unlabeled
ADCY5,,unlabeled
ADCY6,,unlabeled
ADCY7,,unlabeled
ADCY8,,unlabeled
ADCY9,,unlabeled
ADCYAP1,,unlabeled
ADCYAP1R1,,unlabeled
ADD1,,unlabeled
ADD2,,unlabeled
ADD3,,unlabeled
ADGB,,unlabeled
ADGRA1,,unlabeled
ADGRA2,,unlabeled
ADGRA3,,unlabeled
ADGRB1,,unlabeled
ADGRB2,,unlabeled
ADGRB3,,unlabeled
ADGRD1,,unlabeled
ADGRD2,,unlabeled
ADGRE1,,unlabeled
ADGRE2,,unlabeled
ADGRE3,,unlabeled
ADGRE5,,unlabeled
ADGRF1,,unlabeled
ADGRF3,,unlabeled
ADGRF4,,unlabeled
ADGRF5,,unlabeled
ADGRG1,,unlabeled
ADGRG2,,unlabeled
ADGRG3,,unlabeled
ADGRG4,,unlabeled
ADGRG5,,unlabeled
ADGRG6,,unlabeled
ADGRG7,,unlabeled
ADGRL1,,unlabeled
ADGRL2,,unlabeled
ADGRL3,,unlabeled
ADGRL4,,unlabeled
ADGRV1,,unlabeled
ADH1A,,unlabeled
ADH1B,,unlabeled
ADH1C,,unlabeled
ADH4,,unlabeled
ADH5,,unlabeled
ADH6,,unlabeled
ADH7,,unlabeled
ADHFE1,,unlabeled
ADI1,,unlabeled
ADIG,,unlabeled
ADIPOQ,,unlabeled
ADIPOR1,,unlabeled
ADIPOR2,,unlabeled
ADIRF,,unlabeled
ADK,,unlabeled
ADM,,unlabeled
ADM2,,unlabeled
ADM5,,unlabeled
ADNP,,unlabeled
ADNP2,,unlabeled
ADO,,unlabeled
ADORA1,Phase 3,trial_heldout
ADORA2A,Phase 3,trial_heldout
ADORA2B,Phase 3,trial_heldout
ADORA3,Phase 3,trial_heldout
ADPGK,,unlabeled
ADPRH,,unlabeled
ADPRHL1,,unlabeled
ADPRM,,unlabeled
ADPRS,,unlabeled
ADRA1A,Approved,P
ADRA1B,Approved,P
ADRA1D,Approved,P
ADRA2A,Approved,P
ADRA2B,Approved,P
ADRA2C,Approved,P
ADRB1,Approved,P
ADRB2,Approved,P
ADRB3,Approved,P
ADRM1,Approved,P
ADSL,,unlabeled
ADSS1,,unlabeled
ADSS2,,unlabeled
ADTRP,,unlabeled
AEBP1,,unlabeled
AEBP2,,unlabeled
AEN,,unlabeled
AFAP1,,unlabeled
AFAP1L1,,unlabeled
AFAP1L2,,unlabeled
AFDN,,unlabeled
AFF1,,unlabeled
AFF2,,unlabeled
AFF3,,unlabeled
AFF4,,unlabeled
AFG1L,,unlabeled
AFG3L2,,unlabeled
AFM,,unlabeled
AFMID,,unlabeled
AFP,,unlabeled
AFTPH,,unlabeled
AGA,,unlabeled
AGAP1,,unlabeled
AGAP2,,unlabeled
AGAP3,,unlabeled
AGAP4,,unlabeled
AGAP5,,unlabeled
AGAP6,,unlabeled
AGAP9,,unlabeled
AGBL1,,unlabeled
AGBL2,,unlabeled
AGBL3,,unlabeled
AGBL4,,unlabeled
AGBL5,,unlabeled
AGER,,unlabeled
AGFG1,,unlabeled
AGFG2,,unlabeled
AGGF1,,unlabeled
AGK,,unlabeled
AGL,,unlabeled
AGMAT,,unlabeled
AGMO,,unlabeled
AGO1,,unlabeled
AGO2,,unlabeled
AGO3,,unlabeled
AGO4,,unlabeled
AGPAT1,,unlabeled
AGPAT2,,unlabeled
AGPAT3,,unlabeled
AGPAT4,,unlabeled
AGPAT5,,unlabeled
AGPS,,unlabeled
AGR2,,unlabeled
AGR3,,unlabeled
AGRN,,unlabeled
AGRP,,unlabeled
AGT,,unlabeled
AGTPBP1,,unlabeled
AGTR1,Phase 3,trial_heldout
AGTR2,,unlabeled
AGTRAP,,unlabeled
AGXT,,unlabeled
AGXT2,,unlabeled
AHCTF1,,unlabeled
AHCY,,unlabeled
AHCYL1,,unlabeled
AHCYL2,,unlabeled
AHDC1,,unlabeled
AHI1,,unlabeled
AHNAK,,unlabeled
AHNAK2,,unlabeled
AHR,Approved,P
AHRR,,unlabeled
AHSA1,,unlabeled
AHSG,,unlabeled
AHSP,,unlabeled
AICDA,,unlabeled
AIDA,,unlabeled
AIF1,,unlabeled
AIF1L,,unlabeled
AIFM1,,unlabeled
AIFM2,,unlabeled
AIFM3,,unlabeled
AIG1,,unlabeled
AIM2,,unlabeled
AIMP1,,unlabeled
AIMP2,,unlabeled
AIP,,unlabeled
AIPL1,,unlabeled
AIRE,,unlabeled
AJAP1,,unlabeled
AJM1,,unlabeled
AJUBA,,unlabeled
AK1,,unlabeled
AK2,,unlabeled
AK3,,unlabeled
AK4,,unlabeled
AK4P3,,unlabeled
AK5,,unlabeled
AK6,,unlabeled
AK7,,unlabeled
AK8,,unlabeled
AK9,,unlabeled
AKAIN1,,unlabeled
AKAP1,,unlabeled
AKAP10,,unlabeled
AKAP11,,unlabeled
AKAP12,,unlabeled
AKAP13,,unlabeled
AKAP14,,unlabeled
AKAP17A,,unlabeled
AKAP3,,unlabeled
AKAP4,,unlabeled
AKAP5,,unlabeled
AKAP6,,unlabeled
AKAP7,,unlabeled
AKAP8,,unlabeled
AKAP8L,,unlabeled
AKAP9,,unlabeled
AKIP1,,unlabeled
AKIRIN1,,unlabeled
AKIRIN2,,unlabeled
AKNA,,unlabeled
AKNAD1,,unlabeled
AKR1A1,,unlabeled
AKR1B1,,unlabeled
AKR1B10,,unlabeled
AKR1B15,,unlabeled
AKR1C1,,unlabeled
AKR1C2,,unlabeled
AKR1C3,,unlabeled
AKR1C4,,unlabeled
AKR1C8,,unlabeled
AKR1D1,,unlabeled
AKR1E2,,unlabeled
AKR7A2,,unlabeled
AKR7A3,,unlabeled
AKR7L,,unlabeled
AKT1,Phase 2,trial_heldout
AKT1S1,,unlabeled
AKT2,Phase 2,trial_heldout
AKT3,Phase 2,trial_heldout
AKTIP,,unlabeled
ALAD,,unlabeled
ALAS1,,unlabeled
ALAS2,,unlabeled
ALB,,unlabeled
ALCAM,,unlabeled
ALDH16A1,,unlabeled
ALDH18A1,,unlabeled
ALDH1A1,,unlabeled
ALDH1A2,,unlabeled
ALDH1A3,,unlabeled
ALDH1B1,,unlabeled
ALDH1L1,,unlabeled
ALDH1L2,,unlabeled
ALDH2,Phase 2,trial_heldout
ALDH3A1,,unlabeled
ALDH3A2,,unlabeled
ALDH3B1,,unlabeled
ALDH3B2,,unlabeled
ALDH4A1,,unlabeled
ALDH5A1,Phase 2,trial_heldout
ALDH6A1,,unlabeled
ALDH7A1,,unlabeled
ALDH8A1,,unlabeled
ALDH9A1,,unlabeled
ALDOA,,unlabeled
ALDOB,,unlabeled
ALDOC,,unlabeled
ALG1,,unlabeled
ALG10,,unlabeled
ALG10B,,unlabeled
ALG11,,unlabeled
ALG12,,unlabeled
ALG13,,unlabeled
ALG14,,unlabeled
ALG1L2,,unlabeled
ALG2,,unlabeled
ALG3,,unlabeled
ALG5,,unlabeled
ALG6,,unlabeled
ALG8,,unlabeled
ALG9,,unlabeled
ALK,Phase 2,trial_heldout
ALKAL1,,unlabeled
ALKAL2,,unlabeled
ALKBH1,,unlabeled
ALKBH2,,unlabeled
ALKBH3,,unlabeled
ALKBH4,,unlabeled
ALKBH5,,unlabeled
ALKBH6,,unlabeled
ALKBH7,,unlabeled
ALKBH8,,unlabeled
ALLC,,unlabeled
ALMS1,,unlabeled
ALOX12,,unlabeled
ALOX12B,,unlabeled
ALOX15,,unlabeled
ALOX15B,,unlabeled
ALOX5,Approved,P
ALOX5AP,,unlabeled
ALOXE3,,unlabeled
ALPG,,unlabeled
ALPI,,unlabeled
ALPK1,,unlabeled
ALPK2,,unlabeled
ALPK3,,unlabeled
ALPL,,unlabeled
ALPP,,unlabeled
ALS2,,unlabeled
ALS2CL,,unlabeled
ALX1,,unlabeled
ALX3,,unlabeled
ALX4,,unlabeled
ALYREF,,unlabeled
AMACR,,unlabeled
AMBN,,unlabeled
AMBP,,unlabeled
AMBRA1,,unlabeled
AMD1,,unlabeled
AMDHD1,,unlabeled
AMDHD2,,unlabeled
AMELX,,unlabeled
AMELY,,unlabeled
AMER1,,unlabeled
AMER2,,unlabeled
AMER3,,unlabeled
AMFR,,unlabeled
AMH,,unlabeled
AMHR2,,unlabeled
AMIGO1,,unlabeled
AMIGO2,,unlabeled
AMIGO3,,unlabeled
AMMECR1,,unlabeled
AMMECR1L,,unlabeled
AMN,,unlabeled
AMN1,,unlabeled
AMOT,,unlabeled
AMOTL1,,unlabeled
AMOTL2,,unlabeled
AMPD1,,unlabeled
AMPD2,,unlabeled
AMPD3,,unlabeled
AMPH,,unlabeled
AMT,,unlabeled
AMTN,,unlabeled
AMY1A,,unlabeled
AMY1B,,unlabeled
AMY1C,,unlabeled
AMY2A,,unlabeled
AMY2B,,unlabeled
AMZ1,,unlabeled
AMZ2,,unlabeled
ANAPC1,,unlabeled
ANAPC10,,unlabeled
ANAPC11,,unlabeled
ANAPC13,,unlabeled
ANAPC15,,unlabeled
ANAPC16,,unlabeled
ANAPC2,,unlabeled
ANAPC4,,unlabeled
ANAPC5,,unlabeled
ANAPC7,,unlabeled
ANG,,unlabeled
ANGEL1,,unlabeled
ANGEL2,,unlabeled
ANGPT1,Phase 1,trial_heldout
ANGPT2,Phase 1,trial_heldout
ANGPT4,,unlabeled
ANGPTL1,,unlabeled
ANGPTL2,,unlabeled
ANGPTL3,,unlabeled
ANGPTL4,,unlabeled
ANGPTL5,,unlabeled
ANGPTL6,,unlabeled
ANGPTL7,,unlabeled
ANGPTL8,,unlabeled
ANHX,,unlabeled
ANK1,,unlabeled
ANK2,,unlabeled
ANK3,,unlabeled
ANKAR,,unlabeled
ANKDD1A,,unlabeled
ANKDD1B,,unlabeled
ANKEF1,,unlabeled
ANKFN1,,unlabeled
ANKFY1,,unlabeled
ANKH,,unlabeled
ANKHD1,,unlabeled
ANKHD1-EIF4EBP3,,unlabeled
ANKIB1,,unlabeled
ANKK1,,unlabeled
ANKLE1,,unlabeled
ANKLE2,,unlabeled
ANKMY1,,unlabeled
ANKMY2,,unlabeled
ANKRA2,,unlabeled
ANKRD1,,unlabeled
ANKRD10,,unlabeled
ANKRD11,,unlabeled
ANKRD12,,unlabeled
ANKRD13A,,unlabeled
ANKRD13B,,unlabeled
ANKRD13C,,unlabeled
ANKRD13D,,unlabeled
ANKRD16,,unlabeled
ANKRD17,,unlabeled
ANKRD18A,,unlabeled
ANKRD18B,,unlabeled
ANKRD2,,unlabeled
ANKRD20A1,,unlabeled
ANKRD20A2P,,unlabeled
ANKRD20A3P,,unlabeled
ANKRD20A4P,,unlabeled
ANKRD22,,unlabeled
ANKRD23,,unlabeled
ANKRD24,,unlabeled
ANKRD26,,unlabeled
ANKRD27,,unlabeled
ANKRD28,,unlabeled
ANKRD29,,unlabeled
ANKRD30A,,unlabeled
ANKRD30B,,unlabeled
ANKRD30BL,,unlabeled
ANKRD31,,unlabeled
ANKRD33,,unlabeled
ANKRD33B,,unlabeled
ANKRD34A,,unlabeled
ANKRD34B,,unlabeled
ANKRD34C,,unlabeled
ANKRD35,,unlabeled
ANKRD36,,unlabeled
ANKRD36B,,unlabeled
ANKRD36C,,unlabeled
ANKRD37,,unlabeled
ANKRD39,,unlabeled
ANKRD40,,unlabeled
ANKRD40CL,,unlabeled
ANKRD42,,unlabeled
ANKRD44,,unlabeled
ANKRD45,,unlabeled
ANKRD46,,unlabeled
ANKRD49,,unlabeled
ANKRD50,,unlabeled
ANKRD52,,unlabeled
ANKRD53,,unlabeled
ANKRD54,,unlabeled
ANKRD55,,unlabeled
ANKRD6,,unlabeled
ANKRD60,,unlabeled
ANKRD61,,unlabeled
ANKRD62,,unlabeled
ANKRD63,,unlabeled
ANKRD65,,unlabeled
ANKRD66,,unlabeled
ANKRD7,,unlabeled
ANKRD9,,unlabeled
ANKS1A,,unlabeled
ANKS1B,,unlabeled
ANKS3,,unlabeled
ANKS4B,,unlabeled
ANKS6,,unlabeled
ANKUB1,,unlabeled
ANKZF1,,unlabeled
ANLN,,unlabeled
ANO1,Unknown,unlabeled
ANO10,,unlabeled
ANO2,,unlabeled
ANO3,,unlabeled
ANO4,,unlabeled
ANO5,,unlabeled
ANO6,,unlabeled
ANO7,,unlabeled
ANO8,,unlabeled
ANO9,,unlabeled
ANOS1,,unlabeled
ANP32A,,unlabeled
ANP32B,,unlabeled
ANP32D,,unlabeled
ANP32E,,unlabeled
ANPEP,Phase 2,trial_heldout
ANTKMT,,unlabeled
ANTXR1,,unlabeled
ANTXR2,,unlabeled
ANTXRL,,unlabeled
ANXA1,,unlabeled
ANXA10,,unlabeled
ANXA11,,unlabeled
ANXA13,,unlabeled
ANXA2,,unlabeled
ANXA2R,,unlabeled
ANXA3,,unlabeled
ANXA4,,unlabeled
ANXA5,,unlabeled
ANXA6,,unlabeled
ANXA7,,unlabeled
ANXA8,,unlabeled
ANXA8L1,,unlabeled
ANXA9,,unlabeled
AOAH,,unlabeled
AOC1,,unlabeled
AOC2,,unlabeled
AOC3,,unlabeled
AOPEP,Phase 2,trial_heldout
AOX1,,unlabeled
AP1AR,,unlabeled
AP1B1,,unlabeled
AP1G1,,unlabeled
AP1G2,,unlabeled
AP1M1,,unlabeled
AP1M2,,unlabeled
AP1S1,,unlabeled
AP1S2,,unlabeled
AP1S3,,unlabeled
AP2A1,,unlabeled
AP2A2,,unlabeled
AP2B1,,unlabeled
AP2M1,,unlabeled
AP2S1,,unlabeled
AP3B1,,unlabeled
AP3B2,,unlabeled
AP3D1,,unlabeled
AP3M1,,unlabeled
AP3M2,,unlabeled
AP3S1,,unlabeled
AP3S2,,unlabeled
AP4B1,,unlabeled
AP4E1,,unlabeled
AP4M1,,unlabeled
AP4S1,,unlabeled
AP5B1,,unlabeled
AP5M1,,unlabeled
AP5S1,,unlabeled
AP5Z1,,unlabeled
APAF1,,unlabeled
APBA1,,unlabeled
APBA2,,unlabeled
APBA3,,unlabeled
APBB1,,unlabeled
APBB1IP,,unlabeled
APBB2,,unlabeled
APBB3,,unlabeled
APC,,unlabeled
APC2,,unlabeled
APCDD1,,unlabeled
APCDD1L,,unlabeled
APCS,Phase 2,trial_heldout
APEH,,unlabeled
APEX1,,unlabeled
APEX2,,unlabeled
APH1A,Phase 2,trial_heldout
APH1B,Phase 2,trial_heldout
API5,,unlabeled
APIP,,unlabeled
APLF,,unlabeled
APLN,,unlabeled
APLNR,,unlabeled
APLP1,,unlabeled
APLP2,,unlabeled
APMAP,,unlabeled
APOA1,,unlabeled
APOA2,,unlabeled
APOA4,,unlabeled
APOA5,,unlabeled
APOB,,unlabeled
APOBEC1,,unlabeled
APOBEC2,,unlabeled
APOBEC3A,,unlabeled
APOBEC3B,,unlabeled
APOBEC3C,,unlabeled
APOBEC3D,,unlabeled
APOBEC3F,,unlabeled
APOBEC3G,,unlabeled
APOBEC3H,,unlabeled
APOBEC4,,unlabeled
APOBR,,unlabeled
APOC1,,unlabeled
APOC2,,unlabeled
APOC3,,unlabeled
APOC4,,unlabeled
APOC4-APOC2,,unlabeled
APOD,,unlabeled
APOE,,unlabeled
APOF,,unlabeled
APOH,,unlabeled
APOL1,,unlabeled
APOL2,,unlabeled
APOL3,,unlabeled
APOL4,,unlabeled
APOL5,,unlabeled
APOL6,,unlabeled
APOLD1,,unlabeled
APOM,,unlabeled
APOO,,unlabeled
APOOL,,unlabeled
APP,,unlabeled
APPBP2,,unlabeled
APPL1,,unlabeled
APPL2,,unlabeled
APRT,,unlabeled
APTX,,unlabeled
AQP1,,unlabeled
AQP10,,unlabeled
AQP11,,unlabeled
AQP12A,,unlabeled
AQP12B,,unlabeled
AQP2,,unlabeled
AQP3,,unlabeled
AQP4,,unlabeled
AQP5,,unlabeled
AQP6,,unlabeled
AQP7,,unlabeled
AQP8,,unlabeled
AQP9,,unlabeled
AQR,,unlabeled
AR,Approved,P
ARAF,Phase 2,trial_heldout
ARAP1,,unlabeled
ARAP2,,unlabeled
ARAP3,,unlabeled
ARC,,unlabeled
ARCN1,,unlabeled
AREG,,unlabeled
AREL1,,unlabeled
ARF1,,unlabeled
ARF3,,unlabeled
ARF4,,unlabeled
ARF5,,unlabeled
ARF6,,unlabeled
ARFGAP1,,unlabeled
ARFGAP2,,unlabeled
ARFGAP3,,unlabeled
ARFGEF1,,unlabeled
ARFGEF2,,unlabeled
ARFGEF3,,unlabeled
ARFIP1,,unlabeled
ARFIP2,,unlabeled
ARFRP1,,unlabeled
ARG1,,unlabeled
ARG2,,unlabeled
ARGFX,,unlabeled
ARGLU1,,unlabeled
ARHGAP1,,unlabeled
ARHGAP10,,unlabeled
ARHGAP11A,,unlabeled
ARHGAP11A-SCG5,,unlabeled
ARHGAP11B,,unlabeled
ARHGAP12,,unlabeled
ARHGAP15,,unlabeled
ARHGAP17,,unlabeled
ARHGAP18,,unlabeled
ARHGAP19,,unlabeled
ARHGAP19-SLIT1,,unlabeled
ARHGAP20,,unlabeled
ARHGAP21,,unlabeled
ARHGAP22,,unlabeled
ARHGAP23,,unlabeled
ARHGAP24,,unlabeled
ARHGAP25,,unlabeled
ARHGAP26,,unlabeled
ARHGAP27,,unlabeled
ARHGAP28,,unlabeled
ARHGAP29,,unlabeled
ARHGAP30,,unlabeled
ARHGAP31,,unlabeled
ARHGAP32,,unlabeled
ARHGAP33,,unlabeled
ARHGAP35,,unlabeled
ARHGAP36,,unlabeled
ARHGAP39,,unlabeled
ARHGAP4,,unlabeled
ARHGAP40,,unlabeled
ARHGAP42,,unlabeled
ARHGAP44,,unlabeled
ARHGAP45,,unlabeled
ARHGAP5,,unlabeled
ARHGAP6,,unlabeled
ARHGAP8,,unlabeled
ARHGAP9,,unlabeled
ARHGDIA,,unlabeled
ARHGDIB,,unlabeled
ARHGDIG,,unlabeled
ARHGEF1,,unlabeled
ARHGEF10,,unlabeled
ARHGEF10L,,unlabeled
ARHGEF11,,unlabeled
ARHGEF12,,unlabeled
ARHGEF15,,unlabeled
ARHGEF16,,unlabeled
ARHGEF17,,unlabeled
ARHGEF18,,unlabeled
ARHGEF19,,unlabeled
ARHGEF2,,unlabeled
ARHGEF25,,unlabeled
ARHGEF26,,unlabeled
ARHGEF28,,unlabeled
ARHGEF3,,unlabeled
ARHGEF33,,unlabeled
ARHGEF35,,unlabeled
ARHGEF37,,unlabeled
ARHGEF38,,unlabeled
ARHGEF39,,unlabeled
ARHGEF4,,unlabeled
ARHGEF40,,unlabeled
ARHGEF5,,unlabeled
ARHGEF6,,unlabeled
ARHGEF7,,unlabeled
ARHGEF9,,unlabeled
ARID1A,,unlabeled
ARID1B,,unlabeled
ARID2,,unlabeled
ARID3A,,unlabeled
ARID3B,,unlabeled
ARID3C,,unlabeled
ARID4A,,unlabeled
ARID4B,,unlabeled
ARID5A,,unlabeled
ARID5B,,unlabeled
ARIH1,,unlabeled
ARIH2,,unlabeled
ARL1,,unlabeled
ARL10,,unlabeled
ARL11,,unlabeled
ARL13A,,unlabeled
ARL13B,,unlabeled
ARL14,,unlabeled
ARL14EP,,unlabeled
ARL14EPL,,unlabeled
ARL15,,unlabeled
ARL16,,unlabeled
ARL17A,,unlabeled
ARL17B,,unlabeled
ARL2,,unlabeled
ARL2-SNX15,,unlabeled
ARL2BP,,unlabeled
ARL3,,unlabeled
ARL4A,,unlabeled
ARL4C,,unlabeled
ARL4D,,unlabeled
ARL5A,,unlabeled
ARL5B,,unlabeled
ARL5C,,unlabeled
ARL6,,unlabeled
ARL6IP1,,unlabeled
ARL6IP4,,unlabeled
ARL6IP5,,unlabeled
ARL6IP6,,unlabeled
ARL8A,,unlabeled
ARL8B,,unlabeled
ARL9,,unlabeled
ARMC1,,unlabeled
ARMC10,,unlabeled
ARMC12,,unlabeled
ARMC2,,unlabeled
ARMC3,,unlabeled
ARMC5,,unlabeled
ARMC6,,unlabeled
ARMC7,,unlabeled
ARMC8,,unlabeled
ARMC9,,unlabeled
ARMCX1,,unlabeled
ARMCX2,,unlabeled
ARMCX3,,unlabeled
ARMCX4,,unlabeled
ARMCX5,,unlabeled
ARMCX5-GPRASP2,,unlabeled
ARMCX6,,unlabeled
ARMH1,,unlabeled
ARMH2,,unlabeled
ARMH3,,unlabeled
ARMH4,,unlabeled
ARMS2,,unlabeled
DCPH1,,unlabeled
ARNT,,unlabeled
ARNT2,,unlabeled
BMAL1,,unlabeled
BMAL2,,unlabeled
ARPC1A,,unlabeled
ARPC1B,,unlabeled
ARPC2,,unlabeled
ARPC3,,unlabeled
ARPC4,,unlabeled
ARPC4-TTLL3,,unlabeled
ARPC5,,unlabeled
ARPC5L,,unlabeled
ARPIN,,unlabeled
ARPIN-AP3S2,,unlabeled
ARPP19,,unlabeled
ARPP21,,unlabeled
ARR3,,unlabeled
ARRB1,,unlabeled
ARRB2,,unlabeled
ARRDC1,,unlabeled
ARRDC2,,unlabeled
ARRDC3,,unlabeled
ARRDC4,,unlabeled
ARRDC5,,unlabeled
ARSA,,unlabeled
ARSB,,unlabeled
ARSD,,unlabeled
ARSF,,unlabeled
ARSG,,unlabeled
ARSH,,unlabeled
ARSI,,unlabeled
ARSJ,,unlabeled
ARSK,,unlabeled
ARSL,,unlabeled
ART1,,unlabeled
ART3,,unlabeled
ART4,,unlabeled
ART5,,unlabeled
ARTN,,unlabeled
ARV1,,unlabeled
ARVCF,,unlabeled
ARX,,unlabeled
AS3MT,,unlabeled
ASAH1,,unlabeled
ASAH2,,unlabeled
ASAH2B,,unlabeled
ASAP1,,unlabeled
ASAP2,,unlabeled
ASAP3,,unlabeled
ASB1,,unlabeled
ASB10,,unlabeled
ASB11,,unlabeled
ASB12,,unlabeled
ASB13,,unlabeled
ASB14,,unlabeled
ASB15,,unlabeled
ASB16,,unlabeled
ASB17,,unlabeled
ASB18,,unlabeled
ASB2,,unlabeled
ASB3,,unlabeled
ASB4,,unlabeled
ASB5,,unlabeled
ASB6,,unlabeled
ASB7,,unlabeled
ASB8,,unlabeled
ASB9,,unlabeled
ASCC1,,unlabeled
ASCC2,,unlabeled
ASCC3,,unlabeled
ASCL1,,unlabeled
ASCL2,,unlabeled
ASCL3,,unlabeled
ASCL4,,unlabeled
ASCL5,,unlabeled
ASDURF,,unlabeled
ASF1A,,unlabeled
ASF1B,,unlabeled
ASGR1,,unlabeled
ASGR2,,unlabeled
ASH1L,,unlabeled
ASH2L,,unlabeled
ASIC1,,unlabeled
ASIC2,,unlabeled
ASIC3,,unlabeled
ASIC4,,unlabeled
ASIC5,,unlabeled
ASIP,,unlabeled
ASL,,unlabeled
ASMT,,unlabeled
ASMTL,,unlabeled
ASNS,,unlabeled
ASNSD1,,unlabeled
ASPA,,unlabeled
ASPDH,,unlabeled
ASPG,,unlabeled
ASPH,,unlabeled
ASPHD1,,unlabeled
ASPHD2,,unlabeled
ASPM,,unlabeled
ASPN,,unlabeled
ASPRV1,,unlabeled
ASPSCR1,,unlabeled
ASRGL1,,unlabeled
ASS1,,unlabeled
ASTE1,,unlabeled
ASTL,,unlabeled
ASTN1,,unlabeled
ASTN2,,unlabeled
ASXL1,,unlabeled
ASXL2,,unlabeled
ASXL3,,unlabeled
ASZ1,,unlabeled
ATAD1,,unlabeled
ATAD2,,unlabeled
ATAD2B,,unlabeled
ATAD3A,,unlabeled
ATAD3B,,unlabeled
ATAD3C,,unlabeled
ATAD5,,unlabeled
ATAT1,,unlabeled
ATCAY,,unlabeled
ATE1,,unlabeled
ATF1,,unlabeled
ATF2,,unlabeled
ATF3,,unlabeled
ATF4,,unlabeled
ATF5,,unlabeled
ATF6,,unlabeled
ATF6B,,unlabeled
ATF7,,unlabeled
ATF7-NPFF,,unlabeled
ATF7IP,,unlabeled
ATF7IP2,,unlabeled
ATG10,,unlabeled
ATG101,,unlabeled
ATG12,,unlabeled
ATG13,,unlabeled
ATG14,,unlabeled
ATG16L1,,unlabeled
ATG16L2,,unlabeled
ATG2A,,unlabeled
ATG2B,,unlabeled
ATG3,,unlabeled
ATG4A,,unlabeled
ATG4B,,unlabeled
ATG4C,,unlabeled
ATG4D,,unlabeled
ATG5,,unlabeled
ATG7,,unlabeled
ATG9A,,unlabeled
ATG9B,,unlabeled
ATIC,,unlabeled
ATL1,,unlabeled
ATL2,,unlabeled
ATL3,,unlabeled
ATM,,unlabeled
ATMIN,,unlabeled
ATN1,,unlabeled
ATOH1,,unlabeled
ATOH7,,unlabeled
ATOH8,,unlabeled
ATOX1,,unlabeled
ATP10A,,unlabeled
ATP10B,,unlabeled
ATP10D,,unlabeled
ATP11A,,unlabeled
ATP11B,,unlabeled
ATP11C,,unlabeled
ATP12A,,unlabeled
ATP13A1,,unlabeled
ATP13A2,,unlabeled
ATP13A3,,unlabeled
ATP13A4,,unlabeled
ATP13A5,,unlabeled
ATP1A1,Phase 2,trial_heldout
ATP1A2,Phase 2,trial_heldout
ATP1A3,Phase 2,trial_heldout
ATP1A4,Phase 2,trial_heldout
ATP1B1,Phase 2,trial_heldout
ATP1B2,Phase 2,trial_heldout
ATP1B3,Phase 2,trial_heldout
ATP1B4,,unlabeled
ATP23,,unlabeled
ATP2A1,,unlabeled
ATP2A2,,unlabeled
ATP2A3,,unlabeled
ATP2B1,,unlabeled
ATP2B2,,unlabeled
ATP2B3,,unlabeled
ATP2B4,,unlabeled
ATP2C1,,unlabeled
ATP2C2,,unlabeled
ATP4A,Approved,P
ATP4B,Approved,P
ATP5F1A,,unlabeled
ATP5F1B,,unlabeled
ATP5F1C,,unlabeled
ATP5F1D,,unlabeled
ATP5F1E,,unlabeled
ATP5IF1,,unlabeled
ATP5MC1,,unlabeled
ATP5MC2,,unlabeled
ATP5MC3,,unlabeled
ATP5ME,,unlabeled
ATP5MF,,unlabeled
ATP5MF-PTCD1,,unlabeled
ATP5MG,,unlabeled
ATP5MGL,,unlabeled
ATP5MJ,,unlabeled
ATP5MK,,unlabeled
ATP5PB,,unlabeled
ATP5PD,,unlabeled
ATP5PF,,unlabeled
ATP5PO,,unlabeled
ATP6AP1,,unlabeled
ATP6AP2,,unlabeled
ATP6V0A1,,unlabeled
ATP6V0A2,,unlabeled
ATP6V0A4,,unlabeled
ATP6V0B,,unlabeled
ATP6V0C,,unlabeled
ATP6V0D1,,unlabeled
ATP6V0D2,,unlabeled
ATP6V0E1,,unlabeled
ATP6V0E2,,unlabeled
ATP6V1A,,unlabeled
ATP6V1B1,,unlabeled
ATP6V1B2,,unlabeled
ATP6V1C1,,unlabeled
ATP6V1C2,,unlabeled
ATP6V1D,,unlabeled
ATP6V1E1,,unlabeled
ATP6V1E2,,unlabeled
ATP6V1F,,unlabeled
SPMIP1,,unlabeled
ATP6V1G1,,unlabeled
ATP6V1G2,,unlabeled
ATP6V1G2-DDX39B,,unlabeled
ATP6V1G3,,unlabeled
ATP6V1H,,unlabeled
ATP7A,,unlabeled
ATP7B,,unlabeled
ATP8A1,,unlabeled
ATP8A2,,unlabeled
ATP8B1,,unlabeled
ATP8B2,,unlabeled
ATP8B3,,unlabeled
ATP8B4,,unlabeled
ATP9A,,unlabeled
ATP9B,,unlabeled
ATPAF1,,unlabeled
ATPAF2,,unlabeled
ATPSCKMT,,unlabeled
ATR,Phase 1,trial_heldout
ATRAID,,unlabeled
ATRIP,,unlabeled
ATRN,,unlabeled
ATRNL1,,unlabeled
ATRX,,unlabeled
ATXN1,,unlabeled
ATXN10,,unlabeled
ATXN1L,,unlabeled
ATXN2,,unlabeled
ATXN2L,,unlabeled
ATXN3,,unlabeled
ATXN3L,,unlabeled
ATXN7,,unlabeled
ATXN7L1,,unlabeled
ATXN7L2,,unlabeled
ATXN7L3,,unlabeled
ATXN7L3B,,unlabeled
AUH,,unlabeled
AUNIP,,unlabeled
AUP1,,unlabeled
AURKA,Phase 2,trial_heldout
AURKAIP1,,unlabeled
AURKB,Phase 3,trial_heldout
AURKC,Phase 2,trial_heldout
AUTS2,,unlabeled
AVEN,,unlabeled
AVIL,,unlabeled
AVL9,,unlabeled
AVP,,unlabeled
AVPI1,,unlabeled
AVPR1A,,unlabeled
AVPR1B,,unlabeled
AVPR2,,unlabeled
AWAT1,,unlabeled
AWAT2,,unlabeled
AXDND1,,unlabeled
AXIN1,,unlabeled
AXIN2,,unlabeled
AXL,Approved,P
AZGP1,,unlabeled
AZI2,,unlabeled
AZIN1,,unlabeled
AZIN2,,unlabeled
AZU1,,unlabeled
B2M,,unlabeled
B3GALNT1,,unlabeled
B3GALNT2,,unlabeled
B3GALT1,,unlabeled
B3GALT2,,unlabeled
B3GALT4,,unlabeled
B3GALT5,,unlabeled
B3GALT6,,unlabeled
B3GAT1,,unlabeled
B3GAT2,,unlabeled
B3GAT3,,unlabeled
B3GLCT,,unlabeled
B3GNT2,,unlabeled
B3GNT3,,unlabeled
B3GNT4,,unlabeled
B3GNT5,,unlabeled
B3GNT6,,unlabeled
B3GNT7,,unlabeled
B3GNT8,,unlabeled
B3GNT9,,unlabeled
QTGAL,,unlabeled
B4GALNT1,,unlabeled
B4GALNT2,,unlabeled
B4GALNT3,,unlabeled
B4GALNT4,,unlabeled
B4GALT1,,unlabeled
B4GALT2,,unlabeled
B4GALT3,,unlabeled
B4GALT4,,unlabeled
B4GALT5,,unlabeled
B4GALT6,,unlabeled
B4GALT7,,unlabeled
B4GAT1,,unlabeled
B9D1,,unlabeled
B9D2,,unlabeled
BAALC,,unlabeled
BAAT,,unlabeled
BABAM1,,unlabeled
BABAM2,,unlabeled
BACE1,,unlabeled
BACE2,,unlabeled
BACH1,,unlabeled
BACH2,,unlabeled
BAD,,unlabeled
BAG1,,unlabeled
BAG2,,unlabeled
BAG3,,unlabeled
BAG4,,unlabeled
BAG5,,unlabeled
BAG6,,unlabeled
BAHCC1,,unlabeled
BAHD1,,unlabeled
BAIAP2,,unlabeled
BAIAP2L1,,unlabeled
BAIAP2L2,,unlabeled
BAIAP3,,unlabeled
BAK1,,unlabeled
BAMBI,,unlabeled
BANF1,,unlabeled
BANF2,,unlabeled
BANK1,,unlabeled
BANP,,unlabeled
BAP1,,unlabeled
BARD1,,unlabeled
BARHL1,,unlabeled
BARHL2,,unlabeled
BARX1,,unlabeled
BARX2,,unlabeled
BASP1,,unlabeled
BATF,,unlabeled
BATF2,,unlabeled
BATF3,,unlabeled
BAX,,unlabeled
BAZ1A,,unlabeled
BAZ1B,,unlabeled
BAZ2A,,unlabeled
BAZ2B,,unlabeled
BBC3,,unlabeled
BBIP1,,unlabeled
BBLN,,unlabeled
BBOF1,,unlabeled
BBOX1,,unlabeled
BBS1,,unlabeled
BBS10,,unlabeled
BBS12,,unlabeled
BBS2,,unlabeled
BBS4,,unlabeled
BBS5,,unlabeled
BBS7,,unlabeled
BBS9,,unlabeled
BBX,,unlabeled
BCAM,,unlabeled
BCAN,,unlabeled
BCAP29,,unlabeled
BCAP31,,unlabeled
BCAR1,,unlabeled
BCAR3,,unlabeled
BCAS1,,unlabeled
BCAS2,,unlabeled
BCAS3,,unlabeled
BCAS4,,unlabeled
BCAT1,,unlabeled
BCAT2,,unlabeled
BCCIP,,unlabeled
BCDIN3D,,unlabeled
BCHE,,unlabeled
BCKDHA,,unlabeled
BCKDHB,,unlabeled
BCKDK,,unlabeled
BCL10,,unlabeled
BCL11A,,unlabeled
BCL11B,,unlabeled
BCL2,Approved,P
BCL2A1,Phase 2,trial_heldout
BCL2L1,Phase 3,trial_heldout
BCL2L10,Phase 2,trial_heldout
BCL2L11,,unlabeled
BCL2L12,,unlabeled
BCL2L13,,unlabeled
BCL2L14,,unlabeled
BCL2L15,,unlabeled
BCL2L2,Phase 3,trial_heldout
BCL2L2-PABPN1,Phase 3,trial_heldout
BCL3,,unlabeled
BCL6,,unlabeled
BCL6B,,unlabeled
BCL7A,,unlabeled
BCL7B,,unlabeled
BCL7C,,unlabeled
BCL9,,unlabeled
BCL9L,,unlabeled
BCLAF1,,unlabeled
BCLAF3,,unlabeled
BCO1,,unlabeled
BCO2,,unlabeled
BCOR,,unlabeled
BCORL1,,unlabeled
BCR,Approved,P
BCS1L,,unlabeled
BDH1,,unlabeled
BDH2,,unlabeled
BDKRB1,,unlabeled
BDKRB2,,unlabeled
BDNF,,unlabeled
BDP1,,unlabeled
BEAN1,,unlabeled
BECN1,,unlabeled
BECN2,,unlabeled
BEGAIN,,unlabeled
BEND2,,unlabeled
BEND3,,unlabeled
BEND4,,unlabeled
BEND5,,unlabeled
BEND6,,unlabeled
BEND7,,unlabeled
BEST1,,unlabeled
BEST2,,unlabeled
BEST3,,unlabeled
BEST4,,unlabeled
BET1,,unlabeled
BET1L,,unlabeled
BEX1,,unlabeled
BEX2,,unlabeled
BEX3,,unlabeled
BEX4,,unlabeled
BEX5,,unlabeled
BFAR,,unlabeled
BFSP1,,unlabeled
BFSP2,,unlabeled
BGLAP,,unlabeled
BGN,,unlabeled
BHLHA15,,unlabeled
BHLHA9,,unlabeled
GPRASP3,,unlabeled
BHLHE22,,unlabeled
BHLHE23,,unlabeled
BHLHE40,,unlabeled
BHLHE41,,unlabeled
BHMT,,unlabeled
BHMT2,,unlabeled
BICC1,,unlabeled
BICD1,,unlabeled
BICD2,,unlabeled
BICDL1,,unlabeled
BICDL2,,unlabeled
BICRA,,unlabeled
BICRAL,,unlabeled
BID,,unlabeled
BIK,,unlabeled
BIN1,,unlabeled
BIN2,,unlabeled
BIN3,,unlabeled
BIRC2,Phase 2,trial_heldout
BIRC3,Phase 2,trial_heldout
BIRC5,Phase 2,trial_heldout
BIRC6,,unlabeled
BIRC7,,unlabeled
BIVM,,unlabeled
BIVM-ERCC5,,unlabeled
BLCAP,,unlabeled
BLID,,unlabeled
BLK,Approved,P
BLM,,unlabeled
BLMH,,unlabeled
BLNK,,unlabeled
BLOC1S1,,unlabeled
BLOC1S2,,unlabeled
BLOC1S3,,unlabeled
BLOC1S4,,unlabeled
BLOC1S5,,unlabeled
BLOC1S5-TXNDC5,,unlabeled
BLOC1S6,,unlabeled
BLVRA,,unlabeled
BLVRB,,unlabeled
BLZF1,,unlabeled
BMERB1,,unlabeled
BMF,,unlabeled
BMI1,,unlabeled
BMP1,,unlabeled
BMP10,Phase 1,trial_heldout
BMP15,,unlabeled
BMP2,,unlabeled
BMP2K,,unlabeled
BMP3,,unlabeled
BMP4,,unlabeled
BMP5,,unlabeled
BMP6,,unlabeled
BMP7,,unlabeled
BMP8A,,unlabeled
BMP8B,,unlabeled
BMPER,,unlabeled
BMPR1A,,unlabeled
BMPR1B,,unlabeled
BMPR2,,unlabeled
BMS1,,unlabeled
SAMTOR,,unlabeled
BMX,Phase 3,trial_heldout
BNC1,,unlabeled
BNC2,,unlabeled
BNIP1,,unlabeled
BNIP2,,unlabeled
BNIP3,,unlabeled
BNIP3L,,unlabeled
BNIP5,,unlabeled
BNIPL,,unlabeled
BOC,,unlabeled
BOD1,,unlabeled
BOD1L1,,unlabeled
BOD1L2,,unlabeled
BOK,,unlabeled
BOLA1,,unlabeled
BOLA2-SMG1P6,,unlabeled
BOLA3,,unlabeled
BOLL,,unlabeled
BOP1,,unlabeled
BORA,,unlabeled
BORCS5,,unlabeled
BORCS6,,unlabeled
BORCS7,,unlabeled
BORCS7-ASMT,,unlabeled
BORCS8,,unlabeled
BORCS8-MEF2B,,unlabeled
BPGM,,unlabeled
BPHL,,unlabeled
BPI,,unlabeled
BPIFA1,,unlabeled
BPIFA2,,unlabeled
BPIFA3,,unlabeled
BPIFB1,,unlabeled
BPIFB2,,unlabeled
BPIFB3,,unlabeled
BPIFB4,,unlabeled
BPIFB6,,unlabeled
BPIFC,,unlabeled
BPNT1,,unlabeled
BPNT2,,unlabeled
BPTF,,unlabeled
BPY2C,,unlabeled
BRAF,Phase 3,trial_heldout
BRAP,,unlabeled
BRAT1,,unlabeled
BRCA1,,unlabeled
BRCA2,,unlabeled
BRCC3,,unlabeled
BRD1,,unlabeled
BRD2,Phase 3,trial_heldout
BRD3,Phase 3,trial_heldout
BRD4,Phase 3,trial_heldout
BRD7,,unlabeled
BRD8,,unlabeled
BRD9,,unlabeled
BRDT,Phase 3,trial_heldout
BRF1,,unlabeled
BRF2,,unlabeled
BRI3,,unlabeled
BRI3BP,,unlabeled
BRICD5,,unlabeled
BRINP1,,unlabeled
BRINP2,,unlabeled
BRINP3,,unlabeled
BRIP1,,unlabeled
BRIX1,,unlabeled
BRK1,,unlabeled
BRME1,,unlabeled
BRMS1,,unlabeled
BRMS1L,,unlabeled
BROX,,unlabeled
BRPF1,,unlabeled
BRPF3,,unlabeled
BRS3,,unlabeled
BRSK1,,unlabeled
BRSK2,,unlabeled
BRWD1,,unlabeled
BRWD3,,unlabeled
BSCL2,,unlabeled
BSDC1,,unlabeled
BSG,Phase 3,trial_heldout
BSN,,unlabeled
BSND,,unlabeled
BSPH1,,unlabeled
BSPRY,,unlabeled
BST1,,unlabeled
BST2,,unlabeled
BSX,,unlabeled
BTAF1,,unlabeled
BTBD1,,unlabeled
BTBD10,,unlabeled
ABTB3,,unlabeled
BTBD16,,unlabeled
BTBD17,,unlabeled
BTBD18,,unlabeled
BTBD19,,unlabeled
BTBD2,,unlabeled
BTBD3,,unlabeled
BTBD6,,unlabeled
BTBD7,,unlabeled
BTBD8,,unlabeled
BTBD9,,unlabeled
BTC,,unlabeled
BTD,,unlabeled
BTF3,,unlabeled
BTF3L4,,unlabeled
BTG1,,unlabeled
BTG2,,unlabeled
BTG3,,unlabeled
BTG4,,unlabeled
BTK,Approved,P
BTLA,,unlabeled
BTN1A1,,unlabeled
BTN2A1,,unlabeled
BTN2A2,,unlabeled
BTN3A1,,unlabeled
BTN3A2,,unlabeled
BTN3A3,,unlabeled
BTNL2,,unlabeled
BTNL3,,unlabeled
BTNL8,,unlabeled
BTNL9,,unlabeled
BTRC,,unlabeled
BUB1,,unlabeled
BUB1B,,unlabeled
BUB1B-PAK6,,unlabeled
BUB3,,unlabeled
BUD13,,unlabeled
BUD23,,unlabeled
BUD31,,unlabeled
POPDC1,,unlabeled
BYSL,,unlabeled
BZW1,,unlabeled
BZW2,,unlabeled
C10orf105,,unlabeled
C10orf120,,unlabeled
C10orf53,,unlabeled
C10orf62,,unlabeled
C10orf67,,unlabeled
C10orf71,,unlabeled
SPMIP5,,unlabeled
C10orf88,,unlabeled
C10orf90,,unlabeled
C10orf95,,unlabeled
GPR15LG,,unlabeled
CFAP68,,unlabeled
C11orf16,,unlabeled
C11orf21,,unlabeled
C11orf24,,unlabeled
C11orf42,,unlabeled
KCNJ5-AS1,,unlabeled
CSTPP1,,unlabeled
C11orf52,,unlabeled
POU2AF2,,unlabeled
BKGD,,unlabeled
C11orf58,,unlabeled
C11orf65,,unlabeled
C11orf68,,unlabeled
C11orf71,,unlabeled
TOP6BL,,unlabeled
C11orf86,,unlabeled
C11orf87,,unlabeled
C11orf91,,unlabeled
FREY1,,unlabeled
C11orf96,,unlabeled
C11orf97,,unlabeled
C11orf98,,unlabeled
RLIG1,,unlabeled
FERRY3,,unlabeled
REDIC1,,unlabeled
C12orf42,,unlabeled
C12orf43,,unlabeled
ZC3H11D,,unlabeled
C12orf54,,unlabeled
C12orf56,,unlabeled
C12orf57,,unlabeled
C12orf60,,unlabeled
C12orf71,,unlabeled
UQCC6,,unlabeled
C12orf75,,unlabeled
C12orf76,,unlabeled
C14orf119,,unlabeled
C14orf132,,unlabeled
C14orf180,,unlabeled
DORIP1,,unlabeled
C14orf39,,unlabeled
C14orf93,,unlabeled
PRMT2IP,,unlabeled
C15orf40,,unlabeled
COXFA4L3,,unlabeled
C15orf61,,unlabeled
C15orf62,,unlabeled
PIERCE2,,unlabeled
C16orf46,,unlabeled
C16orf54,,unlabeled
HAPSTR1,,unlabeled
CLMB,,unlabeled
C16orf78,,unlabeled
C16orf82,,unlabeled
C16orf86,,unlabeled
HDIP1,,unlabeled
C16orf89,,unlabeled
C16orf90,,unlabeled
UQCC4,,unlabeled
FIMP1,,unlabeled
C16orf95,,unlabeled
C16orf96,,unlabeled
C17orf100,,unlabeled
C17orf107,,unlabeled
C17orf113,,unlabeled
BACC1,,unlabeled
PGBDF,,unlabeled
C17orf58,,unlabeled
CHCT1,,unlabeled
C17orf67,,unlabeled
C17orf75,,unlabeled
C17orf78,,unlabeled
MTNAP1,,unlabeled
LIAT1,,unlabeled
SPMAP1,,unlabeled
C17orf99,,unlabeled
RMP24,,unlabeled
ARK2N,,unlabeled
C18orf32,,unlabeled
C18orf54,,unlabeled
C18orf63,,unlabeled
C19orf12,,unlabeled
C19orf18,,unlabeled
C19orf25,,unlabeled
C19orf33,,unlabeled
C19orf38,,unlabeled
C19orf44,,unlabeled
C19orf47,,unlabeled
C19orf53,,unlabeled
ACTMAP,,unlabeled
C19orf67,,unlabeled
TEKTIP1,,unlabeled
C19orf73,,unlabeled
C19orf81,,unlabeled
C19orf84,,unlabeled
C1D,,unlabeled
C1GALT1,,unlabeled
C1GALT1C1,,unlabeled
C1GALT1C1L,,unlabeled
C1QA,,unlabeled
C1QB,,unlabeled
C1QBP,,unlabeled
C1QC,,unlabeled
C1QL1,,unlabeled
C1QL2,,unlabeled
C1QL3,,unlabeled
C1QL4,,unlabeled
C1QTNF1,,unlabeled
C1QTNF12,,unlabeled
C1QTNF2,,unlabeled
C1QTNF3,,unlabeled
C1QTNF3-AMACR,,unlabeled
C1QTNF4,,unlabeled
C1QTNF5,,unlabeled
C1QTNF6,,unlabeled
C1QTNF7,,unlabeled
C1QTNF8,,unlabeled
C1QTNF9,,unlabeled
C1QTNF9B,,unlabeled
C1R,,unlabeled
C1RL,,unlabeled
C1S,Approved,P
SPMIP3,,unlabeled
C1orf105,,unlabeled
AIRIM,,unlabeled
FIRRM,,unlabeled
C1orf115,,unlabeled
C1orf116,,unlabeled
C1orf122,,unlabeled
CIROZ,,unlabeled
FSAF1,,unlabeled
C1orf141,,unlabeled
C1orf146,,unlabeled
CFAP107,,unlabeled
C1orf159,,unlabeled
C1orf162,,unlabeled
C1orf167,,unlabeled
C1orf174,,unlabeled
C1orf185,,unlabeled
CFAP141,,unlabeled
CFAP276,,unlabeled
C1orf198,,unlabeled
C1orf21,,unlabeled
C1orf210,,unlabeled
C1orf216,,unlabeled
C1orf226,,unlabeled
C1orf232,,unlabeled
C1orf35,,unlabeled
LTAP1,,unlabeled
C1orf50,,unlabeled
C1orf52,,unlabeled
C1orf53,,unlabeled
C1orf54,,unlabeled
C1orf56,,unlabeled
KPLCE,,unlabeled
C1orf74,,unlabeled
C1orf87,,unlabeled
C1orf94,,unlabeled
C2,,unlabeled
C20orf141,,unlabeled
C20orf144,,unlabeled
C20orf173,,unlabeled
C20orf202,,unlabeled
C20orf203,,unlabeled
C20orf204,,unlabeled
ADISSP,,unlabeled
CIMIP1,,unlabeled
C20orf96,,unlabeled
C21orf58,,unlabeled
EPCIP,,unlabeled
C21orf91,,unlabeled
C22orf15,,unlabeled
C22orf23,,unlabeled
C22orf31,,unlabeled
C22orf39,,unlabeled
C22orf42,,unlabeled
C2CD2,,unlabeled
C2CD2L,,unlabeled
C2CD3,,unlabeled
C2CD4A,,unlabeled
C2CD4B,,unlabeled
C2CD4C,,unlabeled
C2CD4D,,unlabeled
C2CD5,,unlabeled
CATSPERT,,unlabeled
C2orf15,,unlabeled
SPATA31H1,,unlabeled
C2orf42,,unlabeled
TSLIG2,,unlabeled
CIMIP5,,unlabeled
C2orf66,,unlabeled
C2orf68,,unlabeled
C2orf69,,unlabeled
C2orf72,,unlabeled
CIMIP6,,unlabeled
DEMA1,,unlabeled
C2orf76,,unlabeled
C2orf78,,unlabeled
C2orf80,,unlabeled
C2orf81,,unlabeled
AKAP19,,unlabeled
C3,Phase 3,trial_heldout
C3AR1,,unlabeled
CEP15,,unlabeled
C3orf18,,unlabeled
FAM194C,,unlabeled
C3orf22,,unlabeled
MISO1,,unlabeled
C3orf38,,unlabeled
C3orf49,,unlabeled
C3orf52,,unlabeled
PRR23E,,unlabeled
C3orf62,,unlabeled
C3orf70,,unlabeled
C3orf80,,unlabeled
CIMIP7,,unlabeled
C3orf85,,unlabeled
C4A,,unlabeled
C4B,,unlabeled
C4BPA,,unlabeled
C4BPB,,unlabeled
C4orf17,,unlabeled
PGCKA1,,unlabeled
ARLN,,unlabeled
C4orf33,,unlabeled
C4orf36,,unlabeled
SPMIP2,,unlabeled
C4orf46,,unlabeled
CFAP96,,unlabeled
NICOL1,,unlabeled
C4orf50,,unlabeled
C4orf51,,unlabeled
C4orf54,,unlabeled
C5,Approved,P
C5AR1,Approved,P
C5AR2,,unlabeled
C5orf15,,unlabeled
C5orf22,,unlabeled
C5orf24,,unlabeled
C5orf34,,unlabeled
C5orf46,,unlabeled
C5orf47,,unlabeled
CFAP90,,unlabeled
RIMOC1,,unlabeled
C5orf52,,unlabeled
C5orf58,,unlabeled
C5orf63,,unlabeled
C6,,unlabeled
C6orf118,,unlabeled
C6orf120,,unlabeled
C6orf132,,unlabeled
C6orf136,,unlabeled
C6orf141,,unlabeled
C6orf15,,unlabeled
C6orf163,,unlabeled
PEX39,,unlabeled
C6orf47,,unlabeled
C6orf52,,unlabeled
C6orf58,,unlabeled
C6orf62,,unlabeled
C6orf89,,unlabeled
C7,,unlabeled
C7orf25,,unlabeled
INTS15,,unlabeled
SPMIP4,,unlabeled
C7orf33,,unlabeled
CHLSN,,unlabeled
C7orf57,,unlabeled
SPACDR,,unlabeled
C8A,,unlabeled
C8B,,unlabeled
C8G,,unlabeled
C8orf33,,unlabeled
C8orf34,,unlabeled
C8orf44-SGK3,,unlabeled
C8orf48,,unlabeled
C8orf58,,unlabeled
C8orf74,,unlabeled
C8orf76,,unlabeled
C8orf82,,unlabeled
C8orf88,,unlabeled
C8orf89,,unlabeled
C9,,unlabeled
PIERCE1,,unlabeled
SPATA31G1,,unlabeled
CFAP95,,unlabeled
C9orf152,,unlabeled
C9orf153,,unlabeled
SPMIP6,,unlabeled
C9orf40,,unlabeled
C9orf43,,unlabeled
C9orf50,,unlabeled
C9orf57,,unlabeled
QNG1,,unlabeled
C9orf72,,unlabeled
C9orf78,,unlabeled
C9orf85,,unlabeled
CA1,Phase 2,trial_heldout
CA10,,unlabeled
CA11,,unlabeled
CA12,Phase 2,trial_heldout
CA13,,unlabeled
CA14,,unlabeled
CA2,Phase 2,trial_heldout
CA3,,unlabeled
CA4,Phase 2,trial_heldout
CA5A,,unlabeled
CA5B,,unlabeled
CA6,,unlabeled
CA7,,unlabeled
CA8,,unlabeled
CA9,,unlabeled
CAAP1,,unlabeled
CAB39,,unlabeled
CAB39L,,unlabeled
CABCOCO1,,unlabeled
CABIN1,,unlabeled
CABLES1,,unlabeled
CABLES2,,unlabeled
CABP1,,unlabeled
CABP2,,unlabeled
CABP4,,unlabeled
CABP5,,unlabeled
CABP7,,unlabeled
CABS1,,unlabeled
CABYR,,unlabeled
CACFD1,,unlabeled
CACHD1,,unlabeled
CACNA1A,Phase 3,trial_heldout
CACNA1B,Phase 3,trial_heldout
CACNA1C,Phase 3,trial_heldout
CACNA1D,Phase 3,trial_heldout
CACNA1E,Phase 3,trial_heldout
CACNA1F,Phase 3,trial_heldout
CACNA1G,Phase 3,trial_heldout
CACNA1H,Phase 3,trial_heldout
CACNA1I,Phase 3,trial_heldout
CACNA1S,Phase 3,trial_heldout
CACNA2D1,Phase 3,trial_heldout
CACNA2D2,Phase 3,trial_heldout
CACNA2D3,Phase 3,trial_heldout
CACNA2D4,Phase 3,trial_heldout
CACNB1,Phase 3,trial_heldout
CACNB2,Phase 3,trial_heldout
CACNB3,Phase 3,trial_heldout
CACNB4,Phase 3,trial_heldout
CACNG1,Phase 3,trial_heldout
CACNG2,Phase 3,trial_heldout
CACNG3,Phase 3,trial_heldout
CACNG4,Phase 3,trial_heldout
CACNG5,Phase 3,trial_heldout
CACNG6,Phase 3,trial_heldout
CACNG7,Phase 3,trial_heldout
CACNG8,Phase 3,trial_heldout
CACTIN,,unlabeled
CACUL1,,unlabeled
CACYBP,,unlabeled
CAD,,unlabeled
CADM1,,unlabeled
CADM2,,unlabeled
CADM3,,unlabeled
CADM4,,unlabeled
CADPS,,unlabeled
CADPS2,,unlabeled
CAGE1,,unlabeled
CALB1,,unlabeled
CALB2,,unlabeled
CALCA,,unlabeled
CALCB,,unlabeled
CALCOCO1,,unlabeled
CALCOCO2,,unlabeled
CALCR,Phase 3,trial_heldout
CALCRL,,unlabeled
CALD1,,unlabeled
CALHM1,,unlabeled
CALHM2,,unlabeled
CALHM3,,unlabeled
CALHM4,,unlabeled
CALHM5,,unlabeled
CALHM6,,unlabeled
CALM1,,unlabeled
CALM2,,unlabeled
CALM3,,unlabeled
CALML3,,unlabeled
CALML4,,unlabeled
CALML5,,unlabeled
CALML6,,unlabeled
CALN1,,unlabeled
CALR,,unlabeled
CALR3,,unlabeled
CALU,,unlabeled
CALY,,unlabeled
CAMK1,,unlabeled
CAMK1D,,unlabeled
CAMK1G,,unlabeled
CAMK2A,,unlabeled
CAMK2B,,unlabeled
CAMK2D,,unlabeled
CAMK2G,,unlabeled
CAMK2N1,,unlabeled
CAMK2N2,,unlabeled
CAMK4,,unlabeled
CAMKK1,,unlabeled
CAMKK2,,unlabeled
CAMKMT,,unlabeled
CAMKV,,unlabeled
CAMLG,,unlabeled
CAMP,,unlabeled
CAMSAP1,,unlabeled
CAMSAP2,,unlabeled
CAMSAP3,,unlabeled
CAMTA1,,unlabeled
CAMTA2,,unlabeled
CAND1,,unlabeled
CAND2,,unlabeled
CANT1,,unlabeled
CANX,,unlabeled
CAP1,,unlabeled
CAP2,,unlabeled
CAPG,,unlabeled
CAPN1,,unlabeled
CAPN10,,unlabeled
CAPN11,,unlabeled
CAPN12,,unlabeled
CAPN13,,unlabeled
CAPN14,,unlabeled
CAPN15,,unlabeled
CAPN2,,unlabeled
CAPN3,,unlabeled
CAPN5,,unlabeled
CAPN6,,unlabeled
CAPN7,,unlabeled
CAPN8,,unlabeled
CAPN9,,unlabeled
CAPNS1,,unlabeled
CAPNS2,,unlabeled
CAPRIN1,,unlabeled
CAPRIN2,,unlabeled
CAPS,,unlabeled
CAPS2,,unlabeled
CAPSL,,unlabeled
CAPZA1,,unlabeled
CAPZA2,,unlabeled
CAPZA3,,unlabeled
CAPZB,,unlabeled
CARD10,,unlabeled
CARD11,,unlabeled
CARD14,,unlabeled
CARD16,,unlabeled
CARD18,,unlabeled
CARD19,,unlabeled
CARD6,,unlabeled
CARD8,,unlabeled
CARD9,,unlabeled
CARF,,unlabeled
CARHSP1,,unlabeled
CARM1,,unlabeled
CARMIL1,,unlabeled
CARMIL2,,unlabeled
CARMIL3,,unlabeled
CARNMT1,,unlabeled
CARNS1,,unlabeled
CARS1,,unlabeled
CARS2,,unlabeled
CARTPT,,unlabeled
CASC3,,unlabeled
CASD1,,unlabeled
CASK,,unlabeled
CASKIN1,,unlabeled
CASKIN2,,unlabeled
CASP1,Phase 2,trial_heldout
CASP10,Phase 2,trial_heldout
CASP12,Phase 2,trial_heldout
CASP14,Phase 2,trial_heldout
CASP2,Phase 2,trial_heldout
CASP3,Phase 2,trial_heldout
CASP4,Phase 2,trial_heldout
CASP5,Phase 2,trial_heldout
CASP6,Phase 2,trial_heldout
CASP7,Phase 2,trial_heldout
CASP8,Phase 2,trial_heldout
CASP8AP2,,unlabeled
CASP9,Phase 2,trial_heldout
CASQ1,,unlabeled
CASQ2,,unlabeled
CASR,,unlabeled
CASS4,,unlabeled
CAST,,unlabeled
CASTOR1,,unlabeled
CASTOR2,,unlabeled
CASZ1,,unlabeled
CAT,,unlabeled
CATIP,,unlabeled
CATSPER1,,unlabeled
CATSPER2,,unlabeled
CATSPER3,,unlabeled
CATSPER4,,unlabeled
CATSPERB,,unlabeled
CATSPERD,,unlabeled
CATSPERE,,unlabeled
CATSPERG,,unlabeled
CATSPERZ,,unlabeled
CAV1,,unlabeled
CAV2,,unlabeled
CAV3,,unlabeled
CAVIN1,,unlabeled
CAVIN2,,unlabeled
CAVIN3,,unlabeled
CAVIN4,,unlabeled
CBARP,,unlabeled
CBFA2T2,,unlabeled
CBFA2T3,,unlabeled
CBFB,,unlabeled
CBL,,unlabeled
CBLB,,unlabeled
CBLC,,unlabeled
CBLIF,,unlabeled
CBLL1,,unlabeled
CBLL2,,unlabeled
CBLN1,,unlabeled
CBLN2,,unlabeled
CBLN3,,unlabeled
CBLN4,,unlabeled
CBR1,,unlabeled
CBR3,,unlabeled
CBR4,,unlabeled
CBS,,unlabeled
CBSL,,unlabeled
ZNG1A,,unlabeled
ZNG1B,,unlabeled
ZNG1C,,unlabeled
ZNG1E,,unlabeled
ZNG1F,,unlabeled
CBX1,,unlabeled
CBX2,,unlabeled
CBX3,,unlabeled
CBX4,,unlabeled
CBX5,,unlabeled
CBX6,,unlabeled
CBX7,,unlabeled
CBX8,,unlabeled
CBY1,,unlabeled
CBY2,,unlabeled
CBY3,,unlabeled
CC2D1A,,unlabeled
CC2D1B,,unlabeled
CC2D2A,,unlabeled
CC2D2B,,unlabeled
CCAR1,,unlabeled
CCAR2,,unlabeled
CCBE1,,unlabeled
CCDC102A,,unlabeled
CCDC102B,,unlabeled
DNAAF19,,unlabeled
TEKTL1,,unlabeled
CCDC106,,unlabeled
CCDC107,,unlabeled
CCDC110,,unlabeled
CCDC112,,unlabeled
CFAP263,,unlabeled
VMA22,,unlabeled
CCDC116,,unlabeled
CCDC117,,unlabeled
CCDC12,,unlabeled
CCDC120,,unlabeled
CCDC121,,unlabeled
CCDC122,,unlabeled
CCDC124,,unlabeled
CCDC125,,unlabeled
CCDC126,,unlabeled
CCDC127,,unlabeled
CCDC13,,unlabeled
CCDC134,,unlabeled
CCDC136,,unlabeled
CCDC137,,unlabeled
CCDC138,,unlabeled
CCDC14,,unlabeled
CCDC141,,unlabeled
CCDC142,,unlabeled
CCDC144A,,unlabeled
CCDC146,,unlabeled
CCDC148,,unlabeled
CCDC149,,unlabeled
CCDC15,,unlabeled
CCDC150,,unlabeled
CCDC152,,unlabeled
DRC12,,unlabeled
CCDC154,,unlabeled
CCDC157,,unlabeled
CCDC158,,unlabeled
CCDC159,,unlabeled
CCDC160,,unlabeled
CCDC163,,unlabeled
CCDC166,,unlabeled
CCDC167,,unlabeled
LRTM3,,unlabeled
CCDC169,,unlabeled
CCDC169-SOHLH2,,unlabeled
CCDC17,,unlabeled
CCDC170,,unlabeled
CCDC171,,unlabeled
CCDC172,,unlabeled
CFAP210,,unlabeled
CCDC174,,unlabeled
CCDC175,,unlabeled
CCDC177,,unlabeled
CCDC178,,unlabeled
CCDC179,,unlabeled
CCDC18,,unlabeled
CCDC180,,unlabeled
CCDC181,,unlabeled
CCDC182,,unlabeled
CCDC183,,unlabeled
CCDC184,,unlabeled
CCDC185,,unlabeled
CCDC186,,unlabeled
CCDC187,,unlabeled
CCDC188,,unlabeled
CFAP119,,unlabeled
CCDC190,,unlabeled
CCDC191,,unlabeled
CCDC194,,unlabeled
CCDC197,,unlabeled
CCDC198,,unlabeled
CCDC22,,unlabeled
CCDC24,,unlabeled
CCDC25,,unlabeled
CCDC27,,unlabeled
CCDC28A,,unlabeled
CCDC28B,,unlabeled
CCDC3,,unlabeled
CCDC30,,unlabeled
CCDC32,,unlabeled
CCDC33,,unlabeled
CCDC34,,unlabeled
CCDC38,,unlabeled
CCDC39,,unlabeled
CCDC40,,unlabeled
CCDC42,,unlabeled
CCDC43,,unlabeled
CCDC47,,unlabeled
CCDC50,,unlabeled
CCDC51,,unlabeled
CCDC54,,unlabeled
CCDC57,,unlabeled
CCDC59,,unlabeled
CCDC6,Phase 2,trial_heldout
CCDC60,,unlabeled
CCDC61,,unlabeled
CCDC62,,unlabeled
CCDC63,,unlabeled
DRC2,,unlabeled
CCDC66,,unlabeled
CCDC68,,unlabeled
CCDC69,,unlabeled
CCDC7,,unlabeled
CCDC70,,unlabeled
CCDC71,,unlabeled
CCDC71L,,unlabeled
CCDC73,,unlabeled
CCDC74A,,unlabeled
CCDC74B,,unlabeled
CCDC77,,unlabeled
CCDC78,,unlabeled
CCDC8,,unlabeled
CCDC80,,unlabeled
CCDC81,,unlabeled
CCDC82,,unlabeled
CCDC83,,unlabeled
CCDC85A,,unlabeled
CCDC85B,,unlabeled
CCDC85C,,unlabeled
CCDC86,,unlabeled
CCDC87,,unlabeled
CCDC88A,,unlabeled
CCDC88B,,unlabeled
CCDC88C,,unlabeled
CCDC89,,unlabeled
CCDC9,,unlabeled
CCDC90B,,unlabeled
CCDC91,,unlabeled
CCDC92,,unlabeled
CCDC92B,,unlabeled
CCDC93,,unlabeled
CFAP184,,unlabeled
CCDC97,,unlabeled
CCDC9B,,unlabeled
CCER1,,unlabeled
CCER2,,unlabeled
CCHCR1,,unlabeled
CCIN,,unlabeled
CCK,,unlabeled
CCKAR,,unlabeled
CCKBR,,unlabeled
CCL1,,unlabeled
CCL11,Phase 2,trial_heldout
CCL13,,unlabeled
CCL14,,unlabeled
CCL15,,unlabeled
CCL15-CCL14,,unlabeled
CCL16,,unlabeled
CCL17,,unlabeled
CCL18,,unlabeled
CCL19,,unlabeled
CCL2,,unlabeled
CCL20,,unlabeled
CCL21,,unlabeled
CCL22,,unlabeled
CCL23,,unlabeled
CCL24,,unlabeled
CCL25,,unlabeled
CCL26,,unlabeled
CCL27,,unlabeled
CCL28,,unlabeled
CCL3,,unlabeled
CCL3L3,,unlabeled
CCL4,,unlabeled
CCL4L2,,unlabeled
CCL5,,unlabeled
CCL7,,unlabeled
CCL8,,unlabeled
CCM2,,unlabeled
CCM2L,,unlabeled
CCN1,,unlabeled
CCN2,Phase 1,trial_heldout
CCN3,,unlabeled
CCN4,,unlabeled
CCN5,,unlabeled
CCN6,,unlabeled
CCNA1,,unlabeled
CCNA2,,unlabeled
CCNB1,,unlabeled
CCNB1IP1,,unlabeled
CCNB2,,unlabeled
CCNB3,,unlabeled
CCNC,,unlabeled
CCND1,Phase 2,trial_heldout
CCND2,,unlabeled
CCND3,,unlabeled
CCNDBP1,,unlabeled
CCNE1,,unlabeled
CCNE2,,unlabeled
CCNF,,unlabeled
CCNG1,,unlabeled
CCNG2,,unlabeled
CCNH,,unlabeled
CCNI,,unlabeled
CCNI2,,unlabeled
CCNJ,,unlabeled
CCNJL,,unlabeled
CCNK,,unlabeled
CCNL1,,unlabeled
CCNL2,,unlabeled
CCNO,,unlabeled
CCNP,,unlabeled
CCNQ,,unlabeled
CCNT1,,unlabeled
CCNT2,,unlabeled
CCNY,,unlabeled
CCNYL1,,unlabeled
CCP110,,unlabeled
CCPG1,,unlabeled
CCR1,Phase 2,trial_heldout
CCR10,,unlabeled
CCR2,Phase 2,trial_heldout
CCR3,,unlabeled
CCR4,Approved,P
CCR5,Phase 3,trial_heldout
CCR6,,unlabeled
CCR7,,unlabeled
CCR8,,unlabeled
CCR9,Phase 3,trial_heldout
CCRL2,,unlabeled
CCS,,unlabeled
CCSAP,,unlabeled
CCSER1,,unlabeled
CCSER2,,unlabeled
CCT2,,unlabeled
CCT3,,unlabeled
CCT4,,unlabeled
CCT5,,unlabeled
CCT6A,,unlabeled
CCT6B,,unlabeled
CCT7,,unlabeled
CCT8,,unlabeled
CCT8L2,,unlabeled
CCZ1,,unlabeled
CCZ1B,,unlabeled
CD101,,unlabeled
CD109,,unlabeled
CD14,Phase 2,trial_heldout
CD151,,unlabeled
CD160,,unlabeled
CD163,,unlabeled
CD163L1,,unlabeled
CD164,,unlabeled
CD164L2,,unlabeled
CD177,,unlabeled
CD180,,unlabeled
CD19,Approved,P
CD1A,,unlabeled
CD1B,,unlabeled
CD1C,,unlabeled
CD1D,,unlabeled
CD1E,,unlabeled
CD2,Approved,P
CD200,Phase 2,trial_heldout
CD200R1,,unlabeled
CD200R1L,,unlabeled
CD207,,unlabeled
CD209,,unlabeled
CD22,Approved,P
CD226,,unlabeled
CD24,,unlabeled
CD244,,unlabeled
CD247,,unlabeled
CD248,,unlabeled
CD27,Phase 2,trial_heldout
CD274,Phase 3,trial_heldout
CD276,,unlabeled
CD28,Phase 2,trial_heldout
CD2AP,,unlabeled
CD2BP2,,unlabeled
CD300A,,unlabeled
CD300C,,unlabeled
CD300E,,unlabeled
CD300H,,unlabeled
CD300LB,,unlabeled
CD300LD,,unlabeled
CD300LF,,unlabeled
CD300LG,,unlabeled
CD302,,unlabeled
CD320,,unlabeled
CD33,Approved,P
CD34,,unlabeled
CD36,,unlabeled
CD37,Phase 2,trial_heldout
CD38,Approved,P
CD3D,Approved,P
CD3E,Approved,P
CD3G,Approved,P
CD4,Phase 3,trial_heldout
CD40,Phase 2,trial_heldout
CD40LG,Phase 3,trial_heldout
CD44,,unlabeled
CD46,,unlabeled
CD47,Phase 3,trial_heldout
CD48,,unlabeled
CD5,,unlabeled
CD52,Approved,P
CD53,,unlabeled
CD55,,unlabeled
CD58,,unlabeled
CD59,,unlabeled
CD5L,,unlabeled
CD6,Phase 3,trial_heldout
CD63,,unlabeled
CD68,,unlabeled
CD69,,unlabeled
CD7,,unlabeled
CD70,Phase 2,trial_heldout
CD72,,unlabeled
CD74,Phase 2,trial_heldout
CD79A,,unlabeled
CD79B,Approved,P
CD80,Approved,P
CD81,,unlabeled
CD82,,unlabeled
CD83,,unlabeled
CD84,,unlabeled
CD86,Approved,P
CD8A,,unlabeled
CD8B,,unlabeled
CD8B2,,unlabeled
CD9,,unlabeled
CD93,,unlabeled
CD96,,unlabeled
CD99,,unlabeled
CD99L2,,unlabeled
CDA,Approved,P
CDADC1,,unlabeled
CDAN1,,unlabeled
CDC123,,unlabeled
CDC14A,,unlabeled
CDC14B,,unlabeled
CDC14C,,unlabeled
CDC16,,unlabeled
CDC20,,unlabeled
CDC20B,,unlabeled
CDC23,,unlabeled
CDC25A,,unlabeled
CDC25B,,unlabeled
CDC25C,,unlabeled
CDC26,,unlabeled
CDC27,,unlabeled
CDC34,,unlabeled
CDC37,,unlabeled
CDC37L1,,unlabeled
CDC40,,unlabeled
CDC42,,unlabeled
CDC42BPA,,unlabeled
CDC42BPB,,unlabeled
CDC42BPG,,unlabeled
CDC42EP1,,unlabeled
CDC42EP2,,unlabeled
CDC42EP3,,unlabeled
CDC42EP4,,unlabeled
CDC42EP5,,unlabeled
CDC42SE1,,unlabeled
CDC42SE2,,unlabeled
CDC45,,unlabeled
CDC5L,,unlabeled
CDC6,,unlabeled
CDC7,,unlabeled
CDC73,,unlabeled
CDCA2,,unlabeled
CDCA3,,unlabeled
CDCA4,,unlabeled
CDCA5,,unlabeled
CDCA7,,unlabeled
CDCA7L,,unlabeled
CDCA8,,unlabeled
CDCP1,,unlabeled
CDCP2,,unlabeled
CDH1,,unlabeled
CDH10,,unlabeled
CDH11,,unlabeled
CDH12,,unlabeled
CDH13,,unlabeled
CDH15,,unlabeled
CDH16,,unlabeled
CDH17,,unlabeled
CDH18,,unlabeled
CDH19,,unlabeled
CDH2,,unlabeled
CDH20,,unlabeled
CDH22,,unlabeled
CDH23,,unlabeled
CDH24,,unlabeled
CDH26,,unlabeled
CDH3,,unlabeled
CDH4,,unlabeled
CDH5,,unlabeled
CDH6,,unlabeled
CDH7,,unlabeled
CDH8,,unlabeled
CDH9,,unlabeled
CDHR1,,unlabeled
CDHR2,,unlabeled
CDHR3,,unlabeled
CDHR4,,unlabeled
CDHR5,,unlabeled
CDIN1,,unlabeled
CDIP1,,unlabeled
CDIPT,,unlabeled
CDK1,Phase 3,trial_heldout
CDK10,Phase 2,trial_heldout
CDK11A,,unlabeled
CDK11B,Phase 2,trial_heldout
CDK12,Phase 2,trial_heldout
CDK13,Phase 2,trial_heldout
CDK14,Phase 2,trial_heldout
CDK15,Phase 2,trial_heldout
CDK16,Phase 2,trial_heldout
CDK17,Phase 2,trial_heldout
CDK18,Phase 2,trial_heldout
CDK19,Phase 2,trial_heldout
CDK2,Phase 3,trial_heldout
CDK20,Phase 2,trial_heldout
CDK2AP1,,unlabeled
CDK2AP2,,unlabeled
CDK3,Phase 2,trial_heldout
CDK4,Phase 3,trial_heldout
CDK5,Phase 3,trial_heldout
CDK5R1,,unlabeled
CDK5R2,,unlabeled
CDK5RAP1,,unlabeled
CDK5RAP2,,unlabeled
CDK5RAP3,,unlabeled
CDK6,Phase 3,trial_heldout
CDK7,Phase 3,trial_heldout
CDK8,Phase 2,trial_heldout
CDK9,Phase 3,trial_heldout
CDKAL1,,unlabeled
CDKL1,,unlabeled
CDKL2,,unlabeled
CDKL3,,unlabeled
CDKL4,,unlabeled
CDKL5,,unlabeled
CDKN1A,,unlabeled
CDKN1B,,unlabeled
CDKN1C,,unlabeled
CDKN2A,,unlabeled
CDKN2AIP,,unlabeled
XTBD1,,unlabeled
CDKN2B,,unlabeled
CDKN2C,,unlabeled
CDKN2D,,unlabeled
CDKN3,,unlabeled
CDNF,,unlabeled
CDO1,,unlabeled
CDON,,unlabeled
CDPF1,,unlabeled
CDR1,,unlabeled
CDR2,,unlabeled
CDR2L,,unlabeled
FBXW10B,,unlabeled
CDRT15,,unlabeled
CDRT15L2,,unlabeled
CDRT4,,unlabeled
CDS1,,unlabeled
CDS2,,unlabeled
CDSN,,unlabeled
CDT1,,unlabeled
CDV3,,unlabeled
CDX1,,unlabeled
CDX2,,unlabeled
CDX4,,unlabeled
CDY2A,,unlabeled
CDYL,,unlabeled
CDYL2,,unlabeled
CEACAM1,,unlabeled
CEACAM16,,unlabeled
CEACAM18,,unlabeled
CEACAM19,,unlabeled
CEACAM20,,unlabeled
CEACAM21,,unlabeled
CEACAM3,,unlabeled
CEACAM4,,unlabeled
CEACAM5,,unlabeled
CEACAM6,,unlabeled
CEACAM7,,unlabeled
CEACAM8,,unlabeled
CEBPA,,unlabeled
CEBPB,,unlabeled
CEBPD,,unlabeled
CEBPE,,unlabeled
CEBPG,,unlabeled
CEBPZ,,unlabeled
CEBPZOS,,unlabeled
CECR2,,unlabeled
CEL,,unlabeled
CELA1,,unlabeled
CELA2A,,unlabeled
CELA2B,,unlabeled
CELA3A,,unlabeled
CELA3B,,unlabeled
CELF1,,unlabeled
CELF2,,unlabeled
CELF3,,unlabeled
CELF4,,unlabeled
CELF5,,unlabeled
CELF6,,unlabeled
CELSR1,,unlabeled
CELSR2,,unlabeled
CELSR3,,unlabeled
CEMIP,,unlabeled
CEMIP2,,unlabeled
CEMP1,,unlabeled
CENATAC,,unlabeled
CEND1,,unlabeled
CENPA,,unlabeled
CENPB,,unlabeled
CENPC,,unlabeled
CENPE,,unlabeled
CENPF,,unlabeled
CENPH,,unlabeled
CENPI,,unlabeled
CPAP,,unlabeled
CENPK,,unlabeled
CENPL,,unlabeled
CENPM,,unlabeled
CENPN,,unlabeled
CENPO,,unlabeled
CENPP,,unlabeled
CENPQ,,unlabeled
CENPS,,unlabeled
CENPS-CORT,,unlabeled
CENPT,,unlabeled
CENPU,,unlabeled
CENPV,,unlabeled
CENPW,,unlabeled
CENPX,,unlabeled
CEP104,,unlabeled
CEP112,,unlabeled
CEP120,,unlabeled
CEP126,,unlabeled
CEP128,,unlabeled
CEP131,,unlabeled
CEP135,,unlabeled
CEP152,,unlabeled
CEP162,,unlabeled
CEP164,,unlabeled
CEP170,,unlabeled
CEP170B,,unlabeled
CEP19,,unlabeled
CEP192,,unlabeled
CEP20,,unlabeled
CEP250,,unlabeled
CEP290,,unlabeled
CEP295,,unlabeled
CEP295NL,,unlabeled
CEP350,,unlabeled
CEP41,,unlabeled
CEP43,,unlabeled
CEP44,,unlabeled
CEP55,,unlabeled
CEP57,,unlabeled
CEP57L1,,unlabeled
CEP63,,unlabeled
CEP68,,unlabeled
CEP70,,unlabeled
CEP72,,unlabeled
CEP76,,unlabeled
CEP78,,unlabeled
CEP83,,unlabeled
CEP85,,unlabeled
CEP85L,,unlabeled
CEP89,,unlabeled
CEP95,,unlabeled
CEP97,,unlabeled
CEPT1,,unlabeled
CER1,,unlabeled
CERCAM,,unlabeled
CERK,,unlabeled
CERKL,,unlabeled
CERS1,,unlabeled
CERS2,,unlabeled
CERS3,,unlabeled
CERS4,,unlabeled
CERS5,,unlabeled
CERS6,,unlabeled
CERT1,,unlabeled
CES1,,unlabeled
CES2,,unlabeled
CES3,,unlabeled
CES4A,,unlabeled
CES5A,,unlabeled
CETN1,,unlabeled
CETN2,,unlabeled
CETN3,,unlabeled
CETP,,unlabeled
CFAP100,,unlabeled
CFAP126,,unlabeled
CFAP157,,unlabeled
CFAP161,,unlabeled
CFAP20,,unlabeled
CFAP206,,unlabeled
CFAP20DC,,unlabeled
CFAP221,,unlabeled
CFAP251,,unlabeled
CFAP298,,unlabeled
CFAP298-TCP10L,,unlabeled
CFAP299,,unlabeled
CFAP300,,unlabeled
CFAP36,,unlabeled
CFAP410,,unlabeled
CFAP418,,unlabeled
CFAP43,,unlabeled
CFAP44,,unlabeled
CFAP45,,unlabeled
CFAP46,,unlabeled
CFAP47,,unlabeled
CFAP52,,unlabeled
CFAP53,,unlabeled
CFAP54,,unlabeled
CFAP57,,unlabeled
CFAP58,,unlabeled
CFAP61,,unlabeled
CFAP65,,unlabeled
CFAP69,,unlabeled
CFAP70,,unlabeled
CFAP73,,unlabeled
CFAP74,,unlabeled
CFAP77,,unlabeled
CFAP91,,unlabeled
CFAP92,,unlabeled
CFAP97,,unlabeled
CFAP97D1,,unlabeled
CFAP99,,unlabeled
CFB,Phase 3,trial_heldout
CFC1,,unlabeled
CFD,,unlabeled
CFDP1,,unlabeled
CFH,,unlabeled
CFHR1,,unlabeled
CFHR2,,unlabeled
CFHR3,,unlabeled
CFHR4,,unlabeled
CFHR5,,unlabeled
CFI,,unlabeled
CFL1,,unlabeled
CFL2,,unlabeled
CFLAR,,unlabeled
CFP,,unlabeled
CFTR,Unknown,unlabeled
CGA,,unlabeled
CGAS,,unlabeled
CGB1,,unlabeled
CGB2,,unlabeled
CGB3,,unlabeled
CGB5,,unlabeled
CGB7,,unlabeled
CGB8,,unlabeled
CGGBP1,,unlabeled
CGN,,unlabeled
CGNL1,,unlabeled
CGREF1,,unlabeled
CGRRF1,,unlabeled
CH25H,,unlabeled
CHAC1,,unlabeled
CHAC2,,unlabeled
CHAD,,unlabeled
CHADL,,unlabeled
CHAF1A,,unlabeled
CHAF1B,,unlabeled
CHAMP1,,unlabeled
CHAT,,unlabeled
CHCHD1,,unlabeled
CHCHD10,,unlabeled
CHCHD2,,unlabeled
CHCHD3,,unlabeled
CHCHD4,,unlabeled
CHCHD5,,unlabeled
CHCHD6,,unlabeled
CHCHD7,,unlabeled
CHD1,,unlabeled
CHD1L,,unlabeled
CHD2,,unlabeled
CHD3,,unlabeled
CHD4,,unlabeled
CHD5,,unlabeled
CHD6,,unlabeled
CHD7,,unlabeled
CHD8,,unlabeled
CHD9,,unlabeled
CHDH,,unlabeled
CHEK1,Phase 2,trial_heldout
CHEK2,Phase 1,trial_heldout
CHERP,,unlabeled
CHFR,,unlabeled
CHGA,,unlabeled
CHGB,,unlabeled
CHI3L1,,unlabeled
CHI3L2,,unlabeled
CHIA,,unlabeled
CHIC1,,unlabeled
CHIC2,,unlabeled
CHID1,,unlabeled
CHIT1,,unlabeled
CHKA,,unlabeled
CHKB,,unlabeled
CHKB-CPT1B,,unlabeled
CHL1,,unlabeled
CHM,,unlabeled
CHML,,unlabeled
CHMP1A,,unlabeled
CHMP1B,,unlabeled
CHMP2A,,unlabeled
CHMP2B,,unlabeled
CHMP3,,unlabeled
CHMP4A,,unlabeled
CHMP4B,,unlabeled
CHMP4C,,unlabeled
CHMP5,,unlabeled
CHMP6,,unlabeled
CHMP7,,unlabeled
CHN1,,unlabeled
CHN2,,unlabeled
CHODL,,unlabeled
CHORDC1,,unlabeled
CHP1,,unlabeled
CHP2,,unlabeled
CHPF,,unlabeled
CHPF2,,unlabeled
CHPT1,,unlabeled
CHRAC1,,unlabeled
CHRD,,unlabeled
CHRDL1,,unlabeled
CHRDL2,,unlabeled
CHRFAM7A,,unlabeled
CHRM1,Approved,P
CHRM2,Approved,P
CHRM3,Approved,P
CHRM4,,unlabeled
CHRM5,,unlabeled
CHRNA1,,unlabeled
CHRNA10,,unlabeled
CHRNA2,,unlabeled
CHRNA3,Phase 2,trial_heldout
CHRNA4,,unlabeled
CHRNA5,,unlabeled
CHRNA6,,unlabeled
CHRNA7,Phase 2,trial_heldout
CHRNA9,,unlabeled
CHRNB1,,unlabeled
CHRNB2,,unlabeled
CHRNB3,,unlabeled
CHRNB4,Phase 2,trial_heldout
CHRND,,unlabeled
CHRNE,,unlabeled
CHRNG,,unlabeled
CHST1,,unlabeled
CHST10,,unlabeled
CHST11,,unlabeled
CHST12,,unlabeled
CHST13,,unlabeled
CHST14,,unlabeled
CHST15,,unlabeled
CHST2,,unlabeled
CHST3,,unlabeled
CHST4,,unlabeled
CHST5,,unlabeled
CHST6,,unlabeled
CHST7,,unlabeled
CHST8,,unlabeled
CHST9,,unlabeled
CHSY1,,unlabeled
CHSY3,,unlabeled
CHTF18,,unlabeled
CHTF8,,unlabeled
CHTOP,,unlabeled
CHUK,,unlabeled
CHURC1,,unlabeled
CHURC1-FNTB,,unlabeled
CIAO1,,unlabeled
CIAO2A,,unlabeled
CIAO2B,,unlabeled
CIAO3,,unlabeled
CIAPIN1,,unlabeled
CIART,,unlabeled
CIB1,,unlabeled
CIB2,,unlabeled
CIB3,,unlabeled
CIB4,,unlabeled
CIBAR1,,unlabeled
CIBAR2,,unlabeled
CIC,,unlabeled
CIDEA,,unlabeled
CIDEB,,unlabeled
CIDEC,,unlabeled
CIITA,,unlabeled
CILK1,,unlabeled
CILP,,unlabeled
CILP2,,unlabeled
CINP,,unlabeled
CIP2A,,unlabeled
CIPC,,unlabeled
CIRSR,,unlabeled
CIRBP,,unlabeled
CISD1,,unlabeled
CISD2,,unlabeled
CISD3,,unlabeled
CISH,,unlabeled
CIT,,unlabeled
CITED1,,unlabeled
CITED2,,unlabeled
CITED4,,unlabeled
CIZ1,,unlabeled
CKAP2,,unlabeled
CKAP2L,,unlabeled
CKAP4,,unlabeled
CKAP5,,unlabeled
CKB,,unlabeled
CKLF,,unlabeled
CKLF-CMTM1,,unlabeled
CKM,,unlabeled
CKMT1A,,unlabeled
CKMT1B,,unlabeled
CKMT2,,unlabeled
CKS1B,,unlabeled
CKS2,,unlabeled
CLASP1,,unlabeled
CLASP2,,unlabeled
CLASRP,,unlabeled
CLBA1,,unlabeled
CLC,,unlabeled
CLCA1,,unlabeled
CLCA2,,unlabeled
CLCA4,,unlabeled
CLCC1,,unlabeled
CLCF1,,unlabeled
CLCN1,,unlabeled
CLCN2,,unlabeled
CLCN3,,unlabeled
CLCN4,,unlabeled
CLCN5,,unlabeled
CLCN6,,unlabeled
CLCN7,,unlabeled
CLCNKA,,unlabeled
CLCNKB,,unlabeled
CLDN1,,unlabeled
CLDN10,,unlabeled
CLDN11,,unlabeled
CLDN12,,unlabeled
CLDN14,,unlabeled
CLDN15,,unlabeled
CLDN16,,unlabeled
CLDN17,,unlabeled
CLDN18,,unlabeled
CLDN19,,unlabeled
CLDN2,,unlabeled
CLDN20,,unlabeled
CLDN22,,unlabeled
CLDN23,,unlabeled
CLDN24,,unlabeled
CLDN25,,unlabeled
CLDN3,,unlabeled
CLDN34,,unlabeled
CLDN4,,unlabeled
CLDN5,,unlabeled
CLDN6,,unlabeled
CLDN7,,unlabeled
CLDN8,,unlabeled
CLDN9,,unlabeled
CLDND1,,unlabeled
CLDND2,,unlabeled
CLEC10A,,unlabeled
CLEC11A,,unlabeled
CLEC12A,,unlabeled
CLEC12B,,unlabeled
CLEC14A,,unlabeled
CLEC16A,,unlabeled
CLEC17A,,unlabeled
CLEC18A,,unlabeled
CLEC18B,,unlabeled
CLEC18C,,unlabeled
CLEC19A,,unlabeled
CLEC1A,,unlabeled
CLEC1B,,unlabeled
CLEC2A,,unlabeled
CLEC2B,,unlabeled
CLEC2D,,unlabeled
CLEC2L,,unlabeled
CLEC3A,,unlabeled
CLEC3B,,unlabeled
CLEC4A,,unlabeled
CLEC4C,Phase 3,trial_heldout
CLEC4D,,unlabeled
CLEC4E,,unlabeled
CLEC4F,,unlabeled
CLEC4G,,unlabeled
CLEC4M,,unlabeled
CLEC5A,,unlabeled
CLEC6A,,unlabeled
CLEC7A,,unlabeled
CLEC9A,,unlabeled
CLGN,,unlabeled
CLHC1,,unlabeled
CLIC1,,unlabeled
CLIC2,,unlabeled
CLIC3,,unlabeled
CLIC4,,unlabeled
CLIC5,,unlabeled
CLIC6,,unlabeled
CLINT1,,unlabeled
CLIP1,,unlabeled
CLIP2,,unlabeled
CLIP3,,unlabeled
CLIP4,,unlabeled
CLK1,,unlabeled
CLK2,,unlabeled
CLK3,,unlabeled
CLK4,,unlabeled
CLMN,,unlabeled
CLMP,,unlabeled
CLN3,,unlabeled
CLN5,,unlabeled
CLN6,,unlabeled
CLN8,,unlabeled
CLNK,,unlabeled
CLNS1A,,unlabeled
CLOCK,,unlabeled
CLP1,,unlabeled
CLPB,,unlabeled
CLPP,,unlabeled
CLPS,,unlabeled
CLPSL1,,unlabeled
CLPSL2,,unlabeled
CLPTM1,,unlabeled
CLPTM1L,,unlabeled
CLPX,,unlabeled
CLRN1,,unlabeled
CLRN2,,unlabeled
CLRN3,,unlabeled
CLSPN,,unlabeled
CLSTN1,,unlabeled
CLSTN2,,unlabeled
CLSTN3,,unlabeled
CLTA,,unlabeled
CLTB,,unlabeled
CLTC,,unlabeled
CLTCL1,,unlabeled
CLTRN,,unlabeled
CLU,,unlabeled
IFT38,,unlabeled
CLUH,,unlabeled
CLUL1,,unlabeled
CLVS1,,unlabeled
CLVS2,,unlabeled
CLYBL,,unlabeled
CMA1,,unlabeled
CMAS,,unlabeled
CMBL,,unlabeled
CMC1,,unlabeled
CMC2,,unlabeled
CMC4,,unlabeled
CMIP,,unlabeled
CMKLR1,,unlabeled
CMKLR2,,unlabeled
CMPK1,,unlabeled
CMPK2,,unlabeled
CMSS1,,unlabeled
CMTM1,,unlabeled
CMTM2,,unlabeled
CMTM3,,unlabeled
CMTM4,,unlabeled
CMTM5,,unlabeled
CMTM6,,unlabeled
CMTM7,,unlabeled
CMTM8,,unlabeled
CMTR1,,unlabeled
CMTR2,,unlabeled
CMYA5,,unlabeled
CNBD1,,unlabeled
CNBD2,,unlabeled
CNBP,,unlabeled
CNDP1,,unlabeled
CNDP2,,unlabeled
CNEP1R1,,unlabeled
CNFN,,unlabeled
CNGA1,,unlabeled
CNGA2,,unlabeled
CNGA3,,unlabeled
CNGA4,,unlabeled
CNGB1,,unlabeled
CNGB3,,unlabeled
CNIH1,,unlabeled
CNIH2,,unlabeled
CNIH3,,unlabeled
CNIH4,,unlabeled
CNKSR1,,unlabeled
CNKSR2,,unlabeled
CNKSR3,,unlabeled
CNMD,,unlabeled
CNN1,,unlabeled
CNN2,,unlabeled
CNN3,,unlabeled
CNNM1,,unlabeled
CNNM2,,unlabeled
CNNM3,,unlabeled
CNNM4,,unlabeled
CNOT1,,unlabeled
CNOT10,,unlabeled
CNOT11,,unlabeled
CNOT2,,unlabeled
CNOT3,,unlabeled
CNOT4,,unlabeled
CNOT6,,unlabeled
CNOT6L,,unlabeled
CNOT7,,unlabeled
CNOT8,,unlabeled
CNOT9,,unlabeled
CNP,,unlabeled
CNPPD1,,unlabeled
CNPY1,,unlabeled
CNPY2,,unlabeled
CNPY3,,unlabeled
CNPY4,,unlabeled
CNR1,Phase 3,trial_heldout
CNR2,Phase 2,trial_heldout
CNRIP1,,unlabeled
CNST,,unlabeled
CNTD1,,unlabeled
CNTF,,unlabeled
CNTFR,,unlabeled
CNTLN,,unlabeled
CNTN1,,unlabeled
CNTN2,,unlabeled
CNTN3,,unlabeled
CNTN4,,unlabeled
CNTN5,,unlabeled
CNTN6,,unlabeled
CNTNAP1,,unlabeled
CNTNAP2,,unlabeled
CNTNAP3,,unlabeled
CNTNAP3B,,unlabeled
CNTNAP3C,,unlabeled
CNTNAP4,,unlabeled
CNTNAP5,,unlabeled
CNTRL,,unlabeled
CNTROB,,unlabeled
COA1,,unlabeled
COA3,,unlabeled
COA4,,unlabeled
COA5,,unlabeled
COA6,,unlabeled
COA7,,unlabeled
COA8,,unlabeled
COASY,,unlabeled
COBL,,unlabeled
COBLL1,,unlabeled
COCH,,unlabeled
COG1,,unlabeled
COG2,,unlabeled
COG3,,unlabeled
COG4,,unlabeled
COG5,,unlabeled
COG6,,unlabeled
COG7,,unlabeled
COG8,,unlabeled
COIL,,unlabeled
COL10A1,,unlabeled
COL11A1,,unlabeled
COL11A2,,unlabeled
COL12A1,,unlabeled
COL13A1,,unlabeled
COL14A1,,unlabeled
COL15A1,,unlabeled
COL16A1,,unlabeled
COL17A1,,unlabeled
COL18A1,,unlabeled
COL19A1,,unlabeled
COL1A1,,unlabeled
COL1A2,,unlabeled
COL20A1,,unlabeled
COL21A1,,unlabeled
COL22A1,,unlabeled
COL23A1,,unlabeled
COL24A1,,unlabeled
COL25A1,,unlabeled
COL26A1,,unlabeled
COL27A1,,unlabeled
COL28A1,,unlabeled
COL2A1,,unlabeled
COL3A1,,unlabeled
COL4A1,,unlabeled
COL4A2,,unlabeled
COL4A3,,unlabeled
COL4A4,,unlabeled
COL4A5,,unlabeled
COL4A6,,unlabeled
COL5A1,,unlabeled
COL5A2,,unlabeled
COL5A3,,unlabeled
COL6A1,,unlabeled
COL6A2,,unlabeled
COL6A3,,unlabeled
COL6A5,,unlabeled
COL6A6,,unlabeled
COL7A1,,unlabeled
COL8A1,,unlabeled
COL8A2,,unlabeled
COL9A1,,unlabeled
COL9A2,,unlabeled
COL9A3,,unlabeled
POU2AF3,,unlabeled
COLEC10,,unlabeled
COLEC11,,unlabeled
COLEC12,,unlabeled
COLGALT1,,unlabeled
COLGALT2,,unlabeled
COLQ,,unlabeled
COMMD1,,unlabeled
COMMD10,,unlabeled
COMMD2,,unlabeled
COMMD3,,unlabeled
COMMD3-BMI1,,unlabeled
COMMD4,,unlabeled
COMMD5,,unlabeled
COMMD6,,unlabeled
COMMD7,,unlabeled
COMMD8,,unlabeled
COMMD9,,unlabeled
COMP,,unlabeled
COMT,,unlabeled
COMTD1,,unlabeled
COP1,,unlabeled
COPA,,unlabeled
COPB1,,unlabeled
COPB2,,unlabeled
COPE,,unlabeled
COPG1,,unlabeled
COPG2,,unlabeled
COPRS,,unlabeled
COPS2,,unlabeled
COPS3,,unlabeled
COPS4,,unlabeled
COPS5,,unlabeled
COPS6,,unlabeled
COPS7A,,unlabeled
COPS7B,,unlabeled
COPS8,,unlabeled
COPS9,,unlabeled
COPZ1,,unlabeled
COPZ2,,unlabeled
COQ10A,,unlabeled
COQ10B,,unlabeled
COQ2,,unlabeled
COQ3,,unlabeled
COQ4,,unlabeled
COQ5,,unlabeled
COQ6,,unlabeled
COQ7,,unlabeled
COQ8A,,unlabeled
COQ8B,,unlabeled
COQ9,,unlabeled
CORIN,,unlabeled
CORO1A,,unlabeled
CORO1B,,unlabeled
CORO1C,,unlabeled
CORO2A,,unlabeled
CORO2B,,unlabeled
CORO6,,unlabeled
CORO7,,unlabeled
CORO7-PAM16,,unlabeled
CORT,,unlabeled
COTL1,,unlabeled
COX10,,unlabeled
COX11,,unlabeled
COX14,,unlabeled
COX15,,unlabeled
COX16,,unlabeled
COX17,,unlabeled
COX18,,unlabeled
COX19,,unlabeled
COX20,,unlabeled
COX4I1,,unlabeled
COX4I2,,unlabeled
COX5A,,unlabeled
COX5B,,unlabeled
COX6A1,,unlabeled
COX6A2,,unlabeled
COX6B1,,unlabeled
COX6B2,,unlabeled
COX6C,,unlabeled
COX7A1,,unlabeled
COX7A2,,unlabeled
COX7A2L,,unlabeled
COX7B,,unlabeled
COX7B2,,unlabeled
COX7C,,unlabeled
COX8A,,unlabeled
COX8C,,unlabeled
CP,,unlabeled
CPA1,,unlabeled
CPA2,,unlabeled
CPA3,,unlabeled
CPA4,,unlabeled
CPA5,,unlabeled
CPA6,,unlabeled
CPAMD8,,unlabeled
CPB1,,unlabeled
CPB2,,unlabeled
CPD,,unlabeled
CPE,,unlabeled
CPEB1,,unlabeled
CPEB2,,unlabeled
CPEB3,,unlabeled
CPEB4,,unlabeled
CPED1,,unlabeled
CPLANE1,,unlabeled
CPLANE2,,unlabeled
CPLX1,,unlabeled
CPLX2,,unlabeled
CPLX3,,unlabeled
CPLX4,,unlabeled
CPM,,unlabeled
CPN1,,unlabeled
CPN2,,unlabeled
CPNE1,,unlabeled
CPNE2,,unlabeled
CPNE3,,unlabeled
CPNE4,,unlabeled
CPNE5,,unlabeled
CPNE6,,unlabeled
CPNE7,,unlabeled
CPNE8,,unlabeled
CPNE9,,unlabeled
CPO,,unlabeled
CPOX,,unlabeled
CPPED1,,unlabeled
CPQ,,unlabeled
CPS1,,unlabeled
CPSF1,,unlabeled
CPSF2,,unlabeled
CPSF3,,unlabeled
CPSF4,,unlabeled
CPSF4L,,unlabeled
CPSF6,,unlabeled
CPSF7,,unlabeled
CPT1A,,unlabeled
CPT1B,,unlabeled
CPT1C,,unlabeled
CPT2,,unlabeled
CPTP,,unlabeled
CPVL,,unlabeled
CPXCR1,,unlabeled
CPXM1,,unlabeled
CPXM2,,unlabeled
CPZ,,unlabeled
CR1,,unlabeled
CR1L,,unlabeled
CR2,,unlabeled
CRABP1,,unlabeled
CRABP2,,unlabeled
CRACD,,unlabeled
CRACDL,,unlabeled
CRACR2A,,unlabeled
CRACR2B,,unlabeled
CRADD,,unlabeled
CRAMP1,,unlabeled
CRAT,,unlabeled
CRB1,,unlabeled
CRB2,,unlabeled
CRB3,,unlabeled
CRBN,Approved,P
CRCP,,unlabeled
CRCT1,,unlabeled
CREB1,,unlabeled
CREB3,,unlabeled
CREB3L1,,unlabeled
CREB3L2,,unlabeled
CREB3L3,,unlabeled
CREB3L4,,unlabeled
CREB5,,unlabeled
CREBBP,Phase 2,trial_heldout
CREBL2,,unlabeled
CREBRF,,unlabeled
CREBZF,,unlabeled
CREG1,,unlabeled
CREG2,,unlabeled
CRELD1,,unlabeled
CRELD2,,unlabeled
CREM,,unlabeled
CRH,,unlabeled
CRHBP,,unlabeled
CRHR1,,unlabeled
CRHR2,,unlabeled
CRIM1,,unlabeled
CRIP1,,unlabeled
CRIP2,,unlabeled
CRIP3,,unlabeled
CRIPT,,unlabeled
CRISP1,,unlabeled
CRISP2,,unlabeled
CRISP3,,unlabeled
CRISPLD1,,unlabeled
CRISPLD2,,unlabeled
CRK,,unlabeled
CRKL,,unlabeled
CRLF1,,unlabeled
CRLF2,,unlabeled
CRLF3,,unlabeled
CRLS1,,unlabeled
CRMP1,,unlabeled
CRNKL1,,unlabeled
CRNN,,unlabeled
CROCC,,unlabeled
CROCC2,,unlabeled
CROT,,unlabeled
CRP,,unlabeled
CRPPA,,unlabeled
CRTAC1,,unlabeled
CRTAM,,unlabeled
CRTAP,,unlabeled
CRTC1,,unlabeled
CRTC2,,unlabeled
CRTC3,,unlabeled
CRX,,unlabeled
CRY1,,unlabeled
CRY2,,unlabeled
CRYAA,,unlabeled
CRYAA2,,unlabeled
CRYAB,,unlabeled
CRYBA1,,unlabeled
CRYBA2,,unlabeled
CRYBA4,,unlabeled
CRYBB1,,unlabeled
CRYBB2,,unlabeled
CRYBB3,,unlabeled
CRYBG1,,unlabeled
CRYBG2,,unlabeled
CRYBG3,,unlabeled
CRYGA,,unlabeled
CRYGB,,unlabeled
CRYGC,,unlabeled
CRYGD,,unlabeled
CRYGN,,unlabeled
CRYGS,,unlabeled
CRYL1,,unlabeled
CRYM,,unlabeled
CRYZ,,unlabeled
CRYZL1,,unlabeled
CS,,unlabeled
CSAD,,unlabeled
CSAG1,,unlabeled
CSAG2,,unlabeled
CSAG3,,unlabeled
CSDC2,,unlabeled
CSDE1,,unlabeled
CSE1L,,unlabeled
CSF1,Phase 2,trial_heldout
CSF1R,Approved,P
CSF2,Phase 3,trial_heldout
CSF2RA,Approved,P
CSF2RB,Approved,P
CSF3,,unlabeled
CSF3R,Approved,P
CSGALNACT1,,unlabeled
CSGALNACT2,,unlabeled
CSH1,,unlabeled
CSH2,,unlabeled
CSHL1,,unlabeled
CSK,,unlabeled
CSKMT,,unlabeled
CSMD1,,unlabeled
CSMD2,,unlabeled
CSMD3,,unlabeled
CSN1S1,,unlabeled
CSN2,,unlabeled
CSN3,,unlabeled
CSNK1A1,,unlabeled
CSNK1A1L,,unlabeled
CSNK1D,,unlabeled
CSNK1E,Approved,P
CSNK1G1,,unlabeled
CSNK1G2,,unlabeled
CSNK1G3,,unlabeled
CSNK2A1,Phase 1,trial_heldout
CSNK2A2,,unlabeled
CSNK2A3,,unlabeled
CSNK2B,,unlabeled
CSNK2A2IP,,unlabeled
CSPG4,,unlabeled
CSPG5,,unlabeled
CSPP1,,unlabeled
CSRNP1,,unlabeled
CSRNP2,,unlabeled
CSRNP3,,unlabeled
CSRP1,,unlabeled
CSRP2,,unlabeled
CSRP3,,unlabeled
CST1,,unlabeled
CST11,,unlabeled
CST2,,unlabeled
CST3,,unlabeled
CST4,,unlabeled
CST5,,unlabeled
CST6,,unlabeled
CST7,,unlabeled
CST8,,unlabeled
CST9,,unlabeled
CST9L,,unlabeled
CSTA,,unlabeled
CSTB,,unlabeled
CSTF1,,unlabeled
CSTF2,,unlabeled
CSTF2T,,unlabeled
CSTF3,,unlabeled
CSTL1,,unlabeled
CT45A1,,unlabeled
CT45A10,,unlabeled
CT45A3,,unlabeled
CT45A9,,unlabeled
CT47A6,,unlabeled
CT47B1,,unlabeled
CT55,,unlabeled
CT83,,unlabeled
CTAG2,,unlabeled
CTAGE1,,unlabeled
CTAGE15,,unlabeled
CTAGE4,,unlabeled
CTAGE6,,unlabeled
CTAGE8,,unlabeled
CTAGE9,,unlabeled
CTBP1,,unlabeled
CTBP2,,unlabeled
CTBS,,unlabeled
CTC1,,unlabeled
CTCF,,unlabeled
CTCFL,,unlabeled
CTDNEP1,,unlabeled
CTDP1,,unlabeled
CTDSP1,,unlabeled
CTDSP2,,unlabeled
CTDSPL,,unlabeled
CTDSPL2,,unlabeled
CTF1,,unlabeled
CTH,,unlabeled
CTHRC1,,unlabeled
CTIF,,unlabeled
CTLA4,Phase 2,trial_heldout
CTNNA1,,unlabeled
CTNNA2,,unlabeled
CTNNA3,,unlabeled
CTNNAL1,,unlabeled
CTNNB1,Phase 2,trial_heldout
CTNNBIP1,,unlabeled
CTNNBL1,,unlabeled
CTNND1,,unlabeled
CTNND2,,unlabeled
CTNS,,unlabeled
CTPS1,,unlabeled
CTPS2,,unlabeled
CTR9,,unlabeled
CTRB1,,unlabeled
CTRB2,,unlabeled
CTRC,,unlabeled
CTRL,,unlabeled
CTSA,,unlabeled
CTSB,,unlabeled
CTSC,,unlabeled
CTSD,,unlabeled
CTSE,,unlabeled
CTSF,,unlabeled
CTSG,,unlabeled
CTSH,,unlabeled
CTSK,,unlabeled
CTSL,,unlabeled
CTSO,,unlabeled
CTSS,Phase 2,trial_heldout
CTSV,,unlabeled
CTSW,,unlabeled
CTSZ,,unlabeled
CTTN,,unlabeled
CTTNBP2,,unlabeled
CTTNBP2NL,,unlabeled
CTU1,,unlabeled
CTU2,,unlabeled
CTXN1,,unlabeled
CTXN2,,unlabeled
CTXN3,,unlabeled
CUBN,,unlabeled
CUEDC1,,unlabeled
CUEDC2,,unlabeled
CUL1,,unlabeled
CUL2,,unlabeled
CUL3,,unlabeled
CUL4A,Approved,P
CUL4B,,unlabeled
CUL5,,unlabeled
CUL7,,unlabeled
CUL9,,unlabeled
CUTA,,unlabeled
CUTC,,unlabeled
CUX1,,unlabeled
CUX2,,unlabeled
CUZD1,,unlabeled
CWC15,,unlabeled
CWC22,,unlabeled
CWC25,,unlabeled
CWC27,,unlabeled
CWF19L1,,unlabeled
CWF19L2,,unlabeled
CWH43,,unlabeled
CX3CL1,Phase 2,trial_heldout
CX3CR1,,unlabeled
CXADR,,unlabeled
CXCL1,,unlabeled
CXCL10,Phase 2,trial_heldout
CXCL11,,unlabeled
CXCL12,Phase 2,trial_heldout
CXCL13,,unlabeled
CXCL14,,unlabeled
CXCL16,,unlabeled
CXCL17,,unlabeled
CXCL2,,unlabeled
CXCL3,,unlabeled
CXCL5,,unlabeled
CXCL6,,unlabeled
CXCL8,,unlabeled
CXCL9,,unlabeled
CXCR1,Phase 3,trial_heldout
CXCR2,Phase 3,trial_heldout
CXCR3,,unlabeled
CXCR4,Approved,P
CXCR5,,unlabeled
CXCR6,,unlabeled
CXXC1,,unlabeled
CXXC4,,unlabeled
CXXC5,,unlabeled
CXorf38,,unlabeled
CXorf58,,unlabeled
CXorf65,,unlabeled
CXorf66,,unlabeled
CYB561,,unlabeled
CYB561A3,,unlabeled
CYB561D1,,unlabeled
CYB561D2,,unlabeled
CYB5A,,unlabeled
CYB5B,,unlabeled
CYB5D1,,unlabeled
CYB5D2,,unlabeled
CYB5R1,,unlabeled
CYB5R2,,unlabeled
CYB5R3,,unlabeled
CYB5R4,,unlabeled
CYB5RL,,unlabeled
CYBA,,unlabeled
CYBB,,unlabeled
CYBC1,,unlabeled
CYBRD1,,unlabeled
CYC1,,unlabeled
CYCS,,unlabeled
CYFIP1,,unlabeled
CYFIP2,,unlabeled
CYGB,,unlabeled
ZFTRAF1,,unlabeled
CYLC1,,unlabeled
CYLC2,,unlabeled
CYLD,,unlabeled
CYP11A1,,unlabeled
CYP11B1,,unlabeled
CYP11B2,,unlabeled
CYP17A1,,unlabeled
CYP19A1,Unknown,unlabeled
CYP1A1,,unlabeled
CYP1A2,,unlabeled
CYP1B1,,unlabeled
CYP20A1,,unlabeled
CYP21A2,,unlabeled
CYP24A1,,unlabeled
CYP26A1,Phase 2,trial_heldout
CYP26B1,,unlabeled
CYP26C1,,unlabeled
CYP27A1,,unlabeled
CYP27B1,,unlabeled
CYP27C1,,unlabeled
CYP2A13,,unlabeled
CYP2A6,,unlabeled
CYP2A7,,unlabeled
CYP2B6,,unlabeled
CYP2C18,,unlabeled
CYP2C19,,unlabeled
CYP2C8,,unlabeled
CYP2C9,,unlabeled
CYP2D6,,unlabeled
CYP2D7,,unlabeled
CYP2E1,,unlabeled
CYP2F1,,unlabeled
CYP2J2,,unlabeled
CYP2R1,,unlabeled
CYP2S1,,unlabeled
CYP2U1,,unlabeled
CYP2W1,,unlabeled
CYP39A1,,unlabeled
CYP3A4,Phase 2,trial_heldout
CYP3A43,Phase 2,trial_heldout
CYP3A5,Phase 2,trial_heldout
CYP3A7,Phase 2,trial_heldout
CYP3A7-CYP3A51P,,unlabeled
CYP46A1,,unlabeled
CYP4A11,,unlabeled
CYP4A22,,unlabeled
CYP4B1,,unlabeled
CYP4F11,,unlabeled
CYP4F12,,unlabeled
CYP4F2,,unlabeled
CYP4F22,,unlabeled
CYP4F3,,unlabeled
CYP4F8,,unlabeled
CYP4V2,,unlabeled
CYP4X1,,unlabeled
CYP4Z1,,unlabeled
CYP51A1,,unlabeled
CYP7A1,,unlabeled
CYP7B1,,unlabeled
CYP8B1,,unlabeled
CYREN,,unlabeled
CYRIA,,unlabeled
CYRIB,,unlabeled
CYS1,,unlabeled
CYSLTR1,Approved,P
CYSLTR2,,unlabeled
CYSRT1,,unlabeled
CYSTM1,,unlabeled
CYTH1,,unlabeled
CYTH2,,unlabeled
CYTH3,,unlabeled
CYTH4,,unlabeled
CYTIP,,unlabeled
CYTL1,,unlabeled
CYYR1,,unlabeled
CZIB,,unlabeled
D2HGDH,,unlabeled
DAAM1,,unlabeled
DAAM2,,unlabeled
DAB1,,unlabeled
DAB2,,unlabeled
DAB2IP,,unlabeled
DACH1,,unlabeled
DACH2,,unlabeled
DACT1,,unlabeled
DACT2,,unlabeled
DACT3,,unlabeled
DAD1,,unlabeled
DAG1,,unlabeled
DAGLA,,unlabeled
DAGLB,,unlabeled
DALRD3,,unlabeled
DAND5,,unlabeled
DAO,,unlabeled
DAOA,,unlabeled
DAP,,unlabeled
DAP3,,unlabeled
DAPK1,,unlabeled
DAPK2,,unlabeled
DAPK3,,unlabeled
DAPL1,,unlabeled
DAPP1,,unlabeled
DARS1,,unlabeled
DARS2,,unlabeled
DAW1,,unlabeled
DAXX,,unlabeled
DAZ1,,unlabeled
DAZ2,,unlabeled
DAZ3,,unlabeled
DAZ4,,unlabeled
DAZAP1,,unlabeled
DAZAP2,,unlabeled
DAZL,,unlabeled
DBF4,,unlabeled
DBF4B,,unlabeled
DBH,,unlabeled
DBI,,unlabeled
DBN1,,unlabeled
DBNDD1,,unlabeled
DBNDD2,,unlabeled
DBNL,,unlabeled
DBP,,unlabeled
DBR1,,unlabeled
DBT,,unlabeled
DBX1,,unlabeled
DBX2,,unlabeled
DCAF1,,unlabeled
DCAF10,,unlabeled
DCAF11,,unlabeled
DCAF12,,unlabeled
DCAF12L1,,unlabeled
DCAF12L2,,unlabeled
DCAF13,,unlabeled
DCAF15,,unlabeled
DCAF16,,unlabeled
DCAF17,,unlabeled
DCAF4,,unlabeled
DCAF4L1,,unlabeled
DCAF4L2,,unlabeled
DCAF5,,unlabeled
DCAF6,,unlabeled
DCAF7,,unlabeled
DCAF8,,unlabeled
DCAF8L1,,unlabeled
DCAF8L2,,unlabeled
DCAKD,,unlabeled
DCANP1,,unlabeled
DCBLD1,,unlabeled
DCBLD2,,unlabeled
DCC,,unlabeled
DCD,,unlabeled
DCDC1,,unlabeled
DCDC2,,unlabeled
DCDC2B,,unlabeled
DCDC2C,,unlabeled
DCHS1,,unlabeled
DCHS2,,unlabeled
DCK,,unlabeled
DCLK1,,unlabeled
DCLK2,,unlabeled
DCLK3,,unlabeled
DCLRE1A,,unlabeled
DCLRE1B,,unlabeled
DCLRE1C,,unlabeled
DCN,,unlabeled
DCP1A,,unlabeled
DCP1B,,unlabeled
DCP2,,unlabeled
DCPS,,unlabeled
DCST1,,unlabeled
DCST2,,unlabeled
DCSTAMP,,unlabeled
DCT,,unlabeled
DCTD,,unlabeled
DCTN1,,unlabeled
DCTN2,,unlabeled
DCTN3,,unlabeled
DCTN4,,unlabeled
DCTN5,,unlabeled
DCTN6,,unlabeled
DCTPP1,,unlabeled
DCUN1D1,,unlabeled
DCUN1D2,,unlabeled
DCUN1D3,,unlabeled
DCUN1D4,,unlabeled
DCUN1D5,,unlabeled
DCX,,unlabeled
DCXR,,unlabeled
DDA1,,unlabeled
DDAH1,,unlabeled
DDAH2,,unlabeled
DDB1,Approved,P
DDB2,,unlabeled
DDC,Phase 2,trial_heldout
DDHD1,,unlabeled
DDHD2,,unlabeled
DDI1,,unlabeled
DDI2,,unlabeled
DDIAS,,unlabeled
DDIT3,,unlabeled
DDIT4,,unlabeled
DDIT4L,,unlabeled
DDN,,unlabeled
DDO,,unlabeled
DDOST,,unlabeled
DDR1,,unlabeled
DDR2,Phase 2,trial_heldout
DDRGK1,,unlabeled
DDT,,unlabeled
DDTL,,unlabeled
DDX1,,unlabeled
DDX10,,unlabeled
DDX11,,unlabeled
DDX17,,unlabeled
DDX18,,unlabeled
DDX19A,,unlabeled
DDX19B,,unlabeled
DDX20,,unlabeled
DDX21,,unlabeled
DDX23,,unlabeled
DDX24,,unlabeled
DDX25,,unlabeled
DDX27,,unlabeled
DDX28,,unlabeled
DDX31,,unlabeled
DDX39A,,unlabeled
DDX39B,,unlabeled
DDX3X,,unlabeled
DDX3Y,,unlabeled
DDX4,,unlabeled
DDX41,,unlabeled
DDX42,,unlabeled
DDX43,,unlabeled
DDX46,,unlabeled
DDX47,,unlabeled
DDX49,,unlabeled
DDX5,,unlabeled
DDX50,,unlabeled
DDX51,,unlabeled
DDX52,,unlabeled
DDX53,,unlabeled
DDX54,,unlabeled
DDX55,,unlabeled
DDX56,,unlabeled
RIGI,,unlabeled
DDX59,,unlabeled
DDX6,,unlabeled
DDX60,,unlabeled
DDX60L,,unlabeled
DEAF1,,unlabeled
DECR1,,unlabeled
DECR2,,unlabeled
DEDD,,unlabeled
DEDD2,,unlabeled
DEF6,,unlabeled
DEF8,,unlabeled
DEFA3,,unlabeled
DEFA4,,unlabeled
DEFA5,,unlabeled
DEFA6,,unlabeled
DEFB1,,unlabeled
DEFB104A,,unlabeled
DEFB104B,,unlabeled
DEFB105A,,unlabeled
DEFB106A,,unlabeled
DEFB106B,,unlabeled
DEFB107A,,unlabeled
DEFB107B,,unlabeled
DEFB108B,,unlabeled
DEFB110,,unlabeled
DEFB112,,unlabeled
DEFB113,,unlabeled
DEFB114,,unlabeled
DEFB115,,unlabeled
DEFB116,,unlabeled
DEFB118,,unlabeled
DEFB119,,unlabeled
DEFB121,,unlabeled
DEFB123,,unlabeled
DEFB124,,unlabeled
DEFB125,,unlabeled
DEFB126,,unlabeled
DEFB127,,unlabeled
DEFB128,,unlabeled
DEFB129,,unlabeled
DEFB131A,,unlabeled
DEFB131B,,unlabeled
DEFB132,,unlabeled
DEFB134,,unlabeled
DEFB135,,unlabeled
DEFB136,,unlabeled
DEFB4A,,unlabeled
DEFB4B,,unlabeled
DEGS1,,unlabeled
DEGS2,,unlabeled
DEK,,unlabeled
DELE1,,unlabeled
DENND10,,unlabeled
DENND11,,unlabeled
DENND1A,,unlabeled
DENND1B,,unlabeled
DENND1C,,unlabeled
DENND2A,,unlabeled
DENND2B,,unlabeled
DENND2C,,unlabeled
DENND2D,,unlabeled
DENND3,,unlabeled
DENND4A,,unlabeled
DENND4B,,unlabeled
DENND4C,,unlabeled
DENND5A,,unlabeled
DENND5B,,unlabeled
DENND6A,,unlabeled
DENND6B,,unlabeled
DENR,,unlabeled
DEPDC1,,unlabeled
DEPDC1B,,unlabeled
DEPDC4,,unlabeled
DEPDC5,,unlabeled
DEPDC7,,unlabeled
DEPP1,,unlabeled
DEPTOR,,unlabeled
DERA,,unlabeled
DERL1,,unlabeled
DERL2,,unlabeled
DERL3,,unlabeled
DERPC,,unlabeled
DES,,unlabeled
DESI1,,unlabeled
DESI2,,unlabeled
DET1,,unlabeled
DEUP1,,unlabeled
DEXI,,unlabeled
DFFA,,unlabeled
DFFB,,unlabeled
DGAT1,,unlabeled
DGAT2,,unlabeled
DGAT2L6,,unlabeled
DGCR2,,unlabeled
DGCR6L,,unlabeled
DGCR8,,unlabeled
DGKA,,unlabeled
DGKB,,unlabeled
DGKD,,unlabeled
DGKE,,unlabeled
DGKG,,unlabeled
DGKH,,unlabeled
DGKI,,unlabeled
DGKK,,unlabeled
DGKQ,,unlabeled
DGKZ,,unlabeled
DGLUCY,,unlabeled
DGUOK,,unlabeled
DHCR24,,unlabeled
DHCR7,,unlabeled
DHDDS,,unlabeled
DHDH,,unlabeled
DHFR,Approved,P
DHFR2,,unlabeled
DHH,,unlabeled
DHODH,Approved,P
DHPS,,unlabeled
DHRS1,,unlabeled
DHRS11,,unlabeled
DHRS12,,unlabeled
DHRS13,,unlabeled
DHRS2,,unlabeled
DHRS3,,unlabeled
DHRS4,,unlabeled
DHRS4L2,,unlabeled
DHRS7,,unlabeled
DHRS7B,,unlabeled
DHRS7C,,unlabeled
DHRS9,,unlabeled
DHRSX,,unlabeled
DHTKD1,,unlabeled
DHX15,,unlabeled
DHX16,,unlabeled
DHX29,,unlabeled
DHX30,,unlabeled
DHX32,,unlabeled
DHX33,,unlabeled
DHX34,,unlabeled
DHX35,,unlabeled
DHX36,,unlabeled
DHX37,,unlabeled
DHX38,,unlabeled
DHX40,,unlabeled
DHX57,,unlabeled
DHX58,,unlabeled
DHX8,,unlabeled
DHX9,,unlabeled
DIABLO,,unlabeled
DIAPH1,,unlabeled
DIAPH2,,unlabeled
DIAPH3,,unlabeled
DICER1,,unlabeled
DIDO1,,unlabeled
DIMT1,,unlabeled
DIO1,Phase 3,trial_heldout
DIO2,,unlabeled
DIO3,,unlabeled
DIP2A,,unlabeled
DIP2B,,unlabeled
DIP2C,,unlabeled
DIPK1A,,unlabeled
DIPK1B,,unlabeled
DIPK1C,,unlabeled
DIPK2A,,unlabeled
DIPK2B,,unlabeled
DIRAS1,,unlabeled
DIRAS2,,unlabeled
DIRAS3,,unlabeled
DIS3,,unlabeled
DIS3L,,unlabeled
DIS3L2,,unlabeled
DISC1,,unlabeled
DISP1,,unlabeled
DISP2,,unlabeled
DISP3,,unlabeled
DIXDC1,,unlabeled
DKC1,,unlabeled
DKK1,Phase 2,trial_heldout
DKK2,,unlabeled
DKK3,,unlabeled
DKK4,,unlabeled
DKKL1,,unlabeled
DLAT,,unlabeled
DLC1,,unlabeled
DLD,,unlabeled
DLEC1,,unlabeled
DLEU7,,unlabeled
DLG1,,unlabeled
DLG2,,unlabeled
DLG3,,unlabeled
DLG4,,unlabeled
DLG5,,unlabeled
DLGAP1,,unlabeled
DLGAP2,,unlabeled
DLGAP3,,unlabeled
DLGAP4,,unlabeled
DLGAP5,,unlabeled
DLK1,,unlabeled
DLK2,,unlabeled
DLL1,,unlabeled
DLL3,,unlabeled
DLL4,,unlabeled
DLST,,unlabeled
DLX1,,unlabeled
DLX2,,unlabeled
DLX3,,unlabeled
DLX4,,unlabeled
DLX5,,unlabeled
DLX6,,unlabeled
DMAC1,,unlabeled
DMAC2,,unlabeled
DMAC2L,,unlabeled
DMAP1,,unlabeled
DMBT1,,unlabeled
DMBX1,,unlabeled
DMC1,,unlabeled
DMD,,unlabeled
DMGDH,,unlabeled
DMKN,,unlabeled
DMP1,,unlabeled
DMPK,,unlabeled
DMRT1,,unlabeled
DMRT2,,unlabeled
DMRT3,,unlabeled
DMRTA1,,unlabeled
DMRTA2,,unlabeled
DMRTB1,,unlabeled
DMRTC1,,unlabeled
DMRTC2,,unlabeled
DMTF1,,unlabeled
DMTN,,unlabeled
DMWD,,unlabeled
DMXL1,,unlabeled
DMXL2,,unlabeled
DNA2,,unlabeled
DNAAF1,,unlabeled
DNAAF10,,unlabeled
DNAAF11,,unlabeled
DNAAF2,,unlabeled
DNAAF3,,unlabeled
DNAAF4,,unlabeled
DNAAF5,,unlabeled
DNAAF6,,unlabeled
DNAAF8,,unlabeled
DNAAF9,,unlabeled
DNAH1,,unlabeled
DNAH10,,unlabeled
DNAH11,,unlabeled
DNAH12,,unlabeled
DNAH14,,unlabeled
DNAH17,,unlabeled
DNAH2,,unlabeled
DNAH3,,unlabeled
DNAH5,,unlabeled
DNAH6,,unlabeled
DNAH7,,unlabeled
DNAH8,,unlabeled
DNAH9,,unlabeled
DNAI1,,unlabeled
DNAI2,,unlabeled
DNAI3,,unlabeled
DNAI4,,unlabeled
DNAI7,,unlabeled
DNAJA1,,unlabeled
DNAJA2,,unlabeled
DNAJA3,,unlabeled
DNAJA4,,unlabeled
DNAJB1,,unlabeled
DNAJB11,,unlabeled
DNAJB12,,unlabeled
DNAJB13,,unlabeled
DNAJB14,,unlabeled
DNAJB2,,unlabeled
DNAJB4,,unlabeled
DNAJB5,,unlabeled
DNAJB6,,unlabeled
DNAJB7,,unlabeled
DNAJB8,,unlabeled
DNAJB9,,unlabeled
DNAJC1,,unlabeled
DNAJC10,,unlabeled
DNAJC11,,unlabeled
DNAJC12,,unlabeled
DNAJC13,,unlabeled
DNAJC14,,unlabeled
DNAJC15,,unlabeled
DNAJC16,,unlabeled
DNAJC17,,unlabeled
DNAJC18,,unlabeled
DNAJC19,,unlabeled
DNAJC2,,unlabeled
DNAJC21,,unlabeled
DNAJC22,,unlabeled
DNAJC24,,unlabeled
DNAJC25,,unlabeled
DNAJC25-GNG10,,unlabeled
DNAJC27,,unlabeled
DNAJC28,,unlabeled
DNAJC3,,unlabeled
DNAJC30,,unlabeled
DNAJC4,,unlabeled
DNAJC5,,unlabeled
DNAJC5B,,unlabeled
DNAJC5G,,unlabeled
DNAJC6,,unlabeled
DNAJC7,,unlabeled
DNAJC8,,unlabeled
DNAJC9,,unlabeled
DNAL1,,unlabeled
DNAL4,,unlabeled
DNALI1,,unlabeled
DNASE1,,unlabeled
DNASE1L1,,unlabeled
DNASE1L2,,unlabeled
DNASE1L3,,unlabeled
DNASE2,,unlabeled
DNASE2B,,unlabeled
DND1,,unlabeled
DNER,,unlabeled
DNHD1,,unlabeled
DNLZ,,unlabeled
DNM1,,unlabeled
DNM1L,,unlabeled
DNM2,,unlabeled
DNM3,,unlabeled
DNMBP,,unlabeled
DNMT1,Approved,P
DNMT3A,Approved,P
DNMT3B,,unlabeled
DNMT3L,,unlabeled
DNPEP,Phase 2,trial_heldout
DNPH1,,unlabeled
DNTT,,unlabeled
DNTTIP1,,unlabeled
DNTTIP2,,unlabeled
DOC2A,,unlabeled
DOC2B,,unlabeled
DOCK1,,unlabeled
DOCK10,,unlabeled
DOCK11,,unlabeled
DOCK2,,unlabeled
DOCK3,,unlabeled
DOCK4,,unlabeled
DOCK5,,unlabeled
DOCK6,,unlabeled
DOCK7,,unlabeled
DOCK8,,unlabeled
DOCK9,,unlabeled
DOHH,,unlabeled
DOK1,,unlabeled
DOK2,,unlabeled
DOK3,,unlabeled
DOK4,,unlabeled
DOK5,,unlabeled
DOK6,,unlabeled
DOK7,,unlabeled
DOLK,,unlabeled
DOLPP1,,unlabeled
DONSON,,unlabeled
DOP1A,,unlabeled
DOP1B,,unlabeled
DOT1L,,unlabeled
DPAGT1,,unlabeled
DPCD,,unlabeled
DPEP1,,unlabeled
DPEP2,,unlabeled
DPEP2NB,,unlabeled
DPEP3,,unlabeled
DPF1,,unlabeled
DPF2,,unlabeled
DPF3,,unlabeled
DPH1,,unlabeled
DPH2,,unlabeled
DPH3,,unlabeled
DPH5,,unlabeled
DPH6,,unlabeled
DPH7,,unlabeled
DPM1,,unlabeled
DPM2,,unlabeled
DPM3,,unlabeled
DPP10,,unlabeled
DPP3,,unlabeled
DPP4,Phase 3,trial_heldout
DPP6,,unlabeled
DPP7,,unlabeled
DPP8,,unlabeled
DPP9,,unlabeled
DPPA2,,unlabeled
DPPA3,,unlabeled
DPPA4,,unlabeled
DPPA5,,unlabeled
DPRX,,unlabeled
DPT,,unlabeled
DPY19L1,,unlabeled
DPY19L2,,unlabeled
DPY19L3,,unlabeled
DPY19L4,,unlabeled
DPY30,,unlabeled
DPYD,,unlabeled
DPYS,,unlabeled
DPYSL2,,unlabeled
DPYSL3,,unlabeled
DPYSL4,,unlabeled
DPYSL5,,unlabeled
DQX1,,unlabeled
DR1,,unlabeled
DRAM1,,unlabeled
DRAM2,,unlabeled
DRAP1,,unlabeled
DRAXIN,,unlabeled
DRC1,,unlabeled
DRC3,,unlabeled
DRC7,,unlabeled
DRD1,,unlabeled
DRD2,Approved,P
DRD3,Phase 2,trial_heldout
DRD4,Phase 2,trial_heldout
DRD5,,unlabeled
DRG1,,unlabeled
DRG2,,unlabeled
DRGX,,unlabeled
DRICH1,,unlabeled
DROSHA,,unlabeled
DRP2,,unlabeled
DSC1,,unlabeled
DSC2,,unlabeled
DSC3,,unlabeled
DSCAM,,unlabeled
DSCAML1,,unlabeled
DSCC1,,unlabeled
DSE,,unlabeled
DSEL,,unlabeled
DSG1,,unlabeled
DSG2,,unlabeled
DSG3,,unlabeled
DSG4,,unlabeled
DSN1,,unlabeled
DSP,,unlabeled
DSPP,,unlabeled
DST,,unlabeled
DSTN,,unlabeled
DSTYK,,unlabeled
DTD1,,unlabeled
DTD2,,unlabeled
DTHD1,,unlabeled
DTL,,unlabeled
DTNA,,unlabeled
DTNB,,unlabeled
DTNBP1,,unlabeled
DTWD1,,unlabeled
DTWD2,,unlabeled
DTX1,,unlabeled
DTX2,,unlabeled
DTX3,,unlabeled
DTX3L,,unlabeled
DTX4,,unlabeled
DTYMK,,unlabeled
DUOX1,,unlabeled
DUOX2,,unlabeled
DUOXA1,,unlabeled
DUOXA2,,unlabeled
DUS1L,,unlabeled
DUS2,,unlabeled
DUS3L,,unlabeled
DUS4L,,unlabeled
DUS4L-BCAP29,,unlabeled
DUSP1,,unlabeled
DUSP10,,unlabeled
DUSP11,,unlabeled
DUSP12,,unlabeled
DUSP13B,,unlabeled
DUSP14,,unlabeled
DUSP15,,unlabeled
DUSP16,,unlabeled
DUSP18,,unlabeled
DUSP19,,unlabeled
DUSP2,,unlabeled
DUSP21,,unlabeled
DUSP22,,unlabeled
DUSP23,,unlabeled
DUSP26,,unlabeled
DUSP28,,unlabeled
DUSP29,,unlabeled
DUSP3,,unlabeled
DUSP4,,unlabeled
DUSP5,,unlabeled
DUSP6,,unlabeled
DUSP7,,unlabeled
DUSP8,,unlabeled
DUSP9,,unlabeled
DUT,,unlabeled
DUX4,,unlabeled
DUXA,,unlabeled
DUXB,,unlabeled
DVL1,,unlabeled
DVL2,,unlabeled
DVL3,,unlabeled
DXO,,unlabeled
DYDC1,,unlabeled
DYDC2,,unlabeled
DYM,,unlabeled
DYNAP,,unlabeled
DYNC1H1,,unlabeled
DYNC1I1,,unlabeled
DYNC1I2,,unlabeled
DYNC1LI1,,unlabeled
DYNC1LI2,,unlabeled
DYNC2H1,,unlabeled
DYNC2I1,,unlabeled
DYNC2I2,,unlabeled
DYNC2LI1,,unlabeled
DYNLL1,,unlabeled
DYNLL2,,unlabeled
DYNLRB1,,unlabeled
DYNLRB2,,unlabeled
DYNLT1,,unlabeled
DYNLT2,,unlabeled
DYNLT2B,,unlabeled
DYNLT3,,unlabeled
DYNLT4,,unlabeled
DYNLT5,,unlabeled
DYRK1A,,unlabeled
DYRK1B,,unlabeled
DYRK2,,unlabeled
DYRK3,,unlabeled
DYRK4,,unlabeled
DYSF,,unlabeled
DYTN,,unlabeled
DZANK1,,unlabeled
DZIP1,,unlabeled
DZIP1L,,unlabeled
DZIP3,,unlabeled
E2F1,,unlabeled
E2F2,,unlabeled
E2F3,,unlabeled
E2F4,,unlabeled
E2F5,,unlabeled
E2F6,,unlabeled
E2F7,,unlabeled
E2F8,,unlabeled
E4F1,,unlabeled
EAF1,,unlabeled
EAF2,,unlabeled
EAPP,,unlabeled
EARS2,,unlabeled
EBAG9,,unlabeled
EBF1,,unlabeled
EBF2,,unlabeled
EBF3,,unlabeled
EBF4,,unlabeled
EBI3,,unlabeled
EBLN1,,unlabeled
EBLN2,,unlabeled
EBNA1BP2,,unlabeled
EBP,,unlabeled
EBPL,,unlabeled
ECD,,unlabeled
ECE1,,unlabeled
ECE2,,unlabeled
ECEL1,,unlabeled
ECH1,,unlabeled
ECHDC1,,unlabeled
ECHDC2,,unlabeled
ECHDC3,,unlabeled
ECHS1,,unlabeled
ECI1,,unlabeled
ECI2,,unlabeled
ECM1,,unlabeled
ECM2,,unlabeled
ECPAS,,unlabeled
ECRG4,,unlabeled
ECSCR,,unlabeled
ECSIT,,unlabeled
ECT2,,unlabeled
ECT2L,,unlabeled
EDA,,unlabeled
EDA2R,,unlabeled
EDAR,,unlabeled
EDARADD,,unlabeled
EDC3,,unlabeled
EDC4,,unlabeled
EDDM13,,unlabeled
EDDM3A,,unlabeled
EDDM3B,,unlabeled
EDEM1,,unlabeled
EDEM2,,unlabeled
EDEM3,,unlabeled
EDF1,,unlabeled
EDIL3,,unlabeled
EDN1,,unlabeled
EDN2,,unlabeled
EDN3,,unlabeled
EDNRA,Approved,P
EDNRB,Approved,P
EDRF1,,unlabeled
EEA1,,unlabeled
EED,,unlabeled
EEF1A1,,unlabeled
EEF1A2,Phase 3,trial_heldout
EEF1AKMT1,,unlabeled
EEF1AKMT2,,unlabeled
EEF1AKMT3,,unlabeled
EEF1AKMT4,,unlabeled
EEF1AKMT4-ECE2,,unlabeled
EEF1B2,,unlabeled
EEF1D,,unlabeled
EEF1E1,,unlabeled
EEF1E1-BLOC1S5,,unlabeled
EEF1G,,unlabeled
EEF2,Approved,P
EEF2K,,unlabeled
EEF2KMT,,unlabeled
EEFSEC,,unlabeled
EEPD1,,unlabeled
CLXN,,unlabeled
EFCAB10,,unlabeled
EFCAB11,,unlabeled
EFCAB12,,unlabeled
EFCAB13,,unlabeled
EFCAB14,,unlabeled
DRC8,,unlabeled
EFCAB3,,unlabeled
EFCAB5,,unlabeled
EFCAB6,,unlabeled
EFCAB7,,unlabeled
EFCAB8,,unlabeled
EFCAB9,,unlabeled
EFCC1,,unlabeled
EFEMP1,,unlabeled
EFEMP2,,unlabeled
EFHB,,unlabeled
EFHC1,,unlabeled
EFHC2,,unlabeled
EFHD1,,unlabeled
EFHD2,,unlabeled
EFL1,,unlabeled
EFNA1,,unlabeled
EFNA2,,unlabeled
EFNA3,,unlabeled
EFNA4,,unlabeled
EFNA5,,unlabeled
EFNB1,,unlabeled
EFNB2,Phase 2,trial_heldout
EFNB3,,unlabeled
EFR3A,,unlabeled
EFR3B,,unlabeled
EFS,,unlabeled
EFTUD2,,unlabeled
EGF,,unlabeled
EGFL6,,unlabeled
EGFL7,,unlabeled
EGFL8,,unlabeled
EGFLAM,,unlabeled
EGFR,Phase 3,trial_heldout
EGLN1,,unlabeled
EGLN2,,unlabeled
EGLN3,,unlabeled
EGR1,,unlabeled
EGR2,,unlabeled
EGR3,,unlabeled
EGR4,,unlabeled
EHBP1,,unlabeled
EHBP1L1,,unlabeled
EHD1,,unlabeled
EHD2,,unlabeled
EHD3,,unlabeled
EHD4,,unlabeled
EHF,,unlabeled
EHHADH,,unlabeled
EHMT1,,unlabeled
EHMT2,,unlabeled
EI24,,unlabeled
EID1,,unlabeled
EID2,,unlabeled
EID2B,,unlabeled
EID3,,unlabeled
EIF1,,unlabeled
EIF1AD,,unlabeled
EIF1AX,,unlabeled
EIF1AY,,unlabeled
EIF1B,,unlabeled
EIF2A,,unlabeled
EIF2AK1,,unlabeled
EIF2AK2,,unlabeled
EIF2AK3,,unlabeled
EIF2AK4,,unlabeled
EIF2B1,,unlabeled
EIF2B2,,unlabeled
EIF2B3,,unlabeled
EIF2B4,,unlabeled
EIF2B5,,unlabeled
EIF2D,,unlabeled
EIF2S1,,unlabeled
EIF2S2,,unlabeled
EIF2S3,,unlabeled
EIF2S3B,,unlabeled
EIF3A,,unlabeled
EIF3B,,unlabeled
EIF3C,,unlabeled
EIF3CL,,unlabeled
EIF3D,,unlabeled
EIF3E,,unlabeled
EIF3F,,unlabeled
EIF3G,,unlabeled
EIF3H,,unlabeled
EIF3I,,unlabeled
EIF3J,,unlabeled
EIF3K,,unlabeled
EIF3L,,unlabeled
EIF3M,,unlabeled
EIF4A1,,unlabeled
EIF4A2,,unlabeled
EIF4A3,,unlabeled
EIF4B,,unlabeled
EIF4E,,unlabeled
EIF4E1B,,unlabeled
EIF4E2,,unlabeled
EIF4E3,,unlabeled
EIF4EBP1,,unlabeled
EIF4EBP2,,unlabeled
EIF4EBP3,,unlabeled
EIF4ENIF1,,unlabeled
EIF4G1,,unlabeled
EIF4G2,,unlabeled
EIF4G3,,unlabeled
EIF4H,,unlabeled
EIF5,,unlabeled
EIF5A,,unlabeled
EIF5A2,,unlabeled
EIF5AL1,,unlabeled
EIF5B,,unlabeled
EIF6,,unlabeled
EIPR1,,unlabeled
ELAC1,,unlabeled
ELAC2,,unlabeled
ELANE,Phase 3,trial_heldout
ELAPOR1,,unlabeled
ELAPOR2,,unlabeled
ELAVL1,,unlabeled
ELAVL2,,unlabeled
ELAVL3,,unlabeled
ELAVL4,,unlabeled
ELF1,,unlabeled
ELF2,,unlabeled
ELF3,,unlabeled
ELF4,,unlabeled
ELF5,,unlabeled
ELFN1,,unlabeled
ELFN2,,unlabeled
ELK1,,unlabeled
ELK3,,unlabeled
ELK4,,unlabeled
ELL,,unlabeled
ELL2,,unlabeled
ELL3,,unlabeled
ELMO1,,unlabeled
ELMO2,,unlabeled
ELMO3,,unlabeled
ELMOD1,,unlabeled
ELMOD2,,unlabeled
ELMOD3,,unlabeled
ELN,,unlabeled
ELOA,,unlabeled
ELOA2,,unlabeled
ELOA3CP,,unlabeled
ELOB,,unlabeled
ELOC,,unlabeled
ELOF1,,unlabeled
ELOVL1,,unlabeled
ELOVL2,,unlabeled
ELOVL3,,unlabeled
ELOVL4,,unlabeled
ELOVL5,,unlabeled
ELOVL6,,unlabeled
ELOVL7,,unlabeled
ELP1,,unlabeled
ELP2,,unlabeled
ELP3,,unlabeled
ELP4,,unlabeled
ELP5,,unlabeled
ELP6,,unlabeled
ELSPBP1,,unlabeled
EMB,,unlabeled
EMC1,,unlabeled
EMC10,,unlabeled
EMC2,,unlabeled
EMC3,,unlabeled
EMC4,,unlabeled
EMC6,,unlabeled
EMC7,,unlabeled
EMC8,,unlabeled
EMC9,,unlabeled
EMCN,,unlabeled
EMD,,unlabeled
EME1,,unlabeled
EME2,,unlabeled
EMG1,,unlabeled
EMID1,,unlabeled
EMILIN1,,unlabeled
EMILIN2,,unlabeled
EMILIN3,,unlabeled
EML1,,unlabeled
EML2,,unlabeled
EML3,,unlabeled
EML4,Phase 2,trial_heldout
EML5,,unlabeled
EML6,,unlabeled
EMP1,,unlabeled
EMP2,,unlabeled
EMP3,,unlabeled
EMSY,,unlabeled
EMX1,,unlabeled
EMX2,,unlabeled
EN1,,unlabeled
EN2,,unlabeled
ENAH,,unlabeled
ENAM,,unlabeled
ENC1,,unlabeled
ENDOD1,,unlabeled
ENDOG,,unlabeled
ENDOU,,unlabeled
ENDOV,,unlabeled
ENG,,unlabeled
ENGASE,,unlabeled
ENHO,,unlabeled
ENKD1,,unlabeled
ENKUR,,unlabeled
ENO1,,unlabeled
ENO2,,unlabeled
ENO3,,unlabeled
ENO4,,unlabeled
ENOPH1,,unlabeled
ENOSF1,,unlabeled
ENOX1,,unlabeled
ENOX2,,unlabeled
ENPEP,Phase 2,trial_heldout
ENPP1,,unlabeled
ENPP2,Phase 2,trial_heldout
ENPP3,,unlabeled
ENPP4,,unlabeled
ENPP5,,unlabeled
ENPP6,,unlabeled
ENPP7,,unlabeled
ENSA,,unlabeled
ENTHD1,,unlabeled
ENTPD1,,unlabeled
ENTPD2,,unlabeled
ENTPD3,,unlabeled
ENTPD4,,unlabeled
ENTPD5,,unlabeled
ENTPD6,,unlabeled
ENTPD7,,unlabeled
ENTPD8,,unlabeled
ENTR1,,unlabeled
ENY2,,unlabeled
EOGT,,unlabeled
EOLA1,,unlabeled
EOLA2,,unlabeled
EOMES,,unlabeled
EP300,,unlabeled
EP400,,unlabeled
EPAS1,,unlabeled
EPB41,,unlabeled
EPB41L1,,unlabeled
EPB41L2,,unlabeled
EPB41L3,,unlabeled
EPB41L4A,,unlabeled
EPB41L4B,,unlabeled
EPB41L5,,unlabeled
EPB42,,unlabeled
EPC1,,unlabeled
EPC2,,unlabeled
EPCAM,Phase 2,trial_heldout
EPDR1,,unlabeled
EPG5,,unlabeled
EPGN,,unlabeled
EPHA1,Phase 2,trial_heldout
EPHA10,Phase 2,trial_heldout
EPHA2,Approved,P
EPHA3,Phase 2,trial_heldout
EPHA4,Phase 2,trial_heldout
EPHA5,Phase 2,trial_heldout
EPHA6,Phase 2,trial_heldout
EPHA7,Phase 2,trial_heldout
EPHA8,Phase 2,trial_heldout
EPHB1,Phase 2,trial_heldout
EPHB2,Phase 2,trial_heldout
EPHB3,Phase 2,trial_heldout
EPHB4,Phase 2,trial_heldout
EPHB6,,unlabeled
EPHX1,,unlabeled
EPHX2,,unlabeled
EPHX3,,unlabeled
EPHX4,,unlabeled
EPM2A,,unlabeled
EPM2AIP1,,unlabeled
EPN1,,unlabeled
EPN2,,unlabeled
EPN3,,unlabeled
EPO,,unlabeled
EPOP,,unlabeled
EPOR,Phase 3,trial_heldout
EPPIN,,unlabeled
EPPIN-WFDC6,,unlabeled
EPPK1,,unlabeled
EPRS1,,unlabeled
EPS15,,unlabeled
EPS15L1,,unlabeled
EPS8,,unlabeled
EPS8L1,,unlabeled
EPS8L2,,unlabeled
EPS8L3,,unlabeled
EPSTI1,,unlabeled
EPX,,unlabeled
EPYC,,unlabeled
EQTN,,unlabeled
ERAL1,,unlabeled
ERAP1,Phase 2,trial_heldout
ERAP2,Phase 2,trial_heldout
ERAS,,unlabeled
ERBB2,Phase 2,trial_heldout
ERBB3,Phase 2,trial_heldout
ERBB4,Phase 2,trial_heldout
ERBIN,,unlabeled
ERC1,,unlabeled
ERC2,,unlabeled
ERCC1,,unlabeled
ERCC2,,unlabeled
ERCC3,,unlabeled
ERCC4,,unlabeled
ERCC5,,unlabeled
ERCC6,,unlabeled
ERCC6L,,unlabeled
ERCC6L2,,unlabeled
ERCC8,,unlabeled
EREG,,unlabeled
ERF,,unlabeled
ERFE,,unlabeled
ERFL,,unlabeled
ERG,,unlabeled
ERG28,,unlabeled
ERGIC1,,unlabeled
ERGIC2,,unlabeled
ERGIC3,,unlabeled
ERH,,unlabeled
ERI1,,unlabeled
ERI2,,unlabeled
ERI3,,unlabeled
ERICH1,,unlabeled
ERICH2,,unlabeled
ERICH3,,unlabeled
ERICH4,,unlabeled
ERICH5,,unlabeled
ERICH6,,unlabeled
ERICH6B,,unlabeled
ERLEC1,,unlabeled
ERLIN1,,unlabeled
ERLIN2,,unlabeled
ERMAP,,unlabeled
ERMARD,,unlabeled
ERMN,,unlabeled
ERMP1,,unlabeled
ERN1,,unlabeled
ERN2,,unlabeled
ERO1A,,unlabeled
ERO1B,,unlabeled
ERP27,,unlabeled
ERP29,,unlabeled
ERP44,,unlabeled
ERRFI1,,unlabeled
ERV3-1,,unlabeled
ERVFRD-1,,unlabeled
ERVH48-1,,unlabeled
ERVMER34-1,,unlabeled
ERVV-1,,unlabeled
ERVV-2,,unlabeled
ERVW-1,Phase 2,trial_heldout
ESAM,,unlabeled
ESCO1,,unlabeled
ESCO2,,unlabeled
ESD,,unlabeled
ESF1,,unlabeled
ESM1,,unlabeled
ESPL1,,unlabeled
ESPN,,unlabeled
ESPNL,,unlabeled
ESR1,Phase 3,trial_heldout
ESR2,Phase 3,trial_heldout
ESRP1,,unlabeled
ESRP2,,unlabeled
ESRRA,,unlabeled
ESRRB,,unlabeled
ESRRG,,unlabeled
ESS2,,unlabeled
ESX1,,unlabeled
ESYT1,,unlabeled
ESYT2,,unlabeled
ESYT3,,unlabeled
ETAA1,,unlabeled
ETF1,,unlabeled
ETFA,,unlabeled
ETFB,,unlabeled
ETFBKMT,,unlabeled
ETFDH,,unlabeled
ETFRF1,,unlabeled
ETHE1,,unlabeled
ETNK1,,unlabeled
ETNK2,,unlabeled
ETNPPL,,unlabeled
ETS1,,unlabeled
ETS2,,unlabeled
ETV1,,unlabeled
ETV2,,unlabeled
ETV3,,unlabeled
ETV3L,,unlabeled
ETV4,,unlabeled
ETV5,,unlabeled
ETV6,,unlabeled
ETV7,,unlabeled
EVA1A,,unlabeled
EVA1B,,unlabeled
EVA1C,,unlabeled
EVC,,unlabeled
EVC2,,unlabeled
EVI2A,,unlabeled
EVI2B,,unlabeled
EVI5,,unlabeled
EVI5L,,unlabeled
EVL,,unlabeled
EVPL,,unlabeled
EVPLL,,unlabeled
EVX1,,unlabeled
EVX2,,unlabeled
EWSR1,,unlabeled
EXD1,,unlabeled
EXD2,,unlabeled
EXD3,,unlabeled
EXO1,,unlabeled
EXO5,,unlabeled
EXOC1,,unlabeled
EXOC1L,,unlabeled
EXOC2,,unlabeled
EXOC3,,unlabeled
EXOC3L1,,unlabeled
EXOC3L2,,unlabeled
EXOC3L4,,unlabeled
EXOC4,,unlabeled
EXOC5,,unlabeled
EXOC6,,unlabeled
EXOC6B,,unlabeled
EXOC7,,unlabeled
EXOC8,,unlabeled
EXOG,,unlabeled
EXOSC1,,unlabeled
EXOSC10,,unlabeled
EXOSC2,,unlabeled
EXOSC3,,unlabeled
EXOSC4,,unlabeled
EXOSC5,,unlabeled
EXOSC6,,unlabeled
EXOSC7,,unlabeled
EXOSC8,,unlabeled
EXOSC9,,unlabeled
EXPH5,,unlabeled
EXT1,,unlabeled
EXT2,,unlabeled
EXTL1,,unlabeled
EXTL2,,unlabeled
EXTL3,,unlabeled
EYA1,,unlabeled
EYA2,,unlabeled
EYA3,,unlabeled
EYA4,,unlabeled
EYS,,unlabeled
EZH1,,unlabeled
EZH2,Approved,P
EZHIP,,unlabeled
EZR,,unlabeled
F10,Phase 3,trial_heldout
F11,,unlabeled
F11R,,unlabeled
F12,,unlabeled
F13A1,Phase 2,trial_heldout
F13B,,unlabeled
F2,Phase 2,trial_heldout
F2R,,unlabeled
F2RL1,,unlabeled
F2RL2,,unlabeled
F2RL3,,unlabeled
F3,,unlabeled
F5,,unlabeled
F7,,unlabeled
F8,,unlabeled
F8A1,,unlabeled
F9,Approved,P
FA2H,,unlabeled
FAAH,Approved,P
FAAH2,,unlabeled
FAAP100,,unlabeled
FAAP20,,unlabeled
FAAP24,,unlabeled
FABP1,,unlabeled
FABP12,,unlabeled
FABP2,,unlabeled
FABP3,,unlabeled
FABP4,,unlabeled
FABP5,,unlabeled
FABP6,,unlabeled
FABP7,,unlabeled
FABP9,,unlabeled
FADD,,unlabeled
FADS1,,unlabeled
FADS2,,unlabeled
FADS3,,unlabeled
FADS6,,unlabeled
FAF1,,unlabeled
FAF2,,unlabeled
FAH,,unlabeled
FAHD1,,unlabeled
FAHD2A,,unlabeled
FAHD2B,,unlabeled
FAIM,,unlabeled
FAIM2,,unlabeled
EEIG1,,unlabeled
EEIG2,,unlabeled
VCF1,,unlabeled
VCF2,,unlabeled
FAM107A,,unlabeled
FAM107B,,unlabeled
FAM110A,,unlabeled
FAM110B,,unlabeled
FAM110C,,unlabeled
FAM110D,,unlabeled
FAM111A,,unlabeled
FAM111B,,unlabeled
FAM114A1,,unlabeled
FAM114A2,,unlabeled
FAM117A,,unlabeled
FAM117B,,unlabeled
SIRAL2,,unlabeled
SIRAL1,,unlabeled
FAM120A,,unlabeled
FAM120AOS,,unlabeled
FAM120B,,unlabeled
FAM120C,,unlabeled
FAM124A,,unlabeled
FAM124B,,unlabeled
HYCC1,,unlabeled
HYCC2,,unlabeled
FAM131A,,unlabeled
FAM131B,,unlabeled
FAM131C,,unlabeled
FAM133A,,unlabeled
FAM133B,,unlabeled
FAM135A,,unlabeled
FAM135B,,unlabeled
TIMCC,,unlabeled
FAM13A,,unlabeled
FAM13B,,unlabeled
FAM13C,,unlabeled
FAM149A,,unlabeled
FAM149B1,,unlabeled
FAM151A,,unlabeled
FAM151B,,unlabeled
FAM153A,,unlabeled
FAM153B,,unlabeled
FAM161A,,unlabeled
FAM161B,,unlabeled
FAM162A,,unlabeled
FAM162B,,unlabeled
FAM163A,,unlabeled
FAM163B,,unlabeled
CIMIP2A,,unlabeled
CIMIP2B,,unlabeled
CIMIP2C,,unlabeled
FAM167A,,unlabeled
FAM167B,,unlabeled
FAM168A,,unlabeled
FAM168B,,unlabeled
FAM169A,,unlabeled
FAM170A,,unlabeled
FAM170B,,unlabeled
FAM171A1,,unlabeled
FAM171A2,,unlabeled
FAM171B,,unlabeled
ARB2A,,unlabeled
FAM174A,,unlabeled
FAM174B,,unlabeled
FAM174C,,unlabeled
FAM177A1,,unlabeled
FAM177B,,unlabeled
FAM178B,,unlabeled
FAM180A,,unlabeled
FAM180B,,unlabeled
FAM181A,,unlabeled
FAM181B,,unlabeled
CFAP144,,unlabeled
FAM184A,,unlabeled
FAM184B,,unlabeled
FAM185A,,unlabeled
FAM186A,,unlabeled
FAM186B,,unlabeled
FAM187A,,unlabeled
FAM187B,,unlabeled
ENTREP2,,unlabeled
ENTREP1,,unlabeled
ENTREP3,,unlabeled
FAM193A,,unlabeled
FAM193B,,unlabeled
FAM199X,,unlabeled
ZBED8L,,unlabeled
ZBED11,,unlabeled
FAM204A,,unlabeled
SPATA31F1,,unlabeled
SPATA31F3,,unlabeled
FAM209A,,unlabeled
FAM209B,,unlabeled
FAM20A,,unlabeled
FAM20B,,unlabeled
FAM20C,,unlabeled
MIMS1,,unlabeled
MIMS2,,unlabeled
ATOSA,,unlabeled
ATOSB,,unlabeled
FAM216A,,unlabeled
FAM216B,,unlabeled
FAM217A,,unlabeled
FAM217B,,unlabeled
FAM219A,,unlabeled
FAM219B,,unlabeled
FAM220A,,unlabeled
FAM221A,,unlabeled
FAM221B,,unlabeled
FAM222A,,unlabeled
FAM222B,,unlabeled
FAM227A,,unlabeled
FAM227B,,unlabeled
FAM228A,,unlabeled
FAM228B,,unlabeled
FAM229A,,unlabeled
FAM229B,,unlabeled
FAM234A,,unlabeled
FAM234B,,unlabeled
FAM236C,,unlabeled
FAM236D,,unlabeled
FAM237A,,unlabeled
FAM240A,,unlabeled
FAM240C,,unlabeled
FAM241A,,unlabeled
FAM241B,,unlabeled
FAM24A,,unlabeled
FAM24B,,unlabeled
FAM25A,,unlabeled
FAM25C,,unlabeled
FAM25G,,unlabeled
FAM32A,,unlabeled
FAM3A,,unlabeled
FAM3B,,unlabeled
FAM3C,,unlabeled
FAM3D,,unlabeled
FAM43A,,unlabeled
FAM43B,,unlabeled
FAM47A,,unlabeled
FAM47B,,unlabeled
FAM47C,,unlabeled
FAM47E,,unlabeled
FAM47E-STBD1,,unlabeled
FAM50A,,unlabeled
FAM50B,,unlabeled
FAM53A,,unlabeled
FAM53B,,unlabeled
FAM53C,,unlabeled
GARIN4,,unlabeled
GARIN3,,unlabeled
GARIN6,,unlabeled
GARIN2,,unlabeled
GARIN5A,,unlabeled
GARIN5B,,unlabeled
GARIN1B,,unlabeled
GARIN1A,,unlabeled
RUMY1,,unlabeled
RUMY2,,unlabeled
RUMY3,,unlabeled
RUMY4,,unlabeled
FAM76A,,unlabeled
FAM76B,,unlabeled
FAM78A,,unlabeled
FAM78B,,unlabeled
FAM81A,,unlabeled
FAM81B,,unlabeled
SACK1A,,unlabeled
SACK1B,,unlabeled
SACK1C,,unlabeled
SACK1D,,unlabeled
SACK1E,,unlabeled
SACK1F,,unlabeled
SACK1G,,unlabeled
SACK1H,,unlabeled
FAM86B1,,unlabeled
FAM86B2,,unlabeled
FAM89A,,unlabeled
FAM89B,,unlabeled
FAM8A1,,unlabeled
FAM90A1,,unlabeled
FAM90A10,,unlabeled
FAM90A14,,unlabeled
FAM90A22,,unlabeled
FAM90A23,,unlabeled
FAM91A1,,unlabeled
FAM95C,,unlabeled
TSLIG3A,,unlabeled
TSLIG3B,,unlabeled
TSLIG3C,,unlabeled
FAM9A,,unlabeled
FAM9B,,unlabeled
FAM9C,,unlabeled
FAN1,,unlabeled
FANCA,,unlabeled
FANCB,,unlabeled
FANCC,,unlabeled
FANCD2,,unlabeled
FANCD2OS,,unlabeled
FANCE,,unlabeled
FANCF,,unlabeled
FANCG,,unlabeled
FANCI,,unlabeled
FANCL,,unlabeled
FANCM,,unlabeled
FANK1,,unlabeled
FAP,,unlabeled
FAR1,,unlabeled
FAR2,,unlabeled
FARP1,,unlabeled
FARP2,,unlabeled
FARS2,,unlabeled
FARSA,,unlabeled
FARSB,,unlabeled
FAS,,unlabeled
FASLG,,unlabeled
FASN,,unlabeled
FASTK,,unlabeled
FASTKD1,,unlabeled
FASTKD2,,unlabeled
FASTKD3,,unlabeled
FASTKD5,,unlabeled
FAT1,,unlabeled
FAT2,,unlabeled
FAT3,,unlabeled
FAT4,,unlabeled
FATE1,,unlabeled
FAU,Phase 2,trial_heldout
FAXC,,unlabeled
FAXDC2,,unlabeled
FBF1,,unlabeled
FBH1,,unlabeled
FBL,,unlabeled
FBLIM1,,unlabeled
FBLL1,,unlabeled
FBLN1,,unlabeled
FBLN2,,unlabeled
FBLN5,,unlabeled
FBLN7,,unlabeled
FBN1,,unlabeled
FBN2,,unlabeled
FBN3,,unlabeled
FBP1,,unlabeled
FBP2,,unlabeled
FBRS,,unlabeled
FBRSL1,,unlabeled
FBXL12,,unlabeled
FBXL13,,unlabeled
FBXL14,,unlabeled
FBXL15,,unlabeled
FBXL16,,unlabeled
FBXL17,,unlabeled
FBXL18,,unlabeled
FBXL19,,unlabeled
FBXL2,,unlabeled
FBXL20,,unlabeled
FBXL22,,unlabeled
FBXL3,,unlabeled
FBXL4,,unlabeled
FBXL5,,unlabeled
FBXL6,,unlabeled
FBXL7,,unlabeled
FBXL8,,unlabeled
FBXO10,,unlabeled
FBXO11,,unlabeled
FBXO15,,unlabeled
FBXO16,,unlabeled
FBXO17,,unlabeled
FBXO2,,unlabeled
FBXO21,,unlabeled
FBXO22,,unlabeled
FBXO24,,unlabeled
FBXO25,,unlabeled
FBXO27,,unlabeled
FBXO28,,unlabeled
FBXO3,,unlabeled
FBXO30,,unlabeled
FBXO31,,unlabeled
FBXO32,,unlabeled
FBXO33,,unlabeled
FBXO34,,unlabeled
FBXO36,,unlabeled
FBXO38,,unlabeled
FBXO39,,unlabeled
FBXO4,,unlabeled
FBXO40,,unlabeled
FBXO41,,unlabeled
FBXO42,,unlabeled
FBXO43,,unlabeled
FBXO44,,unlabeled
FBXO45,,unlabeled
FBXO46,,unlabeled
FBXO47,,unlabeled
FBXO48,,unlabeled
FBXO5,,unlabeled
FBXO6,,unlabeled
FBXO7,,unlabeled
FBXO8,,unlabeled
FBXO9,,unlabeled
FBXW10,,unlabeled
FBXW11,,unlabeled
FBXW12,,unlabeled
FBXW2,,unlabeled
FBXW4,,unlabeled
FBXW5,,unlabeled
FBXW7,,unlabeled
FBXW8,,unlabeled
FBXW9,,unlabeled
FCAMR,,unlabeled
FCAR,,unlabeled
FCER1A,,unlabeled
FCER1G,,unlabeled
FCER2,Phase 2,trial_heldout
FCF1,,unlabeled
FCGBP,,unlabeled
FCGR1A,,unlabeled
FCGR1BP,,unlabeled
FCGR2A,,unlabeled
FCGR2B,Phase 3,trial_heldout
FCGR2C,,unlabeled
FCGR3A,,unlabeled
FCGR3B,,unlabeled
FCGRT,Approved,P
FCHO1,,unlabeled
FCHO2,,unlabeled
FCHSD1,,unlabeled
FCHSD2,,unlabeled
FCMR,,unlabeled
FCN1,,unlabeled
FCN2,,unlabeled
FCN3,,unlabeled
FCRL1,,unlabeled
FCRL2,,unlabeled
FCRL3,,unlabeled
FCRL4,,unlabeled
FCRL5,Phase 1,trial_heldout
FCRL6,,unlabeled
FCRLA,,unlabeled
FCRLB,,unlabeled
FCSK,,unlabeled
FDCSP,,unlabeled
FDFT1,,unlabeled
FDPS,Approved,P
FDX1,,unlabeled
FDX2,,unlabeled
FDXACB1,,unlabeled
FDXR,,unlabeled
FECH,,unlabeled
FEM1A,,unlabeled
FEM1B,,unlabeled
FEM1C,,unlabeled
FEN1,,unlabeled
FER,,unlabeled
FER1L5,,unlabeled
FER1L6,,unlabeled
FERD3L,,unlabeled
FERMT1,,unlabeled
FERMT2,,unlabeled
FERMT3,,unlabeled
FES,,unlabeled
FETUB,,unlabeled
FEV,,unlabeled
FEZ1,,unlabeled
FEZ2,,unlabeled
FEZF1,,unlabeled
FEZF2,,unlabeled
FFAR1,,unlabeled
FFAR2,Phase 2,trial_heldout
FFAR3,,unlabeled
FFAR4,,unlabeled
FGA,,unlabeled
FGB,,unlabeled
FGD1,,unlabeled
FGD2,,unlabeled
FGD3,,unlabeled
FGD4,,unlabeled
FGD5,,unlabeled
FGD6,,unlabeled
FGF1,Phase 2,trial_heldout
FGF10,,unlabeled
FGF11,,unlabeled
FGF12,,unlabeled
FGF13,,unlabeled
FGF14,,unlabeled
FGF16,,unlabeled
FGF17,,unlabeled
FGF18,,unlabeled
FGF19,,unlabeled
FGF2,,unlabeled
FGF20,,unlabeled
FGF21,,unlabeled
FGF22,,unlabeled
FGF23,,unlabeled
FGF3,,unlabeled
FGF4,,unlabeled
FGF5,,unlabeled
FGF6,,unlabeled
FGF7,,unlabeled
FGF8,,unlabeled
FGF9,,unlabeled
FGFBP1,,unlabeled
FGFBP2,,unlabeled
FGFBP3,,unlabeled
FGFR1,Approved,P
FGFR1OP2,,unlabeled
FGFR2,Approved,P
FGFR3,Approved,P
FGFR4,Approved,P
FGFRL1,,unlabeled
FGG,,unlabeled
FGGY,,unlabeled
FGL1,,unlabeled
FGL2,,unlabeled
FGR,Approved,P
FH,,unlabeled
FHAD1,,unlabeled
FHDC1,,unlabeled
FHIP1A,,unlabeled
FHIP1B,,unlabeled
FHIP2A,,unlabeled
FHIP2B,,unlabeled
FHIT,,unlabeled
FHL1,,unlabeled
FHL2,,unlabeled
FHL3,,unlabeled
FHL5,,unlabeled
FHOD1,,unlabeled
FHOD3,,unlabeled
FIBCD1,,unlabeled
FIBIN,,unlabeled
FIBP,,unlabeled
FICD,,unlabeled
FIG4,,unlabeled
FIGLA,,unlabeled
FIGN,,unlabeled
FIGNL1,,unlabeled
FIGNL2,,unlabeled
FILIP1,,unlabeled
FILIP1L,,unlabeled
FIP1L1,,unlabeled
FIS1,,unlabeled
FITM1,,unlabeled
FITM2,,unlabeled
FIZ1,,unlabeled
FJX1,,unlabeled
FKBP10,,unlabeled
FKBP11,,unlabeled
FKBP14,,unlabeled
FKBP15,,unlabeled
FKBP1A,Approved,P
FKBP1B,,unlabeled
FKBP1C,,unlabeled
FKBP2,,unlabeled
FKBP3,,unlabeled
FKBP4,,unlabeled
FKBP5,,unlabeled
FKBP6,,unlabeled
FKBP7,,unlabeled
FKBP8,,unlabeled
FKBP9,,unlabeled
FKBPL,,unlabeled
FKRP,,unlabeled
FKTN,,unlabeled
FLACC1,,unlabeled
FLAD1,,unlabeled
FLCN,,unlabeled
FLG,,unlabeled
FLG2,,unlabeled
FLI1,,unlabeled
FLII,,unlabeled
FLNA,,unlabeled
FLNB,,unlabeled
FLNC,,unlabeled
FLOT1,,unlabeled
FLOT2,,unlabeled
FLRT1,,unlabeled
FLRT2,,unlabeled
FLRT3,,unlabeled
FLT1,Approved,P
FLT3,Approved,P
FLT3LG,,unlabeled
FLT4,Approved,P
FLVCR1,,unlabeled
FLVCR2,,unlabeled
FLYWCH1,,unlabeled
FLYWCH2,,unlabeled
FMC1,,unlabeled
FMC1-LUC7L2,,unlabeled
FMN1,,unlabeled
FMN2,,unlabeled
FMNL1,,unlabeled
FMNL2,,unlabeled
FMNL3,,unlabeled
FMO1,,unlabeled
FMO2,,unlabeled
FMO3,,unlabeled
FMO4,,unlabeled
FMO5,,unlabeled
FMOD,,unlabeled
FMR1,,unlabeled
FMR1NB,,unlabeled
FN1,Phase 2,trial_heldout
FN3K,,unlabeled
FN3KRP,,unlabeled
FNBP1,,unlabeled
FNBP1L,,unlabeled
FNBP4,,unlabeled
FNDC1,,unlabeled
FNDC10,,unlabeled
FNDC11,,unlabeled
FNDC3A,,unlabeled
FNDC3B,,unlabeled
FNDC4,,unlabeled
FNDC5,,unlabeled
FNDC7,,unlabeled
FNDC8,,unlabeled
FNDC9,,unlabeled
FNIP1,,unlabeled
FNIP2,,unlabeled
FNTA,Phase 3,trial_heldout
FNTB,Phase 3,trial_heldout
FOCAD,,unlabeled
FOLH1,Phase 1,trial_heldout
FOLR1,,unlabeled
FOLR2,,unlabeled
FOLR3,,unlabeled
FOS,,unlabeled
FOSB,,unlabeled
FOSL1,,unlabeled
FOSL2,,unlabeled
FOXA1,,unlabeled
FOXA2,,unlabeled
FOXA3,,unlabeled
FOXB1,,unlabeled
FOXB2,,unlabeled
FOXC1,,unlabeled
FOXC2,,unlabeled
FOXD1,,unlabeled
FOXD2,,unlabeled
FOXD3,,unlabeled
FOXD4,,unlabeled
FOXD4L1,,unlabeled
FOXD4L3,,unlabeled
FOXD4L4,,unlabeled
FOXD4L5,,unlabeled
FOXD4L6,,unlabeled
FOXE1,,unlabeled
FOXE3,,unlabeled
FOXF1,,unlabeled
FOXF2,,unlabeled
FOXG1,,unlabeled
FOXH1,,unlabeled
FOXI1,,unlabeled
FOXI2,,unlabeled
FOXI3,,unlabeled
FOXJ1,,unlabeled
FOXJ2,,unlabeled
FOXJ3,,unlabeled
FOXK1,,unlabeled
FOXK2,,unlabeled
FOXL1,,unlabeled
FOXL2,,unlabeled
FOXL2NB,,unlabeled
FOXL3,,unlabeled
FOXM1,,unlabeled
FOXN1,,unlabeled
FOXN2,,unlabeled
FOXN3,,unlabeled
FOXN4,,unlabeled
FOXO1,,unlabeled
FOXO3,,unlabeled
FOXO3B,,unlabeled
FOXO4,,unlabeled
FOXO6,,unlabeled
FOXP1,,unlabeled
FOXP2,,unlabeled
FOXP3,,unlabeled
FOXP4,,unlabeled
FOXQ1,,unlabeled
FOXR1,,unlabeled
FOXR2,,unlabeled
FOXRED1,,unlabeled
FOXRED2,,unlabeled
FOXS1,,unlabeled
FPGS,,unlabeled
FPGT,,unlabeled
FPGT-TNNI3K,,unlabeled
FPR1,,unlabeled
FPR2,,unlabeled
FPR3,,unlabeled
FRA10AC1,,unlabeled
FRAS1,,unlabeled
FRAT1,,unlabeled
FRAT2,,unlabeled
FREM1,,unlabeled
FREM2,,unlabeled
FREM3,,unlabeled
FRG1,,unlabeled
FRG2,,unlabeled
FRG2B,,unlabeled
FRG2C,,unlabeled
FRK,Approved,P
FRMD1,,unlabeled
FRMD3,,unlabeled
FRMD4A,,unlabeled
FRMD4B,,unlabeled
FRMD5,,unlabeled
FRMD6,,unlabeled
FRMD7,,unlabeled
FRMD8,,unlabeled
FRMPD1,,unlabeled
FRMPD2,,unlabeled
FRMPD3,,unlabeled
FRMPD4,,unlabeled
FRRS1,,unlabeled
FRRS1L,,unlabeled
FRS2,,unlabeled
FRS3,,unlabeled
FRY,,unlabeled
FRYL,,unlabeled
FRZB,,unlabeled
FSBP,,unlabeled
FSCB,,unlabeled
FSCN1,,unlabeled
FSCN2,,unlabeled
FSCN3,,unlabeled
FSD1,,unlabeled
FSD1L,,unlabeled
FSD2,,unlabeled
FSHB,,unlabeled
FSHR,,unlabeled
FSIP1,,unlabeled
FSIP2,,unlabeled
FST,,unlabeled
FSTL1,,unlabeled
FSTL3,,unlabeled
FSTL4,,unlabeled
FSTL5,,unlabeled
FTCD,,unlabeled
FTCDNL1,,unlabeled
FTH1,,unlabeled
FTHL17,,unlabeled
FTL,,unlabeled
FTMT,,unlabeled
FTO,Phase 2,trial_heldout
FTSJ1,,unlabeled
FTSJ3,,unlabeled
FUBP1,,unlabeled
FUBP3,,unlabeled
FUCA1,,unlabeled
FUCA2,,unlabeled
FUNDC1,,unlabeled
FUNDC2,,unlabeled
FUOM,,unlabeled
FURIN,,unlabeled
FUS,,unlabeled
FUT1,,unlabeled
POFUT3,,unlabeled
POFUT4,,unlabeled
FUT2,,unlabeled
FUT3,,unlabeled
FUT4,,unlabeled
FUT5,,unlabeled
FUT6,,unlabeled
FUT7,,unlabeled
FUT8,,unlabeled
FUT9,,unlabeled
FUZ,,unlabeled
FXN,,unlabeled
FXR1,,unlabeled
FXR2,,unlabeled
FXYD1,,unlabeled
FXYD2,Phase 2,trial_heldout
FXYD3,,unlabeled
FXYD4,,unlabeled
FXYD5,,unlabeled
FXYD6,,unlabeled
FXYD6-FXYD2,,unlabeled
FXYD7,,unlabeled
FYB1,,unlabeled
FYB2,,unlabeled
FYCO1,,unlabeled
FYN,Approved,P
FYTTD1,,unlabeled
FZD1,,unlabeled
FZD10,,unlabeled
FZD2,,unlabeled
FZD3,,unlabeled
FZD4,,unlabeled
FZD5,,unlabeled
FZD6,,unlabeled
FZD7,,unlabeled
FZD8,,unlabeled
FZD9,,unlabeled
FZR1,,unlabeled
G0S2,,unlabeled
G2E3,,unlabeled
G3BP1,,unlabeled
G3BP2,,unlabeled
G6PC1,,unlabeled
G6PC2,,unlabeled
G6PC3,,unlabeled
G6PD,,unlabeled
GAA,Phase 3,trial_heldout
GAB1,,unlabeled
GAB2,,unlabeled
GAB3,,unlabeled
GAB4,,unlabeled
GABARAP,,unlabeled
GABARAPL1,,unlabeled
GABARAPL2,,unlabeled
GABBR1,Approved,P
GABBR2,Approved,P
GABPA,,unlabeled
GABPB1,,unlabeled
GABPB2,,unlabeled
GABRA1,Phase 3,trial_heldout
GABRA2,Phase 3,trial_heldout
GABRA3,Phase 3,trial_heldout
GABRA4,Phase 3,trial_heldout
GABRA5,Phase 3,trial_heldout
GABRA6,Phase 3,trial_heldout
GABRB1,Phase 3,trial_heldout
GABRB2,Phase 3,trial_heldout
GABRB3,Phase 3,trial_heldout
GABRD,Phase 3,trial_heldout
GABRE,Phase 3,trial_heldout
GABRG1,Phase 3,trial_heldout
GABRG2,Phase 3,trial_heldout
GABRG3,Phase 3,trial_heldout
GABRP,Phase 3,trial_heldout
GABRQ,Phase 3,trial_heldout
GABRR1,,unlabeled
GABRR2,,unlabeled
GABRR3,,unlabeled
GAD1,,unlabeled
GAD2,,unlabeled
GADD45A,,unlabeled
GADD45B,,unlabeled
GADD45G,,unlabeled
GADD45GIP1,,unlabeled
GADL1,,unlabeled
GAGE1,,unlabeled
GAGE10,,unlabeled
GAGE12D,,unlabeled
GAGE12G,,unlabeled
GAGE12H,,unlabeled
GAGE12J,,unlabeled
GAGE13,,unlabeled
GAGE2A,,unlabeled
GAGE2E,,unlabeled
GAK,,unlabeled
GAL,,unlabeled
GAL3ST1,,unlabeled
GAL3ST2,,unlabeled
GAL3ST3,,unlabeled
GAL3ST4,,unlabeled
GALC,,unlabeled
GALE,,unlabeled
GALK1,,unlabeled
GALK2,,unlabeled
GALM,,unlabeled
GALNS,,unlabeled
GALNT1,,unlabeled
GALNT10,,unlabeled
GALNT11,,unlabeled
GALNT12,,unlabeled
GALNT13,,unlabeled
GALNT14,,unlabeled
GALNT15,,unlabeled
GALNT16,,unlabeled
GALNT17,,unlabeled
GALNT18,,unlabeled
GALNT2,,unlabeled
GALNT3,,unlabeled
GALNT4,,unlabeled
GALNT5,,unlabeled
GALNT6,,unlabeled
GALNT7,,unlabeled
GALNT8,,unlabeled
GALNT9,,unlabeled
GALNTL5,,unlabeled
GALNTL6,,unlabeled
GALP,,unlabeled
GALR1,,unlabeled
GALR2,,unlabeled
GALR3,,unlabeled
GALT,,unlabeled
GAMT,,unlabeled
GAN,,unlabeled
GANAB,,unlabeled
GANC,,unlabeled
GAP43,,unlabeled
GAPDH,,unlabeled
GAPDHS,,unlabeled
GAPT,,unlabeled
GAPVD1,,unlabeled
GAR1,,unlabeled
GAREM1,,unlabeled
GAREM2,,unlabeled
GARNL3,,unlabeled
GARRE1,,unlabeled
GARS1,,unlabeled
GART,Phase 2,trial_heldout
GAS1,,unlabeled
GAS2,,unlabeled
GAS2L1,,unlabeled
GAS2L2,,unlabeled
GAS2L3,,unlabeled
GAS6,Phase 1,trial_heldout
GAS7,,unlabeled
DRC4,,unlabeled
GASK1A,,unlabeled
GASK1B,,unlabeled
GAST,,unlabeled
GATA1,,unlabeled
GATA2,,unlabeled
GATA3,,unlabeled
GATA4,,unlabeled
GATA5,,unlabeled
GATA6,,unlabeled
GATAD1,,unlabeled
GATAD2A,,unlabeled
GATAD2B,,unlabeled
GATB,,unlabeled
GATC,,unlabeled
GATD1,,unlabeled
GATD3,,unlabeled
GATD3B,,unlabeled
GATM,,unlabeled
GBA1,,unlabeled
GBA2,,unlabeled
GBA3,,unlabeled
GBE1,,unlabeled
GBF1,,unlabeled
GBGT1,,unlabeled
GBP1,,unlabeled
GBP2,,unlabeled
GBP3,,unlabeled
GBP4,,unlabeled
GBP5,,unlabeled
GBP6,,unlabeled
GBP7,,unlabeled
GBX1,,unlabeled
GBX2,,unlabeled
GC,,unlabeled
GCA,,unlabeled
GCAT,,unlabeled
GCC1,,unlabeled
GCC2,,unlabeled
GCDH,,unlabeled
GCFC2,,unlabeled
GCG,,unlabeled
GCGR,Approved,P
GCH1,,unlabeled
GCHFR,,unlabeled
GCK,Phase 2,trial_heldout
GCKR,,unlabeled
GCLC,,unlabeled
GCLM,,unlabeled
GCM1,,unlabeled
GCM2,,unlabeled
GCN1,,unlabeled
GCNA,,unlabeled
GCNT1,,unlabeled
GCNT2,,unlabeled
GCNT3,,unlabeled
GCNT4,,unlabeled
GCNT7,,unlabeled
GCOM1,,unlabeled
GCSAM,,unlabeled
GCSAML,,unlabeled
GCSH,,unlabeled
GDA,,unlabeled
GDAP1,,unlabeled
GDAP1L1,,unlabeled
GDAP2,,unlabeled
GDE1,,unlabeled
GDF1,,unlabeled
GDF10,,unlabeled
GDF11,,unlabeled
GDF15,,unlabeled
GDF2,Phase 1,trial_heldout
GDF3,,unlabeled
GDF5,,unlabeled
GDF6,,unlabeled
GDF7,,unlabeled
GDF9,,unlabeled
GDI1,,unlabeled
GDI2,,unlabeled
GDNF,,unlabeled
GDPD1,,unlabeled
GDPD2,,unlabeled
GDPD3,,unlabeled
GDPD4,,unlabeled
GDPD5,,unlabeled
GDPGP1,,unlabeled
GEM,,unlabeled
GEMIN2,,unlabeled
GEMIN4,,unlabeled
GEMIN5,,unlabeled
GEMIN6,,unlabeled
GEMIN7,,unlabeled
GEMIN8,,unlabeled
GEN1,,unlabeled
GET1,,unlabeled
GET1-SH3BGR,,unlabeled
GET3,,unlabeled
GET4,,unlabeled
GFAP,,unlabeled
GFER,,unlabeled
GFI1,,unlabeled
GFI1B,,unlabeled
GFM1,,unlabeled
GFM2,,unlabeled
GFOD1,,unlabeled
GFOD2,,unlabeled
GFPT1,,unlabeled
GFPT2,,unlabeled
GFRA1,,unlabeled
GFRA2,,unlabeled
GFRA3,,unlabeled
GFRA4,,unlabeled
GFRAL,,unlabeled
GFUS,,unlabeled
GFY,,unlabeled
GGA1,,unlabeled
GGA2,,unlabeled
GGA3,,unlabeled
GGACT,,unlabeled
GGCT,,unlabeled
GGCX,,unlabeled
GGH,,unlabeled
GGN,,unlabeled
GGNBP2,,unlabeled
GGPS1,,unlabeled
GGT1,,unlabeled
GGT2P,,unlabeled
GGT5,,unlabeled
GGT6,,unlabeled
GGT7,,unlabeled
GGTA1,,unlabeled
GGTLC1,,unlabeled
GGTLC2,,unlabeled
GGTLC3,,unlabeled
GH1,,unlabeled
GH2,,unlabeled
GHDC,,unlabeled
GHITM,,unlabeled
GHR,Phase 3,trial_heldout
GHRH,,unlabeled
GHRHR,,unlabeled
GHRL,,unlabeled
GHSR,Phase 2,trial_heldout
GID4,,unlabeled
GID8,,unlabeled
GIGYF1,,unlabeled
GIGYF2,,unlabeled
GIMAP1,,unlabeled
GIMAP1-GIMAP5,,unlabeled
GIMAP2,,unlabeled
GIMAP4,,unlabeled
GIMAP5,,unlabeled
GIMAP6,,unlabeled
GIMAP7,,unlabeled
GIMAP8,,unlabeled
GIMD1,,unlabeled
GIN1,,unlabeled
GINM1,,unlabeled
GINS1,,unlabeled
GINS2,,unlabeled
GINS3,,unlabeled
GINS4,,unlabeled
GIP,,unlabeled
GIPC1,,unlabeled
GIPC2,,unlabeled
GIPC3,,unlabeled
GIPR,Phase 3,trial_heldout
GIT1,,unlabeled
GIT2,,unlabeled
GJA1,,unlabeled
GJA10,,unlabeled
GJA3,,unlabeled
GJA4,,unlabeled
GJA5,,unlabeled
GJA8,,unlabeled
GJA9,,unlabeled
GJB1,,unlabeled
GJB2,,unlabeled
GJB3,,unlabeled
GJB4,,unlabeled
GJB5,,unlabeled
GJB6,,unlabeled
GJB7,,unlabeled
GJC1,,unlabeled
GJC2,,unlabeled
GJC3,,unlabeled
GJD2,,unlabeled
GJD3,,unlabeled
GJD4,,unlabeled
GJE1,,unlabeled
GK,,unlabeled
GK2,,unlabeled
GK3,,unlabeled
GK5,,unlabeled
GKAP1,,unlabeled
GKN1,,unlabeled
GKN2,,unlabeled
GLA,,unlabeled
GLB1,,unlabeled
GLB1L,,unlabeled
GLB1L2,,unlabeled
GLB1L3,,unlabeled
GLCCI1,,unlabeled
GLCE,,unlabeled
GLDC,,unlabeled
GLDN,,unlabeled
GLE1,,unlabeled
GLG1,,unlabeled
GLI1,,unlabeled
GLI2,,unlabeled
GLI3,,unlabeled
GLI4,,unlabeled
GLIPR1,,unlabeled
GLIPR1L1,,unlabeled
GLIPR1L2,,unlabeled
GLIPR2,,unlabeled
GLIS1,,unlabeled
GLIS2,,unlabeled
GLIS3,,unlabeled
GLMN,,unlabeled
GLMP,,unlabeled
GLO1,,unlabeled
GLOD4,,unlabeled
GLOD5,,unlabeled
GLP1R,Phase 3,trial_heldout
GLP2R,Phase 2,trial_heldout
GLRA1,Unknown,unlabeled
GLRA2,,unlabeled
GLRA3,,unlabeled
GLRB,Unknown,unlabeled
GLRX,,unlabeled
GLRX2,,unlabeled
GLRX3,,unlabeled
GLRX5,,unlabeled
GLS,Phase 1,trial_heldout
GLS2,,unlabeled
GLT1D1,,unlabeled
GLT6D1,,unlabeled
GLT8D1,,unlabeled
GLT8D2,,unlabeled
GLTP,,unlabeled
GLTPD2,,unlabeled
GLUD1,,unlabeled
GLUD2,,unlabeled
GLUL,,unlabeled
GLYAT,,unlabeled
GLYATL1,,unlabeled
GLYATL1B,,unlabeled
GLYATL2,,unlabeled
GLYATL3,,unlabeled
GLYCTK,,unlabeled
GLYR1,,unlabeled
GM2A,,unlabeled
GMCL1,,unlabeled
GMCL2,,unlabeled
GMDS,,unlabeled
GMEB1,,unlabeled
GMEB2,,unlabeled
GMFB,,unlabeled
GMFG,,unlabeled
GMIP,,unlabeled
GML,,unlabeled
GMNC,,unlabeled
GMNN,,unlabeled
GMPPA,,unlabeled
GMPPB,,unlabeled
GMPR,,unlabeled
GMPR2,,unlabeled
GMPS,Phase 3,trial_heldout
GNA11,,unlabeled
GNA12,,unlabeled
GNA13,,unlabeled
GNA14,,unlabeled
GNA15,,unlabeled
GNAI1,,unlabeled
GNAI2,,unlabeled
GNAI3,,unlabeled
GNAL,,unlabeled
GNAO1,,unlabeled
GNAQ,,unlabeled
GNAS,,unlabeled
GNAT1,,unlabeled
GNAT2,,unlabeled
GNAT3,,unlabeled
GNAZ,,unlabeled
GNB1,,unlabeled
GNB1L,,unlabeled
GNB2,,unlabeled
GNB3,,unlabeled
GNB4,,unlabeled
GNB5,,unlabeled
GNE,,unlabeled
GNG10,,unlabeled
GNG11,,unlabeled
GNG12,,unlabeled
GNG13,,unlabeled
GNG14,,unlabeled
GNG2,,unlabeled
GNG3,,unlabeled
GNG4,,unlabeled
GNG5,,unlabeled
GNG5B,,unlabeled
GNG7,,unlabeled
GNG8,,unlabeled
GNGT1,,unlabeled
GNGT2,,unlabeled
GNL1,,unlabeled
GNL2,,unlabeled
GNL3,,unlabeled
GNL3L,,unlabeled
GNLY,,unlabeled
GNMT,,unlabeled
GNPAT,,unlabeled
GNPDA1,,unlabeled
GNPDA2,,unlabeled
GNPNAT1,,unlabeled
GNPTAB,,unlabeled
GNPTG,,unlabeled
GNRH1,,unlabeled
GNRH2,,unlabeled
GNRHR,Phase 2,trial_heldout
GNS,,unlabeled
GOLGA1,,unlabeled
GOLGA2,,unlabeled
GOLGA3,,unlabeled
GOLGA4,,unlabeled
GOLGA5,,unlabeled
GOLGA6A,,unlabeled
GOLGA6B,,unlabeled
GOLGA6C,,unlabeled
GOLGA6D,,unlabeled
GOLGA6L1,,unlabeled
GOLGA6L10,,unlabeled
GOLGA6L2,,unlabeled
GOLGA6L22,,unlabeled
GOLGA6L4,,unlabeled
GOLGA6L6,,unlabeled
GOLGA6L7,,unlabeled
GOLGA6L9,,unlabeled
GOLGA7,,unlabeled
GOLGA7B,,unlabeled
GOLGA8A,,unlabeled
GOLGA8B,,unlabeled
GOLGA8F,,unlabeled
GOLGA8G,,unlabeled
GOLGA8H,,unlabeled
GOLGA8J,,unlabeled
GOLGA8K,,unlabeled
GOLGA8M,,unlabeled
GOLGA8N,,unlabeled
GOLGA8O,,unlabeled
GOLGA8Q,,unlabeled
GOLGA8R,,unlabeled
GOLGA8S,,unlabeled
GOLGA8T,,unlabeled
GOLGB1,,unlabeled
GOLIM4,,unlabeled
GOLM1,,unlabeled
GOLM2,,unlabeled
GOLPH3,,unlabeled
GOLPH3L,,unlabeled
GOLT1A,,unlabeled
GOLT1B,,unlabeled
GON4L,,unlabeled
GON7,,unlabeled
GOPC,,unlabeled
GORAB,,unlabeled
GORASP1,,unlabeled
GORASP2,,unlabeled
GOSR1,,unlabeled
GOSR2,,unlabeled
GOT1,,unlabeled
GOT1L1,,unlabeled
GOT2,,unlabeled
GP1BA,Phase 2,trial_heldout
GP1BB,,unlabeled
GP2,,unlabeled
GP5,,unlabeled
GP6,,unlabeled
GP9,,unlabeled
GPA33,,unlabeled
GPAA1,,unlabeled
GPALPP1,,unlabeled
GPAM,,unlabeled
GPANK1,,unlabeled
GPAT2,,unlabeled
GPAT3,,unlabeled
GPAT4,,unlabeled
GPATCH1,,unlabeled
GPATCH11,,unlabeled
GPATCH2,,unlabeled
GPATCH2L,,unlabeled
GPATCH3,,unlabeled
GPATCH4,,unlabeled
GPATCH8,,unlabeled
GPBAR1,,unlabeled
GPBP1,,unlabeled
GPBP1L1,,unlabeled
GPC1,,unlabeled
GPC2,,unlabeled
GPC3,,unlabeled
GPC4,,unlabeled
GPC5,,unlabeled
GPC6,,unlabeled
GPCPD1,,unlabeled
GPD1,,unlabeled
GPD1L,,unlabeled
GPD2,Phase 3,trial_heldout
GPER1,,unlabeled
GPHA2,,unlabeled
GPHB5,,unlabeled
GPHN,,unlabeled
GPI,,unlabeled
GPIHBP1,,unlabeled
GPKOW,,unlabeled
GPLD1,,unlabeled
GPM6A,,unlabeled
GPM6B,,unlabeled
GPN1,,unlabeled
GPN2,,unlabeled
GPN3,,unlabeled
GPNMB,,unlabeled
GPR101,,unlabeled
GPR107,,unlabeled
GPR108,,unlabeled
GPR119,Phase 2,trial_heldout
GPR12,,unlabeled
GPR132,,unlabeled
GPR135,,unlabeled
GPR137,,unlabeled
GPR137B,,unlabeled
GPR137C,,unlabeled
GPR139,,unlabeled
GPR141,,unlabeled
GPR142,,unlabeled
GPR143,,unlabeled
GPR146,,unlabeled
GPR148,,unlabeled
GPR149,,unlabeled
GPR15,,unlabeled
GPR150,,unlabeled
GPR151,,unlabeled
GPR152,,unlabeled
GPR153,,unlabeled
GPR155,,unlabeled
GPR156,,unlabeled
GPR157,,unlabeled
GPR158,,unlabeled
GPR160,,unlabeled
GPR161,,unlabeled
GPR162,,unlabeled
GPR17,,unlabeled
GPR171,,unlabeled
GPR173,,unlabeled
GPR174,,unlabeled
GPR176,,unlabeled
GPR179,,unlabeled
GPR18,,unlabeled
GPR180,,unlabeled
ACKR5,,unlabeled
GPR183,,unlabeled
GPR19,,unlabeled
GPR20,,unlabeled
GPR21,,unlabeled
GPR22,,unlabeled
GPR25,,unlabeled
GPR26,,unlabeled
GPR27,,unlabeled
GPR3,,unlabeled
GPR31,,unlabeled
GPR32,,unlabeled
GPR33,,unlabeled
GPR34,,unlabeled
GPR35,,unlabeled
GPR37,,unlabeled
GPR37L1,,unlabeled
GPR39,,unlabeled
GPR4,,unlabeled
GPR42,,unlabeled
GPR45,,unlabeled
GPR50,,unlabeled
GPR52,,unlabeled
GPR55,,unlabeled
GPR6,,unlabeled
GPR61,,unlabeled
GPR62,,unlabeled
GPR63,,unlabeled
GPR65,,unlabeled
GPR68,,unlabeled
GPR75,,unlabeled
GPR78,,unlabeled
GPR82,,unlabeled
GPR83,,unlabeled
GPR84,Phase 2,trial_heldout
GPR85,,unlabeled
GPR87,,unlabeled
GPR88,,unlabeled
GPHRA,,unlabeled
GPHRB,,unlabeled
GPRASP1,,unlabeled
GPRASP2,,unlabeled
GPRC5A,,unlabeled
GPRC5B,,unlabeled
GPRC5C,,unlabeled
GPRC5D,Approved,P
GPRC6A,,unlabeled
GPRIN1,,unlabeled
GPRIN2,,unlabeled
GPRIN3,,unlabeled
GPS1,,unlabeled
GPS2,,unlabeled
GPSM1,,unlabeled
GPSM2,,unlabeled
GPSM3,,unlabeled
GPT,,unlabeled
GPT2,,unlabeled
GPX1,,unlabeled
GPX2,,unlabeled
GPX3,,unlabeled
GPX4,,unlabeled
GPX5,,unlabeled
GPX6,,unlabeled
GPX7,,unlabeled
GPX8,,unlabeled
GRAMD1A,,unlabeled
GRAMD1B,,unlabeled
GRAMD1C,,unlabeled
GRAMD2A,,unlabeled
GRAMD2B,,unlabeled
GRAMD4,,unlabeled
GRAP,,unlabeled
GRAP2,,unlabeled
GRAPL,,unlabeled
GRB10,,unlabeled
GRB14,,unlabeled
GRB2,Phase 2,trial_heldout
GRB7,,unlabeled
GREB1,,unlabeled
GREB1L,,unlabeled
GREM1,,unlabeled
GREM2,,unlabeled
GRHL1,,unlabeled
GRHL2,,unlabeled
GRHL3,,unlabeled
GRHPR,,unlabeled
GRIA1,Phase 2,trial_heldout
GRIA2,Phase 2,trial_heldout
GRIA3,Phase 2,trial_heldout
GRIA4,Phase 2,trial_heldout
GRID1,,unlabeled
GRID2,,unlabeled
GRID2IP,,unlabeled
GRIFIN,,unlabeled
GRIK1,Phase 2,trial_heldout
GRIK2,Phase 2,trial_heldout
GRIK3,Phase 2,trial_heldout
GRIK4,Phase 2,trial_heldout
GRIK5,Phase 2,trial_heldout
GRIN1,Phase 3,trial_heldout
GRIN2A,Approved,P
GRIN2B,Phase 3,trial_heldout
GRIN2C,Phase 3,trial_heldout
GRIN2D,Phase 3,trial_heldout
GRIN3A,Phase 3,trial_heldout
GRIN3B,Phase 3,trial_heldout
GRINA,,unlabeled
GRIP1,,unlabeled
GRIP2,,unlabeled
GRIPAP1,,unlabeled
GRK1,,unlabeled
GRK2,,unlabeled
GRK3,,unlabeled
GRK4,,unlabeled
GRK5,,unlabeled
GRK6,,unlabeled
GRK7,,unlabeled
GRM1,,unlabeled
GRM2,,unlabeled
GRM3,,unlabeled
GRM4,,unlabeled
GRM5,,unlabeled
GRM6,,unlabeled
GRM7,,unlabeled
GRM8,,unlabeled
GRN,,unlabeled
GRP,,unlabeled
GRPEL1,,unlabeled
GRPEL2,,unlabeled
GRPR,,unlabeled
GRSF1,,unlabeled
GRTP1,,unlabeled
GRWD1,,unlabeled
GRXCR1,,unlabeled
GRXCR2,,unlabeled
GSAP,,unlabeled
GSC,,unlabeled
GSC2,,unlabeled
GSDMA,,unlabeled
GSDMB,,unlabeled
GSDMC,,unlabeled
GSDMD,,unlabeled
GSDME,,unlabeled
GSE1,,unlabeled
GSG1,,unlabeled
GSG1L,,unlabeled
GSG1L2,,unlabeled
GSK3A,Phase 3,trial_heldout
GSK3B,Phase 3,trial_heldout
GSKIP,,unlabeled
GSN,,unlabeled
GSPT1,,unlabeled
GSPT2,,unlabeled
GSR,Approved,P
GSS,,unlabeled
GSTA1,,unlabeled
GSTA2,,unlabeled
GSTA3,,unlabeled
GSTA4,,unlabeled
GSTA5,,unlabeled
GSTCD,,unlabeled
GSTK1,,unlabeled
GSTM1,,unlabeled
GSTM2,,unlabeled
GSTM3,,unlabeled
GSTM4,,unlabeled
GSTM5,,unlabeled
GSTO1,,unlabeled
GSTO2,,unlabeled
GSTP1,Phase 2,trial_heldout
GSTT2,,unlabeled
GSTT2B,,unlabeled
GSTZ1,,unlabeled
GSX1,,unlabeled
GSX2,,unlabeled
QTMAN,,unlabeled
GTF2A1,,unlabeled
GTF2A1L,,unlabeled
GTF2A2,,unlabeled
GTF2B,,unlabeled
GTF2E1,,unlabeled
GTF2E2,,unlabeled
GTF2F1,,unlabeled
GTF2F2,,unlabeled
GTF2H1,,unlabeled
GTF2H2,,unlabeled
GTF2H2C,,unlabeled
GTF2H3,,unlabeled
GTF2H4,,unlabeled
GTF2H5,,unlabeled
GTF2I,,unlabeled
GTF2IRD1,,unlabeled
GTF2IRD2,,unlabeled
GTF2IRD2B,,unlabeled
GTF3A,,unlabeled
GTF3C1,,unlabeled
GTF3C2,,unlabeled
GTF3C3,,unlabeled
GTF3C4,,unlabeled
GTF3C5,,unlabeled
GTF3C6,,unlabeled
GTPBP1,,unlabeled
GTPBP10,,unlabeled
GTPBP2,,unlabeled
GTPBP3,,unlabeled
GTPBP4,,unlabeled
GTPBP6,,unlabeled
GTPBP8,,unlabeled
GTSE1,,unlabeled
GTSF1,,unlabeled
GTSF1L,,unlabeled
GUCA1A,,unlabeled
CIMIP3,,unlabeled
GUCA1B,,unlabeled
GUCA1C,,unlabeled
GUCA2A,,unlabeled
GUCA2B,,unlabeled
GUCD1,,unlabeled
GUCY1A1,Phase 2,trial_heldout
GUCY1A2,Phase 2,trial_heldout
GUCY1B1,Phase 2,trial_heldout
GUCY2C,Phase 3,trial_heldout
GUCY2D,,unlabeled
GUCY2F,,unlabeled
GUF1,,unlabeled
GUK1,,unlabeled
GULP1,,unlabeled
GUSB,,unlabeled
GVQW3,,unlabeled
GXYLT1,,unlabeled
GXYLT2,,unlabeled
GYG1,,unlabeled
GYG2,,unlabeled
GYPA,,unlabeled
GYPB,,unlabeled
GYPC,,unlabeled
GYPE,,unlabeled
GYS1,,unlabeled
GYS2,,unlabeled
GZF1,,unlabeled
GZMA,,unlabeled
GZMB,,unlabeled
GZMH,,unlabeled
GZMK,,unlabeled
GZMM,,unlabeled
H1-0,,unlabeled
H1-1,,unlabeled
H1-10,,unlabeled
H1-2,,unlabeled
H1-3,,unlabeled
H1-4,,unlabeled
H1-5,,unlabeled
H1-6,,unlabeled
H1-7,,unlabeled
H1-8,,unlabeled
H2AB1,,unlabeled
H2AC1,,unlabeled
H2AC11,,unlabeled
H2AC12,,unlabeled
H2AC13,,unlabeled
H2AC14,,unlabeled
H2AC15,,unlabeled
H2AC16,,unlabeled
H2AC17,,unlabeled
H2AC20,,unlabeled
H2AC21,,unlabeled
H2AC4,,unlabeled
H2AC6,,unlabeled
H2AC7,,unlabeled
H2AC8,,unlabeled
H2AJ,,unlabeled
H2AP,,unlabeled
H2AC25,,unlabeled
H2AX,,unlabeled
H2AZ1,,unlabeled
H2AZ2,,unlabeled
H2BC1,,unlabeled
H2BC10,,unlabeled
H2BC11,,unlabeled
H2BC12,,unlabeled
H2BC13,,unlabeled
H2BC14,,unlabeled
H2BC15,,unlabeled
H2BC17,,unlabeled
H2BC18,,unlabeled
H2BC21,,unlabeled
H2BC3,,unlabeled
H2BC4,,unlabeled
H2BC5,,unlabeled
H2BC6,,unlabeled
H2BC7,,unlabeled
H2BC8,,unlabeled
H2BC9,,unlabeled
H2BK1,,unlabeled
H2BC26,,unlabeled
H2BW1,,unlabeled
H2BW2,,unlabeled
H3-7,,unlabeled
H3-3A,,unlabeled
H3-3B,,unlabeled
H3-4,,unlabeled
H3-5,,unlabeled
H3C1,,unlabeled
H3C10,,unlabeled
H3C11,,unlabeled
H3C12,,unlabeled
H3C13,,unlabeled
H3C2,,unlabeled
H3C3,,unlabeled
H3C4,,unlabeled
H3C6,,unlabeled
H3C7,,unlabeled
H3C8,,unlabeled
H3Y1,,unlabeled
H3Y2,,unlabeled
H4C16,,unlabeled
H4C1,,unlabeled
H4C11,,unlabeled
H4C12,,unlabeled
H4C13,,unlabeled
H4C2,,unlabeled
H4C3,,unlabeled
H4C4,,unlabeled
H4C5,,unlabeled
H4C6,,unlabeled
H4C7,,unlabeled
H4C8,,unlabeled
H4C9,,unlabeled
H6PD,,unlabeled
HAAO,,unlabeled
HABP2,,unlabeled
HABP4,,unlabeled
HACD1,,unlabeled
HACD2,,unlabeled
HACD3,,unlabeled
HACD4,,unlabeled
HACE1,,unlabeled
HACL1,,unlabeled
HADH,,unlabeled
HADHA,,unlabeled
HADHB,,unlabeled
HAGH,,unlabeled
HAGHL,,unlabeled
HAL,,unlabeled
HAMP,,unlabeled
HAND1,,unlabeled
HAND2,,unlabeled
HAO1,,unlabeled
HAO2,,unlabeled
HAP1,,unlabeled
HAPLN1,,unlabeled
HAPLN2,,unlabeled
HAPLN3,,unlabeled
HAPLN4,,unlabeled
HARBI1,,unlabeled
HARS1,,unlabeled
HARS2,,unlabeled
HAS1,,unlabeled
HAS2,,unlabeled
HAS3,,unlabeled
HASPIN,,unlabeled
HAT1,,unlabeled
HAUS1,,unlabeled
HAUS2,,unlabeled
HAUS3,,unlabeled
HAUS4,,unlabeled
HAUS5,,unlabeled
HAUS6,,unlabeled
HAUS7,,unlabeled
HAUS8,,unlabeled
HAVCR1,,unlabeled
HAVCR2,Phase 3,trial_heldout
HAX1,,unlabeled
HBA1,,unlabeled
HBA2,,unlabeled
HBB,,unlabeled
HBD,,unlabeled
HBE1,,unlabeled
HBEGF,,unlabeled
HBG1,,unlabeled
HBG2,,unlabeled
HBM,,unlabeled
HBP1,,unlabeled
HBQ1,,unlabeled
HBS1L,,unlabeled
HBZ,,unlabeled
HCAR1,,unlabeled
HCAR2,,unlabeled
HCAR3,,unlabeled
HCCS,,unlabeled
HCFC1,,unlabeled
HCFC1R1,,unlabeled
HCFC2,,unlabeled
HCK,Approved,P
HCLS1,,unlabeled
HCN1,,unlabeled
HCN2,,unlabeled
HCN3,,unlabeled
HCN4,,unlabeled
HCRT,,unlabeled
HCRTR1,,unlabeled
HCRTR2,,unlabeled
HCST,,unlabeled
HDAC1,Approved,P
HDAC10,Approved,P
HDAC11,Approved,P
HDAC2,Approved,P
HDAC3,Approved,P
HDAC4,Approved,P
HDAC5,Approved,P
HDAC6,Approved,P
HDAC7,Approved,P
HDAC8,Approved,P
HDAC9,Approved,P
HDC,,unlabeled
HDDC2,,unlabeled
HDDC3,,unlabeled
HDGF,,unlabeled
HDGFL1,,unlabeled
HDGFL2,,unlabeled
HDGFL3,,unlabeled
HDHD2,,unlabeled
HDHD3,,unlabeled
HDHD5,,unlabeled
HDLBP,,unlabeled
HDX,,unlabeled
HEATR1,,unlabeled
HEATR3,,unlabeled
HEATR4,,unlabeled
HEATR5A,,unlabeled
HEATR5B,,unlabeled
HEATR6,,unlabeled
HEATR9,,unlabeled
HEBP1,,unlabeled
HEBP2,,unlabeled
HECA,,unlabeled
HECTD1,,unlabeled
HECTD2,,unlabeled
HECTD3,,unlabeled
HECTD4,,unlabeled
HECW1,,unlabeled
HECW2,,unlabeled
HEG1,,unlabeled
HELB,,unlabeled
HELLS,,unlabeled
HELQ,,unlabeled
HELT,,unlabeled
HELZ,,unlabeled
HELZ2,,unlabeled
HEMGN,,unlabeled
HEMK1,,unlabeled
HENMT1,,unlabeled
HEPACAM,,unlabeled
HEPACAM2,,unlabeled
HEPH,,unlabeled
HEPHL1,,unlabeled
HEPN1,,unlabeled
HERC1,,unlabeled
HERC2,,unlabeled
HERC3,,unlabeled
HERC4,,unlabeled
HERC5,,unlabeled
HERC6,,unlabeled
HERPUD1,,unlabeled
HERPUD2,,unlabeled
HES1,,unlabeled
HES2,,unlabeled
HES3,,unlabeled
HES4,,unlabeled
HES5,,unlabeled
HES6,,unlabeled
HES7,,unlabeled
HESX1,,unlabeled
HEXA,,unlabeled
HEXB,,unlabeled
HEXD,,unlabeled
HEXIM1,,unlabeled
HEXIM2,,unlabeled
HEY1,,unlabeled
HEY2,,unlabeled
HEYL,,unlabeled
HFE,,unlabeled
HFM1,,unlabeled
HGD,,unlabeled
HGF,Phase 2,trial_heldout
HGFAC,,unlabeled
HGH1,,unlabeled
HGS,,unlabeled
HGSNAT,,unlabeled
HHAT,,unlabeled
HHATL,,unlabeled
HHEX,,unlabeled
HHIP,,unlabeled
HHIPL1,,unlabeled
HHIPL2,,unlabeled
HHLA1,,unlabeled
HHLA2,,unlabeled
HIBADH,,unlabeled
HIBCH,,unlabeled
HIC1,,unlabeled
HIC2,,unlabeled
HID1,,unlabeled
HIF1A,,unlabeled
HIF1AN,,unlabeled
HIF3A,,unlabeled
HIGD1A,,unlabeled
HIGD1B,,unlabeled
HIGD1C,,unlabeled
HIGD2A,,unlabeled
HIGD2B,,unlabeled
HIKESHI,,unlabeled
HILPDA,,unlabeled
HINFP,,unlabeled
HINT1,,unlabeled
HINT2,,unlabeled
HINT3,,unlabeled
HIP1,,unlabeled
HIP1R,,unlabeled
HIPK1,,unlabeled
HIPK2,,unlabeled
HIPK3,,unlabeled
HIPK4,,unlabeled
HIRA,,unlabeled
HIRIP3,,unlabeled
HIVEP1,,unlabeled
HIVEP2,,unlabeled
HIVEP3,,unlabeled
HJURP,,unlabeled
HJV,,unlabeled
HK1,,unlabeled
HK2,,unlabeled
HK3,,unlabeled
HKDC1,,unlabeled
HLA-A,,unlabeled
HLA-B,,unlabeled
HLA-C,,unlabeled
HLA-DMA,,unlabeled
HLA-DMB,,unlabeled
HLA-DOA,,unlabeled
HLA-DOB,,unlabeled
HLA-DPA1,,unlabeled
HLA-DPB1,,unlabeled
HLA-DQA1,,unlabeled
HLA-DQA2,,unlabeled
HLA-DQB1,,unlabeled
HLA-DQB2,,unlabeled
HLA-DRA,,unlabeled
HLA-DRB1,Phase 2,trial_heldout
HLA-DRB5,Phase 2,trial_heldout
HLA-E,,unlabeled
HLA-F,,unlabeled
HLA-G,,unlabeled
HLCS,,unlabeled
HLF,,unlabeled
HLTF,,unlabeled
HLX,,unlabeled
HM13,,unlabeled
HMBOX1,,unlabeled
HMBS,,unlabeled
HMCES,,unlabeled
HMCN1,,unlabeled
HMCN2,,unlabeled
HMG20A,,unlabeled
HMG20B,,unlabeled
HMGA1,,unlabeled
HMGA2,,unlabeled
HMGB1,,unlabeled
HMGB1P1,,unlabeled
HMGB2,,unlabeled
HMGB3,,unlabeled
HMGB4,,unlabeled
HMGCL,,unlabeled
HMGCLL1,,unlabeled
HMGCR,Phase 3,trial_heldout
HMGCS1,,unlabeled
HMGCS2,,unlabeled
HMGN1,,unlabeled
HMGN2,,unlabeled
HMGN3,,unlabeled
HMGN4,,unlabeled
HMGN5,,unlabeled
HMGXB3,,unlabeled
HMGXB4,,unlabeled
HMHB1,,unlabeled
HMMR,,unlabeled
HMOX1,,unlabeled
HMOX2,,unlabeled
HMSD,,unlabeled
HMX1,,unlabeled
HMX2,,unlabeled
HMX3,,unlabeled
HNF1A,,unlabeled
HNF1B,,unlabeled
HNF4A,,unlabeled
HNF4G,,unlabeled
HNMT,,unlabeled
HNRNPA0,,unlabeled
HNRNPA1,,unlabeled
HNRNPA1L2,,unlabeled
HNRNPA1L3,,unlabeled
HNRNPA2B1,,unlabeled
HNRNPA3,,unlabeled
HNRNPAB,,unlabeled
HNRNPC,,unlabeled
HNRNPCL1,,unlabeled
HNRNPCL2,,unlabeled
HNRNPCL3,,unlabeled
HNRNPCL4,,unlabeled
HNRNPD,,unlabeled
HNRNPDL,,unlabeled
HNRNPF,,unlabeled
HNRNPH1,,unlabeled
HNRNPH2,,unlabeled
HNRNPH3,,unlabeled
HNRNPK,,unlabeled
HNRNPL,,unlabeled
HNRNPLL,,unlabeled
HNRNPM,,unlabeled
HNRNPR,,unlabeled
HNRNPU,,unlabeled
HNRNPUL1,,unlabeled
HNRNPUL2,,unlabeled
HNRNPUL2-BSCL2,,unlabeled
HOATZ,,unlabeled
HOGA1,,unlabeled
HOMER1,,unlabeled
HOMER2,,unlabeled
HOMER3,,unlabeled
HOMEZ,,unlabeled
HOOK1,,unlabeled
HOOK2,,unlabeled
HOOK3,,unlabeled
HOPX,,unlabeled
HORMAD1,,unlabeled
HORMAD2,,unlabeled
HOXA1,,unlabeled
HOXA10,,unlabeled
HOXA11,,unlabeled
HOXA13,,unlabeled
HOXA2,,unlabeled
HOXA3,,unlabeled
HOXA4,,unlabeled
HOXA5,,unlabeled
HOXA6,,unlabeled
HOXA7,,unlabeled
HOXA9,,unlabeled
HOXB1,,unlabeled
HOXB13,,unlabeled
HOXB2,,unlabeled
HOXB3,,unlabeled
HOXB4,,unlabeled
HOXB5,,unlabeled
HOXB6,,unlabeled
HOXB7,,unlabeled
HOXB8,,unlabeled
HOXB9,,unlabeled
HOXC10,,unlabeled
HOXC11,,unlabeled
HOXC12,,unlabeled
HOXC13,,unlabeled
HOXC4,,unlabeled
HOXC5,,unlabeled
HOXC6,,unlabeled
HOXC8,,unlabeled
HOXC9,,unlabeled
HOXD1,,unlabeled
HOXD10,,unlabeled
HOXD11,,unlabeled
HOXD12,,unlabeled
HOXD13,,unlabeled
HOXD3,,unlabeled
HOXD4,,unlabeled
HOXD8,,unlabeled
HOXD9,,unlabeled
HP,,unlabeled
HP1BP3,,unlabeled
HPCA,,unlabeled
HPCAL1,,unlabeled
HPCAL4,,unlabeled
HPD,,unlabeled
HPDL,,unlabeled
HPF1,,unlabeled
HPGD,,unlabeled
HPGDS,,unlabeled
HPN,,unlabeled
HPR,,unlabeled
HPRT1,,unlabeled
HPS1,,unlabeled
HPS3,,unlabeled
HPS4,,unlabeled
HPS5,,unlabeled
HPS6,,unlabeled
HPSE,,unlabeled
HPSE2,,unlabeled
HPX,,unlabeled
HR,,unlabeled
HRAS,,unlabeled
HRC,,unlabeled
HRCT1,,unlabeled
HRG,,unlabeled
HRH1,Approved,P
HRH2,Approved,P
HRH3,Phase 2,trial_heldout
HRH4,Phase 2,trial_heldout
HRK,,unlabeled
HRNR,,unlabeled
HROB,,unlabeled
HS1BP3,,unlabeled
HS2ST1,,unlabeled
HS3ST1,,unlabeled
HS3ST2,,unlabeled
HS3ST3A1,,unlabeled
HS3ST3B1,,unlabeled
HS3ST4,,unlabeled
HS3ST5,,unlabeled
HS3ST6,,unlabeled
HS6ST1,,unlabeled
HS6ST2,,unlabeled
HS6ST3,,unlabeled
HSBP1,,unlabeled
HSBP1L1,,unlabeled
HSCB,,unlabeled
HSD11B1,,unlabeled
HSD11B1L,,unlabeled
HSD11B2,,unlabeled
HSD17B1,,unlabeled
HSD17B10,,unlabeled
HSD17B11,,unlabeled
HSD17B12,,unlabeled
HSD17B13,,unlabeled
HSD17B14,,unlabeled
HSD17B2,,unlabeled
HSD17B3,,unlabeled
HSD17B4,,unlabeled
HSD17B6,,unlabeled
HSD17B7,,unlabeled
HSD17B8,,unlabeled
HSD3B1,,unlabeled
HSD3B2,,unlabeled
HSD3B7,,unlabeled
HSDL1,,unlabeled
HSDL2,,unlabeled
HSF1,,unlabeled
HSF2,,unlabeled
HSF2BP,,unlabeled
HSF4,,unlabeled
HSF5,,unlabeled
HSFX1,,unlabeled
HSFX2,,unlabeled
HSFX3,,unlabeled
HSFX4,,unlabeled
HSH2D,,unlabeled
HSP90AA1,Phase 3,trial_heldout
HSP90AB1,Phase 3,trial_heldout
HSP90B1,,unlabeled
HSPA12A,,unlabeled
HSPA12B,,unlabeled
HSPA13,,unlabeled
HSPA14,,unlabeled
HSPA1A,,unlabeled
HSPA1B,,unlabeled
HSPA1L,,unlabeled
HSPA2,,unlabeled
HSPA4,,unlabeled
HSPA4L,,unlabeled
HSPA5,,unlabeled
HSPA6,,unlabeled
HSPA8,Phase 3,trial_heldout
HSPA9,,unlabeled
HSPB1,,unlabeled
IFT25,,unlabeled
HSPB2,,unlabeled
HSPB2-C11orf52,,unlabeled
HSPB3,,unlabeled
HSPB6,,unlabeled
HSPB7,,unlabeled
HSPB8,,unlabeled
HSPB9,,unlabeled
HSPBAP1,,unlabeled
HSPBP1,,unlabeled
HSPD1,,unlabeled
HSPE1,,unlabeled
HSPE1-MOB4,,unlabeled
HSPG2,,unlabeled
HSPH1,,unlabeled
HTATIP2,,unlabeled
HTATSF1,,unlabeled
HTD2,,unlabeled
HTN1,,unlabeled
HTN3,,unlabeled
HTR1A,Phase 3,trial_heldout
HTR1B,,unlabeled
HTR1D,,unlabeled
HTR1E,,unlabeled
HTR1F,,unlabeled
HTR2A,Phase 2,trial_heldout
HTR2B,,unlabeled
HTR2C,Phase 2,trial_heldout
HTR3A,Phase 3,trial_heldout
HTR3B,,unlabeled
HTR3C,,unlabeled
HTR3D,,unlabeled
HTR3E,,unlabeled
HTR4,Phase 3,trial_heldout
HTR5A,,unlabeled
HTR6,,unlabeled
HTR7,,unlabeled
HTRA1,,unlabeled
HTRA2,,unlabeled
HTRA3,,unlabeled
HTRA4,,unlabeled
HTT,,unlabeled
HUNK,,unlabeled
HUS1,,unlabeled
HUS1B,,unlabeled
HUWE1,,unlabeled
HVCN1,,unlabeled
HYAL1,,unlabeled
HYAL2,,unlabeled
HYAL3,,unlabeled
HYAL4,,unlabeled
HYDIN,,unlabeled
HYI,,unlabeled
HYKK,,unlabeled
HYLS1,,unlabeled
HYOU1,,unlabeled
HYPK,,unlabeled
IAH1,,unlabeled
IAPP,,unlabeled
IARS1,,unlabeled
IARS2,,unlabeled
IBA57,,unlabeled
IBSP,,unlabeled
IBTK,,unlabeled
ICA1,,unlabeled
ICA1L,,unlabeled
ICAM1,Phase 3,trial_heldout
ICAM2,,unlabeled
ICAM3,Unknown,unlabeled
ICAM4,,unlabeled
ICAM5,,unlabeled
ICE1,,unlabeled
ICE2,,unlabeled
ICMT,,unlabeled
ICOS,Phase 2,trial_heldout
ICOSLG,Phase 2,trial_heldout
ID1,,unlabeled
ID2,,unlabeled
ID3,,unlabeled
ID4,,unlabeled
IDE,,unlabeled
IDH1,Approved,P
IDH2,Approved,P
IDH3A,,unlabeled
IDH3B,,unlabeled
IDH3G,,unlabeled
IDI1,,unlabeled
IDI2,,unlabeled
IDNK,,unlabeled
IDO1,Phase 2,trial_heldout
IDO2,,unlabeled
IDS,,unlabeled
IDUA,,unlabeled
IER2,,unlabeled
IER3,,unlabeled
IER3IP1,,unlabeled
IER5,,unlabeled
IER5L,,unlabeled
IFFO1,,unlabeled
IFFO2,,unlabeled
IFI16,,unlabeled
IFI27,,unlabeled
IFI27L1,,unlabeled
IFI27L2,,unlabeled
IFI30,,unlabeled
IFI35,,unlabeled
IFI44,,unlabeled
IFI44L,,unlabeled
IFI6,,unlabeled
IFIH1,,unlabeled
IFIT1,,unlabeled
IFIT1B,,unlabeled
IFIT2,,unlabeled
IFIT3,,unlabeled
IFIT5,,unlabeled
IFITM1,,unlabeled
IFITM10,,unlabeled
IFITM2,,unlabeled
IFITM3,,unlabeled
IFITM5,,unlabeled
IFNA1,Phase 2,trial_heldout
IFNA10,Phase 2,trial_heldout
IFNA13,Phase 2,trial_heldout
IFNA14,Phase 2,trial_heldout
IFNA16,Phase 2,trial_heldout
IFNA17,Phase 2,trial_heldout
IFNA2,Phase 2,trial_heldout
IFNA21,Phase 2,trial_heldout
IFNA4,Phase 2,trial_heldout
IFNA5,Phase 2,trial_heldout
IFNA6,Phase 2,trial_heldout
IFNA7,Phase 2,trial_heldout
IFNA8,Phase 2,trial_heldout
IFNAR1,Approved,P
IFNAR2,Approved,P
IFNB1,Phase 2,trial_heldout
IFNE,,unlabeled
IFNG,Approved,P
IFNGR1,Approved,P
IFNGR2,Approved,P
IFNK,,unlabeled
IFNL1,,unlabeled
IFNL2,,unlabeled
IFNL3,,unlabeled
IFNL4,,unlabeled
IFNLR1,Phase 3,trial_heldout
IFNW1,,unlabeled
IFRD1,,unlabeled
IFRD2,,unlabeled
IFT122,,unlabeled
IFT140,,unlabeled
IFT172,,unlabeled
IFT20,,unlabeled
IFT22,,unlabeled
IFT27,,unlabeled
IFT43,,unlabeled
IFT46,,unlabeled
IFT52,,unlabeled
IFT57,,unlabeled
IFT74,,unlabeled
IFT80,,unlabeled
IFT81,,unlabeled
IFT88,,unlabeled
IFTAP,,unlabeled
IGBP1,,unlabeled
IGBP1C,,unlabeled
IGDCC3,,unlabeled
IGDCC4,,unlabeled
IGF1,,unlabeled
IGF1R,Approved,P
IGF2,,unlabeled
IGF2BP1,,unlabeled
IGF2BP2,,unlabeled
IGF2BP3,,unlabeled
IGF2R,,unlabeled
IGFALS,,unlabeled
IGFBP1,,unlabeled
IGFBP2,,unlabeled
IGFBP3,,unlabeled
IGFBP4,,unlabeled
IGFBP5,,unlabeled
IGFBP6,,unlabeled
IGFBP7,,unlabeled
IGFBPL1,,unlabeled
IGFL1,,unlabeled
IGFL2,,unlabeled
IGFL3,,unlabeled
IGFL4,,unlabeled
IGFLR1,,unlabeled
IGFN1,,unlabeled
IGHA1,,unlabeled
IGHA2,,unlabeled
IGHD,,unlabeled
IGHD1-1,,unlabeled
IGHD1-14,,unlabeled
IGHD1-20,,unlabeled
IGHD1-26,,unlabeled
IGHD1-7,,unlabeled
IGHD1OR15-1A,,unlabeled
IGHD1OR15-1B,,unlabeled
IGHD2-15,,unlabeled
IGHD2-2,,unlabeled
IGHD2-21,,unlabeled
IGHD2-8,,unlabeled
IGHD2OR15-2A,,unlabeled
IGHD3-10,,unlabeled
IGHD3-16,,unlabeled
IGHD3-22,,unlabeled
IGHD3-3,,unlabeled
IGHD3-9,,unlabeled
IGHD4-11,,unlabeled
IGHD4-17,,unlabeled
IGHD4-23,,unlabeled
IGHD4-4,,unlabeled
IGHD4OR15-4A,,unlabeled
IGHD5-12,,unlabeled
IGHD5-18,,unlabeled
IGHD5-24,,unlabeled
IGHD5-5,,unlabeled
IGHD5OR15-5A,,unlabeled
IGHD5OR15-5B,,unlabeled
IGHD6-13,,unlabeled
IGHD6-19,,unlabeled
IGHD6-25,,unlabeled
IGHD6-6,,unlabeled
IGHD7-27,,unlabeled
IGHE,Phase 3,trial_heldout
IGHG1,,unlabeled
IGHG2,,unlabeled
IGHG3,,unlabeled
IGHG4,,unlabeled
IGHJ1,,unlabeled
IGHJ2,,unlabeled
IGHJ3,,unlabeled
IGHJ4,,unlabeled
IGHJ5,,unlabeled
IGHJ6,,unlabeled
IGHM,,unlabeled
IGHMBP2,,unlabeled
IGHV1-18,,unlabeled
IGHV1-2,,unlabeled
IGHV1-24,,unlabeled
IGHV1-3,,unlabeled
IGHV1-45,,unlabeled
IGHV1-46,,unlabeled
IGHV1-58,,unlabeled
IGHV1-69,,unlabeled
IGHV1-69D,,unlabeled
IGHV1OR15-9,,unlabeled
IGHV1OR21-1,,unlabeled
IGHV2-26,,unlabeled
IGHV2-5,,unlabeled
IGHV2-70,,unlabeled
IGHV2-70D,,unlabeled
IGHV2OR16-5,,unlabeled
IGHV3-11,,unlabeled
IGHV3-13,,unlabeled
IGHV3-15,,unlabeled
IGHV3-16,,unlabeled
IGHV3-20,,unlabeled
IGHV3-21,,unlabeled
IGHV3-23,,unlabeled
IGHV3-30,,unlabeled
IGHV3-33,,unlabeled
IGHV3-35,,unlabeled
IGHV3-38,,unlabeled
IGHV3-43,,unlabeled
IGHV3-48,,unlabeled
IGHV3-49,,unlabeled
IGHV3-53,,unlabeled
IGHV3-64,,unlabeled
IGHV3-64D,,unlabeled
IGHV3-66,,unlabeled
IGHV3-7,,unlabeled
IGHV3-72,,unlabeled
IGHV3-73,,unlabeled
IGHV3-74,,unlabeled
IGHV3OR15-7,,unlabeled
IGHV3OR16-10,,unlabeled
IGHV3OR16-12,,unlabeled
IGHV3OR16-13,,unlabeled
IGHV3OR16-17,,unlabeled
IGHV3OR16-8,,unlabeled
IGHV3OR16-9,,unlabeled
IGHV4-28,,unlabeled
IGHV4-31,,unlabeled
IGHV4-34,,unlabeled
IGHV4-39,,unlabeled
IGHV4-4,,unlabeled
IGHV4-59,,unlabeled
IGHV4-61,,unlabeled
IGHV5-10-1,,unlabeled
IGHV5-51,,unlabeled
IGHV6-1,,unlabeled
IGHV7-4-1,,unlabeled
IGHV7-81,,unlabeled
IGIP,,unlabeled
IGKC,,unlabeled
IGKJ1,,unlabeled
IGKJ2,,unlabeled
IGKJ3,,unlabeled
IGKJ4,,unlabeled
IGKJ5,,unlabeled
IGKV1-12,,unlabeled
IGKV1-16,,unlabeled
IGKV1-17,,unlabeled
IGKV1-27,,unlabeled
IGKV1-33,,unlabeled
IGKV1-37,,unlabeled
IGKV1-39,,unlabeled
IGKV1-5,,unlabeled
IGKV1-6,,unlabeled
IGKV1-8,,unlabeled
IGKV1-9,,unlabeled
IGKV1D-13,,unlabeled
IGKV1D-16,,unlabeled
IGKV1D-17,,unlabeled
IGKV1D-33,,unlabeled
IGKV1D-37,,unlabeled
IGKV1D-39,,unlabeled
IGKV1D-42,,unlabeled
IGKV1D-43,,unlabeled
IGKV1D-8,,unlabeled
IGKV1OR2-108,,unlabeled
IGKV2-24,,unlabeled
IGKV2-28,,unlabeled
IGKV2-30,,unlabeled
IGKV2D-24,,unlabeled
IGKV2D-26,,unlabeled
IGKV2D-28,,unlabeled
IGKV2D-29,,unlabeled
IGKV2D-30,,unlabeled
IGKV2D-40,,unlabeled
IGKV3-11,,unlabeled
IGKV3-15,,unlabeled
IGKV3-20,,unlabeled
IGKV3-7,,unlabeled
IGKV3D-11,,unlabeled
IGKV3D-15,,unlabeled
IGKV3D-20,,unlabeled
IGKV3D-7,,unlabeled
IGKV3OR2-268,,unlabeled
IGKV4-1,,unlabeled
IGKV5-2,,unlabeled
IGKV6-21,,unlabeled
IGKV6D-21,,unlabeled
IGKV6D-41,,unlabeled
IGLC1,,unlabeled
IGLC2,,unlabeled
IGLC3,,unlabeled
IGLC7,,unlabeled
IGLJ1,,unlabeled
IGLJ2,,unlabeled
IGLJ3,,unlabeled
IGLJ4,,unlabeled
IGLJ5,,unlabeled
IGLJ6,,unlabeled
IGLJ7,,unlabeled
IGLL1,,unlabeled
IGLL5,,unlabeled
IGLON5,,unlabeled
IGLV1-36,,unlabeled
IGLV1-40,,unlabeled
IGLV1-44,,unlabeled
IGLV1-47,,unlabeled
IGLV1-50,,unlabeled
IGLV1-51,,unlabeled
IGLV10-54,,unlabeled
IGLV11-55,,unlabeled
IGLV2-11,,unlabeled
IGLV2-14,,unlabeled
IGLV2-18,,unlabeled
IGLV2-23,,unlabeled
IGLV2-33,,unlabeled
IGLV2-8,,unlabeled
IGLV3-1,,unlabeled
IGLV3-10,,unlabeled
IGLV3-12,,unlabeled
IGLV3-16,,unlabeled
IGLV3-19,,unlabeled
IGLV3-21,,unlabeled
IGLV3-22,,unlabeled
IGLV3-25,,unlabeled
IGLV3-27,,unlabeled
IGLV3-32,,unlabeled
IGLV3-9,,unlabeled
IGLV4-3,,unlabeled
IGLV4-60,,unlabeled
IGLV4-69,,unlabeled
IGLV5-37,,unlabeled
IGLV5-45,,unlabeled
IGLV5-48,,unlabeled
IGLV5-52,,unlabeled
IGLV6-57,,unlabeled
IGLV7-43,,unlabeled
IGLV7-46,,unlabeled
IGLV8-61,,unlabeled
IGLV9-49,,unlabeled
IGSF1,,unlabeled
IGSF10,,unlabeled
IGSF11,,unlabeled
IGSF21,,unlabeled
IGSF22,,unlabeled
IGSF23,,unlabeled
IGSF3,,unlabeled
IGSF5,,unlabeled
IGSF6,,unlabeled
IGSF8,,unlabeled
IGSF9,,unlabeled
IGSF9B,,unlabeled
IHH,,unlabeled
IHO1,,unlabeled
IK,,unlabeled
IKBIP,,unlabeled
IKBKB,Phase 3,trial_heldout
IKBKE,,unlabeled
IKBKG,,unlabeled
IKZF1,,unlabeled
IKZF2,,unlabeled
IKZF3,,unlabeled
IKZF4,,unlabeled
IKZF5,,unlabeled
IL10,,unlabeled
IL10RA,,unlabeled
IL10RB,Phase 3,trial_heldout
IL11,,unlabeled
IL11RA,Phase 2,trial_heldout
IL12A,Approved,P
IL12B,Approved,P
IL12RB1,,unlabeled
IL12RB2,,unlabeled
IL13,Approved,P
IL13RA1,,unlabeled
IL13RA2,,unlabeled
IL15,Phase 2,trial_heldout
IL15RA,Phase 2,trial_heldout
IL16,,unlabeled
IL17A,Approved,P
IL17B,,unlabeled
IL17C,,unlabeled
IL17D,,unlabeled
IL17F,Approved,P
IL17RA,Approved,P
IL17RB,,unlabeled
IL17RC,,unlabeled
IL17RD,,unlabeled
IL17RE,,unlabeled
IL17REL,,unlabeled
IL18,Phase 3,trial_heldout
IL18BP,,unlabeled
IL18R1,Phase 1,trial_heldout
IL18RAP,Phase 1,trial_heldout
IL19,,unlabeled
IL1A,Phase 2,trial_heldout
IL1B,Approved,P
IL1F10,,unlabeled
IL1R1,Approved,P
IL1R2,,unlabeled
IL1RAP,Approved,P
IL1RAPL1,,unlabeled
IL1RAPL2,,unlabeled
IL1RL1,Phase 2,trial_heldout
IL1RL2,Approved,P
IL1RN,,unlabeled
IL2,,unlabeled
IL20,Phase 2,trial_heldout
IL20RA,,unlabeled
IL20RB,,unlabeled
IL21,Phase 2,trial_heldout
IL21R,,unlabeled
IL22,Phase 2,trial_heldout
IL22RA1,Phase 2,trial_heldout
IL22RA2,,unlabeled
IL23A,Approved,P
IL23R,,unlabeled
IL24,,unlabeled
IL25,,unlabeled
IL26,,unlabeled
IL27,,unlabeled
IL27RA,,unlabeled
IL2RA,Approved,P
IL2RB,Approved,P
IL2RG,Approved,P
IL3,,unlabeled
IL31,,unlabeled
IL31RA,Approved,P
IL32,,unlabeled
IL33,Phase 2,trial_heldout
IL34,,unlabeled
IL36A,,unlabeled
IL36B,,unlabeled
IL36G,,unlabeled
IL36RN,,unlabeled
IL37,,unlabeled
IL3RA,Approved,P
IL4,Phase 2,trial_heldout
IL4I1,,unlabeled
IL4R,Approved,P
IL5,Approved,P
IL5RA,Phase 3,trial_heldout
IL6,Approved,P
IL6R,Approved,P
IL6ST,Approved,P
IL7,,unlabeled
IL7R,,unlabeled
IL9,,unlabeled
IL9R,,unlabeled
ILDR1,,unlabeled
ILDR2,,unlabeled
ILF2,,unlabeled
ILF3,,unlabeled
ILK,,unlabeled
ILKAP,,unlabeled
ILRUN,,unlabeled
HACL2,,unlabeled
IMMP1L,,unlabeled
IMMP2L,,unlabeled
IMMT,,unlabeled
IMP3,,unlabeled
IMP4,,unlabeled
IMPA1,Phase 3,trial_heldout
IMPA2,,unlabeled
IMPACT,,unlabeled
IMPDH1,Approved,P
IMPDH2,Approved,P
IMPG1,,unlabeled
IMPG2,,unlabeled
INA,,unlabeled
INAFM1,,unlabeled
INAFM2,,unlabeled
INAVA,,unlabeled
INCA1,,unlabeled
INCENP,,unlabeled
INF2,,unlabeled
ING1,,unlabeled
ING2,,unlabeled
ING3,,unlabeled
ING4,,unlabeled
ING5,,unlabeled
INHA,,unlabeled
INHBA,Phase 2,trial_heldout
INHBB,,unlabeled
INHBC,,unlabeled
INHBE,,unlabeled
INIP,,unlabeled
INKA1,,unlabeled
INKA2,,unlabeled
INMT,,unlabeled
INMT-MINDY4,,unlabeled
INO80,,unlabeled
INO80B,,unlabeled
INO80B-WBP1,,unlabeled
INO80C,,unlabeled
INO80D,,unlabeled
INO80E,,unlabeled
INPP1,,unlabeled
INPP4A,,unlabeled
INPP4B,,unlabeled
INPP5A,,unlabeled
INPP5B,,unlabeled
INPP5D,Phase 2,trial_heldout
INPP5E,,unlabeled
INPP5F,,unlabeled
INPP5J,,unlabeled
INPP5K,,unlabeled
INPPL1,,unlabeled
INS,,unlabeled
INS-IGF2,,unlabeled
INSC,,unlabeled
INSIG1,,unlabeled
INSIG2,,unlabeled
INSL3,,unlabeled
INSL4,,unlabeled
INSL5,,unlabeled
INSL6,,unlabeled
INSM1,,unlabeled
INSM2,,unlabeled
INSR,Approved,P
INSRR,,unlabeled
INSYN1,,unlabeled
INSYN2A,,unlabeled
INSYN2B,,unlabeled
INTS1,,unlabeled
INTS10,,unlabeled
INTS11,,unlabeled
INTS12,,unlabeled
INTS13,,unlabeled
INTS14,,unlabeled
INTS2,,unlabeled
INTS3,,unlabeled
INTS4,,unlabeled
INTS5,,unlabeled
INTS6,,unlabeled
INTS6L,,unlabeled
INTS7,,unlabeled
INTS8,,unlabeled
INTS9,,unlabeled
INTU,,unlabeled
INVS,,unlabeled
IP6K1,,unlabeled
IP6K2,,unlabeled
IP6K3,,unlabeled
IPCEF1,,unlabeled
IPMK,,unlabeled
IPO11,,unlabeled
IPO13,,unlabeled
IPO4,,unlabeled
IPO5,,unlabeled
IPO7,,unlabeled
IPO8,,unlabeled
IPO9,,unlabeled
IPP,,unlabeled
IPPK,,unlabeled
IQANK1,,unlabeled
IQCA1,,unlabeled
IQCB1,,unlabeled
IQCC,,unlabeled
IQCD,,unlabeled
IQCE,,unlabeled
IQCF1,,unlabeled
IQCF2,,unlabeled
IQCF3,,unlabeled
IQCF5,,unlabeled
IQCF6,,unlabeled
DRC9,,unlabeled
IQCH,,unlabeled
IQCJ,,unlabeled
IQCJ-SCHIP1,,unlabeled
IQCK,,unlabeled
IQCM,,unlabeled
IQCN,,unlabeled
IQGAP1,,unlabeled
IQGAP2,,unlabeled
IQGAP3,,unlabeled
IQSEC1,,unlabeled
IQSEC2,,unlabeled
IQSEC3,,unlabeled
IQUB,,unlabeled
IRAG1,,unlabeled
IRAG2,,unlabeled
IRAK1,Approved,P
IRAK1BP1,,unlabeled
IRAK2,,unlabeled
IRAK3,,unlabeled
IRAK4,Phase 2,trial_heldout
IREB2,,unlabeled
IRF1,,unlabeled
IRF2,,unlabeled
IRF2BP1,,unlabeled
IRF2BP2,,unlabeled
IRF2BPL,,unlabeled
IRF3,,unlabeled
IRF4,,unlabeled
IRF5,,unlabeled
IRF6,,unlabeled
IRF7,,unlabeled
IRF8,,unlabeled
IRF9,,unlabeled
IRGC,,unlabeled
IRGM,,unlabeled
IRGQ,,unlabeled
IRS1,Phase 3,trial_heldout
IRS2,,unlabeled
IRS4,,unlabeled
IRX1,,unlabeled
IRX2,,unlabeled
IRX3,,unlabeled
IRX4,,unlabeled
IRX5,,unlabeled
IRX6,,unlabeled
ISCA1,,unlabeled
ISCA2,,unlabeled
ISCU,,unlabeled
ISG15,,unlabeled
ISG20,,unlabeled
ISG20L2,,unlabeled
ISL1,,unlabeled
ISL2,,unlabeled
ISLR,,unlabeled
ISLR2,,unlabeled
ISM1,,unlabeled
ISM2,,unlabeled
ISOC1,,unlabeled
ISOC2,,unlabeled
IST1,,unlabeled
ISX,,unlabeled
ISY1,,unlabeled
ISY1-RAB43,,unlabeled
ISYNA1,,unlabeled
ITCH,,unlabeled
ITFG1,,unlabeled
ITFG2,,unlabeled
ITGA1,,unlabeled
ITGA10,,unlabeled
ITGA11,,unlabeled
ITGA2,Phase 2,trial_heldout
ITGA2B,,unlabeled
ITGA3,,unlabeled
ITGA4,Approved,P
ITGA5,,unlabeled
ITGA6,,unlabeled
ITGA7,,unlabeled
ITGA8,,unlabeled
ITGA9,,unlabeled
ITGAD,,unlabeled
ITGAE,,unlabeled
ITGAL,Approved,P
ITGAM,,unlabeled
ITGAV,Phase 3,trial_heldout
ITGAX,,unlabeled
ITGB1,Approved,P
ITGB1BP1,,unlabeled
ITGB1BP2,,unlabeled
ITGB2,Approved,P
ITGB3,Phase 3,trial_heldout
ITGB3BP,,unlabeled
ITGB4,,unlabeled
ITGB5,Phase 3,trial_heldout
ITGB6,Phase 2,trial_heldout
ITGB7,Approved,P
ITGB8,Phase 2,trial_heldout
ITGBL1,,unlabeled
ITIH1,,unlabeled
ITIH2,,unlabeled
ITIH3,,unlabeled
ITIH4,,unlabeled
ITIH5,,unlabeled
ITIH6,,unlabeled
ITK,Phase 3,trial_heldout
ITLN1,,unlabeled
ITLN2,,unlabeled
ITM2A,,unlabeled
ITM2B,,unlabeled
ITM2C,,unlabeled
ITPA,,unlabeled
ITPK1,,unlabeled
ITPKA,,unlabeled
ITPKB,,unlabeled
ITPKC,,unlabeled
ITPR1,,unlabeled
ITPR2,,unlabeled
ITPR3,,unlabeled
ITPRID1,,unlabeled
ITPRID2,,unlabeled
ITPRIP,,unlabeled
ITPRIPL1,,unlabeled
ITPRIPL2,,unlabeled
ITSN1,,unlabeled
ITSN2,,unlabeled
IVD,,unlabeled
IVL,,unlabeled
IVNS1ABP,,unlabeled
IWS1,,unlabeled
IYD,,unlabeled
IZUMO1,,unlabeled
IZUMO1R,,unlabeled
IZUMO2,,unlabeled
IZUMO3,,unlabeled
IZUMO4,,unlabeled
JADE1,,unlabeled
JADE2,,unlabeled
JADE3,,unlabeled
JAG1,,unlabeled
JAG2,,unlabeled
JAGN1,,unlabeled
JAK1,Approved,P
JAK2,Approved,P
JAK3,Approved,P
JAKMIP1,,unlabeled
JAKMIP2,,unlabeled
JAKMIP3,,unlabeled
JAM2,,unlabeled
JAM3,,unlabeled
JAML,,unlabeled
JARID2,,unlabeled
JAZF1,,unlabeled
JCAD,,unlabeled
JCHAIN,,unlabeled
JDP2,,unlabeled
JHY,,unlabeled
JKAMP,,unlabeled
JMJD1C,,unlabeled
JMJD4,,unlabeled
JMJD6,,unlabeled
JMJD7,,unlabeled
JMJD7-PLA2G4B,,unlabeled
JMJD8,,unlabeled
JMY,,unlabeled
JOSD1,,unlabeled
JOSD2,,unlabeled
JPH1,,unlabeled
JPH2,,unlabeled
JPH3,,unlabeled
JPH4,,unlabeled
JPT1,,unlabeled
JPT2,,unlabeled
JRK,,unlabeled
JRKL,,unlabeled
JSRP1,,unlabeled
JTB,,unlabeled
JUN,,unlabeled
JUNB,,unlabeled
JUND,,unlabeled
JUP,,unlabeled
KAAG1,,unlabeled
KALRN,,unlabeled
KANK1,,unlabeled
KANK2,,unlabeled
KANK3,,unlabeled
KANK4,,unlabeled
KANSL1,,unlabeled
KANSL1L,,unlabeled
KANSL2,,unlabeled
KANSL3,,unlabeled
KARS1,,unlabeled
KASH5,,unlabeled
KAT14,,unlabeled
KAT2A,,unlabeled
KAT2B,,unlabeled
KAT5,,unlabeled
KAT6A,,unlabeled
KAT6B,,unlabeled
KAT7,,unlabeled
KAT8,,unlabeled
KATNA1,,unlabeled
KATNAL1,,unlabeled
KATNAL2,,unlabeled
KATNB1,,unlabeled
KATNBL1,,unlabeled
KATNIP,,unlabeled
KAZALD1,,unlabeled
KAZN,,unlabeled
KBTBD11,,unlabeled
KBTBD11-OT1,,unlabeled
KBTBD12,,unlabeled
KBTBD13,,unlabeled
KBTBD2,,unlabeled
KBTBD3,,unlabeled
KBTBD4,,unlabeled
KBTBD6,,unlabeled
KBTBD7,,unlabeled
KBTBD8,,unlabeled
KCMF1,,unlabeled
KCNA1,Approved,P
KCNA10,Approved,P
KCNA2,Approved,P
KCNA3,Approved,P
KCNA4,Approved,P
KCNA5,Approved,P
KCNA6,Approved,P
KCNA7,Approved,P
KCNAB1,,unlabeled
KCNAB2,,unlabeled
KCNAB3,,unlabeled
KCNB1,Approved,P
KCNB2,Approved,P
KCNC1,Approved,P
KCNC2,Approved,P
KCNC3,Approved,P
KCNC4,Approved,P
KCND1,Approved,P
KCND2,Approved,P
KCND3,Approved,P
KCNE1,,unlabeled
KCNE1B,,unlabeled
KCNE2,,unlabeled
KCNE3,,unlabeled
KCNE4,,unlabeled
KCNE5,,unlabeled
KCNF1,Approved,P
KCNG1,Approved,P
KCNG2,Approved,P
KCNG3,Approved,P
KCNG4,Approved,P
KCNH1,Approved,P
KCNH2,Approved,P
KCNH3,Approved,P
KCNH4,Approved,P
KCNH5,Approved,P
KCNH6,Approved,P
KCNH7,Approved,P
KCNH8,Approved,P
KCNIP1,,unlabeled
KCNIP2,,unlabeled
KCNIP3,,unlabeled
KCNIP4,,unlabeled
KCNJ1,,unlabeled
KCNJ10,,unlabeled
KCNJ11,Phase 3,trial_heldout
KCNJ12,,unlabeled
KCNJ13,,unlabeled
KCNJ14,,unlabeled
KCNJ15,,unlabeled
KCNJ16,,unlabeled
KCNJ18,,unlabeled
KCNJ2,,unlabeled
KCNJ3,,unlabeled
KCNJ4,,unlabeled
KCNJ5,,unlabeled
KCNJ6,,unlabeled
KCNJ8,Unknown,unlabeled
KCNJ9,,unlabeled
KCNK1,,unlabeled
KCNK10,Unknown,unlabeled
KCNK12,,unlabeled
KCNK13,,unlabeled
KCNK15,,unlabeled
KCNK16,,unlabeled
KCNK17,,unlabeled
KCNK18,Unknown,unlabeled
KCNK2,Unknown,unlabeled
KCNK3,Unknown,unlabeled
KCNK4,,unlabeled
KCNK5,,unlabeled
KCNK6,,unlabeled
KCNK7,,unlabeled
KCNK9,Unknown,unlabeled
KCNMA1,,unlabeled
KCNMB1,,unlabeled
KCNMB2,,unlabeled
KCNMB3,,unlabeled
KCNMB4,,unlabeled
KCNN1,,unlabeled
KCNN2,,unlabeled
KCNN3,,unlabeled
KCNN4,Phase 2,trial_heldout
KCNQ1,Approved,P
KCNQ2,Approved,P
KCNQ3,Approved,P
KCNQ4,Approved,P
KCNQ5,Approved,P
KCNRG,,unlabeled
KCNS1,Approved,P
KCNS2,Approved,P
KCNS3,Approved,P
KCNT1,,unlabeled
KCNT2,,unlabeled
KCNU1,,unlabeled
KCNV1,Approved,P
KCNV2,Approved,P
KCP,,unlabeled
KCTD1,,unlabeled
KCTD10,,unlabeled
KCTD11,,unlabeled
KCTD12,,unlabeled
KCTD13,,unlabeled
KCTD14,,unlabeled
KCTD15,,unlabeled
KCTD16,,unlabeled
KCTD17,,unlabeled
KCTD18,,unlabeled
KCTD19,,unlabeled
KCTD2,,unlabeled
KCTD20,,unlabeled
KCTD21,,unlabeled
KCTD3,,unlabeled
KCTD4,,unlabeled
KCTD5,,unlabeled
KCTD6,,unlabeled
KCTD7,,unlabeled
KCTD8,,unlabeled
KCTD9,,unlabeled
KDELR1,,unlabeled
KDELR2,,unlabeled
KDELR3,,unlabeled
KDF1,,unlabeled
KDM1A,Phase 3,trial_heldout
KDM1B,,unlabeled
KDM2A,,unlabeled
KDM2B,,unlabeled
KDM3A,,unlabeled
KDM3B,,unlabeled
KDM4A,,unlabeled
KDM4B,,unlabeled
KDM4C,,unlabeled
KDM4D,,unlabeled
KDM4E,,unlabeled
KDM4F,,unlabeled
KDM5A,,unlabeled
KDM5B,,unlabeled
KDM5C,,unlabeled
KDM5D,,unlabeled
KDM6A,,unlabeled
KDM6B,,unlabeled
KDM7A,,unlabeled
KDM8,,unlabeled
KDR,Approved,P
KDSR,,unlabeled
KEAP1,Approved,P
KEL,,unlabeled
KERA,,unlabeled
KHDC1,,unlabeled
KHDC1L,,unlabeled
KHDC3L,,unlabeled
KHDC4,,unlabeled
KHDRBS1,,unlabeled
KHDRBS2,,unlabeled
KHDRBS3,,unlabeled
KHK,,unlabeled
KHNYN,,unlabeled
KHSRP,,unlabeled
KIAA0040,,unlabeled
BLTP2,,unlabeled
KIAA0232,,unlabeled
KIAA0319,,unlabeled
KIAA0319L,,unlabeled
KIAA0408,,unlabeled
KIAA0513,,unlabeled
KIAA0586,,unlabeled
KIAA0753,,unlabeled
KIAA0825,,unlabeled
MATCAP2,,unlabeled
MATCAP1,,unlabeled
KIAA0930,,unlabeled
BLTP1,,unlabeled
KIAA1143,,unlabeled
KIAA1191,,unlabeled
KIAA1210,,unlabeled
KIAA1217,,unlabeled
KIAA1328,,unlabeled
NHSL3,,unlabeled
KIAA1549,,unlabeled
KIAA1549L,,unlabeled
KIAA1586,,unlabeled
KIAA1614,,unlabeled
KIAA1671,,unlabeled
KIAA1755,,unlabeled
KIAA1958,,unlabeled
KIAA2012,,unlabeled
KIAA2013,,unlabeled
BRD10,,unlabeled
KICS2,,unlabeled
KIDINS220,,unlabeled
KIF11,Phase 2,trial_heldout
KIF12,,unlabeled
KIF13A,,unlabeled
KIF13B,,unlabeled
KIF14,,unlabeled
KIF15,,unlabeled
KIF16B,,unlabeled
KIF17,,unlabeled
KIF18A,,unlabeled
KIF18B,,unlabeled
KIF19,,unlabeled
KIF1A,,unlabeled
KIF1B,,unlabeled
KIF1C,,unlabeled
KIF20A,,unlabeled
KIF20B,,unlabeled
KIF21A,,unlabeled
KIF21B,,unlabeled
KIF22,,unlabeled
KIF23,,unlabeled
KIF24,,unlabeled
KIF25,,unlabeled
KIF26A,,unlabeled
KIF26B,,unlabeled
KIF27,,unlabeled
KIF2A,,unlabeled
KIF2B,,unlabeled
KIF2C,,unlabeled
KIF3A,,unlabeled
KIF3B,,unlabeled
KIF3C,,unlabeled
KIF4A,,unlabeled
KIF4B,,unlabeled
KIF5A,,unlabeled
KIF5B,Phase 2,trial_heldout
KIF5C,,unlabeled
KIF6,,unlabeled
KIF7,,unlabeled
KIF9,,unlabeled
KIFAP3,,unlabeled
KIFBP,,unlabeled
KIFC1,,unlabeled
KIFC2,,unlabeled
KIFC3,,unlabeled
KIN,,unlabeled
KIR2DL1,Phase 2,trial_heldout
KIR2DL3,Phase 2,trial_heldout
KIR2DL4,,unlabeled
KIR2DS4,,unlabeled
KIR3DL1,,unlabeled
KIR3DL2,Phase 2,trial_heldout
KIR3DL3,,unlabeled
KIRREL1,,unlabeled
KIRREL2,,unlabeled
KIRREL3,,unlabeled
KISS1,,unlabeled
KISS1R,,unlabeled
KIT,Approved,P
KITLG,,unlabeled
KIZ,,unlabeled
KL,,unlabeled
KLB,,unlabeled
KLC1,,unlabeled
KLC2,,unlabeled
KLC3,,unlabeled
KLC4,,unlabeled
KLF1,,unlabeled
KLF10,,unlabeled
KLF11,,unlabeled
KLF12,,unlabeled
KLF13,,unlabeled
KLF14,,unlabeled
KLF15,,unlabeled
KLF16,,unlabeled
KLF17,,unlabeled
KLF2,,unlabeled
KLF3,,unlabeled
KLF4,,unlabeled
KLF5,,unlabeled
KLF6,,unlabeled
KLF7,,unlabeled
KLF8,,unlabeled
KLF9,,unlabeled
KLHDC1,,unlabeled
KLHDC10,,unlabeled
KLHDC2,,unlabeled
KLHDC3,,unlabeled
KLHDC4,,unlabeled
KLHDC7A,,unlabeled
KLHDC7B,,unlabeled
KLHDC8A,,unlabeled
KLHDC8B,,unlabeled
KLHDC9,,unlabeled
KLHL1,,unlabeled
KLHL10,,unlabeled
KLHL11,,unlabeled
KLHL12,,unlabeled
KLHL13,,unlabeled
KLHL14,,unlabeled
KLHL15,,unlabeled
KLHL17,,unlabeled
KLHL18,,unlabeled
KLHL2,,unlabeled
KLHL20,,unlabeled
KLHL21,,unlabeled
KLHL22,,unlabeled
KLHL23,,unlabeled
KLHL24,,unlabeled
KLHL25,,unlabeled
KLHL26,,unlabeled
KLHL28,,unlabeled
KLHL29,,unlabeled
KLHL3,,unlabeled
KLHL30,,unlabeled
KLHL31,,unlabeled
KLHL32,,unlabeled
KLHL33,,unlabeled
KLHL34,,unlabeled
KLHL35,,unlabeled
KLHL36,,unlabeled
KLHL38,,unlabeled
KLHL4,,unlabeled
KLHL40,,unlabeled
KLHL41,,unlabeled
KLHL42,,unlabeled
KLHL5,,unlabeled
KLHL6,,unlabeled
KLHL7,,unlabeled
KLHL8,,unlabeled
KLHL9,,unlabeled
KLK1,,unlabeled
KLK10,,unlabeled
KLK11,,unlabeled
KLK12,,unlabeled
KLK13,,unlabeled
KLK14,,unlabeled
KLK15,,unlabeled
KLK2,,unlabeled
KLK3,,unlabeled
KLK4,,unlabeled
KLK5,,unlabeled
KLK6,,unlabeled
KLK7,,unlabeled
KLK8,,unlabeled
KLK9,,unlabeled
KLKB1,,unlabeled
KLLN,,unlabeled
KLRB1,,unlabeled
KLRC1,Phase 2,trial_heldout
KLRC2,,unlabeled
KLRC3,,unlabeled
KLRC4,,unlabeled
KLRC4-KLRK1,,unlabeled
KLRD1,,unlabeled
KLRF1,,unlabeled
KLRF2,,unlabeled
KLRG1,,unlabeled
KLRG2,,unlabeled
KLRK1,,unlabeled
KMO,,unlabeled
KMT2A,Phase 3,trial_heldout
KMT2B,,unlabeled
KMT2C,,unlabeled
KMT2D,,unlabeled
KMT2E,,unlabeled
KMT5A,,unlabeled
KMT5B,,unlabeled
KMT5C,,unlabeled
KNCN,,unlabeled
KNDC1,,unlabeled
KNG1,,unlabeled
KNL1,,unlabeled
KNOP1,,unlabeled
KNSTRN,,unlabeled
KNTC1,,unlabeled
KPNA1,,unlabeled
KPNA2,,unlabeled
KPNA3,,unlabeled
KPNA4,,unlabeled
KPNA5,,unlabeled
KPNA6,,unlabeled
KPNA7,,unlabeled
KPNB1,,unlabeled
KPRP,,unlabeled
KPTN,,unlabeled
KRAS,,unlabeled
KRABD3,,unlabeled
KRABD2,,unlabeled
KRABD1,,unlabeled
KRABD4,,unlabeled
KRCC1,,unlabeled
KREMEN1,,unlabeled
KREMEN2,,unlabeled
KRI1,,unlabeled
KRIT1,,unlabeled
KRR1,,unlabeled
KRT1,,unlabeled
KRT10,,unlabeled
KRT12,,unlabeled
KRT13,,unlabeled
KRT14,,unlabeled
KRT15,,unlabeled
KRT16,,unlabeled
KRT17,,unlabeled
KRT18,,unlabeled
KRT19,,unlabeled
KRT2,,unlabeled
KRT20,,unlabeled
KRT222,,unlabeled
KRT23,,unlabeled
KRT24,,unlabeled
KRT25,,unlabeled
KRT26,,unlabeled
KRT27,,unlabeled
KRT28,,unlabeled
KRT3,,unlabeled
KRT31,,unlabeled
KRT32,,unlabeled
KRT33A,,unlabeled
KRT33B,,unlabeled
KRT34,,unlabeled
KRT35,,unlabeled
KRT36,,unlabeled
KRT37,,unlabeled
KRT38,,unlabeled
KRT39,,unlabeled
KRT4,,unlabeled
KRT40,,unlabeled
KRT5,,unlabeled
KRT6A,,unlabeled
KRT6B,,unlabeled
KRT6C,,unlabeled
KRT7,,unlabeled
KRT71,,unlabeled
KRT72,,unlabeled
KRT73,,unlabeled
KRT74,,unlabeled
KRT75,,unlabeled
KRT76,,unlabeled
KRT77,,unlabeled
KRT78,,unlabeled
KRT79,,unlabeled
KRT8,,unlabeled
KRT80,,unlabeled
KRT81,,unlabeled
KRT82,,unlabeled
KRT83,,unlabeled
KRT84,,unlabeled
KRT85,,unlabeled
KRT86,,unlabeled
KRT9,,unlabeled
KRTAP1-1,,unlabeled
KRTAP1-3,,unlabeled
KRTAP1-4,,unlabeled
KRTAP1-5,,unlabeled
KRTAP10-1,,unlabeled
KRTAP10-10,,unlabeled
KRTAP10-11,,unlabeled
KRTAP10-12,,unlabeled
KRTAP10-2,,unlabeled
KRTAP10-3,,unlabeled
KRTAP10-4,,unlabeled
KRTAP10-5,,unlabeled
KRTAP10-6,,unlabeled
KRTAP10-7,,unlabeled
KRTAP10-8,,unlabeled
KRTAP10-9,,unlabeled
KRTAP11-1,,unlabeled
KRTAP12-1,,unlabeled
KRTAP12-2,,unlabeled
KRTAP12-3,,unlabeled
KRTAP12-4,,unlabeled
KRTAP13-1,,unlabeled
KRTAP13-2,,unlabeled
KRTAP13-3,,unlabeled
KRTAP13-4,,unlabeled
KRTAP15-1,,unlabeled
KRTAP16-1,,unlabeled
KRTAP17-1,,unlabeled
KRTAP19-1,,unlabeled
KRTAP19-2,,unlabeled
KRTAP19-3,,unlabeled
KRTAP19-4,,unlabeled
KRTAP19-5,,unlabeled
KRTAP19-6,,unlabeled
KRTAP19-7,,unlabeled
KRTAP19-8,,unlabeled
KRTAP2-1,,unlabeled
KRTAP2-2,,unlabeled
KRTAP2-3,,unlabeled
KRTAP2-4,,unlabeled
KRTAP20-1,,unlabeled
KRTAP20-2,,unlabeled
KRTAP20-3,,unlabeled
KRTAP20-4,,unlabeled
KRTAP21-1,,unlabeled
KRTAP21-2,,unlabeled
KRTAP21-3,,unlabeled
KRTAP22-1,,unlabeled
KRTAP22-2,,unlabeled
KRTAP23-1,,unlabeled
KRTAP24-1,,unlabeled
KRTAP25-1,,unlabeled
KRTAP26-1,,unlabeled
KRTAP27-1,,unlabeled
KRTAP29-1,,unlabeled
KRTAP3-1,,unlabeled
KRTAP3-2,,unlabeled
KRTAP3-3,,unlabeled
KRTAP4-1,,unlabeled
KRTAP4-11,,unlabeled
KRTAP4-12,,unlabeled
KRTAP4-16,,unlabeled
KRTAP4-2,,unlabeled
KRTAP4-3,,unlabeled
KRTAP4-4,,unlabeled
KRTAP4-5,,unlabeled
KRTAP4-6,,unlabeled
KRTAP4-7,,unlabeled
KRTAP4-8,,unlabeled
KRTAP4-9,,unlabeled
KRTAP5-1,,unlabeled
KRTAP5-10,,unlabeled
KRTAP5-11,,unlabeled
KRTAP5-2,,unlabeled
KRTAP5-3,,unlabeled
KRTAP5-4,,unlabeled
KRTAP5-5,,unlabeled
KRTAP5-6,,unlabeled
KRTAP5-7,,unlabeled
KRTAP5-8,,unlabeled
KRTAP5-9,,unlabeled
KRTAP6-1,,unlabeled
KRTAP6-2,,unlabeled
KRTAP6-3,,unlabeled
KRTAP7-1,,unlabeled
KRTAP8-1,,unlabeled
KRTAP9-1,,unlabeled
KRTAP9-2,,unlabeled
KRTAP9-3,,unlabeled
KRTAP9-4,,unlabeled
KRTAP9-6,,unlabeled
KRTAP9-7,,unlabeled
KRTAP9-8,,unlabeled
KRTAP9-9,,unlabeled
KRTCAP2,,unlabeled
KRTCAP3,,unlabeled
KRTDAP,,unlabeled
KSR1,,unlabeled
KSR2,,unlabeled
KTI12,,unlabeled
KTN1,,unlabeled
KXD1,,unlabeled
KY,,unlabeled
KYAT1,,unlabeled
KYAT3,,unlabeled
KYNU,,unlabeled
L1CAM,,unlabeled
L1TD1,,unlabeled
L2HGDH,,unlabeled
L3HYPDH,,unlabeled
L3MBTL1,,unlabeled
L3MBTL2,,unlabeled
L3MBTL3,,unlabeled
L3MBTL4,,unlabeled
LACC1,,unlabeled
LACRT,,unlabeled
LACTB,,unlabeled
LACTB2,,unlabeled
LACTBL1,,unlabeled
LAD1,,unlabeled
LAG3,Phase 2,trial_heldout
LAGE3,,unlabeled
LAIR1,,unlabeled
LAIR2,,unlabeled
LALBA,,unlabeled
LAMA1,,unlabeled
LAMA2,,unlabeled
LAMA3,,unlabeled
LAMA4,,unlabeled
LAMA5,,unlabeled
LAMB1,,unlabeled
LAMB2,,unlabeled
LAMB3,,unlabeled
LAMB4,,unlabeled
LAMC1,,unlabeled
LAMC2,,unlabeled
LAMC3,,unlabeled
LAMP1,,unlabeled
LAMP2,,unlabeled
LAMP3,,unlabeled
LAMP5,,unlabeled
LAMTOR1,,unlabeled
LAMTOR2,,unlabeled
LAMTOR3,,unlabeled
LAMTOR4,,unlabeled
LAMTOR5,,unlabeled
LANCL1,,unlabeled
LANCL2,,unlabeled
LANCL3,,unlabeled
LAP3,Phase 2,trial_heldout
LAPTM4A,,unlabeled
LAPTM4B,,unlabeled
LAPTM5,,unlabeled
LARGE1,,unlabeled
LARGE2,,unlabeled
LARP1,,unlabeled
LARP1B,,unlabeled
LARP4,,unlabeled
LARP4B,,unlabeled
LARP6,,unlabeled
LARP7,,unlabeled
LARS1,,unlabeled
LARS2,,unlabeled
LAS1L,,unlabeled
LASP1,,unlabeled
LAT,,unlabeled
LAT2,,unlabeled
LATS1,,unlabeled
LATS2,,unlabeled
LAX1,,unlabeled
LAYN,,unlabeled
LBH,,unlabeled
LBHD1,,unlabeled
LBP,,unlabeled
LBR,,unlabeled
LBX1,,unlabeled
LBX2,,unlabeled
LCA5,,unlabeled
LCA5L,,unlabeled
LCAT,,unlabeled
LCE1A,,unlabeled
LCE1B,,unlabeled
LCE1C,,unlabeled
LCE1D,,unlabeled
LCE1E,,unlabeled
LCE1F,,unlabeled
LCE2A,,unlabeled
LCE2B,,unlabeled
LCE2C,,unlabeled
LCE2D,,unlabeled
LCE3A,,unlabeled
LCE3B,,unlabeled
LCE3C,,unlabeled
LCE3D,,unlabeled
LCE3E,,unlabeled
LCE4A,,unlabeled
LCE5A,,unlabeled
LCE6A,,unlabeled
LCK,Approved,P
LCLAT1,,unlabeled
LCMT1,,unlabeled
LCMT2,,unlabeled
LCN1,,unlabeled
LCN10,,unlabeled
LCN12,,unlabeled
LCN15,,unlabeled
LCN2,,unlabeled
LCN6,,unlabeled
LCN8,,unlabeled
LCN9,,unlabeled
LCNL1,,unlabeled
LCOR,,unlabeled
LCORL,,unlabeled
LCP1,,unlabeled
LCP2,,unlabeled
LCT,,unlabeled
LCTL,,unlabeled
LDAF1,,unlabeled
LDAH,,unlabeled
LDB1,,unlabeled
LDB2,,unlabeled
LDB3,,unlabeled
LDHA,,unlabeled
LDHAL6A,,unlabeled
LDHAL6B,,unlabeled
LDHB,,unlabeled
LDHC,,unlabeled
LDHD,,unlabeled
LDLR,,unlabeled
LDLRAD1,,unlabeled
LDLRAD2,,unlabeled
LDLRAD3,,unlabeled
LDLRAD4,,unlabeled
LDLRAP1,,unlabeled
LDOC1,,unlabeled
LEAP2,,unlabeled
LECT2,,unlabeled
LEF1,,unlabeled
LEFTY1,,unlabeled
LEFTY2,,unlabeled
LEKR1,,unlabeled
LELP1,,unlabeled
LEMD1,,unlabeled
LEMD2,,unlabeled
LEMD3,,unlabeled
LENEP,,unlabeled
LENG1,,unlabeled
LENG8,,unlabeled
LENG9,,unlabeled
LEO1,,unlabeled
LEP,,unlabeled
LEPR,Phase 1,trial_heldout
LEPROT,,unlabeled
LEPROTL1,,unlabeled
LETM1,,unlabeled
LETM2,,unlabeled
LETMD1,,unlabeled
LEUTX,,unlabeled
CIMAP2,,unlabeled
LFNG,,unlabeled
LGALS1,,unlabeled
LGALS12,,unlabeled
LGALS13,,unlabeled
LGALS14,,unlabeled
LGALS16,,unlabeled
LGALS2,,unlabeled
LGALS3,Phase 2,trial_heldout
LGALS3BP,,unlabeled
LGALS4,,unlabeled
LGALS7,,unlabeled
LGALS7B,,unlabeled
LGALS8,,unlabeled
LGALS9,,unlabeled
LGALS9B,,unlabeled
LGALS9C,,unlabeled
LGALSL,,unlabeled
LGI1,,unlabeled
LGI2,,unlabeled
LGI3,,unlabeled
LGI4,,unlabeled
LGMN,,unlabeled
LGR4,,unlabeled
LGR5,,unlabeled
LGR6,,unlabeled
LGSN,,unlabeled
LHB,,unlabeled
LHCGR,Phase 2,trial_heldout
LHFPL1,,unlabeled
LHFPL2,,unlabeled
LHFPL3,,unlabeled
LHFPL4,,unlabeled
LHFPL5,,unlabeled
LHFPL6,,unlabeled
LHPP,,unlabeled
LHX1,,unlabeled
LHX2,,unlabeled
LHX3,,unlabeled
LHX4,,unlabeled
LHX5,,unlabeled
LHX6,,unlabeled
LHX8,,unlabeled
LHX9,,unlabeled
LIAS,,unlabeled
LIF,,unlabeled
LIFR,,unlabeled
LIG1,,unlabeled
LIG3,,unlabeled
LIG4,,unlabeled
LILRA1,,unlabeled
LILRA2,,unlabeled
LILRA4,Phase 2,trial_heldout
LILRA5,,unlabeled
LILRA6,,unlabeled
LILRB1,,unlabeled
LILRB2,,unlabeled
LILRB3,,unlabeled
LILRB4,,unlabeled
LILRB5,,unlabeled
LIM2,,unlabeled
LIMA1,,unlabeled
LIMCH1,,unlabeled
LIMD1,,unlabeled
LIMD2,,unlabeled
LIME1,,unlabeled
LIMK1,,unlabeled
LIMK2,,unlabeled
LIMS1,,unlabeled
LIMS2,,unlabeled
LIMS3,,unlabeled
LIN28A,,unlabeled
LIN28B,,unlabeled
LIN37,,unlabeled
LIN52,,unlabeled
LIN54,,unlabeled
LIN7A,,unlabeled
LIN7B,,unlabeled
LIN7C,,unlabeled
LIN9,,unlabeled
SMIM45,,unlabeled
LINC02203,,unlabeled
LINC02210-CRHR1,,unlabeled
LINGO1,Phase 2,trial_heldout
LINGO2,,unlabeled
LINGO3,,unlabeled
LINGO4,,unlabeled
LINS1,,unlabeled
LIPA,,unlabeled
LIPC,,unlabeled
LIPE,,unlabeled
LIPF,,unlabeled
LIPG,,unlabeled
LIPH,,unlabeled
LIPI,,unlabeled
LIPJ,,unlabeled
LIPK,,unlabeled
LIPM,,unlabeled
LIPN,,unlabeled
LIPT1,,unlabeled
LIPT2,,unlabeled
LITAF,,unlabeled
LIX1,,unlabeled
LIX1L,,unlabeled
LKAAEAR1,,unlabeled
SOFU1,,unlabeled
LLGL1,,unlabeled
LLGL2,,unlabeled
LLPH,,unlabeled
LMAN1,,unlabeled
LMAN1L,,unlabeled
LMAN2,,unlabeled
LMAN2L,,unlabeled
LMBR1,,unlabeled
LMBR1L,,unlabeled
LMBRD1,,unlabeled
LMBRD2,,unlabeled
LMCD1,,unlabeled
LMF1,,unlabeled
LMF2,,unlabeled
LMLN,,unlabeled
CIROP,,unlabeled
LMNA,,unlabeled
LMNB1,,unlabeled
LMNB2,,unlabeled
LMNTD1,,unlabeled
LMNTD2,,unlabeled
LMO1,,unlabeled
LMO2,,unlabeled
LMO3,,unlabeled
LMO4,,unlabeled
LMO7,,unlabeled
LMOD1,,unlabeled
LMOD2,,unlabeled
LMOD3,,unlabeled
LMTK2,,unlabeled
LMTK3,,unlabeled
LMX1A,,unlabeled
LMX1B,,unlabeled
LNP1,,unlabeled
LNPEP,Phase 2,trial_heldout
LNPK,,unlabeled
LNX1,,unlabeled
LNX2,,unlabeled
LONP1,,unlabeled
LONP2,,unlabeled
LONRF1,,unlabeled
LONRF2,,unlabeled
LONRF3,,unlabeled
LORICRIN,,unlabeled
LOX,,unlabeled
LOXHD1,,unlabeled
LOXL1,,unlabeled
LOXL2,Phase 2,trial_heldout
LOXL3,,unlabeled
LOXL4,,unlabeled
LPA,,unlabeled
LPAR1,Phase 2,trial_heldout
LPAR2,,unlabeled
LPAR3,,unlabeled
LPAR4,,unlabeled
LPAR5,,unlabeled
LPAR6,,unlabeled
LPCAT1,,unlabeled
LPCAT2,,unlabeled
LPCAT3,,unlabeled
LPCAT4,,unlabeled
LPGAT1,,unlabeled
LPIN1,,unlabeled
LPIN2,,unlabeled
LPIN3,,unlabeled
LPL,,unlabeled
LPO,,unlabeled
LPP,,unlabeled
LPXN,,unlabeled
LRAT,,unlabeled
LRATD1,,unlabeled
LRATD2,,unlabeled
LRBA,,unlabeled
LRCH1,,unlabeled
LRCH2,,unlabeled
LRCH3,,unlabeled
LRCH4,,unlabeled
LRCOL1,,unlabeled
LRFN1,,unlabeled
LRFN2,,unlabeled
LRFN3,,unlabeled
LRFN4,,unlabeled
LRFN5,,unlabeled
LRG1,,unlabeled
LRGUK,,unlabeled
LRIF1,,unlabeled
LRIG1,,unlabeled
LRIG2,,unlabeled
LRIG3,,unlabeled
LRIT1,,unlabeled
LRIT2,,unlabeled
LRIT3,,unlabeled
LRMDA,,unlabeled
LRP1,,unlabeled
LRP10,,unlabeled
LRP11,,unlabeled
LRP12,,unlabeled
LRP1B,,unlabeled
LRP2,,unlabeled
LRP2BP,,unlabeled
LRP3,,unlabeled
LRP4,,unlabeled
LRP5,,unlabeled
LRP6,,unlabeled
LRP8,,unlabeled
LRPAP1,,unlabeled
LRPPRC,,unlabeled
LRR1,,unlabeled
LRRC1,,unlabeled
LRRC10,,unlabeled
LRRC10B,,unlabeled
LRRC14,,unlabeled
LRRC14B,,unlabeled
LRRC15,,unlabeled
LRRC17,,unlabeled
LRRC18,,unlabeled
LRRC19,,unlabeled
LRRC2,,unlabeled
LRRC20,,unlabeled
LRRC23,,unlabeled
LRRC24,,unlabeled
LRRC25,,unlabeled
LRRC26,,unlabeled
LRRC27,,unlabeled
LRRC28,,unlabeled
LRRC3,,unlabeled
LRRC30,,unlabeled
LRRC31,,unlabeled
LRRC32,,unlabeled
LRRC34,,unlabeled
LRRC36,,unlabeled
LRRC37A,,unlabeled
LRRC37A2,,unlabeled
LRRC37A3,,unlabeled
LRRC37B,,unlabeled
LRRC38,,unlabeled
LRRC39,,unlabeled
LRRC3B,,unlabeled
LRRC3C,,unlabeled
LRRC4,,unlabeled
LRRC40,,unlabeled
LRRC41,,unlabeled
LRRC42,,unlabeled
LRRC43,,unlabeled
LRRC45,,unlabeled
LRRC46,,unlabeled
LRRC47,,unlabeled
LRRC49,,unlabeled
LRRC4B,,unlabeled
LRRC4C,,unlabeled
LRRC51,,unlabeled
LRRC52,,unlabeled
LRRC53,,unlabeled
LRRC55,,unlabeled
LRRC56,,unlabeled
LRRC57,,unlabeled
LRRC58,,unlabeled
LRRC59,,unlabeled
LRRC61,,unlabeled
LRRC63,,unlabeled
LRRC66,,unlabeled
LRRC69,,unlabeled
LRRC7,,unlabeled
LRRC70,,unlabeled
LRRC71,,unlabeled
LRRC72,,unlabeled
LRRC73,,unlabeled
LRRC74A,,unlabeled
LRRC74B,,unlabeled
LRRC75A,,unlabeled
LRRC75B,,unlabeled
LRRC8A,,unlabeled
LRRC8B,,unlabeled
LRRC8C,,unlabeled
LRRC8D,,unlabeled
LRRC8E,,unlabeled
LRRC9,,unlabeled
LRRCC1,,unlabeled
LRRD1,,unlabeled
LRRFIP1,,unlabeled
LRRFIP2,,unlabeled
LRRIQ1,,unlabeled
LRRIQ3,,unlabeled
LRRIQ4,,unlabeled
LRRK1,,unlabeled
LRRK2,,unlabeled
LRRN1,,unlabeled
LRRN2,,unlabeled
LRRN3,,unlabeled
LRRN4,,unlabeled
LRRN4CL,,unlabeled
LRRTM1,,unlabeled
LRRTM2,,unlabeled
LRRTM3,,unlabeled
LRRTM4,,unlabeled
LRSAM1,,unlabeled
LRTM1,,unlabeled
LRTM2,,unlabeled
LRTOMT,,unlabeled
LRWD1,,unlabeled
LSAMP,,unlabeled
LSG1,,unlabeled
LSM1,,unlabeled
LSM10,,unlabeled
LSM11,,unlabeled
LSM12,,unlabeled
LSM14A,,unlabeled
LSM14B,,unlabeled
LSM2,,unlabeled
LSM3,,unlabeled
LSM4,,unlabeled
LSM5,,unlabeled
LSM6,,unlabeled
LSM7,,unlabeled
LSM8,,unlabeled
LSMEM1,,unlabeled
LSMEM2,,unlabeled
LSP1,,unlabeled
LSR,,unlabeled
LSS,,unlabeled
LST1,,unlabeled
LTA,Phase 2,trial_heldout
LTA4H,Phase 2,trial_heldout
LTB,Phase 2,trial_heldout
LTB4R,Phase 3,trial_heldout
LTB4R2,Phase 3,trial_heldout
LTBP1,,unlabeled
LTBP2,,unlabeled
LTBP3,,unlabeled
LTBP4,,unlabeled
LTBR,,unlabeled
LTC4S,,unlabeled
LTF,,unlabeled
LTK,,unlabeled
LTN1,,unlabeled
LTO1,,unlabeled
LTV1,,unlabeled
LUC7L,,unlabeled
LUC7L2,,unlabeled
LUC7L3,,unlabeled
LUM,,unlabeled
LURAP1,,unlabeled
LURAP1L,,unlabeled
LUZP1,,unlabeled
LUZP2,,unlabeled
LUZP4,,unlabeled
LVRN,Phase 2,trial_heldout
LXN,,unlabeled
LY6D,,unlabeled
LY6E,,unlabeled
LY6G5B,,unlabeled
LY6G5C,,unlabeled
LY6G6C,,unlabeled
LY6G6D,,unlabeled
LY6G6E,,unlabeled
LY6G6F,,unlabeled
LY6G6F-LY6G6D,,unlabeled
LY6H,,unlabeled
LY6K,,unlabeled
LY6L,,unlabeled
LY75,,unlabeled
LY75-CD302,,unlabeled
LY86,,unlabeled
LY9,,unlabeled
LY96,,unlabeled
LYAR,,unlabeled
LYG1,,unlabeled
LYG2,,unlabeled
LYL1,,unlabeled
LYN,Approved,P
LYNX1,,unlabeled
LYNX1-SLURP2,,unlabeled
LYPD1,,unlabeled
LYPD2,,unlabeled
LYPD3,,unlabeled
LYPD4,,unlabeled
LYPD5,,unlabeled
LYPD6,,unlabeled
LYPD6B,,unlabeled
LYPD8,,unlabeled
LYPLA1,,unlabeled
LYPLA2,,unlabeled
LYPLAL1,,unlabeled
LYRM1,,unlabeled
LYRM2,,unlabeled
LYRM4,,unlabeled
LYRM7,,unlabeled
LYRM9,,unlabeled
LYSMD1,,unlabeled
LYSMD2,,unlabeled
LYSMD3,,unlabeled
LYSMD4,,unlabeled
LYST,,unlabeled
LYVE1,,unlabeled
LYZ,,unlabeled
LYZL1,,unlabeled
LYZL2,,unlabeled
LYZL4,,unlabeled
LYZL6,,unlabeled
LZIC,,unlabeled
LZTFL1,,unlabeled
LZTR1,,unlabeled
LZTS1,,unlabeled
LZTS2,,unlabeled
LZTS3,,unlabeled
M1AP,,unlabeled
M6PR,,unlabeled
MAB21L1,,unlabeled
MAB21L2,,unlabeled
MAB21L3,,unlabeled
MAB21L4,,unlabeled
MACC1,,unlabeled
MACF1,,unlabeled
MACIR,,unlabeled
MACO1,,unlabeled
MACROD1,,unlabeled
MACROD2,,unlabeled
MACROH2A1,,unlabeled
MACROH2A2,,unlabeled
MAD1L1,,unlabeled
MAD2L1,,unlabeled
MAD2L1BP,,unlabeled
MAD2L2,,unlabeled
MADCAM1,Phase 3,trial_heldout
MADD,,unlabeled
MAEA,,unlabeled
MAEL,,unlabeled
MAF,,unlabeled
MAF1,,unlabeled
MAFA,,unlabeled
MAFB,,unlabeled
MAFF,,unlabeled
MAFG,,unlabeled
MAFK,,unlabeled
MAG,,unlabeled
MAGEA1,,unlabeled
MAGEA10,,unlabeled
MAGEA11,,unlabeled
MAGEA12,,unlabeled
MAGEA3,Phase 3,trial_heldout
MAGEA4,,unlabeled
MAGEA6,,unlabeled
MAGEA8,,unlabeled
MAGEA9,,unlabeled
MAGEA9B,,unlabeled
MAGEB1,,unlabeled
MAGEB10,,unlabeled
MAGEB16,,unlabeled
MAGEB17,,unlabeled
MAGEB18,,unlabeled
MAGEB2,,unlabeled
MAGEB3,,unlabeled
MAGEB4,,unlabeled
MAGEB5,,unlabeled
MAGEB6,,unlabeled
MAGEB6B,,unlabeled
MAGEC1,,unlabeled
MAGEC2,,unlabeled
MAGEC3,,unlabeled
MAGED1,,unlabeled
MAGED2,,unlabeled
MAGEE1,,unlabeled
MAGEE2,,unlabeled
MAGEF1,,unlabeled
MAGEH1,,unlabeled
MAGEL2,,unlabeled
MAGI1,,unlabeled
MAGI2,,unlabeled
MAGI3,,unlabeled
MAGIX,,unlabeled
MAGOH,,unlabeled
MAGOHB,,unlabeled
MAGT1,,unlabeled
MAIP1,,unlabeled
MAJIN,,unlabeled
MAK,,unlabeled
MAK16,,unlabeled
MAL,,unlabeled
MAL2,,unlabeled
MALL,,unlabeled
MALRD1,,unlabeled
MALSU1,,unlabeled
MALT1,,unlabeled
MAMDC2,,unlabeled
MAMDC4,,unlabeled
MAML1,,unlabeled
MAML2,,unlabeled
MAML3,,unlabeled
MAMLD1,,unlabeled
MAMSTR,,unlabeled
MAN1A1,,unlabeled
MAN1A2,,unlabeled
MAN1B1,,unlabeled
MAN1C1,,unlabeled
MAN2A1,,unlabeled
MAN2A2,,unlabeled
MAN2B1,,unlabeled
MAN2B2,,unlabeled
MAN2C1,,unlabeled
MANBA,,unlabeled
MANBAL,,unlabeled
MANEA,,unlabeled
MANEAL,,unlabeled
MANF,,unlabeled
MANSC1,,unlabeled
MANSC4,,unlabeled
MAOA,Phase 2,trial_heldout
MAOB,Phase 2,trial_heldout
MAP10,,unlabeled
MAP1A,,unlabeled
MAP1B,,unlabeled
MAP1LC3A,,unlabeled
MAP1LC3B,,unlabeled
MAP1LC3B2,,unlabeled
MAP1LC3C,,unlabeled
MAP1S,,unlabeled
MAP2,,unlabeled
MAP2K1,Phase 2,trial_heldout
MAP2K2,Phase 2,trial_heldout
MAP2K3,,unlabeled
MAP2K4,,unlabeled
MAP2K5,,unlabeled
MAP2K6,,unlabeled
MAP2K7,,unlabeled
MAP3K1,Phase 2,trial_heldout
MAP3K10,,unlabeled
MAP3K11,,unlabeled
MAP3K12,,unlabeled
MAP3K13,,unlabeled
MAP3K14,,unlabeled
MAP3K15,,unlabeled
MAP3K19,,unlabeled
MAP3K2,,unlabeled
MAP3K20,,unlabeled
MAP3K21,,unlabeled
MAP3K3,,unlabeled
MAP3K4,,unlabeled
MAP3K5,,unlabeled
MAP3K6,,unlabeled
MAP3K7,,unlabeled
MAP3K7CL,,unlabeled
MAP3K8,Phase 2,trial_heldout
MAP3K9,,unlabeled
MAP4,,unlabeled
MAP4K1,,unlabeled
MAP4K2,,unlabeled
MAP4K3,,unlabeled
MAP4K4,,unlabeled
MAP4K5,,unlabeled
MAP6,,unlabeled
MAP6D1,,unlabeled
MAP7,,unlabeled
MAP7D1,,unlabeled
MAP7D2,,unlabeled
MAP7D3,,unlabeled
MAP9,,unlabeled
MAPK1,Phase 2,trial_heldout
MAPK10,Phase 2,trial_heldout
MAPK11,Phase 2,trial_heldout
MAPK12,,unlabeled
MAPK13,,unlabeled
MAPK14,Phase 2,trial_heldout
MAPK15,,unlabeled
MAPK1IP1L,,unlabeled
MAPK3,Phase 2,trial_heldout
MAPK4,,unlabeled
MAPK6,,unlabeled
MAPK7,,unlabeled
MAPK8,Phase 2,trial_heldout
MAPK8IP1,,unlabeled
MAPK8IP2,,unlabeled
MAPK8IP3,,unlabeled
MAPK9,Phase 2,trial_heldout
MAPKAP1,,unlabeled
MAPKAPK2,,unlabeled
MAPKAPK3,,unlabeled
MAPKAPK5,Phase 2,trial_heldout
MAPKBP1,,unlabeled
MAPRE1,,unlabeled
MAPRE2,,unlabeled
MAPRE3,,unlabeled
MAPT,,unlabeled
MARCHF1,,unlabeled
MARCHF10,,unlabeled
MARCHF11,,unlabeled
MARCHF2,,unlabeled
MARCHF3,,unlabeled
MARCHF4,,unlabeled
MARCHF5,,unlabeled
MARCHF6,,unlabeled
MARCHF7,,unlabeled
MARCHF8,,unlabeled
MARCHF9,,unlabeled
MARCKS,,unlabeled
MARCKSL1,,unlabeled
MARCO,,unlabeled
MARF1,,unlabeled
MARK1,,unlabeled
MARK2,,unlabeled
MARK3,,unlabeled
MARK4,,unlabeled
MARS1,,unlabeled
MARS2,,unlabeled
MARVELD1,,unlabeled
MARVELD2,,unlabeled
MARVELD3,,unlabeled
MAS1,Phase 2,trial_heldout
MAS1L,,unlabeled
MASP1,,unlabeled
MASP2,Phase 3,trial_heldout
MAST1,,unlabeled
MAST2,,unlabeled
MAST3,,unlabeled
MAST4,,unlabeled
MASTL,,unlabeled
MAT1A,,unlabeled
MAT2A,,unlabeled
MAT2B,,unlabeled
MATK,,unlabeled
MATN1,,unlabeled
MATN2,,unlabeled
MATN3,,unlabeled
MATN4,,unlabeled
MAU2,,unlabeled
MAVS,,unlabeled
MAX,,unlabeled
MAZ,,unlabeled
MB,,unlabeled
MB21D2,,unlabeled
MBD1,,unlabeled
MBD2,,unlabeled
MBD3,,unlabeled
MBD3L1,,unlabeled
MBD3L2,,unlabeled
MBD3L2B,,unlabeled
MBD3L3,,unlabeled
MBD3L4,,unlabeled
MBD3L5,,unlabeled
MBD4,,unlabeled
MBD5,,unlabeled
MBD6,,unlabeled
MBIP,,unlabeled
MBL2,,unlabeled
MBLAC1,,unlabeled
MBLAC2,,unlabeled
MBNL1,,unlabeled
MBNL2,,unlabeled
MBNL3,,unlabeled
MBOAT1,,unlabeled
MBOAT2,,unlabeled
MBOAT4,,unlabeled
MBOAT7,,unlabeled
MBP,,unlabeled
MBTD1,,unlabeled
MBTPS1,,unlabeled
MBTPS2,,unlabeled
MC1R,Phase 3,trial_heldout
MC2R,Approved,P
MC3R,,unlabeled
MC4R,,unlabeled
MC5R,,unlabeled
MCAM,,unlabeled
MCAT,,unlabeled
MCC,,unlabeled
MCCC1,,unlabeled
MCCC2,,unlabeled
MCCD1,,unlabeled
MCEE,,unlabeled
MCEMP1,,unlabeled
MCF2,,unlabeled
MCF2L,,unlabeled
MCF2L2,,unlabeled
MCFD2,,unlabeled
MCHR1,,unlabeled
MCHR2,,unlabeled
MCIDAS,,unlabeled
MCL1,Phase 2,trial_heldout
MCM10,,unlabeled
MCM2,,unlabeled
MCM3,,unlabeled
MCM3AP,,unlabeled
MCM4,,unlabeled
MCM5,,unlabeled
MCM6,,unlabeled
MCM7,,unlabeled
MCM8,,unlabeled
MCM9,,unlabeled
MCMBP,,unlabeled
MCMDC2,,unlabeled
MCOLN1,,unlabeled
MCOLN2,,unlabeled
MCOLN3,,unlabeled
MCPH1,,unlabeled
MCRIP1,,unlabeled
MCRIP2,,unlabeled
MCRS1,,unlabeled
MCTP1,,unlabeled
MCTP2,,unlabeled
MCTS1,,unlabeled
MCTS2,,unlabeled
MCU,,unlabeled
MCUB,,unlabeled
MCUR1,,unlabeled
MDC1,,unlabeled
MDFI,,unlabeled
MDFIC,,unlabeled
MDGA1,,unlabeled
MDGA2,,unlabeled
MDH1,,unlabeled
MDH1B,,unlabeled
MDH2,,unlabeled
MDK,,unlabeled
SAXO6,,unlabeled
MDM2,Phase 3,trial_heldout
MDM4,,unlabeled
MDN1,,unlabeled
MDP1,,unlabeled
ME1,,unlabeled
ME2,,unlabeled
ME3,,unlabeled
MEA1,,unlabeled
MEAF6,,unlabeled
MEAK7,,unlabeled
MECOM,,unlabeled
MECP2,,unlabeled
MECR,,unlabeled
MED1,,unlabeled
MED10,,unlabeled
MED11,,unlabeled
MED12,,unlabeled
MED12L,,unlabeled
MED13,,unlabeled
MED13L,,unlabeled
MED14,,unlabeled
MED15,,unlabeled
MED16,,unlabeled
MED17,,unlabeled
MED18,,unlabeled
MED19,,unlabeled
MED20,,unlabeled
MED21,,unlabeled
MED22,,unlabeled
MED23,,unlabeled
MED24,,unlabeled
MED25,,unlabeled
MED26,,unlabeled
MED27,,unlabeled
MED28,,unlabeled
MED29,,unlabeled
MED30,,unlabeled
MED31,,unlabeled
MED4,,unlabeled
MED6,,unlabeled
MED7,,unlabeled
MED8,,unlabeled
MED9,,unlabeled
MEDAG,,unlabeled
MEF2A,,unlabeled
MEF2B,,unlabeled
MEF2C,,unlabeled
MEF2D,,unlabeled
MEFV,,unlabeled
MEGF10,,unlabeled
MEGF11,,unlabeled
MEGF6,,unlabeled
MEGF8,,unlabeled
MEGF9,,unlabeled
MEI1,,unlabeled
MEI4,,unlabeled
MEIG1,,unlabeled
MEIOB,,unlabeled
MEIOC,,unlabeled
MEIOSIN,,unlabeled
MEIS1,,unlabeled
MEIS2,,unlabeled
MEIS3,,unlabeled
MELK,,unlabeled
MELTF,,unlabeled
MEMO1,,unlabeled
MEN1,Phase 3,trial_heldout
MEOX1,,unlabeled
MEOX2,,unlabeled
MEP1A,,unlabeled
MEP1B,,unlabeled
MEPCE,,unlabeled
MEPE,,unlabeled
MERTK,Phase 1,trial_heldout
MESD,,unlabeled
MESP1,,unlabeled
MESP2,,unlabeled
MEST,,unlabeled
MET,Phase 3,trial_heldout
METAP1,Phase 2,trial_heldout
METAP1D,Phase 2,trial_heldout
METAP2,Phase 2,trial_heldout
METRN,,unlabeled
METRNL,,unlabeled
METTL1,,unlabeled
METTL13,,unlabeled
METTL14,,unlabeled
METTL15,,unlabeled
METTL16,,unlabeled
METTL17,,unlabeled
METTL18,,unlabeled
METTL21A,,unlabeled
METTL21C,,unlabeled
METTL22,,unlabeled
METTL23,,unlabeled
METTL24,,unlabeled
METTL25,,unlabeled
METTL25B,,unlabeled
METTL26,,unlabeled
METTL27,,unlabeled
METTL2A,,unlabeled
METTL2B,,unlabeled
METTL3,,unlabeled
METTL4,,unlabeled
METTL5,,unlabeled
METTL6,,unlabeled
TMT1A,,unlabeled
TMT1B,,unlabeled
METTL8,,unlabeled
METTL9,,unlabeled
MEX3A,,unlabeled
MEX3B,,unlabeled
MEX3C,,unlabeled
MEX3D,,unlabeled
MFAP1,,unlabeled
MFAP2,,unlabeled
MFAP3,,unlabeled
MFAP3L,,unlabeled
MFAP4,,unlabeled
MFAP5,,unlabeled
MFF,,unlabeled
MFGE8,,unlabeled
MFHAS1,,unlabeled
MFN1,,unlabeled
MFN2,,unlabeled
MFNG,,unlabeled
MFRP,,unlabeled
MFSD1,,unlabeled
SLC75A1,,unlabeled
MFSD11,,unlabeled
MFSD12,,unlabeled
SLC68A1,,unlabeled
SLC71A1,,unlabeled
SLC71A2,,unlabeled
MFSD2A,,unlabeled
MFSD2B,,unlabeled
SLC33A2,,unlabeled
SLC60A1,,unlabeled
SLC60A2,,unlabeled
SLC61A1,,unlabeled
MFSD6,,unlabeled
MFSD6L,,unlabeled
MFSD8,,unlabeled
SLC67A2,,unlabeled
MGA,,unlabeled
MGAM,Phase 3,trial_heldout
MGAM2,,unlabeled
MGARP,,unlabeled
MGAT1,,unlabeled
MGAT2,,unlabeled
MGAT3,,unlabeled
MGAT4A,,unlabeled
MGAT4B,,unlabeled
MGAT4C,,unlabeled
MGAT4D,,unlabeled
MGAT5,,unlabeled
MGAT5B,,unlabeled
MGLL,Phase 1,trial_heldout
MGME1,,unlabeled
MGMT,,unlabeled
MGP,,unlabeled
MGRN1,,unlabeled
MGST1,,unlabeled
MGST2,,unlabeled
MGST3,,unlabeled
MIA,,unlabeled
MIA-RAB4B,,unlabeled
MIA2,,unlabeled
MIA3,,unlabeled
MIB1,,unlabeled
MIB2,,unlabeled
MICA,,unlabeled
MICAL1,,unlabeled
MICAL2,,unlabeled
MICAL3,,unlabeled
MICALL1,,unlabeled
MICALL2,,unlabeled
MICB,,unlabeled
MICOS10,,unlabeled
MICOS10-NBL1,,unlabeled
MICOS13,,unlabeled
MICU1,,unlabeled
MICU2,,unlabeled
MICU3,,unlabeled
MID1,,unlabeled
MID1IP1,,unlabeled
MID2,,unlabeled
MIDEAS,,unlabeled
MIDN,,unlabeled
MIEF1,,unlabeled
MIEF2,,unlabeled
MIEN1,,unlabeled
MIER1,,unlabeled
MIER2,,unlabeled
MIER3,,unlabeled
MIF,Approved,P
MIF4GD,,unlabeled
MIGA1,,unlabeled
MIGA2,,unlabeled
MIIP,,unlabeled
MILR1,,unlabeled
MINAR1,,unlabeled
MINAR2,,unlabeled
MINDY1,,unlabeled
MINDY2,,unlabeled
MINDY3,,unlabeled
MINDY4,,unlabeled
MINDY4B,,unlabeled
MINK1,,unlabeled
MINPP1,,unlabeled
MIOS,,unlabeled
MIOX,,unlabeled
MIP,,unlabeled
MIPEP,,unlabeled
MIPOL1,,unlabeled
MIS12,,unlabeled
MIS18A,,unlabeled
MIS18BP1,,unlabeled
MISP,,unlabeled
MISP3,,unlabeled
MITD1,,unlabeled
MITF,,unlabeled
MIX23,,unlabeled
MIXL1,,unlabeled
MKI67,,unlabeled
MKLN1,,unlabeled
MKNK1,Phase 1,trial_heldout
MKNK2,Phase 1,trial_heldout
MKRN1,,unlabeled
MKRN2,,unlabeled
MKRN2OS,,unlabeled
MKRN3,,unlabeled
MKS1,,unlabeled
MKX,,unlabeled
MLANA,,unlabeled
MLC1,,unlabeled
MLEC,,unlabeled
MLF1,,unlabeled
MLF2,,unlabeled
MLH1,,unlabeled
MLH3,,unlabeled
MLIP,,unlabeled
MLKL,,unlabeled
MLLT1,,unlabeled
MLLT10,,unlabeled
MLLT11,,unlabeled
MLLT3,,unlabeled
MLLT6,,unlabeled
MLN,,unlabeled
MLNR,Phase 2,trial_heldout
MLPH,,unlabeled
MLST8,Phase 1,trial_heldout
MLX,,unlabeled
MLXIP,,unlabeled
MLXIPL,,unlabeled
MLYCD,,unlabeled
MMAA,,unlabeled
MMAB,,unlabeled
MMACHC,,unlabeled
MMADHC,,unlabeled
MMD,,unlabeled
MMD2,,unlabeled
MME,,unlabeled
MMEL1,,unlabeled
MMGT1,,unlabeled
MMP1,Phase 3,trial_heldout
MMP10,,unlabeled
MMP11,,unlabeled
MMP12,,unlabeled
MMP13,Phase 3,trial_heldout
MMP14,,unlabeled
MMP15,,unlabeled
MMP16,,unlabeled
MMP17,,unlabeled
MMP19,,unlabeled
MMP2,,unlabeled
MMP20,,unlabeled
MMP21,,unlabeled
MMP23B,,unlabeled
MMP24,,unlabeled
MMP25,,unlabeled
MMP26,,unlabeled
MMP27,,unlabeled
MMP28,,unlabeled
MMP3,,unlabeled
MMP7,Phase 3,trial_heldout
MMP8,Phase 3,trial_heldout
MMP9,Phase 3,trial_heldout
MMRN1,,unlabeled
MMRN2,,unlabeled
MMS19,,unlabeled
MMS22L,,unlabeled
MMUT,,unlabeled
MN1,,unlabeled
MNAT1,,unlabeled
MND1,,unlabeled
MNDA,,unlabeled
MNS1,,unlabeled
MNT,,unlabeled
MNX1,,unlabeled
MOAP1,,unlabeled
MOB1A,,unlabeled
MOB1B,,unlabeled
MOB2,,unlabeled
MOB3A,,unlabeled
MOB3B,,unlabeled
MOB3C,,unlabeled
MOB4,,unlabeled
MOBP,,unlabeled
MOCOS,,unlabeled
MOCS1,,unlabeled
MOCS2,,unlabeled
MOCS3,,unlabeled
MOG,,unlabeled
MOGAT1,,unlabeled
MOGAT2,,unlabeled
MOGAT3,,unlabeled
MOGS,,unlabeled
MOK,,unlabeled
MON1A,,unlabeled
MON1B,,unlabeled
MON2,,unlabeled
MORC1,,unlabeled
MORC2,,unlabeled
MORC3,,unlabeled
MORC4,,unlabeled
MORF4L1,,unlabeled
MORF4L2,,unlabeled
MORN1,,unlabeled
MORN2,,unlabeled
MORN3,,unlabeled
MORN4,,unlabeled
MORN5,,unlabeled
MOS,,unlabeled
MOSMO,,unlabeled
MOSPD1,,unlabeled
MOSPD2,,unlabeled
MOSPD3,,unlabeled
MOV10,,unlabeled
MOV10L1,,unlabeled
MOXD1,,unlabeled
MPC1,,unlabeled
MPC1L,,unlabeled
MPC2,,unlabeled
MPDU1,,unlabeled
MPDZ,,unlabeled
MPEG1,,unlabeled
MPG,,unlabeled
MPHOSPH10,,unlabeled
MPHOSPH6,,unlabeled
MPHOSPH8,,unlabeled
MPHOSPH9,,unlabeled
MPI,,unlabeled
MPIG6B,,unlabeled
MPL,Approved,P
MPLKIP,,unlabeled
MPND,,unlabeled
MPO,,unlabeled
MPP1,,unlabeled
MPP2,,unlabeled
MPP3,,unlabeled
MPP4,,unlabeled
MPP7,,unlabeled
MPPE1,,unlabeled
MPPED1,,unlabeled
MPPED2,,unlabeled
MPRIP,,unlabeled
MPST,,unlabeled
MPV17,,unlabeled
MPV17L,,unlabeled
MPV17L2,,unlabeled
MPZ,,unlabeled
MPZL1,,unlabeled
MPZL2,,unlabeled
MPZL3,,unlabeled
MR1,,unlabeled
MRAP,,unlabeled
MRAP2,,unlabeled
MRAS,,unlabeled
MRC1,,unlabeled
MRC2,,unlabeled
MRE11,,unlabeled
MREG,,unlabeled
MRFAP1,,unlabeled
MRFAP1L1,,unlabeled
MRGBP,,unlabeled
MRGPRD,,unlabeled
MRGPRE,,unlabeled
MRGPRF,,unlabeled
MRGPRG,,unlabeled
MRGPRX1,,unlabeled
MRGPRX2,,unlabeled
MRGPRX3,,unlabeled
MRGPRX4,,unlabeled
MRI1,,unlabeled
MRM1,,unlabeled
MRM2,,unlabeled
MRM3,,unlabeled
MRNIP,,unlabeled
MRO,,unlabeled
MROH1,,unlabeled
MROH2A,,unlabeled
MROH2B,,unlabeled
MROH5,,unlabeled
MROH6,,unlabeled
MROH7,,unlabeled
MROH7-TTC4,,unlabeled
MROH8,,unlabeled
MROH9,,unlabeled
MRPL1,,unlabeled
MRPL10,,unlabeled
MRPL11,,unlabeled
MRPL12,,unlabeled
MRPL13,,unlabeled
MRPL14,,unlabeled
MRPL15,,unlabeled
MRPL16,,unlabeled
MRPL17,,unlabeled
MRPL18,,unlabeled
MRPL19,,unlabeled
MRPL2,,unlabeled
MRPL20,,unlabeled
MRPL21,,unlabeled
MRPL22,,unlabeled
MRPL23,,unlabeled
MRPL24,,unlabeled
MRPL27,,unlabeled
MRPL28,,unlabeled
MRPL3,,unlabeled
MRPL30,,unlabeled
MRPL32,,unlabeled
MRPL33,,unlabeled
MRPL34,,unlabeled
MRPL35,,unlabeled
MRPL36,,unlabeled
MRPL37,,unlabeled
MRPL38,,unlabeled
MRPL39,,unlabeled
MRPL4,,unlabeled
MRPL40,,unlabeled
MRPL41,,unlabeled
MRPL42,,unlabeled
MRPL43,,unlabeled
MRPL44,,unlabeled
MRPL45,,unlabeled
MRPL46,,unlabeled
MRPL47,,unlabeled
MRPL48,,unlabeled
MRPL49,,unlabeled
MRPL50,,unlabeled
MRPL51,,unlabeled
MRPL52,,unlabeled
MRPL53,,unlabeled
MRPL54,,unlabeled
MRPL55,,unlabeled
MRPL57,,unlabeled
MRPL58,,unlabeled
MRPL9,,unlabeled
MRPS10,,unlabeled
MRPS11,,unlabeled
MRPS12,,unlabeled
MRPS14,,unlabeled
MRPS15,,unlabeled
MRPS16,,unlabeled
MRPS17,,unlabeled
MRPS18A,,unlabeled
MRPS18B,,unlabeled
MRPS18C,,unlabeled
MRPS2,,unlabeled
MRPS21,,unlabeled
MRPS22,,unlabeled
MRPS23,,unlabeled
MRPS24,,unlabeled
MRPS25,,unlabeled
MRPS26,,unlabeled
MRPS27,,unlabeled
MRPS28,,unlabeled
MRPS30,,unlabeled
MRPS31,,unlabeled
MRPS33,,unlabeled
MRPS34,,unlabeled
MRPS35,,unlabeled
KGD4,,unlabeled
MRPS5,,unlabeled
MRPS6,,unlabeled
MRPS7,,unlabeled
MRPS9,,unlabeled
MRRF,,unlabeled
MRS2,,unlabeled
MRTFA,,unlabeled
MRTFB,,unlabeled
MRTO4,,unlabeled
MS4A1,Approved,P
MS4A10,,unlabeled
MS4A12,,unlabeled
MS4A13,,unlabeled
MS4A14,,unlabeled
MS4A15,,unlabeled
MS4A18,,unlabeled
MS4A2,,unlabeled
MS4A3,,unlabeled
MS4A4A,,unlabeled
MS4A4E,,unlabeled
MS4A5,,unlabeled
MS4A6A,,unlabeled
MS4A6E,,unlabeled
MS4A7,,unlabeled
MS4A8,,unlabeled
MSANTD1,,unlabeled
MSANTD2,,unlabeled
MSANTD3,,unlabeled
MSANTD3-TMEFF1,,unlabeled
MSANTD4,,unlabeled
MSC,,unlabeled
MSGN1,,unlabeled
MSH2,,unlabeled
MSH3,,unlabeled
MSH4,,unlabeled
MSH5,,unlabeled
MSH5-SAPCD1,,unlabeled
MSH6,,unlabeled
MSI1,,unlabeled
MSI2,,unlabeled
MSL1,,unlabeled
MSL2,,unlabeled
MSL3,,unlabeled
MSLN,,unlabeled
MSLNL,,unlabeled
MSMB,,unlabeled
MSMO1,,unlabeled
MSMP,,unlabeled
MSN,,unlabeled
MSR1,,unlabeled
MSRA,,unlabeled
MSRB1,,unlabeled
MSRB2,,unlabeled
MSRB3,,unlabeled
MSS51,,unlabeled
MST1,,unlabeled
MST1R,Phase 2,trial_heldout
MSTN,,unlabeled
MSTO1,,unlabeled
MSX1,,unlabeled
MSX2,,unlabeled
MT1A,,unlabeled
MT1B,,unlabeled
MT1E,,unlabeled
MT1F,,unlabeled
MT1G,,unlabeled
MT1H,,unlabeled
MT1HL1,,unlabeled
MT1M,,unlabeled
MT1X,,unlabeled
MT2A,,unlabeled
MT3,,unlabeled
MT4,,unlabeled
MTA1,,unlabeled
MTA2,,unlabeled
MTA3,,unlabeled
MTAP,,unlabeled
MTARC1,,unlabeled
MTARC2,,unlabeled
MTBP,,unlabeled
MTCH1,,unlabeled
MTCH2,,unlabeled
MTCL1,,unlabeled
MTCP1,,unlabeled
MTDH,,unlabeled
MTERF1,,unlabeled
MTERF2,,unlabeled
MTERF3,,unlabeled
MTERF4,,unlabeled
MTF1,,unlabeled
MTF2,,unlabeled
MTFMT,,unlabeled
MTFP1,,unlabeled
MTFR1,,unlabeled
MTFR1L,,unlabeled
MTFR2,,unlabeled
MTG1,,unlabeled
MTG2,,unlabeled
MTHFD1,,unlabeled
MTHFD1L,,unlabeled
MTHFD2,,unlabeled
MTHFD2L,,unlabeled
MTHFR,,unlabeled
MTHFS,,unlabeled
MTHFSD,,unlabeled
MTIF2,,unlabeled
MTIF3,,unlabeled
MTM1,,unlabeled
MTMR1,,unlabeled
MTMR10,,unlabeled
MTMR11,,unlabeled
MTMR12,,unlabeled
MTMR14,,unlabeled
MTMR2,,unlabeled
MTMR3,,unlabeled
MTMR4,,unlabeled
MTMR6,,unlabeled
MTMR7,,unlabeled
MTMR8,,unlabeled
MTMR9,,unlabeled
MTNR1A,Phase 2,trial_heldout
MTNR1B,Phase 2,trial_heldout
MTO1,,unlabeled
MTOR,Phase 2,trial_heldout
MTPAP,,unlabeled
MTPN,,unlabeled
MTR,,unlabeled
MTRES1,,unlabeled
MTREX,,unlabeled
MTRF1,,unlabeled
MTRF1L,,unlabeled
MTRFR,,unlabeled
MTRNR2L1,,unlabeled
MTRNR2L10,,unlabeled
MTRNR2L12,,unlabeled
MTRNR2L13,,unlabeled
MTRNR2L3,,unlabeled
MTRNR2L4,,unlabeled
MTRNR2L5,,unlabeled
MTRNR2L6,,unlabeled
MTRNR2L7,,unlabeled
MTRNR2L8,,unlabeled
MTRR,,unlabeled
MTSS1,,unlabeled
MTSS2,,unlabeled
MTTP,,unlabeled
MTURN,,unlabeled
MTUS1,,unlabeled
MTUS2,,unlabeled
MTX1,,unlabeled
MTX2,,unlabeled
MTX3,,unlabeled
MUC1,Phase 2,trial_heldout
MUC12,,unlabeled
MUC13,,unlabeled
MUC15,,unlabeled
MUC16,,unlabeled
MUC17,,unlabeled
MUC19,,unlabeled
MUC2,,unlabeled
MUC20,,unlabeled
MUC21,,unlabeled
MUC22,,unlabeled
MUC3A,,unlabeled
MUC4,,unlabeled
MUC5AC,,unlabeled
MUC5B,,unlabeled
MUC6,,unlabeled
MUC7,,unlabeled
MUCL1,,unlabeled
MUCL3,,unlabeled
MUL1,,unlabeled
MUS81,,unlabeled
MUSK,,unlabeled
MUSTN1,,unlabeled
MUTYH,,unlabeled
MVB12A,,unlabeled
MVB12B,,unlabeled
MVD,,unlabeled
MVK,,unlabeled
MVP,,unlabeled
MX1,,unlabeled
MX2,,unlabeled
MXD1,,unlabeled
MXD3,,unlabeled
MXD4,,unlabeled
MXI1,,unlabeled
MXRA5,,unlabeled
MXRA7,,unlabeled
MXRA8,,unlabeled
MYADM,,unlabeled
MYADML2,,unlabeled
MYB,,unlabeled
MYBBP1A,,unlabeled
MYBL1,,unlabeled
MYBL2,,unlabeled
MYBPC1,,unlabeled
MYBPC2,,unlabeled
MYBPC3,,unlabeled
MYBPH,,unlabeled
MYBPHL,,unlabeled
MYC,,unlabeled
MYCBP,,unlabeled
MYCBP2,,unlabeled
MYCBPAP,,unlabeled
MYCL,,unlabeled
MYCN,,unlabeled
MYCT1,,unlabeled
MYD88,,unlabeled
MYDGF,,unlabeled
MYEF2,,unlabeled
MYEOV,,unlabeled
MYF5,,unlabeled
MYF6,,unlabeled
MYG1,,unlabeled
MYH1,,unlabeled
MYH10,,unlabeled
MYH11,,unlabeled
MYH13,,unlabeled
MYH14,,unlabeled
MYH15,,unlabeled
MYH2,,unlabeled
MYH3,,unlabeled
MYH4,,unlabeled
MYH6,,unlabeled
MYH7,,unlabeled
MYH7B,,unlabeled
MYH8,,unlabeled
MYH9,,unlabeled
MYL1,,unlabeled
MYL10,,unlabeled
MYL12A,,unlabeled
MYL12B,,unlabeled
MYL2,,unlabeled
MYL3,,unlabeled
MYL4,,unlabeled
MYL5,,unlabeled
MYL6,,unlabeled
MYL6B,,unlabeled
MYL7,,unlabeled
MYL9,,unlabeled
MYLIP,,unlabeled
MYLK,,unlabeled
MYLK2,,unlabeled
MYLK3,,unlabeled
MYLK4,,unlabeled
MYL11,,unlabeled
MYMK,,unlabeled
MYNN,,unlabeled
MYO10,,unlabeled
MYO15A,,unlabeled
MYO15B,,unlabeled
MYO16,,unlabeled
MYO18A,,unlabeled
MYO18B,,unlabeled
MYO19,,unlabeled
MYO1A,,unlabeled
MYO1B,,unlabeled
MYO1C,,unlabeled
MYO1D,,unlabeled
MYO1E,,unlabeled
MYO1F,,unlabeled
MYO1G,,unlabeled
MYO1H,,unlabeled
MYO3A,,unlabeled
MYO3B,,unlabeled
MYO5A,,unlabeled
MYO5B,,unlabeled
MYO5C,,unlabeled
MYO6,,unlabeled
MYO7A,,unlabeled
MYO7B,,unlabeled
MYO9A,,unlabeled
MYO9B,,unlabeled
MYOC,,unlabeled
MYOCD,,unlabeled
MYOD1,,unlabeled
MYOF,,unlabeled
MYOG,,unlabeled
MYOM1,,unlabeled
MYOM2,,unlabeled
MYOM3,,unlabeled
MYORG,,unlabeled
MYOT,,unlabeled
MYOZ1,,unlabeled
MYOZ2,,unlabeled
MYOZ3,,unlabeled
MYPN,,unlabeled
MYPOP,,unlabeled
MYRF,,unlabeled
MYRFL,,unlabeled
MYRIP,,unlabeled
MYSM1,,unlabeled
MYT1,,unlabeled
MYT1L,,unlabeled
MYZAP,,unlabeled
MZB1,,unlabeled
MZF1,,unlabeled
MZT1,,unlabeled
MZT2A,,unlabeled
MZT2B,,unlabeled
N4BP1,,unlabeled
N4BP2,,unlabeled
N4BP2L1,,unlabeled
N4BP2L2,,unlabeled
N4BP3,,unlabeled
HEMK2,,unlabeled
NAA10,,unlabeled
NAA11,,unlabeled
NAA15,,unlabeled
NAA16,,unlabeled
NAA20,,unlabeled
NAA25,,unlabeled
NAA30,,unlabeled
NAA35,,unlabeled
NAA38,,unlabeled
NAA40,,unlabeled
NAA50,,unlabeled
NAA60,,unlabeled
NAA80,,unlabeled
NAAA,,unlabeled
NAALAD2,,unlabeled
NAALADL1,,unlabeled
NAALADL2,,unlabeled
NAB1,,unlabeled
NAB2,,unlabeled
NABP1,,unlabeled
NABP2,,unlabeled
NACA,,unlabeled
NACA2,,unlabeled
NACAD,,unlabeled
NACC1,,unlabeled
NACC2,,unlabeled
NADK,,unlabeled
NADK2,,unlabeled
NADSYN1,,unlabeled
NAE1,Phase 3,trial_heldout
NAF1,,unlabeled
NAGA,,unlabeled
NAGK,,unlabeled
NAGLU,,unlabeled
NAGPA,,unlabeled
NAGS,,unlabeled
NAIF1,,unlabeled
NAIP,,unlabeled
NALCN,,unlabeled
NALF1,,unlabeled
NALF2,,unlabeled
NAMPT,Phase 2,trial_heldout
NANOG,,unlabeled
NANOGNB,,unlabeled
NANOGP8,,unlabeled
NANOS1,,unlabeled
NANOS2,,unlabeled
NANOS3,,unlabeled
NANP,,unlabeled
NANS,,unlabeled
NAP1L1,,unlabeled
NAP1L2,,unlabeled
NAP1L3,,unlabeled
NAP1L4,,unlabeled
NAP1L5,,unlabeled
NAPA,,unlabeled
NAPB,,unlabeled
NAPEPLD,,unlabeled
NAPG,,unlabeled
NAPRT,,unlabeled
NAPSA,,unlabeled
NARF,,unlabeled
NARS1,,unlabeled
NARS2,,unlabeled
NASP,,unlabeled
NAT1,,unlabeled
NAT10,,unlabeled
NAT14,,unlabeled
NAT16,,unlabeled
NAT2,,unlabeled
NAT8,,unlabeled
NAT8B,,unlabeled
ASPNAT,,unlabeled
NAT9,,unlabeled
NATD1,,unlabeled
NAV1,,unlabeled
NAV2,,unlabeled
NAV3,,unlabeled
NAXD,,unlabeled
NAXE,,unlabeled
NBAS,,unlabeled
NBEA,,unlabeled
NBEAL1,,unlabeled
NBEAL2,,unlabeled
NBL1,,unlabeled
NBN,,unlabeled
NBPF1,,unlabeled
NBPF10,,unlabeled
NBPF11,,unlabeled
NBPF12,,unlabeled
NBPF14,,unlabeled
NBPF15,,unlabeled
NBPF19,,unlabeled
NBPF20,,unlabeled
NBPF26,,unlabeled
NBPF3,,unlabeled
NBPF4,,unlabeled
NBPF6,,unlabeled
NBPF9,,unlabeled
NBR1,,unlabeled
NCALD,,unlabeled
NCAM1,Phase 1,trial_heldout
NCAM2,,unlabeled
NCAN,,unlabeled
NCAPD2,,unlabeled
NCAPD3,,unlabeled
NCAPG,,unlabeled
NCAPG2,,unlabeled
NCAPH,,unlabeled
NCAPH2,,unlabeled
NCBP1,Phase 3,trial_heldout
NCBP2,Phase 3,trial_heldout
NCBP2AS2,,unlabeled
NCBP2L,,unlabeled
NCBP3,,unlabeled
NCCRP1,,unlabeled
NCDN,,unlabeled
NCEH1,,unlabeled
NCF1,,unlabeled
NCF2,,unlabeled
NCF4,,unlabeled
NCK1,,unlabeled
NCK2,,unlabeled
NCKAP1,,unlabeled
NCKAP1L,,unlabeled
NCKAP5,,unlabeled
NCKAP5L,,unlabeled
NCKIPSD,,unlabeled
NUCLEOLIN,,unlabeled
NCLN,,unlabeled
NCMAP,,unlabeled
NCOA1,,unlabeled
NCOA2,,unlabeled
NCOA3,,unlabeled
NCOA4,,unlabeled
NCOA5,,unlabeled
NCOA6,,unlabeled
NCOA7,,unlabeled
NCOR1,,unlabeled
NCOR2,,unlabeled
NCR1,,unlabeled
NCR2,,unlabeled
NCR3,,unlabeled
NCR3LG1,,unlabeled
NCS1,,unlabeled
NCSTN,Phase 2,trial_heldout
NDC1,,unlabeled
NDC80,,unlabeled
NDE1,,unlabeled
NDEL1,,unlabeled
NDFIP1,,unlabeled
NDFIP2,,unlabeled
NDN,,unlabeled
NDNF,,unlabeled
NDOR1,,unlabeled
NDP,,unlabeled
NDRG1,,unlabeled
NDRG2,,unlabeled
NDRG3,,unlabeled
NDRG4,,unlabeled
NDST1,,unlabeled
NDST2,,unlabeled
NDST3,,unlabeled
NDST4,,unlabeled
NDUFA1,Phase 3,trial_heldout
NDUFA10,Phase 3,trial_heldout
NDUFA11,Phase 3,trial_heldout
NDUFA12,Phase 3,trial_heldout
NDUFA13,Phase 3,trial_heldout
NDUFA2,Phase 3,trial_heldout
NDUFA3,Phase 3,trial_heldout
COXFA4,Phase 3,trial_heldout
COXFA4L2,Phase 3,trial_heldout
NDUFA5,Phase 3,trial_heldout
NDUFA6,Phase 3,trial_heldout
NDUFA7,Phase 3,trial_heldout
NDUFA8,Phase 3,trial_heldout
NDUFA9,Phase 3,trial_heldout
NDUFAB1,Phase 3,trial_heldout
NDUFAF1,Phase 3,trial_heldout
NDUFAF2,Phase 3,trial_heldout
NDUFAF3,Phase 3,trial_heldout
NDUFAF4,Phase 3,trial_heldout
NDUFAF5,,unlabeled
NDUFAF6,,unlabeled
NDUFAF7,,unlabeled
NDUFAF8,,unlabeled
NDUFB1,Phase 3,trial_heldout
NDUFB10,Phase 3,trial_heldout
NDUFB11,Phase 3,trial_heldout
NDUFB2,Phase 3,trial_heldout
NDUFB3,Phase 3,trial_heldout
NDUFB4,Phase 3,trial_heldout
NDUFB5,Phase 3,trial_heldout
NDUFB6,Phase 3,trial_heldout
NDUFB7,Phase 3,trial_heldout
NDUFB8,Phase 3,trial_heldout
NDUFB9,Phase 3,trial_heldout
NDUFC1,Phase 3,trial_heldout
NDUFC2,Phase 3,trial_heldout
NDUFC2-KCTD14,,unlabeled
NDUFS1,Phase 3,trial_heldout
NDUFS2,Phase 3,trial_heldout
NDUFS3,Phase 3,trial_heldout
NDUFS4,Phase 3,trial_heldout
NDUFS5,Phase 3,trial_heldout
NDUFS6,Phase 3,trial_heldout
NDUFS7,Phase 3,trial_heldout
NDUFS8,Phase 3,trial_heldout
NDUFV1,Phase 3,trial_heldout
NDUFV2,Phase 3,trial_heldout
NDUFV3,Phase 3,trial_heldout
NEB,,unlabeled
NEBL,,unlabeled
NECAB1,,unlabeled
NECAB2,,unlabeled
NECAB3,,unlabeled
NECAP1,,unlabeled
NECAP2,,unlabeled
NECTIN1,,unlabeled
NECTIN2,,unlabeled
NECTIN3,,unlabeled
NECTIN4,,unlabeled
NEDD1,,unlabeled
NEDD4,,unlabeled
NEDD4L,,unlabeled
NEDD8,,unlabeled
NEDD8-MDP1,,unlabeled
NEDD9,,unlabeled
NEFH,,unlabeled
NEFL,,unlabeled
NEFM,,unlabeled
NEGR1,,unlabeled
NEIL1,,unlabeled
NEIL2,,unlabeled
NEIL3,,unlabeled
NEK1,,unlabeled
NEK10,,unlabeled
NEK11,,unlabeled
NEK2,,unlabeled
NEK3,,unlabeled
NEK4,,unlabeled
NEK5,,unlabeled
NEK6,,unlabeled
NEK7,,unlabeled
NEK8,,unlabeled
NEK9,,unlabeled
NELFA,,unlabeled
NELFB,,unlabeled
NELFCD,,unlabeled
NELFE,,unlabeled
NELL1,,unlabeled
NELL2,,unlabeled
NEMF,,unlabeled
NEMP1,,unlabeled
NEMP2,,unlabeled
NENF,,unlabeled
NEO1,,unlabeled
RMP64,,unlabeled
NES,,unlabeled
NET1,,unlabeled
NETO1,,unlabeled
NETO2,,unlabeled
NEU1,,unlabeled
NEU2,,unlabeled
NEU3,,unlabeled
NEU4,,unlabeled
NEURL1,,unlabeled
NEURL1B,,unlabeled
NEURL2,,unlabeled
NEURL3,,unlabeled
NEURL4,,unlabeled
NEUROD1,,unlabeled
NEUROD2,,unlabeled
NEUROD4,,unlabeled
NEUROD6,,unlabeled
NEUROG1,,unlabeled
NEUROG2,,unlabeled
NEUROG3,,unlabeled
NEXMIF,,unlabeled
NEXN,,unlabeled
NF1,,unlabeled
NF2,,unlabeled
NFAM1,,unlabeled
NFASC,,unlabeled
NFAT5,,unlabeled
NFATC1,,unlabeled
NFATC2,,unlabeled
NFATC2IP,,unlabeled
NFATC3,,unlabeled
NFATC4,,unlabeled
NFE2,,unlabeled
NFE2L1,,unlabeled
NFE2L2,Phase 3,trial_heldout
NFE2L3,,unlabeled
NFIA,,unlabeled
NFIB,,unlabeled
NFIC,,unlabeled
NFIL3,,unlabeled
NFIX,,unlabeled
NFKB1,,unlabeled
NFKB2,,unlabeled
NFKBIA,,unlabeled
NFKBIB,,unlabeled
NFKBID,,unlabeled
NFKBIE,,unlabeled
NFKBIL1,,unlabeled
NFKBIZ,,unlabeled
NFRKB,,unlabeled
NFS1,,unlabeled
NFU1,,unlabeled
NFX1,,unlabeled
NFXL1,,unlabeled
NFYA,,unlabeled
NFYB,,unlabeled
NFYC,,unlabeled
NGB,,unlabeled
NGDN,,unlabeled
NGEF,,unlabeled
NGF,,unlabeled
NGFR,,unlabeled
NGLY1,,unlabeled
NGRN,,unlabeled
NHEJ1,,unlabeled
NHLH1,,unlabeled
NHLH2,,unlabeled
NHLRC1,,unlabeled
NHLRC2,,unlabeled
NHLRC3,,unlabeled
NHLRC4,,unlabeled
NHP2,,unlabeled
NHS,,unlabeled
NHSL1,,unlabeled
NHSL2,,unlabeled
NIBAN1,,unlabeled
NIBAN2,,unlabeled
NIBAN3,,unlabeled
NICN1,,unlabeled
NID1,,unlabeled
NID2,,unlabeled
NIF3L1,,unlabeled
NIFK,,unlabeled
NIM1K,,unlabeled
NIN,,unlabeled
NINJ1,,unlabeled
NINJ2,,unlabeled
NINL,,unlabeled
NIP7,,unlabeled
NIPA1,,unlabeled
NIPA2,,unlabeled
NIPAL1,,unlabeled
NIPAL2,,unlabeled
NIPAL3,,unlabeled
NIPAL4,,unlabeled
NIPBL,,unlabeled
NIPSNAP1,,unlabeled
NIPSNAP2,,unlabeled
NIPSNAP3A,,unlabeled
NIPSNAP3B,,unlabeled
NISCH,,unlabeled
NIT1,,unlabeled
NIT2,,unlabeled
NKAIN1,,unlabeled
NKAIN2,,unlabeled
NKAIN3,,unlabeled
NKAIN4,,unlabeled
NKAP,,unlabeled
NKAPD1,,unlabeled
NKAPL,,unlabeled
NKD1,,unlabeled
NKD2,,unlabeled
NKG7,,unlabeled
NKIRAS1,,unlabeled
NKIRAS2,,unlabeled
NKPD1,,unlabeled
NKRF,,unlabeled
NKTR,,unlabeled
NKX1-1,,unlabeled
NKX1-2,,unlabeled
NKX2-1,,unlabeled
NKX2-2,,unlabeled
NKX2-3,,unlabeled
NKX2-4,,unlabeled
NKX2-5,,unlabeled
NKX2-6,,unlabeled
NKX2-8,,unlabeled
NKX3-1,,unlabeled
NKX3-2,,unlabeled
NKX6-1,,unlabeled
NKX6-2,,unlabeled
NKX6-3,,unlabeled
NLE1,,unlabeled
NLGN1,,unlabeled
NLGN2,,unlabeled
NLGN3,,unlabeled
NLGN4X,,unlabeled
NLGN4Y,,unlabeled
NLK,,unlabeled
NLN,,unlabeled
NLRC3,,unlabeled
NLRC4,,unlabeled
NLRC5,,unlabeled
NLRP1,,unlabeled
NLRP10,,unlabeled
NLRP11,,unlabeled
NLRP12,,unlabeled
NLRP13,,unlabeled
NLRP14,,unlabeled
NLRP2,,unlabeled
NLRP2B,,unlabeled
NLRP3,,unlabeled
NLRP4,,unlabeled
NLRP5,,unlabeled
NLRP6,,unlabeled
NLRP7,,unlabeled
NLRP8,,unlabeled
NLRP9,,unlabeled
NLRX1,,unlabeled
NMB,,unlabeled
NMBR,,unlabeled
NMD3,,unlabeled
NME1,,unlabeled
NME1-NME2,,unlabeled
NME2,,unlabeled
NME3,,unlabeled
NME4,,unlabeled
NME5,,unlabeled
NME6,,unlabeled
NME7,,unlabeled
NME8,,unlabeled
NME9,,unlabeled
NMI,,unlabeled
NMNAT1,,unlabeled
NMNAT2,,unlabeled
NMNAT3,,unlabeled
NMRAL1,,unlabeled
NMRK1,,unlabeled
NMRK2,,unlabeled
NMS,,unlabeled
NMT1,,unlabeled
NMT2,,unlabeled
NMU,,unlabeled
NMUR1,,unlabeled
NMUR2,,unlabeled
NNAT,,unlabeled
NNMT,,unlabeled
NNT,,unlabeled
NOA1,,unlabeled
NOB1,,unlabeled
NOBOX,,unlabeled
NOC2L,,unlabeled
NOC3L,,unlabeled
NOC4L,,unlabeled
NOCT,,unlabeled
NOD1,,unlabeled
NOD2,,unlabeled
NODAL,,unlabeled
NOG,,unlabeled
NOL10,,unlabeled
NOL11,,unlabeled
NOL12,,unlabeled
NOL3,,unlabeled
NOL4,,unlabeled
NOL4L,,unlabeled
NOL6,,unlabeled
NOL7,,unlabeled
NOL8,,unlabeled
NOL9,,unlabeled
NOLC1,,unlabeled
NOM1,,unlabeled
NOMO1,,unlabeled
NOMO2,,unlabeled
NOMO3,,unlabeled
NONO,,unlabeled
NOP10,,unlabeled
NOP14,,unlabeled
NOP16,,unlabeled
NOP2,,unlabeled
NOP53,,unlabeled
NOP56,,unlabeled
NOP58,,unlabeled
NOP9,,unlabeled
NOPCHAP1,,unlabeled
NOS1,Phase 1,trial_heldout
NOS1AP,,unlabeled
NOS2,Phase 2,trial_heldout
NOS3,Phase 1,trial_heldout
NOSIP,,unlabeled
NOSTRIN,,unlabeled
NOTCH1,,unlabeled
NOTCH2,,unlabeled
NOTCH2NLA,,unlabeled
NOTCH2NLB,,unlabeled
NOTCH2NLC,,unlabeled
NOTCH2NLR,,unlabeled
NOTCH3,,unlabeled
NOTCH4,,unlabeled
NOTO,,unlabeled
NOTUM,,unlabeled
NOVA1,,unlabeled
NOVA2,,unlabeled
NOX1,,unlabeled
NOX3,,unlabeled
NOX4,,unlabeled
NOX5,,unlabeled
NOXA1,,unlabeled
NOXO1,,unlabeled
NOXRED1,,unlabeled
NPAP1,,unlabeled
NPAS1,,unlabeled
NPAS2,,unlabeled
NPAS3,,unlabeled
NPAS4,,unlabeled
NPAT,,unlabeled
NPB,,unlabeled
NPBWR1,,unlabeled
NPBWR2,,unlabeled
NPC1,,unlabeled
NPC1L1,Phase 2,trial_heldout
NPC2,,unlabeled
NPDC1,,unlabeled
NPEPL1,Phase 2,trial_heldout
NPEPPS,Phase 2,trial_heldout
NPFF,,unlabeled
NPFFR1,,unlabeled
NPFFR2,,unlabeled
NPHP1,,unlabeled
NPHP3,,unlabeled
NPHP3-ACAD11,,unlabeled
NPHP4,,unlabeled
NPHS1,,unlabeled
NPHS2,,unlabeled
NPIPA1,,unlabeled
NPIPA2,,unlabeled
NPIPA3,,unlabeled
NPIPA5,,unlabeled
NPIPA7,,unlabeled
NPIPA8,,unlabeled
NPIPA9,,unlabeled
NPIPB11,,unlabeled
NPIPB12,,unlabeled
NPIPB13,,unlabeled
NPIPB15,,unlabeled
NPIPB2,,unlabeled
NPIPB3,,unlabeled
NPIPB4,,unlabeled
NPIPB5,,unlabeled
NPIPB6,,unlabeled
NPIPB7,,unlabeled
NPIPB8,,unlabeled
NPIPB9,,unlabeled
NPL,,unlabeled
NPLOC4,,unlabeled
NPM1,Phase 2,trial_heldout
NPM2,,unlabeled
NPM3,,unlabeled
NPNT,,unlabeled
NPPA,,unlabeled
NPPB,,unlabeled
NPPC,,unlabeled
NPR1,,unlabeled
NPR2,Phase 2,trial_heldout
NPR3,,unlabeled
NPRL2,,unlabeled
NPRL3,,unlabeled
NPS,,unlabeled
NPSR1,,unlabeled
NPTN,,unlabeled
NPTX1,,unlabeled
NPTX2,,unlabeled
NPTXR,,unlabeled
NPVF,,unlabeled
NPW,,unlabeled
NPY,,unlabeled
NPY1R,,unlabeled
NPY2R,,unlabeled
NPY4R,,unlabeled
NPY4R2,,unlabeled
NPY5R,,unlabeled
NQO1,,unlabeled
NQO2,,unlabeled
NR0B1,,unlabeled
NR0B2,,unlabeled
NR1D1,,unlabeled
NR1D2,,unlabeled
NR1H2,Phase 2,trial_heldout
NR1H3,Phase 2,trial_heldout
NR1H4,Phase 3,trial_heldout
NR1I2,,unlabeled
NR1I3,,unlabeled
NR2C1,,unlabeled
NR2C2,,unlabeled
NR2C2AP,,unlabeled
NR2E1,,unlabeled
NR2E3,,unlabeled
NR2F1,,unlabeled
NR2F2,,unlabeled
NR2F6,,unlabeled
NR3C1,Approved,P
NR3C2,Phase 3,trial_heldout
NR4A1,,unlabeled
NR4A2,,unlabeled
NR4A3,,unlabeled
NR5A1,,unlabeled
NR5A2,,unlabeled
NR6A1,,unlabeled
NRAP,,unlabeled
NRARP,,unlabeled
NRAS,,unlabeled
NRBF2,,unlabeled
NRBP1,,unlabeled
NRBP2,,unlabeled
NRCAM,,unlabeled
NRDC,,unlabeled
NRDE2,,unlabeled
NREP,,unlabeled
NRF1,,unlabeled
NRG1,,unlabeled
NRG2,,unlabeled
NRG3,,unlabeled
NRG4,,unlabeled
NRGN,,unlabeled
NRIP1,,unlabeled
NRIP2,,unlabeled
NRIP3,,unlabeled
NRK,,unlabeled
NRL,,unlabeled
NRM,,unlabeled
NRN1,,unlabeled
NRN1L,,unlabeled
NRP1,,unlabeled
NRP2,,unlabeled
NRROS,,unlabeled
NRSN1,,unlabeled
NRSN2,,unlabeled
NRTN,,unlabeled
NRXN1,,unlabeled
NRXN2,,unlabeled
NRXN3,,unlabeled
NSA2,,unlabeled
NSD1,,unlabeled
NSD2,,unlabeled
NSD3,,unlabeled
NSDHL,,unlabeled
NSF,,unlabeled
NSFL1C,,unlabeled
NSG1,,unlabeled
NSG2,,unlabeled
NSL1,,unlabeled
NSMAF,,unlabeled
NSMCE1,,unlabeled
NSMCE2,,unlabeled
NSMCE3,,unlabeled
NSMCE4A,,unlabeled
NSMF,,unlabeled
NSRP1,,unlabeled
NSUN2,,unlabeled
NSUN3,,unlabeled
NSUN4,,unlabeled
NSUN5,,unlabeled
NSUN6,,unlabeled
NSUN7,,unlabeled
NT5C,,unlabeled
NT5C1A,,unlabeled
NT5C1B,,unlabeled
NT5C1B-RDH14,,unlabeled
NT5C2,,unlabeled
NT5C3A,,unlabeled
NT5C3B,,unlabeled
NT5DC1,,unlabeled
NT5DC2,,unlabeled
NT5DC3,,unlabeled
NT5DC4,,unlabeled
NT5E,,unlabeled
NT5M,,unlabeled
NTAN1,,unlabeled
NTAQ1,,unlabeled
NTF3,,unlabeled
NTF4,,unlabeled
NTHL1,,unlabeled
NTM,,unlabeled
NTMT1,,unlabeled
NTMT2,,unlabeled
NTN1,,unlabeled
NTN3,,unlabeled
NTN4,,unlabeled
NTN5,,unlabeled
NTNG1,,unlabeled
NTNG2,,unlabeled
NTPCR,,unlabeled
NTRK1,Approved,P
NTRK2,Approved,P
NTRK3,Approved,P
NTS,,unlabeled
NTSR1,Phase 3,trial_heldout
NTSR2,,unlabeled
NUAK1,,unlabeled
NUAK2,,unlabeled
NUB1,,unlabeled
NUBP1,,unlabeled
NUBP2,,unlabeled
NUBPL,,unlabeled
NUCB1,,unlabeled
NUCB2,,unlabeled
NUCKS1,,unlabeled
NUDC,,unlabeled
NUDCD1,,unlabeled
NUDCD2,,unlabeled
NUDCD3,,unlabeled
NUDT1,,unlabeled
NUDT10,,unlabeled
NUDT11,,unlabeled
NUDT12,,unlabeled
NUDT13,,unlabeled
NUDT14,,unlabeled
NUDT15,,unlabeled
NUDT16,,unlabeled
NUDT16L1,,unlabeled
NUDT17,,unlabeled
NUDT18,,unlabeled
NUDT19,,unlabeled
NUDT2,,unlabeled
NUDT21,,unlabeled
NUDT22,,unlabeled
NUDT3,,unlabeled
NUDT4,,unlabeled
NUDT5,,unlabeled
NUDT6,,unlabeled
NUDT7,,unlabeled
NUDT8,,unlabeled
NUDT9,,unlabeled
NUF2,,unlabeled
NUFIP1,,unlabeled
NUFIP2,,unlabeled
NUGGC,,unlabeled
NUMA1,,unlabeled
NUMB,,unlabeled
NUMBL,,unlabeled
NUP107,,unlabeled
NUP133,,unlabeled
NUP153,,unlabeled
NUP155,,unlabeled
NUP160,,unlabeled
NUP188,,unlabeled
NUP205,,unlabeled
NUP210,,unlabeled
NUP210L,,unlabeled
NUP214,,unlabeled
NUP35,,unlabeled
NUP37,,unlabeled
NUP42,,unlabeled
NUP43,,unlabeled
NUP50,,unlabeled
NUP54,,unlabeled
NUP58,,unlabeled
NUP62,,unlabeled
NUP62CL,,unlabeled
NUP85,,unlabeled
NUP88,,unlabeled
NUP93,,unlabeled
NUP98,,unlabeled
NUPR1,,unlabeled
NUPR2,,unlabeled
NUS1,,unlabeled
NUSAP1,,unlabeled
NUTF2,,unlabeled
NUTM1,,unlabeled
NUTM2A,,unlabeled
NUTM2B,,unlabeled
NUTM2D,,unlabeled
NUTM2E,,unlabeled
NUTM2F,,unlabeled
NUTM2G,,unlabeled
NVL,,unlabeled
NWD1,,unlabeled
NWD2,,unlabeled
NXF1,,unlabeled
NXF3,,unlabeled
NXN,,unlabeled
NXNL1,,unlabeled
NXNL2,,unlabeled
NXPE1,,unlabeled
NXPE2,,unlabeled
NXPE3,,unlabeled
NXPE4,,unlabeled
NXPH1,,unlabeled
NXPH2,,unlabeled
NXPH3,,unlabeled
NXPH4,,unlabeled
NXT1,,unlabeled
NXT2,,unlabeled
NYAP1,,unlabeled
NYAP2,,unlabeled
NYNRIN,,unlabeled
NYX,,unlabeled
OAF,,unlabeled
OARD1,,unlabeled
OAS1,,unlabeled
OAS2,,unlabeled
OAS3,,unlabeled
OASL,,unlabeled
OAT,,unlabeled
OAZ1,,unlabeled
OAZ2,,unlabeled
OAZ3,,unlabeled
OBI1,,unlabeled
OBP2A,,unlabeled
OBP2B,,unlabeled
OBSCN,,unlabeled
OBSL1,,unlabeled
OC90,,unlabeled
OCA2,,unlabeled
OCEL1,,unlabeled
OCIAD1,,unlabeled
OCIAD2,,unlabeled
OCLN,,unlabeled
OCM,,unlabeled
OCM2,,unlabeled
OCRL,,unlabeled
OCSTAMP,,unlabeled
ODAD1,,unlabeled
ODAD2,,unlabeled
ODAD3,,unlabeled
ODAD4,,unlabeled
ODAM,,unlabeled
ODAPH,,unlabeled
ODC1,Phase 2,trial_heldout
ODF1,,unlabeled
ODF2,,unlabeled
ODF2L,,unlabeled
CIMAP1A,,unlabeled
CIMAP1B,,unlabeled
CIMAP1C,,unlabeled
CIMAP1D,,unlabeled
ODF4,,unlabeled
ODR4,,unlabeled
OFD1,,unlabeled
OGA,,unlabeled
OGDH,,unlabeled
OGDHL,,unlabeled
OGFOD1,,unlabeled
OGFOD2,,unlabeled
OGFOD3,,unlabeled
OGFR,,unlabeled
OGFRL1,,unlabeled
OGG1,,unlabeled
OGN,,unlabeled
OGT,,unlabeled
OIP5,,unlabeled
OIT3,,unlabeled
OLA1,,unlabeled
OLAH,,unlabeled
OLFM1,,unlabeled
OLFM2,,unlabeled
OLFM3,,unlabeled
OLFM4,,unlabeled
OLFML1,,unlabeled
OLFML2A,,unlabeled
OLFML2B,,unlabeled
OLFML3,,unlabeled
OLIG1,,unlabeled
OLIG2,,unlabeled
OLIG3,,unlabeled
OLR1,,unlabeled
OMA1,,unlabeled
OMD,,unlabeled
OMG,,unlabeled
OMP,,unlabeled
ONECUT1,,unlabeled
ONECUT2,,unlabeled
ONECUT3,,unlabeled
OOEP,,unlabeled
OOSP1,,unlabeled
OOSP2,,unlabeled
OPA1,,unlabeled
OPA3,,unlabeled
OPALIN,,unlabeled
OPCML,,unlabeled
OPHN1,,unlabeled
OPLAH,,unlabeled
OPN1LW,,unlabeled
OPN1MW,,unlabeled
OPN1SW,,unlabeled
OPN3,,unlabeled
OPN4,,unlabeled
OPN5,,unlabeled
OPRD1,Phase 3,trial_heldout
OPRK1,Phase 3,trial_heldout
OPRL1,,unlabeled
OPRM1,Phase 3,trial_heldout
OPRPN,,unlabeled
OPTC,,unlabeled
OPTN,,unlabeled
OR10A2,,unlabeled
OR10A3,,unlabeled
OR10A4,,unlabeled
OR10A5,,unlabeled
OR10A6,,unlabeled
OR10A7,,unlabeled
OR10AC1,,unlabeled
OR10AD1,,unlabeled
OR10AG1,,unlabeled
OR10C1,,unlabeled
OR10D3,,unlabeled
OR10G2,,unlabeled
OR10G3,,unlabeled
OR10G4,,unlabeled
OR10G7,,unlabeled
OR10G8,,unlabeled
OR10G9,,unlabeled
OR10H1,,unlabeled
OR10H2,,unlabeled
OR10H3,,unlabeled
OR10H4,,unlabeled
OR10H5,,unlabeled
OR10J1,,unlabeled
OR10J3,,unlabeled
OR10J4,,unlabeled
OR10J5,,unlabeled
OR10K1,,unlabeled
OR10K2,,unlabeled
OR10P1,,unlabeled
OR10Q1,,unlabeled
OR10R2,,unlabeled
OR10S1,,unlabeled
OR10T2,,unlabeled
OR10V1,,unlabeled
OR10W1,,unlabeled
OR10X1,,unlabeled
OR10Z1,,unlabeled
OR11A1,,unlabeled
OR11G2,,unlabeled
OR11H1,,unlabeled
OR11H12,,unlabeled
OR11H2,,unlabeled
OR11H4,,unlabeled
OR11H6,,unlabeled
OR11H7,,unlabeled
OR11L1,,unlabeled
OR12D1,,unlabeled
OR12D2,,unlabeled
OR12D3,,unlabeled
OR13A1,,unlabeled
OR13C2,,unlabeled
OR13C3,,unlabeled
OR13C4,,unlabeled
OR13C5,,unlabeled
OR13C7,,unlabeled
OR13C8,,unlabeled
OR13C9,,unlabeled
OR13D1,,unlabeled
OR13F1,,unlabeled
OR13G1,,unlabeled
OR13H1,,unlabeled
OR13J1,,unlabeled
OR14A16,,unlabeled
OR14A2,,unlabeled
OR14C36,,unlabeled
OR14I1,,unlabeled
OR14J1,,unlabeled
OR14K1,,unlabeled
OR1A1,,unlabeled
OR1A2,,unlabeled
OR1B1,,unlabeled
OR1C1,,unlabeled
OR1D2,,unlabeled
OR1D5,,unlabeled
OR1E1,,unlabeled
OR1E2,,unlabeled
OR1F1,,unlabeled
OR1G1,,unlabeled
OR1I1,,unlabeled
OR1J1,,unlabeled
OR1J2,,unlabeled
OR1J4,,unlabeled
OR1K1,,unlabeled
OR1L1,,unlabeled
OR1L3,,unlabeled
OR1L4,,unlabeled
OR1L6,,unlabeled
OR1L8,,unlabeled
OR1M1,,unlabeled
OR1N1,,unlabeled
OR1N2,,unlabeled
OR1Q1,,unlabeled
OR1S1,,unlabeled
OR1S2,,unlabeled
OR2A1,,unlabeled
OR2A12,,unlabeled
OR2A14,,unlabeled
OR2A2,,unlabeled
OR2A25,,unlabeled
OR2A4,,unlabeled
OR2A42,,unlabeled
OR2A5,,unlabeled
OR2A7,,unlabeled
OR2AE1,,unlabeled
OR2AG1,,unlabeled
OR2AG2,,unlabeled
OR2AJ1,,unlabeled
OR2AK2,,unlabeled
OR2AP1,,unlabeled
OR2AT4,,unlabeled
OR2B11,,unlabeled
OR2B2,,unlabeled
OR2B3,,unlabeled
OR2B6,,unlabeled
OR2C1,,unlabeled
OR2C3,,unlabeled
OR2D2,,unlabeled
OR2D3,,unlabeled
OR2F1,,unlabeled
OR2F2,,unlabeled
OR2G2,,unlabeled
OR2G3,,unlabeled
OR2G6,,unlabeled
OR2H1,,unlabeled
OR2H2,,unlabeled
OR2J1,,unlabeled
OR2J2,,unlabeled
OR2J3,,unlabeled
OR2K2,,unlabeled
OR2L13,,unlabeled
OR2L2,,unlabeled
OR2L3,,unlabeled
OR2L5,,unlabeled
OR2L8,,unlabeled
OR2M2,,unlabeled
OR2M3,,unlabeled
OR2M4,,unlabeled
OR2M5,,unlabeled
OR2M7,,unlabeled
OR2S2,,unlabeled
OR2T1,,unlabeled
OR2T10,,unlabeled
OR2T11,,unlabeled
OR2T12,,unlabeled
OR2T2,,unlabeled
OR2T27,,unlabeled
OR2T29,,unlabeled
OR2T3,,unlabeled
OR2T33,,unlabeled
OR2T34,,unlabeled
OR2T35,,unlabeled
OR2T4,,unlabeled
OR2T5,,unlabeled
OR2T6,,unlabeled
OR2T7,,unlabeled
OR2T8,,unlabeled
OR2V1,,unlabeled
OR2V2,,unlabeled
OR2W1,,unlabeled
OR2W3,,unlabeled
OR2Y1,,unlabeled
OR2Z1,,unlabeled
OR3A1,,unlabeled
OR3A2,,unlabeled
OR3A3,,unlabeled
OR4A15,,unlabeled
OR4A16,,unlabeled
OR4A47,,unlabeled
OR4A5,,unlabeled
OR4A8,,unlabeled
OR4B1,,unlabeled
OR4C11,,unlabeled
OR4C12,,unlabeled
OR4C13,,unlabeled
OR4C15,,unlabeled
OR4C16,,unlabeled
OR4C3,,unlabeled
OR4C45,,unlabeled
OR4C46,,unlabeled
OR4C5,,unlabeled
OR4C6,,unlabeled
OR4D1,,unlabeled
OR4D10,,unlabeled
OR4D11,,unlabeled
OR4D2,,unlabeled
OR4D5,,unlabeled
OR4D6,,unlabeled
OR4D9,,unlabeled
OR4E2,,unlabeled
OR4F15,,unlabeled
OR4F17,,unlabeled
OR4F21,,unlabeled
OR4F4,,unlabeled
OR4F5,,unlabeled
OR4F6,,unlabeled
OR4K1,,unlabeled
OR4K13,,unlabeled
OR4K14,,unlabeled
OR4K15,,unlabeled
OR4K17,,unlabeled
OR4K2,,unlabeled
OR4K5,,unlabeled
OR4L1,,unlabeled
OR4M1,,unlabeled
OR4M2B,,unlabeled
OR4N2,,unlabeled
OR4N4,,unlabeled
OR4N4C,,unlabeled
OR4N5,,unlabeled
OR4P4,,unlabeled
OR4Q2,,unlabeled
OR4Q3,,unlabeled
OR4S1,,unlabeled
OR4S2,,unlabeled
OR4X1,,unlabeled
OR4X2,,unlabeled
OR51A2,,unlabeled
OR51A4,,unlabeled
OR51A7,,unlabeled
OR51B2,,unlabeled
OR51B4,,unlabeled
OR51B5,,unlabeled
OR51B6,,unlabeled
OR51C1,,unlabeled
OR51D1,,unlabeled
OR51E1,,unlabeled
OR51E2,,unlabeled
OR51F1,,unlabeled
OR51F2,,unlabeled
OR51G1,,unlabeled
OR51G2,,unlabeled
OR51I1,,unlabeled
OR51I2,,unlabeled
OR51L1,,unlabeled
OR51M1,,unlabeled
OR51Q1,,unlabeled
OR51S1,,unlabeled
OR51T1,,unlabeled
OR51V1,,unlabeled
OR52A1,,unlabeled
OR52A5,,unlabeled
OR52B2,,unlabeled
OR52B4,,unlabeled
OR52B6,,unlabeled
OR52D1,,unlabeled
OR52E2,,unlabeled
OR52E4,,unlabeled
OR52E6,,unlabeled
OR52E8,,unlabeled
OR52H1,,unlabeled
OR52I1,,unlabeled
OR52I2,,unlabeled
OR52J3,,unlabeled
OR52K1,,unlabeled
OR52K2,,unlabeled
OR52L1,,unlabeled
OR52M1,,unlabeled
OR52N1,,unlabeled
OR52N2,,unlabeled
OR52N4,,unlabeled
OR52N5,,unlabeled
OR52R1,,unlabeled
OR52W1,,unlabeled
OR56A1,,unlabeled
OR56A3,,unlabeled
OR56A4,,unlabeled
OR56A5,,unlabeled
OR56B1,,unlabeled
OR56B4,,unlabeled
OR5A1,,unlabeled
OR5A2,,unlabeled
OR5AC1,,unlabeled
OR5AC2,,unlabeled
OR5AK2,,unlabeled
OR5AK3P,,unlabeled
OR5AN1,,unlabeled
OR5AP2,,unlabeled
OR5AR1,,unlabeled
OR5AS1,,unlabeled
OR5AU1,,unlabeled
OR5B12,,unlabeled
OR5B17,,unlabeled
OR5B2,,unlabeled
OR5B21,,unlabeled
OR5B3,,unlabeled
OR5C1,,unlabeled
OR5D13,,unlabeled
OR5D14,,unlabeled
OR5D16,,unlabeled
OR5D18,,unlabeled
OR5D3,,unlabeled
OR5F1,,unlabeled
OR5H1,,unlabeled
OR5H14,,unlabeled
OR5H15,,unlabeled
OR5H2,,unlabeled
OR5H6,,unlabeled
OR5H8,,unlabeled
OR5I1,,unlabeled
OR5J2,,unlabeled
OR5K1,,unlabeled
OR5K2,,unlabeled
OR5K3,,unlabeled
OR5K4,,unlabeled
OR5L1,,unlabeled
OR5L2,,unlabeled
OR5M1,,unlabeled
OR5M10,,unlabeled
OR5M11,,unlabeled
OR5M3,,unlabeled
OR5M8,,unlabeled
OR5M9,,unlabeled
OR5P2,,unlabeled
OR5P3,,unlabeled
OR5T1,,unlabeled
OR5T2,,unlabeled
OR5T3,,unlabeled
OR5V1,,unlabeled
OR5W2,,unlabeled
OR6A2,,unlabeled
OR6B1,,unlabeled
OR6B2,,unlabeled
OR6B3,,unlabeled
OR6C1,,unlabeled
OR6C2,,unlabeled
OR6C3,,unlabeled
OR6C4,,unlabeled
OR6C6,,unlabeled
OR6C65,,unlabeled
OR6C68,,unlabeled
OR6C70,,unlabeled
OR6C74,,unlabeled
OR6C75,,unlabeled
OR6C76,,unlabeled
OR6F1,,unlabeled
OR6J1,,unlabeled
OR6K2,,unlabeled
OR6K3,,unlabeled
OR6K6,,unlabeled
OR6M1,,unlabeled
OR6N1,,unlabeled
OR6N2,,unlabeled
OR6P1,,unlabeled
OR6Q1,,unlabeled
OR6S1,,unlabeled
OR6T1,,unlabeled
OR6V1,,unlabeled
OR6X1,,unlabeled
OR6Y1,,unlabeled
OR7A10,,unlabeled
OR7A17,,unlabeled
OR7A5,,unlabeled
OR7C1,,unlabeled
OR7C2,,unlabeled
OR7D2,,unlabeled
OR7D4,,unlabeled
OR7E24,,unlabeled
OR7G1,,unlabeled
OR7G2,,unlabeled
OR7G3,,unlabeled
OR8A1,,unlabeled
OR8B12,,unlabeled
OR8B2,,unlabeled
OR8B3,,unlabeled
OR8B4,,unlabeled
OR8B8,,unlabeled
OR8D1,,unlabeled
OR8D2,,unlabeled
OR8D4,,unlabeled
OR8G1,,unlabeled
OR8G2P,,unlabeled
OR8G3,,unlabeled
OR8G5,,unlabeled
OR8H1,,unlabeled
OR8H2,,unlabeled
OR8H3,,unlabeled
OR8I2,,unlabeled
OR8J1,,unlabeled
OR8J2,,unlabeled
OR8J3,,unlabeled
OR8K1,,unlabeled
OR8K3,,unlabeled
OR8K5,,unlabeled
OR8S1,,unlabeled
OR8U1,,unlabeled
OR8U3,,unlabeled
OR9A1P,,unlabeled
OR9A2,,unlabeled
OR9A4,,unlabeled
OR9G1,,unlabeled
OR9G4,,unlabeled
OR9I1,,unlabeled
OR9K2,,unlabeled
OR9Q1,,unlabeled
OR9Q2,,unlabeled
ORAI1,,unlabeled
ORAI2,,unlabeled
ORAI3,,unlabeled
ORC1,,unlabeled
ORC2,,unlabeled
ORC3,,unlabeled
ORC4,,unlabeled
ORC5,,unlabeled
ORC6,,unlabeled
ORM1,,unlabeled
ORM2,,unlabeled
ORMDL1,,unlabeled
ORMDL2,,unlabeled
ORMDL3,,unlabeled
OS9,,unlabeled
OSBP,,unlabeled
OSBP2,,unlabeled
OSBPL10,,unlabeled
OSBPL11,,unlabeled
OSBPL1A,,unlabeled
OSBPL2,,unlabeled
OSBPL3,,unlabeled
OSBPL5,,unlabeled
OSBPL6,,unlabeled
OSBPL7,,unlabeled
OSBPL8,,unlabeled
OSBPL9,,unlabeled
OSCAR,,unlabeled
OSCP1,,unlabeled
OSER1,,unlabeled
OSGEP,,unlabeled
OSGEPL1,,unlabeled
OSGIN1,,unlabeled
OSGIN2,,unlabeled
OSM,,unlabeled
OSMR,Phase 2,trial_heldout
OSR1,,unlabeled
OSR2,,unlabeled
OST4,,unlabeled
OSTC,,unlabeled
OSTF1,,unlabeled
OSTM1,,unlabeled
OSTN,,unlabeled
OTC,,unlabeled
OTOA,,unlabeled
OTOF,,unlabeled
OTOG,,unlabeled
OTOGL,,unlabeled
OTOL1,,unlabeled
OTOP1,,unlabeled
OTOP2,,unlabeled
OTOP3,,unlabeled
OTOR,,unlabeled
OTOS,,unlabeled
OTP,,unlabeled
OTUB1,,unlabeled
OTUB2,,unlabeled
OTUD1,,unlabeled
OTUD3,,unlabeled
OTUD4,,unlabeled
OTUD5,,unlabeled
OTUD6A,,unlabeled
OTUD6B,,unlabeled
OTUD7A,,unlabeled
OTUD7B,,unlabeled
OTULIN,,unlabeled
OTULINL,,unlabeled
OTX1,,unlabeled
OTX2,,unlabeled
OVCA2,,unlabeled
OVCH1,,unlabeled
OVCH2,,unlabeled
OVGP1,,unlabeled
OVOL1,,unlabeled
OVOL2,,unlabeled
OVOL3,,unlabeled
OXA1L,,unlabeled
OXCT1,,unlabeled
OXCT2,,unlabeled
OXER1,,unlabeled
OXGR1,,unlabeled
OXLD1,,unlabeled
OXNAD1,,unlabeled
OXR1,,unlabeled
OXSM,,unlabeled
OXSR1,,unlabeled
OXT,,unlabeled
OXTR,Unknown,unlabeled
P2RX1,,unlabeled
P2RX2,,unlabeled
P2RX3,Phase 2,trial_heldout
P2RX4,,unlabeled
P2RX5,,unlabeled
P2RX5-TAX1BP3,,unlabeled
P2RX6,,unlabeled
P2RX7,Phase 2,trial_heldout
P2RY1,,unlabeled
P2RY10,,unlabeled
P2RY11,,unlabeled
P2RY12,Phase 2,trial_heldout
P2RY13,,unlabeled
P2RY14,,unlabeled
P2RY2,Phase 2,trial_heldout
P2RY4,,unlabeled
P2RY6,,unlabeled
P2RY8,,unlabeled
P3H1,,unlabeled
P3H2,,unlabeled
P3H3,,unlabeled
P3H4,,unlabeled
P3R3URF,,unlabeled
P3R3URF-PIK3R3,,unlabeled
P4HA1,,unlabeled
P4HA2,,unlabeled
P4HA3,,unlabeled
P4HB,,unlabeled
P4HTM,,unlabeled
PA2G4,,unlabeled
PAAF1,,unlabeled
PABIR1,,unlabeled
PABIR2,,unlabeled
PABIR3,,unlabeled
PABPC1,,unlabeled
PABPC1L,,unlabeled
PABPC1L2A,,unlabeled
PABPC1L2B,,unlabeled
PABPC3,,unlabeled
PABPC4,,unlabeled
PABPC4L,,unlabeled
PABPC5,,unlabeled
PABPN1,,unlabeled
PABPN1L,,unlabeled
PACC1,,unlabeled
PACRG,,unlabeled
PACRGL,,unlabeled
PACS1,,unlabeled
PACS2,,unlabeled
PACSIN1,,unlabeled
PACSIN2,,unlabeled
PACSIN3,,unlabeled
PADI1,,unlabeled
PADI2,,unlabeled
PADI3,,unlabeled
PADI4,,unlabeled
PADI6,,unlabeled
PAEP,,unlabeled
PAF1,,unlabeled
PAFAH1B1,,unlabeled
PAFAH1B2,,unlabeled
PAFAH1B3,,unlabeled
PAFAH2,,unlabeled
PAG1,,unlabeled
PAGE1,,unlabeled
PAGE2,,unlabeled
PAGE2B,,unlabeled
PAGE3,,unlabeled
PAGE4,,unlabeled
PAGE5,,unlabeled
PAGR1,,unlabeled
PAH,Phase 2,trial_heldout
PAICS,,unlabeled
PAIP1,,unlabeled
PAIP2,,unlabeled
PAIP2B,,unlabeled
PAK1,,unlabeled
PAK1IP1,,unlabeled
PAK2,,unlabeled
PAK3,,unlabeled
PAK4,,unlabeled
PAK5,,unlabeled
PAK6,,unlabeled
PALB2,,unlabeled
PALD1,,unlabeled
PALLD,,unlabeled
PALM,,unlabeled
PALM2AKAP2,,unlabeled
PALM3,,unlabeled
PALMD,,unlabeled
PALS1,,unlabeled
PALS2,,unlabeled
PAM,,unlabeled
PAM16,,unlabeled
PAMR1,,unlabeled
PAN2,,unlabeled
PAN3,,unlabeled
PANK1,,unlabeled
PANK2,,unlabeled
PANK3,,unlabeled
PANK4,,unlabeled
PANX1,,unlabeled
PANX2,,unlabeled
PANX3,,unlabeled
PAOX,,unlabeled
PAPLN,,unlabeled
PAPOLA,,unlabeled
PAPOLB,,unlabeled
PAPOLG,,unlabeled
PAPPA,,unlabeled
PAPPA2,,unlabeled
PAPSS1,,unlabeled
PAPSS2,,unlabeled
PAQR3,,unlabeled
PAQR4,,unlabeled
PAQR5,,unlabeled
PAQR6,,unlabeled
PAQR7,,unlabeled
PAQR8,,unlabeled
PAQR9,,unlabeled
PARD3,,unlabeled
PARD3B,,unlabeled
PARD6A,,unlabeled
PARD6B,,unlabeled
PARD6G,,unlabeled
PARG,,unlabeled
PARK7,,unlabeled
PARL,,unlabeled
PARM1,,unlabeled
PARN,,unlabeled
PARP1,Phase 3,trial_heldout
PARP10,,unlabeled
PARP11,,unlabeled
PARP12,,unlabeled
PARP14,,unlabeled
PARP15,,unlabeled
PARP16,,unlabeled
PARP2,Phase 3,trial_heldout
PARP3,Phase 2,trial_heldout
PARP4,,unlabeled
PARP6,,unlabeled
PARP8,,unlabeled
PARP9,,unlabeled
PARPBP,,unlabeled
PARS2,,unlabeled
PARVA,,unlabeled
PARVB,,unlabeled
PARVG,,unlabeled
PASD1,,unlabeled
PASK,,unlabeled
PATE1,,unlabeled
PATE2,,unlabeled
PATE3,,unlabeled
PATE4,,unlabeled
PATJ,,unlabeled
PATL1,,unlabeled
PATL2,,unlabeled
PATZ1,,unlabeled
PAWR,,unlabeled
PAX1,,unlabeled
PAX2,,unlabeled
PAX3,,unlabeled
PAX4,,unlabeled
PAX5,,unlabeled
PAX6,,unlabeled
PAX7,,unlabeled
PAX8,,unlabeled
PAX9,,unlabeled
PAXBP1,,unlabeled
PAXIP1,,unlabeled
PAXX,,unlabeled
PBDC1,,unlabeled
PBK,,unlabeled
PBLD,,unlabeled
PBOV1,,unlabeled
PBRM1,,unlabeled
PBX1,,unlabeled
PBX2,,unlabeled
PBX3,,unlabeled
PBX4,,unlabeled
PBXIP1,,unlabeled
PC,,unlabeled
PCARE,,unlabeled
PCBD1,,unlabeled
PCBD2,,unlabeled
PCBP1,,unlabeled
PCBP2,,unlabeled
PCBP3,,unlabeled
PCBP4,,unlabeled
PCCA,,unlabeled
PCCB,,unlabeled
PCDH1,,unlabeled
PCDH10,,unlabeled
PCDH11X,,unlabeled
PCDH11Y,,unlabeled
PCDH12,,unlabeled
PCDH15,,unlabeled
PCDH17,,unlabeled
PCDH18,,unlabeled
PCDH19,,unlabeled
PCDH20,,unlabeled
PCDH7,,unlabeled
PCDH8,,unlabeled
PCDH9,,unlabeled
PCDHA1,,unlabeled
PCDHA10,,unlabeled
PCDHA11,,unlabeled
PCDHA12,,unlabeled
PCDHA13,,unlabeled
PCDHA2,,unlabeled
PCDHA3,,unlabeled
PCDHA4,,unlabeled
PCDHA5,,unlabeled
PCDHA6,,unlabeled
PCDHA7,,unlabeled
PCDHA8,,unlabeled
PCDHA9,,unlabeled
PCDHAC1,,unlabeled
PCDHAC2,,unlabeled
PCDHB1,,unlabeled
PCDHB10,,unlabeled
PCDHB11,,unlabeled
PCDHB12,,unlabeled
PCDHB13,,unlabeled
PCDHB14,,unlabeled
PCDHB15,,unlabeled
PCDHB16,,unlabeled
PCDHB2,,unlabeled
PCDHB3,,unlabeled
PCDHB4,,unlabeled
PCDHB5,,unlabeled
PCDHB6,,unlabeled
PCDHB7,,unlabeled
PCDHB8,,unlabeled
PCDHB9,,unlabeled
PCDHGA1,,unlabeled
PCDHGA10,,unlabeled
PCDHGA11,,unlabeled
PCDHGA12,,unlabeled
PCDHGA2,,unlabeled
PCDHGA3,,unlabeled
PCDHGA4,,unlabeled
PCDHGA5,,unlabeled
PCDHGA6,,unlabeled
PCDHGA7,,unlabeled
PCDHGA8,,unlabeled
PCDHGA9,,unlabeled
PCDHGB1,,unlabeled
PCDHGB2,,unlabeled
PCDHGB3,,unlabeled
PCDHGB4,,unlabeled
PCDHGB5,,unlabeled
PCDHGB6,,unlabeled
PCDHGB7,,unlabeled
PCDHGC3,,unlabeled
PCDHGC4,,unlabeled
PCDHGC5,,unlabeled
PCED1A,,unlabeled
PCED1B,,unlabeled
PCF11,,unlabeled
PCGF1,,unlabeled
PCGF2,,unlabeled
PCGF3,,unlabeled
PCGF5,,unlabeled
PCGF6,,unlabeled
PCID2,,unlabeled
PCIF1,,unlabeled
PCK1,,unlabeled
PCK2,,unlabeled
PCLAF,,unlabeled
PCLO,,unlabeled
PCM1,,unlabeled
PCMT1,,unlabeled
PCMTD1,,unlabeled
PCMTD2,,unlabeled
PCNA,,unlabeled
PCNP,,unlabeled
PCNT,,unlabeled
PCNX1,,unlabeled
PCNX2,,unlabeled
PCNX3,,unlabeled
PCNX4,,unlabeled
PCOLCE,,unlabeled
PCOLCE2,,unlabeled
PCP2,,unlabeled
PCP4,,unlabeled
PCP4L1,,unlabeled
PCSK1,,unlabeled
PCSK1N,,unlabeled
PCSK2,,unlabeled
PCSK4,,unlabeled
PCSK5,,unlabeled
PCSK6,,unlabeled
PCSK7,,unlabeled
PCSK9,Phase 3,trial_heldout
PCTP,,unlabeled
PCYOX1,,unlabeled
PCYOX1L,,unlabeled
PCYT1A,,unlabeled
PCYT1B,,unlabeled
PCYT2,,unlabeled
PDAP1,,unlabeled
PDC,,unlabeled
PDCD1,Approved,P
PDCD10,,unlabeled
PDCD11,,unlabeled
PDCD1LG2,,unlabeled
PDCD2,,unlabeled
PDCD2L,,unlabeled
PDCD4,,unlabeled
PDCD5,,unlabeled
PDCD6,,unlabeled
PDCD6-AHRR,,unlabeled
PDCD6IP,,unlabeled
PDCD7,,unlabeled
PDCL,,unlabeled
PDCL2,,unlabeled
PDCL3,,unlabeled
PDE10A,Approved,P
PDE11A,,unlabeled
PDE12,,unlabeled
PDE1A,Phase 2,trial_heldout
PDE1B,Phase 2,trial_heldout
PDE1C,Phase 2,trial_heldout
PDE2A,Phase 2,trial_heldout
PDE3A,Approved,P
PDE3B,Approved,P
PDE4A,Approved,P
PDE4B,Approved,P
PDE4C,Approved,P
PDE4D,Approved,P
PDE4DIP,,unlabeled
PDE5A,Approved,P
PDE6A,Phase 2,trial_heldout
PDE6B,Phase 2,trial_heldout
PDE6C,Phase 2,trial_heldout
PDE6D,Phase 2,trial_heldout
PDE6G,Phase 2,trial_heldout
PDE6H,Phase 2,trial_heldout
PDE7A,Phase 2,trial_heldout
PDE7B,Phase 2,trial_heldout
PDE8A,Phase 2,trial_heldout
PDE8B,Phase 2,trial_heldout
PDE9A,Phase 2,trial_heldout
PDF,,unlabeled
PDGFA,,unlabeled
PDGFB,,unlabeled
PDGFC,,unlabeled
PDGFD,,unlabeled
PDGFRA,Approved,P
PDGFRB,Approved,P
PDGFRL,,unlabeled
PDHA1,,unlabeled
PDHA2,,unlabeled
PDHB,,unlabeled
PDHX,,unlabeled
PDIA2,,unlabeled
PDIA3,,unlabeled
PDIA4,,unlabeled
PDIA5,,unlabeled
PDIA6,,unlabeled
PDIK1L,,unlabeled
PDILT,,unlabeled
PDK1,,unlabeled
PDK2,,unlabeled
PDK3,,unlabeled
PDK4,,unlabeled
PDLIM1,,unlabeled
PDLIM2,,unlabeled
PDLIM3,,unlabeled
PDLIM4,,unlabeled
PDLIM5,,unlabeled
PDLIM7,,unlabeled
PDP1,,unlabeled
PDP2,,unlabeled
PDPK1,Phase 2,trial_heldout
PDPN,,unlabeled
PDPR,,unlabeled
PDRG1,,unlabeled
PDS5A,,unlabeled
PDS5B,,unlabeled
PDSS1,,unlabeled
PDSS2,,unlabeled
PDX1,,unlabeled
PDXDC1,,unlabeled
PDXK,,unlabeled
PDXP,,unlabeled
PDYN,,unlabeled
PDZD11,,unlabeled
PDZD2,,unlabeled
NHERF4,,unlabeled
PDZD4,,unlabeled
PDZD7,,unlabeled
PDZD8,,unlabeled
PDZD9,,unlabeled
PDZK1,,unlabeled
PDZK1IP1,,unlabeled
PDZRN3,,unlabeled
PDZRN4,,unlabeled
PEA15,,unlabeled
PEAK1,,unlabeled
PEAK3,,unlabeled
PEAR1,,unlabeled
PEBP1,,unlabeled
PEBP4,,unlabeled
PECAM1,,unlabeled
PECR,,unlabeled
PEDS1,,unlabeled
PEDS1-UBE2V1,,unlabeled
PEF1,,unlabeled
PEG10,,unlabeled
PEG3,,unlabeled
PELI1,,unlabeled
PELI2,,unlabeled
PELI3,,unlabeled
PELO,,unlabeled
PELP1,,unlabeled
PEMT,,unlabeled
PENK,,unlabeled
PEPD,,unlabeled
PER1,,unlabeled
PER2,,unlabeled
PER3,,unlabeled
PERM1,,unlabeled
PERP,,unlabeled
PES1,,unlabeled
PET100,,unlabeled
PET117,,unlabeled
PEX1,,unlabeled
PEX10,,unlabeled
PEX11A,,unlabeled
PEX11B,,unlabeled
PEX11G,,unlabeled
PEX12,,unlabeled
PEX13,,unlabeled
PEX14,,unlabeled
PEX16,,unlabeled
PEX19,,unlabeled
PEX2,,unlabeled
PEX26,,unlabeled
PEX3,,unlabeled
PEX5,,unlabeled
PEX5L,,unlabeled
PEX6,,unlabeled
PEX7,,unlabeled
PF4,,unlabeled
PF4V1,,unlabeled
PFAS,,unlabeled
PFDN1,,unlabeled
PFDN2,,unlabeled
PFDN4,,unlabeled
PFDN5,,unlabeled
PFDN6,,unlabeled
PFKFB1,,unlabeled
PFKFB2,,unlabeled
PFKFB3,,unlabeled
PFKFB4,,unlabeled
PFKL,,unlabeled
PFKM,,unlabeled
PFKP,,unlabeled
PFN1,,unlabeled
PFN2,,unlabeled
PFN3,,unlabeled
PFN4,,unlabeled
PGA3,,unlabeled
PGA4,,unlabeled
PGA5,,unlabeled
PGAM1,,unlabeled
PGAM2,,unlabeled
PGAM4,,unlabeled
PGAM5,,unlabeled
PGAP1,,unlabeled
PGAP2,,unlabeled
PGAP3,,unlabeled
PGAP4,,unlabeled
PGAP6,,unlabeled
PGBD1,,unlabeled
PGBD2,,unlabeled
PGBD4,,unlabeled
PGBD5,,unlabeled
PGC,,unlabeled
PGD,,unlabeled
PGF,Phase 2,trial_heldout
PGGHG,,unlabeled
PGGT1B,,unlabeled
PGK1,,unlabeled
PGK2,,unlabeled
PGLS,,unlabeled
PGLYRP1,,unlabeled
PGLYRP2,,unlabeled
PGLYRP3,,unlabeled
PGLYRP4,,unlabeled
PGM1,,unlabeled
PGM2,,unlabeled
PGM2L1,,unlabeled
PGM3,,unlabeled
PGM5,,unlabeled
PGP,,unlabeled
PGPEP1,,unlabeled
PGPEP1L,,unlabeled
PGR,Approved,P
PGRMC1,,unlabeled
PGRMC2,,unlabeled
PGS1,,unlabeled
PHACTR1,,unlabeled
PHACTR2,,unlabeled
PHACTR3,,unlabeled
PHACTR4,,unlabeled
PHAF1,,unlabeled
PHAX,,unlabeled
PHB1,,unlabeled
PHB2,,unlabeled
PHC1,,unlabeled
PHC2,,unlabeled
PHC3,,unlabeled
PHETA1,,unlabeled
PHETA2,,unlabeled
PHEX,,unlabeled
PHF1,,unlabeled
PHF10,,unlabeled
PHF11,,unlabeled
PHF12,,unlabeled
PHF13,,unlabeled
PHF14,,unlabeled
PHF19,,unlabeled
PHF2,,unlabeled
PHF20,,unlabeled
PHF20L1,,unlabeled
PHF21A,,unlabeled
PHF21B,,unlabeled
PHF23,,unlabeled
PHF24,,unlabeled
PHF3,,unlabeled
PHF5A,,unlabeled
PHF6,,unlabeled
PHF7,,unlabeled
PHF8,,unlabeled
PHGDH,,unlabeled
PHGR1,,unlabeled
PHIP,,unlabeled
PHKA1,,unlabeled
PHKA2,,unlabeled
PHKB,,unlabeled
PHKG1,,unlabeled
PHKG2,,unlabeled
PHLDA1,,unlabeled
PHLDA2,,unlabeled
PHLDA3,,unlabeled
PHLDB1,,unlabeled
PHLDB2,,unlabeled
PHLDB3,,unlabeled
PHLPP1,,unlabeled
PHLPP2,,unlabeled
PHOSPHO1,,unlabeled
PHOSPHO2,,unlabeled
PHOX2A,,unlabeled
PHOX2B,,unlabeled
PHPT1,,unlabeled
PHRF1,,unlabeled
PHTF1,,unlabeled
PHTF2,,unlabeled
PHYH,,unlabeled
PHYHD1,,unlabeled
PHYHIP,,unlabeled
PHYHIPL,,unlabeled
PHYKPL,,unlabeled
PI15,,unlabeled
PI16,,unlabeled
PI3,,unlabeled
PI4K2A,,unlabeled
PI4K2B,,unlabeled
PI4KA,,unlabeled
PI4KB,,unlabeled
PIANP,,unlabeled
PIAS1,,unlabeled
PIAS2,,unlabeled
PIAS3,,unlabeled
PIAS4,,unlabeled
PIBF1,,unlabeled
PICALM,,unlabeled
PICK1,,unlabeled
PID1,,unlabeled
PIDD1,,unlabeled
PIEZO1,,unlabeled
PIEZO2,,unlabeled
PIF1,,unlabeled
CIMAP3,,unlabeled
PIGA,,unlabeled
PIGB,,unlabeled
PIGC,,unlabeled
PIGF,,unlabeled
PIGG,,unlabeled
PIGH,,unlabeled
PIGK,,unlabeled
PIGL,,unlabeled
PIGM,,unlabeled
PIGN,,unlabeled
PIGO,,unlabeled
PIGP,,unlabeled
PIGQ,,unlabeled
PIGR,,unlabeled
PIGS,,unlabeled
PIGT,,unlabeled
PIGU,,unlabeled
PIGV,,unlabeled
PIGW,,unlabeled
PIGX,,unlabeled
PIGY,,unlabeled
PIGZ,,unlabeled
PIH1D1,,unlabeled
PIH1D2,,unlabeled
PIK3AP1,,unlabeled
PIK3C2A,,unlabeled
PIK3C2B,,unlabeled
PIK3C2G,,unlabeled
PIK3C3,,unlabeled
PIK3CA,Approved,P
PIK3CB,Phase 2,trial_heldout
PIK3CD,Approved,P
PIK3CG,Approved,P
PIK3IP1,,unlabeled
PIK3R1,Phase 2,trial_heldout
PIK3R2,Phase 2,trial_heldout
PIK3R3,Phase 2,trial_heldout
PIK3R4,,unlabeled
PIK3R5,Phase 2,trial_heldout
PIK3R6,,unlabeled
PIKFYVE,Phase 2,trial_heldout
PILRA,,unlabeled
PILRB,,unlabeled
PIM1,Phase 2,trial_heldout
PIM2,Phase 2,trial_heldout
PIM3,Phase 2,trial_heldout
PIMREG,,unlabeled
PIN1,,unlabeled
PIN4,,unlabeled
PINK1,,unlabeled
PINLYP,,unlabeled
PIP,,unlabeled
PIP4K2A,,unlabeled
PIP4K2B,,unlabeled
PIP4K2C,,unlabeled
PIP4P1,,unlabeled
PIP4P2,,unlabeled
PIP5K1A,,unlabeled
PIP5K1B,,unlabeled
PIP5K1C,,unlabeled
PIP5KL1,,unlabeled
PIPOX,,unlabeled
PIR,,unlabeled
PIRT,,unlabeled
PISD,,unlabeled
PITHD1,,unlabeled
PITPNA,,unlabeled
PITPNB,,unlabeled
PITPNC1,,unlabeled
PITPNM1,,unlabeled
PITPNM2,,unlabeled
PITPNM3,,unlabeled
PITRM1,,unlabeled
PITX1,,unlabeled
PITX2,,unlabeled
PITX3,,unlabeled
PIWIL1,,unlabeled
PIWIL2,,unlabeled
PIWIL3,,unlabeled
PIWIL4,,unlabeled
PJA1,,unlabeled
PJA2,,unlabeled
PJVK,,unlabeled
PKD1,,unlabeled
PKD1L1,,unlabeled
PKD1L2,,unlabeled
PKD1L3,,unlabeled
PKD2,,unlabeled
PKD2L1,,unlabeled
PKD2L2,,unlabeled
PKDCC,,unlabeled
PKDREJ,,unlabeled
PKHD1,,unlabeled
PKHD1L1,,unlabeled
PKIA,,unlabeled
PKIB,,unlabeled
PKIG,,unlabeled
PKLR,,unlabeled
PKM,,unlabeled
PKMYT1,,unlabeled
PKN1,,unlabeled
PKN2,,unlabeled
PKN3,,unlabeled
PKNOX1,,unlabeled
PKNOX2,,unlabeled
PKP1,,unlabeled
PKP2,,unlabeled
PKP3,,unlabeled
PKP4,,unlabeled
PLA1A,,unlabeled
PLA2G10,Phase 3,trial_heldout
PLA2G12A,,unlabeled
PLA2G12B,,unlabeled
PLA2G15,,unlabeled
PLA2G1B,,unlabeled
PLA2G2A,Phase 3,trial_heldout
PLA2G2C,,unlabeled
PLA2G2D,,unlabeled
PLA2G2E,,unlabeled
PLA2G2F,,unlabeled
PLA2G3,,unlabeled
PLA2G4A,,unlabeled
PLA2G4B,,unlabeled
PLA2G4C,,unlabeled
PLA2G4D,,unlabeled
PLA2G4E,,unlabeled
PLA2G4F,,unlabeled
PLA2G5,Phase 3,trial_heldout
PLA2G6,,unlabeled
PLA2G7,,unlabeled
PLA2R1,,unlabeled
PLAA,,unlabeled
PLAAT1,,unlabeled
PLAAT2,,unlabeled
PLAAT3,,unlabeled
PLAAT4,,unlabeled
PLAAT5,,unlabeled
PLAC1,,unlabeled
PLAC8,,unlabeled
PLAC8L1,,unlabeled
PLAC9,,unlabeled
PLAG1,,unlabeled
PLAGL1,,unlabeled
PLAGL2,,unlabeled
PLAT,Phase 2,trial_heldout
PLAU,,unlabeled
PLAUR,,unlabeled
PLB1,,unlabeled
PLBD1,,unlabeled
PLBD2,,unlabeled
PLCB1,,unlabeled
PLCB2,,unlabeled
PLCB3,,unlabeled
PLCB4,,unlabeled
PLCD1,,unlabeled
PLCD3,,unlabeled
PLCD4,,unlabeled
PLCE1,,unlabeled
PLCG1,,unlabeled
PLCG2,,unlabeled
PLCH1,,unlabeled
PLCH2,,unlabeled
PLCL1,,unlabeled
PLCL2,,unlabeled
PLCXD1,,unlabeled
PLCXD2,,unlabeled
PLCXD3,,unlabeled
PLCZ1,,unlabeled
PLD1,,unlabeled
PLD2,,unlabeled
PLD3,,unlabeled
PLD4,,unlabeled
PLD5,,unlabeled
PLD5P1,,unlabeled
PLD6,,unlabeled
PLEC,,unlabeled
PLEK,,unlabeled
PLEK2,,unlabeled
PLEKHA1,,unlabeled
PLEKHA2,,unlabeled
PLEKHA3,,unlabeled
PLEKHA4,,unlabeled
PLEKHA5,,unlabeled
PLEKHA6,,unlabeled
PLEKHA7,,unlabeled
PLEKHA8,,unlabeled
PLEKHB1,,unlabeled
PLEKHB2,,unlabeled
PLEKHD1,,unlabeled
PLEKHF1,,unlabeled
PLEKHF2,,unlabeled
PLEKHG1,,unlabeled
PLEKHG2,,unlabeled
PLEKHG3,,unlabeled
PLEKHG4,,unlabeled
PLEKHG4B,,unlabeled
PLEKHG5,,unlabeled
PLEKHG6,,unlabeled
PLEKHG7,,unlabeled
PLEKHH1,,unlabeled
PLEKHH2,,unlabeled
PLEKHH3,,unlabeled
PLEKHJ1,,unlabeled
PLEKHM1,,unlabeled
PLEKHM2,,unlabeled
PLEKHM3,,unlabeled
PLEKHN1,,unlabeled
PLEKHO1,,unlabeled
PLEKHO2,,unlabeled
PLEKHS1,,unlabeled
PLET1,,unlabeled
PLG,Phase 2,trial_heldout
PLGLB1,,unlabeled
PLGLB2,,unlabeled
PLGRKT,,unlabeled
PLIN1,,unlabeled
PLIN2,,unlabeled
PLIN3,,unlabeled
PLIN4,,unlabeled
PLIN5,,unlabeled
PLK1,Phase 3,trial_heldout
PLK2,,unlabeled
PLK3,,unlabeled
PLK4,Phase 2,trial_heldout
PLK5,,unlabeled
PLLP,,unlabeled
PLN,,unlabeled
PLOD1,,unlabeled
PLOD2,,unlabeled
PLOD3,,unlabeled
PLP1,,unlabeled
PLP2,,unlabeled
PLPBP,,unlabeled
PLPP1,,unlabeled
PLPP2,,unlabeled
PLPP3,,unlabeled
PLPP4,,unlabeled
PLPP5,,unlabeled
PLPP6,,unlabeled
PLPP7,,unlabeled
PLPPR1,,unlabeled
PLPPR2,,unlabeled
PLPPR3,,unlabeled
PLPPR4,,unlabeled
PLPPR5,,unlabeled
PLRG1,,unlabeled
PLS1,,unlabeled
PLS3,,unlabeled
PLSCR1,,unlabeled
PLSCR2,,unlabeled
PLSCR3,,unlabeled
PLSCR4,,unlabeled
PLSCR5,,unlabeled
PLTP,,unlabeled
PLVAP,,unlabeled
PLXDC1,,unlabeled
PLXDC2,,unlabeled
PLXNA1,,unlabeled
PLXNA2,,unlabeled
PLXNA3,,unlabeled
PLXNA4,,unlabeled
PLXNB1,,unlabeled
PLXNB2,,unlabeled
PLXNB3,,unlabeled
PLXNC1,,unlabeled
PLXND1,,unlabeled
PM20D1,,unlabeled
PM20D2,,unlabeled
PMAIP1,,unlabeled
PMCH,,unlabeled
PMEL,,unlabeled
PMEPA1,,unlabeled
PMF1,,unlabeled
PMF1-BGLAP,,unlabeled
PMFBP1,,unlabeled
PML,,unlabeled
PMM1,,unlabeled
PMM2,,unlabeled
PMP2,,unlabeled
PMP22,,unlabeled
PMPCA,,unlabeled
PMPCB,,unlabeled
PMS1,,unlabeled
PMS2,,unlabeled
PMVK,,unlabeled
PNCK,,unlabeled
PNISR,,unlabeled
PNKD,,unlabeled
PNKP,,unlabeled
PNLDC1,,unlabeled
PNLIP,,unlabeled
PNLIPRP1,,unlabeled
PNLIPRP2,,unlabeled
PNLIPRP3,,unlabeled
PNMA1,,unlabeled
PNMA2,,unlabeled
PNMA3,,unlabeled
PNMA5,,unlabeled
PNMA6A,,unlabeled
PNMA6E,,unlabeled
PNMA6F,,unlabeled
PNMA8A,,unlabeled
PNMA8B,,unlabeled
PNMT,,unlabeled
PNN,,unlabeled
PNO1,,unlabeled
PNOC,,unlabeled
PNP,Phase 2,trial_heldout
PNPLA1,,unlabeled
PNPLA2,,unlabeled
PNPLA3,,unlabeled
PNPLA4,,unlabeled
PNPLA5,,unlabeled
PNPLA6,,unlabeled
PNPLA7,,unlabeled
PNPLA8,,unlabeled
PNPO,,unlabeled
PNPT1,,unlabeled
PNRC1,,unlabeled
PNRC2,,unlabeled
POC1A,,unlabeled
POC1B,,unlabeled
POC1B-GALNT4,,unlabeled
POC5,,unlabeled
PODN,,unlabeled
PODNL1,,unlabeled
PODXL,,unlabeled
PODXL2,,unlabeled
POF1B,,unlabeled
POFUT1,,unlabeled
POFUT2,,unlabeled
POGK,,unlabeled
POGLUT1,,unlabeled
POGLUT2,,unlabeled
POGLUT3,,unlabeled
POGZ,,unlabeled
POLA1,Approved,P
POLA2,Approved,P
POLB,,unlabeled
POLD1,Approved,P
POLD2,Approved,P
POLD3,Approved,P
POLD4,Approved,P
POLDIP2,,unlabeled
POLDIP3,,unlabeled
POLE,Approved,P
POLE2,Approved,P
POLE3,Approved,P
POLE4,,unlabeled
POLG,,unlabeled
POLG2,,unlabeled
POLH,,unlabeled
POLI,,unlabeled
POLK,,unlabeled
POLL,,unlabeled
POLM,,unlabeled
POLN,,unlabeled
POLQ,,unlabeled
POLR1A,,unlabeled
POLR1B,,unlabeled
POLR1C,,unlabeled
POLR1D,,unlabeled
POLR1E,,unlabeled
POLR1F,,unlabeled
POLR1G,,unlabeled
POLR1H,,unlabeled
POLR2A,,unlabeled
POLR2B,,unlabeled
POLR2C,,unlabeled
POLR2D,,unlabeled
POLR2E,,unlabeled
POLR2F,,unlabeled
POLR2G,,unlabeled
POLR2H,,unlabeled
POLR2I,,unlabeled
POLR2J,,unlabeled
POLR2J2,,unlabeled
POLR2K,,unlabeled
POLR2L,,unlabeled
POLR2M,,unlabeled
POLR3A,,unlabeled
POLR3B,,unlabeled
POLR3C,,unlabeled
POLR3D,,unlabeled
POLR3E,,unlabeled
POLR3F,,unlabeled
POLR3G,,unlabeled
POLR3GL,,unlabeled
POLR3H,,unlabeled
POLR3K,,unlabeled
POLRMT,,unlabeled
POM121,,unlabeled
POM121C,,unlabeled
POM121L12,,unlabeled
POM121L2,,unlabeled
POMC,,unlabeled
POMGNT1,,unlabeled
POMGNT2,,unlabeled
POMK,,unlabeled
POMP,,unlabeled
POMT1,,unlabeled
POMT2,,unlabeled
POMZP3,,unlabeled
PON1,,unlabeled
PON2,,unlabeled
PON3,,unlabeled
POP1,,unlabeled
POP4,,unlabeled
POP5,,unlabeled
POP7,,unlabeled
POPDC2,,unlabeled
POPDC3,,unlabeled
POR,,unlabeled
PORCN,,unlabeled
POSTN,,unlabeled
POT1,,unlabeled
POTEA,,unlabeled
POTEB,,unlabeled
POTEB2,,unlabeled
POTEB3,,unlabeled
POTEC,,unlabeled
POTED,,unlabeled
POTEE,,unlabeled
POTEF,,unlabeled
POTEG,,unlabeled
POTEH,,unlabeled
POTEI,,unlabeled
POTEJ,,unlabeled
POTEM,,unlabeled
POU1F1,,unlabeled
POU2AF1,,unlabeled
POU2F1,,unlabeled
POU2F2,,unlabeled
POU2F3,,unlabeled
POU3F1,,unlabeled
POU3F2,,unlabeled
POU3F3,,unlabeled
POU3F4,,unlabeled
POU4F1,,unlabeled
POU4F2,,unlabeled
POU4F3,,unlabeled
POU5F1,,unlabeled
POU5F1B,,unlabeled
POU5F2,,unlabeled
POU6F1,,unlabeled
POU6F2,,unlabeled
PP2D1,,unlabeled
PPA1,,unlabeled
PPA2,,unlabeled
PPAN,,unlabeled
PPAN-P2RY11,,unlabeled
PPARA,Phase 3,trial_heldout
PPARD,Phase 2,trial_heldout
PPARG,Approved,P
PPARGC1A,,unlabeled
PPARGC1B,,unlabeled
PPAT,Approved,P
PPBP,,unlabeled
PPCDC,,unlabeled
PPCS,,unlabeled
PPDPF,,unlabeled
PPDPFL,,unlabeled
PPEF1,,unlabeled
PPEF2,,unlabeled
PPFIA1,,unlabeled
PPFIA2,,unlabeled
PPFIA3,,unlabeled
PPFIA4,,unlabeled
PPFIBP1,,unlabeled
PPFIBP2,,unlabeled
PPHLN1,,unlabeled
PPIA,Approved,P
PPIAL4A,,unlabeled
PPIAL4C,,unlabeled
PPIAL4D,,unlabeled
PPIAL4G,,unlabeled
PPIAL4H,,unlabeled
PPIB,,unlabeled
PPIC,,unlabeled
PPID,,unlabeled
PPIE,,unlabeled
PPIF,,unlabeled
PPIG,,unlabeled
PPIH,,unlabeled
PPIL1,,unlabeled
PPIL2,,unlabeled
PPIL3,,unlabeled
PPIL4,,unlabeled
PPIL6,,unlabeled
PPIP5K1,,unlabeled
PPIP5K2,,unlabeled
PPL,,unlabeled
PPM1A,,unlabeled
PPM1B,,unlabeled
PPM1D,,unlabeled
PPM1E,,unlabeled
PPM1F,,unlabeled
PPM1G,,unlabeled
PPM1H,,unlabeled
PPM1J,,unlabeled
PPM1K,,unlabeled
PPM1L,,unlabeled
PPM1M,,unlabeled
PPM1N,,unlabeled
PPME1,,unlabeled
PPOX,,unlabeled
PPP1CA,,unlabeled
PPP1CB,,unlabeled
PPP1CC,,unlabeled
PPP1R10,,unlabeled
PPP1R11,,unlabeled
PPP1R12A,,unlabeled
PPP1R12B,,unlabeled
PPP1R12C,,unlabeled
PPP1R13B,,unlabeled
PPP1R13L,,unlabeled
PPP1R14A,,unlabeled
PPP1R14B,,unlabeled
PPP1R14C,,unlabeled
PPP1R14D,,unlabeled
PPP1R15A,,unlabeled
PPP1R15B,,unlabeled
PPP1R16A,,unlabeled
PPP1R16B,,unlabeled
PPP1R17,,unlabeled
PPP1R18,,unlabeled
PPP1R1A,,unlabeled
PPP1R1B,,unlabeled
PPP1R1C,,unlabeled
PPP1R2,,unlabeled
PPP1R21,,unlabeled
PPP1R26,,unlabeled
PPP1R27,,unlabeled
PPP1R2B,,unlabeled
PPP1R2C,,unlabeled
SAXO4,,unlabeled
PPP1R35,,unlabeled
PPP1R36,,unlabeled
PPP1R37,,unlabeled
PPP1R3A,,unlabeled
PPP1R3B,,unlabeled
PPP1R3C,,unlabeled
PPP1R3D,,unlabeled
PPP1R3E,,unlabeled
PPP1R3F,,unlabeled
PPP1R3G,,unlabeled
PPP1R42,,unlabeled
PPP1R7,,unlabeled
PPP1R8,,unlabeled
PPP1R9A,,unlabeled
PPP1R9B,,unlabeled
PPP2CA,Phase 1,trial_heldout
PPP2CB,Phase 1,trial_heldout
PPP2R1A,,unlabeled
PPP2R1B,,unlabeled
PPP2R2A,,unlabeled
PPP2R2B,,unlabeled
PPP2R2C,,unlabeled
PPP2R2D,,unlabeled
PPP2R3A,,unlabeled
PPP2R3B,,unlabeled
PPP2R3C,,unlabeled
PPP2R5A,,unlabeled
PPP2R5B,,unlabeled
PPP2R5C,,unlabeled
PPP2R5D,,unlabeled
PPP2R5E,,unlabeled
PPP3CA,Approved,P
PPP3CB,,unlabeled
PPP3CC,,unlabeled
PPP3R1,,unlabeled
PPP3R2,,unlabeled
PPP4C,,unlabeled
PPP4R1,,unlabeled
PPP4R2,,unlabeled
PPP4R3A,,unlabeled
PPP4R3B,,unlabeled
PPP4R3C,,unlabeled
PPP4R4,,unlabeled
PPP5C,Phase 1,trial_heldout
PPP6C,,unlabeled
PPP6R1,,unlabeled
PPP6R2,,unlabeled
PPP6R3,,unlabeled
PPRC1,,unlabeled
PPT1,,unlabeled
PPT2,,unlabeled
PPT2-EGFL8,,unlabeled
PPTC7,,unlabeled
PPWD1,,unlabeled
PPY,,unlabeled
PQBP1,,unlabeled
PRAC1,,unlabeled
PRAC2,,unlabeled
PRADC1,,unlabeled
PRAF2,,unlabeled
PRAG1,,unlabeled
PRAM1,,unlabeled
PRAME,,unlabeled
PRAMEF1,,unlabeled
PRAMEF10,,unlabeled
PRAMEF11,,unlabeled
PRAMEF12,,unlabeled
PRAMEF13,,unlabeled
PRAMEF14,,unlabeled
PRAMEF15,,unlabeled
PRAMEF17,,unlabeled
PRAMEF18,,unlabeled
PRAMEF19,,unlabeled
PRAMEF2,,unlabeled
PRAMEF20,,unlabeled
PRAMEF25,,unlabeled
PRAMEF26,,unlabeled
PRAMEF27,,unlabeled
PRAMEF33,,unlabeled
PRAMEF4,,unlabeled
PRAMEF5,,unlabeled
PRAMEF6,,unlabeled
PRAMEF7,,unlabeled
PRAMEF8,,unlabeled
PRAMEF9,,unlabeled
PRAP1,,unlabeled
PRB1,,unlabeled
PRB2,,unlabeled
PRB3,,unlabeled
PRB4,,unlabeled
PRC1,,unlabeled
PRCC,,unlabeled
PRCD,,unlabeled
PRCP,,unlabeled
PRDM1,,unlabeled
PRDM10,,unlabeled
PRDM11,,unlabeled
PRDM12,,unlabeled
PRDM13,,unlabeled
PRDM14,,unlabeled
PRDM15,,unlabeled
PRDM16,,unlabeled
PRDM2,,unlabeled
PRDM4,,unlabeled
PRDM5,,unlabeled
PRDM6,,unlabeled
PRDM7,,unlabeled
PRDM8,,unlabeled
PRDM9,,unlabeled
PRDX1,,unlabeled
PRDX2,,unlabeled
PRDX3,,unlabeled
PRDX4,,unlabeled
PRDX5,,unlabeled
PRDX6,,unlabeled
PREB,,unlabeled
PRELID1,,unlabeled
PRELID2,,unlabeled
PRELID3A,,unlabeled
PRELID3B,,unlabeled
PRELP,,unlabeled
PREP,,unlabeled
PREPL,,unlabeled
PREX1,,unlabeled
PREX2,,unlabeled
PRF1,,unlabeled
PRG2,,unlabeled
PRG3,,unlabeled
PRG4,,unlabeled
PRH1,,unlabeled
PRH2,,unlabeled
PRICKLE1,,unlabeled
PRICKLE2,,unlabeled
PRICKLE3,,unlabeled
PRICKLE4,,unlabeled
PRIM1,Approved,P
PRIM2,Approved,P
PRIMA1,,unlabeled
PRIMPOL,,unlabeled
PRKAA1,Phase 2,trial_heldout
PRKAA2,Phase 2,trial_heldout
PRKAB1,Phase 2,trial_heldout
PRKAB2,Phase 2,trial_heldout
PRKACA,,unlabeled
PRKACB,,unlabeled
PRKACG,,unlabeled
PRKAG1,Phase 2,trial_heldout
PRKAG2,Phase 2,trial_heldout
PRKAG3,Phase 2,trial_heldout
PRKAR1A,,unlabeled
PRKAR1B,,unlabeled
PRKAR2A,,unlabeled
PRKAR2B,,unlabeled
PRKCA,Approved,P
PRKCB,Approved,P
PRKCD,Approved,P
PRKCE,Approved,P
PRKCG,Approved,P
PRKCH,Approved,P
PRKCI,Approved,P
PRKCQ,Approved,P
PRKCSH,,unlabeled
PRKCZ,Approved,P
PRKD1,Approved,P
PRKD2,,unlabeled
PRKD3,Approved,P
PRKDC,Phase 1,trial_heldout
PRKG1,,unlabeled
PRKG2,,unlabeled
PRKN,,unlabeled
PRKRA,,unlabeled
PRKRIP1,,unlabeled
PRKX,,unlabeled
PRL,,unlabeled
PRLH,,unlabeled
PRLHR,,unlabeled
PRLR,,unlabeled
PRM1,,unlabeled
PRM2,,unlabeled
PRM3,,unlabeled
PRMT1,,unlabeled
PRMT2,,unlabeled
PRMT3,,unlabeled
PRMT5,Phase 2,trial_heldout
PRMT6,,unlabeled
PRMT7,,unlabeled
PRMT8,,unlabeled
PRMT9,,unlabeled
PRND,,unlabeled
PRNP,,unlabeled
PROB1,,unlabeled
PROC,,unlabeled
PROCA1,,unlabeled
PROCR,,unlabeled
PRODH,,unlabeled
PRODH2,,unlabeled
PROK1,,unlabeled
PROK2,,unlabeled
PROKR1,,unlabeled
PROKR2,,unlabeled
PROM1,,unlabeled
PROM2,,unlabeled
PROP1,,unlabeled
PRORP,,unlabeled
PROS1,,unlabeled
PROSER1,,unlabeled
PROSER2,,unlabeled
PROSER3,,unlabeled
PROX1,,unlabeled
PROX2,,unlabeled
PROZ,,unlabeled
PRPF18,,unlabeled
PRPF19,,unlabeled
PRPF3,,unlabeled
PRPF31,,unlabeled
PRPF38A,,unlabeled
PRPF38B,,unlabeled
PRPF39,,unlabeled
PRPF4,,unlabeled
PRPF40A,,unlabeled
PRPF40B,,unlabeled
PRP4K,,unlabeled
PRPF6,,unlabeled
PRPF8,,unlabeled
PRPH,,unlabeled
PRPH2,,unlabeled
PRPS1,,unlabeled
PRPS1L1,,unlabeled
PRPS2,,unlabeled
PRPSAP1,,unlabeled
PRPSAP2,,unlabeled
PRR11,,unlabeled
PRR12,,unlabeled
PRR13,,unlabeled
PRR14,,unlabeled
PRR14L,,unlabeled
PRR15,,unlabeled
PRR15L,,unlabeled
PRR16,,unlabeled
PRR18,,unlabeled
PRR19,,unlabeled
PRR20B,,unlabeled
PRR22,,unlabeled
PRR23A,,unlabeled
PRR23B,,unlabeled
PRR23C,,unlabeled
PRR23D1,,unlabeled
PRR23D2,,unlabeled
PRR27,,unlabeled
PRR29,,unlabeled
PRR3,,unlabeled
PRR30,,unlabeled
PRR32,,unlabeled
PRR33,,unlabeled
PRR35,,unlabeled
PRR36,,unlabeled
PRR4,,unlabeled
PRR5,,unlabeled
PRR5-ARHGAP8,,unlabeled
PRR5L,,unlabeled
PRR7,,unlabeled
PRR9,,unlabeled
PRRC1,,unlabeled
PRRC2A,,unlabeled
PRRC2B,,unlabeled
PRRC2C,,unlabeled
PRRG1,,unlabeled
PRRG2,,unlabeled
PRRG3,,unlabeled
PRRG4,,unlabeled
PRRT1,,unlabeled
PRRT2,,unlabeled
PRRT3,,unlabeled
PRRT4,,unlabeled
PRRX1,,unlabeled
PRRX2,,unlabeled
PRSS1,,unlabeled
PRSS12,,unlabeled
PRSS16,,unlabeled
PRSS2,,unlabeled
PRSS21,,unlabeled
PRSS22,,unlabeled
PRSS23,,unlabeled
PRSS27,,unlabeled
PRSS3,,unlabeled
PRSS33,,unlabeled
PRSS35,,unlabeled
PRSS36,,unlabeled
PRSS37,,unlabeled
PRSS38,,unlabeled
PRSS41,,unlabeled
PRSS45P,,unlabeled
PRSS48,,unlabeled
PRSS50,,unlabeled
PRSS53,,unlabeled
PRSS54,,unlabeled
PRSS55,,unlabeled
PRSS56,,unlabeled
PRSS57,,unlabeled
PRSS58,,unlabeled
PRSS8,,unlabeled
PRTFDC1,,unlabeled
PRTG,,unlabeled
PRTN3,,unlabeled
PRUNE1,,unlabeled
PRUNE2,,unlabeled
PRX,,unlabeled
PRXL2A,,unlabeled
PRXL2B,,unlabeled
PRXL2C,,unlabeled
PSAP,,unlabeled
PSAPL1,,unlabeled
PSAT1,,unlabeled
PSCA,,unlabeled
PSD,,unlabeled
PSD2,,unlabeled
PSD3,,unlabeled
PSD4,,unlabeled
PSEN1,Phase 2,trial_heldout
PSEN2,Phase 2,trial_heldout
PSENEN,Phase 2,trial_heldout
PSG1,,unlabeled
PSG11,,unlabeled
PSG2,,unlabeled
PSG3,,unlabeled
PSG4,,unlabeled
PSG5,,unlabeled
PSG6,,unlabeled
PSG7,,unlabeled
PSG8,,unlabeled
PSG9,,unlabeled
PSIP1,,unlabeled
PSKH1,,unlabeled
PSKH2,,unlabeled
PSMA1,Approved,P
PSMA2,Approved,P
PSMA3,Approved,P
PSMA4,Approved,P
PSMA5,Approved,P
PSMA6,Approved,P
PSMA7,Approved,P
PSMA8,Approved,P
PSMB1,Approved,P
PSMB10,Approved,P
PSMB11,Approved,P
PSMB2,Approved,P
PSMB3,Approved,P
PSMB4,Approved,P
PSMB5,Approved,P
PSMB6,Approved,P
PSMB7,Approved,P
PSMB8,Approved,P
PSMB9,Approved,P
PSMC1,Approved,P
PSMC2,Approved,P
PSMC3,Approved,P
PSMC3IP,,unlabeled
PSMC4,Approved,P
PSMC5,Approved,P
PSMC6,Approved,P
PSMD1,Approved,P
PSMD10,,unlabeled
PSMD11,Approved,P
PSMD12,Approved,P
PSMD13,Approved,P
PSMD14,Approved,P
PSMD2,Approved,P
PSMD3,Approved,P
PSMD4,Approved,P
PSMD5,,unlabeled
PSMD6,Approved,P
PSMD7,Approved,P
PSMD8,Approved,P
PSMD9,,unlabeled
PSME1,,unlabeled
PSME2,,unlabeled
PSME3,,unlabeled
PSME3IP1,,unlabeled
PSME4,,unlabeled
PSMF1,,unlabeled
PSMG1,,unlabeled
PSMG2,,unlabeled
PSMG3,,unlabeled
PSMG4,,unlabeled
PSORS1C1,,unlabeled
PSORS1C2,,unlabeled
PSPC1,,unlabeled
PSPH,,unlabeled
PSPN,,unlabeled
PSRC1,,unlabeled
PSTK,,unlabeled
PSTPIP1,,unlabeled
PSTPIP2,,unlabeled
PTAFR,Approved,P
PTAR1,,unlabeled
PTBP1,,unlabeled
PTBP2,,unlabeled
PTBP3,,unlabeled
PTCD1,,unlabeled
PTCD2,,unlabeled
PTCD3,,unlabeled
PTCH1,,unlabeled
PTCH2,,unlabeled
PTCHD1,,unlabeled
PTCHD3,,unlabeled
PTCHD4,,unlabeled
PTCRA,,unlabeled
PTDSS1,,unlabeled
PTDSS2,,unlabeled
PTEN,,unlabeled
PTER,,unlabeled
PTF1A,,unlabeled
PTGDR,Phase 2,trial_heldout
PTGDR2,Phase 3,trial_heldout
PTGDS,,unlabeled
PTGER1,,unlabeled
PTGER2,,unlabeled
PTGER3,Approved,P
PTGER4,Phase 2,trial_heldout
PTGES,,unlabeled
PTGES2,,unlabeled
PTGES3,,unlabeled
PTGES3L,,unlabeled
PTGES3L-AARSD1,,unlabeled
PTGFR,Phase 3,trial_heldout
PTGFRN,,unlabeled
PTGIR,Phase 2,trial_heldout
PTGIS,,unlabeled
PTGR1,,unlabeled
PTGR2,,unlabeled
PTGS1,Approved,P
PTGS2,Approved,P
PTH,,unlabeled
PTH1R,Phase 2,trial_heldout
PTH2,,unlabeled
PTH2R,,unlabeled
PTHLH,,unlabeled
PTK2,Phase 2,trial_heldout
PTK2B,Phase 2,trial_heldout
PTK6,Phase 2,trial_heldout
PTK7,,unlabeled
PTMA,,unlabeled
PTMS,,unlabeled
PTN,,unlabeled
PTOV1,,unlabeled
PTP4A1,,unlabeled
PTP4A2,,unlabeled
PTP4A3,,unlabeled
PTPA,,unlabeled
PTPDC1,,unlabeled
PTPMT1,,unlabeled
PTPN1,,unlabeled
PTPN11,,unlabeled
PTPN12,,unlabeled
PTPN13,,unlabeled
PTPN14,,unlabeled
PTPN18,,unlabeled
PTPN2,,unlabeled
PTPN20,,unlabeled
PTPN21,,unlabeled
PTPN22,,unlabeled
PTPN23,,unlabeled
PTPN3,,unlabeled
PTPN4,,unlabeled
PTPN5,,unlabeled
PTPN6,,unlabeled
PTPN7,,unlabeled
PTPN9,,unlabeled
PTPRA,,unlabeled
PTPRB,,unlabeled
PTPRC,,unlabeled
PTPRCAP,,unlabeled
PTPRD,,unlabeled
PTPRE,,unlabeled
PTPRF,,unlabeled
PTPRG,,unlabeled
PTPRH,,unlabeled
PTPRJ,,unlabeled
PTPRK,,unlabeled
PTPRM,,unlabeled
PTPRN,,unlabeled
PTPRN2,,unlabeled
PTPRO,,unlabeled
PTPRQ,,unlabeled
PTPRR,,unlabeled
PTPRS,,unlabeled
PTPRT,,unlabeled
PTPRU,,unlabeled
PTPRZ1,,unlabeled
PTRH1,,unlabeled
PTRH2,,unlabeled
PTRHD1,,unlabeled
PTS,,unlabeled
PTTG1,,unlabeled
PTTG1IP,,unlabeled
PTTG2,,unlabeled
PTX3,,unlabeled
PTX4,,unlabeled
PUDP,,unlabeled
PUF60,,unlabeled
PUM1,,unlabeled
PUM2,,unlabeled
PUM3,,unlabeled
PURA,,unlabeled
PURB,,unlabeled
PURG,,unlabeled
PUS1,,unlabeled
PUS10,,unlabeled
PUS3,,unlabeled
PUS7,,unlabeled
PUS7L,,unlabeled
PUSL1,,unlabeled
PVALB,,unlabeled
PVALEF,,unlabeled
PVR,,unlabeled
PVRIG,,unlabeled
PWP1,,unlabeled
PWP2,,unlabeled
PWWP2A,,unlabeled
PWWP2B,,unlabeled
PWWP3A,,unlabeled
PWWP3B,,unlabeled
PXDC1,,unlabeled
PXDN,,unlabeled
PXDNL,,unlabeled
PXK,,unlabeled
PXMP2,,unlabeled
PXMP4,,unlabeled
PXN,,unlabeled
PXT1,,unlabeled
PXYLP1,,unlabeled
PYCARD,,unlabeled
PYCR1,,unlabeled
PYCR2,,unlabeled
PYCR3,,unlabeled
PYDC1,,unlabeled
PYDC2,,unlabeled
PYGB,,unlabeled
PYGL,,unlabeled
PYGM,,unlabeled
PYGO1,,unlabeled
PYGO2,,unlabeled
PYHIN1,,unlabeled
PYM1,,unlabeled
PYROXD1,,unlabeled
PYROXD2,,unlabeled
PYURF,,unlabeled
PYY,,unlabeled
PZP,,unlabeled
QARS1,,unlabeled
QDPR,,unlabeled
QKI,,unlabeled
QPCT,,unlabeled
QPCTL,,unlabeled
QPRT,,unlabeled
QRFP,,unlabeled
QRFPR,,unlabeled
QRICH1,,unlabeled
QRICH2,,unlabeled
QRSL1,,unlabeled
QSER1,,unlabeled
QSOX1,,unlabeled
QSOX2,,unlabeled
QTRT1,,unlabeled
QTRT2,,unlabeled
R3HCC1,,unlabeled
R3HCC1L,,unlabeled
R3HDM1,,unlabeled
R3HDM2,,unlabeled
R3HDM4,,unlabeled
R3HDML,,unlabeled
RAB10,,unlabeled
RAB11A,,unlabeled
RAB11B,,unlabeled
RAB11FIP1,,unlabeled
RAB11FIP2,,unlabeled
RAB11FIP3,,unlabeled
RAB11FIP4,,unlabeled
RAB11FIP5,,unlabeled
RAB12,,unlabeled
RAB13,,unlabeled
RAB14,,unlabeled
RAB15,,unlabeled
RAB17,,unlabeled
RAB18,,unlabeled
RAB19,,unlabeled
RAB1A,,unlabeled
RAB1B,,unlabeled
RAB20,,unlabeled
RAB21,,unlabeled
RAB22A,,unlabeled
RAB23,,unlabeled
RAB24,,unlabeled
RAB25,,unlabeled
RAB26,,unlabeled
RAB27A,,unlabeled
RAB27B,,unlabeled
RAB28,,unlabeled
RAB29,,unlabeled
RAB2A,,unlabeled
RAB2B,,unlabeled
RAB30,,unlabeled
RAB31,,unlabeled
RAB32,,unlabeled
RAB33A,,unlabeled
RAB33B,,unlabeled
RAB34,,unlabeled
RAB35,,unlabeled
RAB36,,unlabeled
RAB37,,unlabeled
RAB38,,unlabeled
RAB39A,,unlabeled
RAB39B,,unlabeled
RAB3A,,unlabeled
RAB3B,,unlabeled
RAB3C,,unlabeled
RAB3D,,unlabeled
RAB3GAP1,,unlabeled
RAB3GAP2,,unlabeled
RAB3IL1,,unlabeled
RAB3IP,,unlabeled
RAB40A,,unlabeled
RAB40AL,,unlabeled
RAB40B,,unlabeled
RAB40C,,unlabeled
RAB41,,unlabeled
RAB42,,unlabeled
RAB43,,unlabeled
RAB44,,unlabeled
RAB4A,,unlabeled
RAB4B,,unlabeled
RAB4B-EGLN2,,unlabeled
RAB5A,,unlabeled
RAB5B,,unlabeled
RAB5C,,unlabeled
RAB5IF,,unlabeled
RAB6A,,unlabeled
RAB6B,,unlabeled
RAB6C,,unlabeled
RAB6D,,unlabeled
RAB7A,,unlabeled
RAB8A,,unlabeled
RAB8B,,unlabeled
RAB9A,,unlabeled
RAB9B,,unlabeled
RABAC1,,unlabeled
RABEP1,,unlabeled
RABEP2,,unlabeled
RABEPK,,unlabeled
RABGAP1,,unlabeled
RABGAP1L,,unlabeled
RABGEF1,,unlabeled
RABGGTA,,unlabeled
RABGGTB,,unlabeled
RABIF,,unlabeled
RABL2A,,unlabeled
RABL2B,,unlabeled
RABL3,,unlabeled
RABL6,,unlabeled
RAC1,,unlabeled
RAC2,,unlabeled
RAC3,,unlabeled
RACGAP1,,unlabeled
RACK1,,unlabeled
RAD1,,unlabeled
RAD17,,unlabeled
RAD18,,unlabeled
RAD21,,unlabeled
RAD21L1,,unlabeled
RAD23A,,unlabeled
RAD23B,,unlabeled
RAD50,,unlabeled
RAD51,,unlabeled
RAD51AP1,,unlabeled
RAD51AP2,,unlabeled
RAD51B,,unlabeled
RAD51C,,unlabeled
RAD51D,,unlabeled
RAD52,,unlabeled
RAD54B,,unlabeled
RAD54L,,unlabeled
RAD54L2,,unlabeled
RAD9A,,unlabeled
RAD9B,,unlabeled
RADIL,,unlabeled
RADX,,unlabeled
RAE1,,unlabeled
RAET1E,,unlabeled
RAET1G,,unlabeled
RAET1L,,unlabeled
RAF1,Phase 3,trial_heldout
RAG1,,unlabeled
RAG2,,unlabeled
RAI1,,unlabeled
RAI14,,unlabeled
RAI2,,unlabeled
RALA,,unlabeled
RALB,,unlabeled
RALBP1,,unlabeled
RALGAPA1,,unlabeled
RALGAPA2,,unlabeled
RALGAPB,,unlabeled
RALGDS,,unlabeled
RALGPS1,,unlabeled
RALGPS2,,unlabeled
RALY,,unlabeled
RALYL,,unlabeled
RAMAC,,unlabeled
RAMACL,,unlabeled
RAMP1,Phase 3,trial_heldout
RAMP2,Phase 3,trial_heldout
RAMP3,Phase 3,trial_heldout
RAN,,unlabeled
RANBP1,,unlabeled
RANBP10,,unlabeled
RANBP17,,unlabeled
RANBP2,,unlabeled
RANBP3,,unlabeled
RANBP3L,,unlabeled
RANBP6,,unlabeled
RANBP9,,unlabeled
RANGAP1,,unlabeled
RANGRF,,unlabeled
RAP1A,,unlabeled
RAP1B,,unlabeled
RAP1GAP,,unlabeled
RAP1GAP2,,unlabeled
RAP1GDS1,,unlabeled
RAP2A,,unlabeled
RAP2B,,unlabeled
RAP2C,,unlabeled
RAPGEF1,,unlabeled
RAPGEF2,,unlabeled
RAPGEF3,,unlabeled
RAPGEF4,,unlabeled
RAPGEF5,,unlabeled
RAPGEF6,,unlabeled
RAPGEFL1,,unlabeled
RAPH1,,unlabeled
RAPSN,,unlabeled
RARA,Approved,P
RARB,Approved,P
RARG,Approved,P
RARRES1,,unlabeled
RARRES2,,unlabeled
RARS1,,unlabeled
RARS2,,unlabeled
RASA1,,unlabeled
RASA2,,unlabeled
RASA3,,unlabeled
RASA4,,unlabeled
RASA4B,,unlabeled
RASAL1,,unlabeled
RASAL2,,unlabeled
RASAL3,,unlabeled
RASD1,,unlabeled
RASD2,,unlabeled
RASEF,,unlabeled
RASGEF1A,,unlabeled
RASGEF1B,,unlabeled
RASGEF1C,,unlabeled
RASGRF1,,unlabeled
RASGRF2,,unlabeled
RASGRP1,,unlabeled
RASGRP2,,unlabeled
RASGRP3,,unlabeled
RASGRP4,,unlabeled
RASIP1,,unlabeled
RASL10A,,unlabeled
RASL10B,,unlabeled
RASL11A,,unlabeled
RASL11B,,unlabeled
RASL12,,unlabeled
RASSF1,,unlabeled
RASSF10,,unlabeled
RASSF2,,unlabeled
RASSF3,,unlabeled
RASSF4,,unlabeled
RASSF5,,unlabeled
RASSF6,,unlabeled
RASSF7,,unlabeled
RASSF8,,unlabeled
RASSF9,,unlabeled
RAVER1,,unlabeled
RAVER2,,unlabeled
RAX,,unlabeled
RAX2,,unlabeled
RB1,,unlabeled
RB1CC1,,unlabeled
RBAK,,unlabeled
RBAK-RBAKDN,,unlabeled
RBBP4,,unlabeled
RBBP5,,unlabeled
RBBP6,,unlabeled
RBBP7,,unlabeled
RBBP8,,unlabeled
RBBP8NL,,unlabeled
RBBP9,,unlabeled
RBCK1,,unlabeled
RBFA,,unlabeled
RBFOX1,,unlabeled
RBFOX2,,unlabeled
RBFOX3,,unlabeled
RBIS,,unlabeled
RBKS,,unlabeled
RBL1,,unlabeled
RBL2,,unlabeled
RBM10,,unlabeled
RBM11,,unlabeled
RBM12,,unlabeled
RBM12B,,unlabeled
RBM14,,unlabeled
RBM14-RBM4,,unlabeled
RBM15,,unlabeled
RBM15B,,unlabeled
RBM17,,unlabeled
RBM18,,unlabeled
RBM19,,unlabeled
RBM20,,unlabeled
RBM22,,unlabeled
RBM23,,unlabeled
RBM24,,unlabeled
RBM25,,unlabeled
RBM26,,unlabeled
RBM27,,unlabeled
RBM28,,unlabeled
RBM3,,unlabeled
RBM33,,unlabeled
RBM34,,unlabeled
RBM38,,unlabeled
RBM39,,unlabeled
RBM4,,unlabeled
RBM41,,unlabeled
RBM42,,unlabeled
RBM43,,unlabeled
RBM44,,unlabeled
RBM45,,unlabeled
RBM46,,unlabeled
RBM47,,unlabeled
RBM48,,unlabeled
RBM4B,,unlabeled
RBM5,,unlabeled
RBM6,,unlabeled
RBM7,,unlabeled
RBM8A,,unlabeled
RBMS1,,unlabeled
RBMS2,,unlabeled
RBMS3,,unlabeled
RBMX,,unlabeled
RBMX2,,unlabeled
RBMXL1,,unlabeled
RBMXL2,,unlabeled
RBMXL3,,unlabeled
RBMY1A1,,unlabeled
RBMY1E,,unlabeled
RBMY1F,,unlabeled
RBMY1J,,unlabeled
RBP1,,unlabeled
RBP2,,unlabeled
RBP3,,unlabeled
RBP4,,unlabeled
RBP5,,unlabeled
RBP7,,unlabeled
RBPJ,,unlabeled
RBPJL,,unlabeled
RBPMS,,unlabeled
RBPMS2,,unlabeled
RBSN,,unlabeled
RBX1,Approved,P
RC3H1,,unlabeled
RC3H2,,unlabeled
RCAN1,,unlabeled
RCAN2,,unlabeled
RCAN3,,unlabeled
RCBTB1,,unlabeled
RCBTB2,,unlabeled
RCC1,,unlabeled
RCC1L,,unlabeled
RCC2,,unlabeled
RCCD1,,unlabeled
RCE1,,unlabeled
RCHY1,,unlabeled
RCL1,,unlabeled
RCN1,,unlabeled
RCN2,,unlabeled
RCN3,,unlabeled
RCOR1,,unlabeled
RCOR2,,unlabeled
RCOR3,,unlabeled
RCSD1,,unlabeled
RCVRN,,unlabeled
RD3,,unlabeled
RD3L,,unlabeled
RDH10,,unlabeled
RDH11,,unlabeled
RDH12,,unlabeled
RDH13,,unlabeled
RDH14,,unlabeled
RDH16,,unlabeled
RDH5,,unlabeled
RDH8,,unlabeled
RDM1,,unlabeled
RDX,,unlabeled
REC114,,unlabeled
REC8,,unlabeled
RECK,,unlabeled
RECQL,,unlabeled
RECQL4,,unlabeled
RECQL5,,unlabeled
REELD1,,unlabeled
REEP1,,unlabeled
REEP2,,unlabeled
REEP3,,unlabeled
REEP4,,unlabeled
REEP5,,unlabeled
REEP6,,unlabeled
REG1A,,unlabeled
REG1B,,unlabeled
REG3A,,unlabeled
REG3G,,unlabeled
REG4,,unlabeled
REL,,unlabeled
RELA,,unlabeled
RELB,,unlabeled
RELCH,,unlabeled
RELL1,,unlabeled
RELL2,,unlabeled
RELN,,unlabeled
RELT,,unlabeled
REM1,,unlabeled
REM2,,unlabeled
REN,Phase 2,trial_heldout
RENBP,,unlabeled
REP15,,unlabeled
REPIN1,,unlabeled
REPS1,,unlabeled
REPS2,,unlabeled
RER1,,unlabeled
RERE,,unlabeled
RERG,,unlabeled
RERGL,,unlabeled
RESF1,,unlabeled
RESP18,,unlabeled
REST,,unlabeled
RET,Approved,P
RETN,,unlabeled
RETNLB,,unlabeled
RETREG1,,unlabeled
RETREG2,,unlabeled
RETREG3,,unlabeled
RETSAT,,unlabeled
REV1,,unlabeled
REV3L,,unlabeled
REX1BD,,unlabeled
REXO1,,unlabeled
REXO2,,unlabeled
REXO4,,unlabeled
REXO5,,unlabeled
RFC1,,unlabeled
RFC2,,unlabeled
RFC3,,unlabeled
RFC4,,unlabeled
RFC5,,unlabeled
RFESD,,unlabeled
RFFL,,unlabeled
RFK,,unlabeled
RFLNA,,unlabeled
RFLNB,,unlabeled
RFNG,,unlabeled
RFPL1,,unlabeled
RFPL2,,unlabeled
RFPL3,,unlabeled
RFPL4A,,unlabeled
RFPL4AL1,,unlabeled
RFPL4B,,unlabeled
RFT1,,unlabeled
RFTN1,,unlabeled
RFTN2,,unlabeled
RFWD3,,unlabeled
RFX1,,unlabeled
RFX2,,unlabeled
RFX3,,unlabeled
RFX4,,unlabeled
RFX5,,unlabeled
RFX6,,unlabeled
RFX7,,unlabeled
RFX8,,unlabeled
RFXANK,,unlabeled
RFXAP,,unlabeled
RGCC,,unlabeled
RGL1,,unlabeled
RGL2,,unlabeled
RGL3,,unlabeled
RGL4,,unlabeled
RGMA,Phase 2,trial_heldout
RGMB,,unlabeled
RGN,,unlabeled
RGP1,,unlabeled
RGPD1,,unlabeled
RGPD2,,unlabeled
RGPD3,,unlabeled
RGPD4,,unlabeled
RGPD5,,unlabeled
RGPD6,,unlabeled
RGPD8,,unlabeled
RGR,,unlabeled
RGS1,,unlabeled
RGS10,,unlabeled
RGS11,,unlabeled
RGS12,,unlabeled
RGS13,,unlabeled
RGS14,,unlabeled
RGS16,,unlabeled
RGS17,,unlabeled
RGS18,,unlabeled
RGS19,,unlabeled
RGS2,,unlabeled
RGS20,,unlabeled
RGS21,,unlabeled
RGS22,,unlabeled
RGS3,,unlabeled
RGS4,,unlabeled
RGS5,,unlabeled
RGS6,,unlabeled
RGS7,,unlabeled
RGS7BP,,unlabeled
RGS8,,unlabeled
RGS9,,unlabeled
RGS9BP,,unlabeled
RGSL1,,unlabeled
RHAG,,unlabeled
RHBDD1,,unlabeled
RHBDD2,,unlabeled
RHBDD3,,unlabeled
RHBDF1,,unlabeled
RHBDF2,,unlabeled
RHBDL1,,unlabeled
RHBDL2,,unlabeled
RHBDL3,,unlabeled
RHBG,,unlabeled
RHCE,,unlabeled
RHCG,,unlabeled
RHD,Phase 2,trial_heldout
RHEB,,unlabeled
RHEBL1,,unlabeled
RHEX,,unlabeled
RHNO1,,unlabeled
RHO,,unlabeled
RHOA,,unlabeled
RHOB,,unlabeled
RHOBTB1,,unlabeled
RHOBTB2,,unlabeled
RHOBTB3,,unlabeled
RHOC,,unlabeled
RHOD,,unlabeled
RHOF,,unlabeled
RHOG,,unlabeled
RHOH,,unlabeled
RHOJ,,unlabeled
RHOQ,,unlabeled
RHOT1,,unlabeled
RHOT2,,unlabeled
RHOU,,unlabeled
RHOV,,unlabeled
RHOXF1,,unlabeled
RHOXF2,,unlabeled
RHOXF2B,,unlabeled
RHPN1,,unlabeled
RHPN2,,unlabeled
RIBC1,,unlabeled
RIBC2,,unlabeled
RIC1,,unlabeled
RIC3,,unlabeled
RIC8A,,unlabeled
RIC8B,,unlabeled
RICTOR,,unlabeled
RIDA,,unlabeled
RIF1,,unlabeled
RIIAD1,,unlabeled
RILP,,unlabeled
RILPL1,,unlabeled
RILPL2,,unlabeled
RIMBP2,,unlabeled
RIMBP3,,unlabeled
RIMBP3B,,unlabeled
RIMBP3C,,unlabeled
RIMKLA,,unlabeled
RIMKLB,,unlabeled
RIMS1,,unlabeled
RIMS2,,unlabeled
RIMS3,,unlabeled
RIMS4,,unlabeled
RIN1,,unlabeled
RIN2,,unlabeled
RIN3,,unlabeled
RING1,,unlabeled
RINL,,unlabeled
RINT1,,unlabeled
RIOK1,,unlabeled
RIOK2,,unlabeled
RIOK3,,unlabeled
RIOX1,,unlabeled
RIOX2,,unlabeled
RIPK1,Phase 2,trial_heldout
RIPK2,,unlabeled
RIPK3,,unlabeled
RIPK4,,unlabeled
RIPOR1,,unlabeled
RIPOR2,,unlabeled
RIPOR3,,unlabeled
RIPPLY1,,unlabeled
RIPPLY2,,unlabeled
RIPPLY3,,unlabeled
RIT1,,unlabeled
RIT2,,unlabeled
RITA1,,unlabeled
RLBP1,,unlabeled
RLF,,unlabeled
RLIM,,unlabeled
RLN1,,unlabeled
RLN2,,unlabeled
RLN3,,unlabeled
RMC1,,unlabeled
RMDN1,,unlabeled
RMDN2,,unlabeled
RMDN3,,unlabeled
RMI1,,unlabeled
RMI2,,unlabeled
RMND1,,unlabeled
RMND5A,,unlabeled
RMND5B,,unlabeled
RNASE1,,unlabeled
RNASE10,,unlabeled
RNASE11,,unlabeled
RNASE12,,unlabeled
RNASE13,,unlabeled
RNASE2,,unlabeled
RNASE3,,unlabeled
RNASE4,,unlabeled
RNASE6,,unlabeled
RNASE7,,unlabeled
RNASE8,,unlabeled
RNASE9,,unlabeled
RNASEH1,,unlabeled
RNASEH2A,,unlabeled
RNASEH2B,,unlabeled
RNASEH2C,,unlabeled
RNASEK,,unlabeled
RNASEK-C17orf49,,unlabeled
RNASEL,,unlabeled
RNASET2,,unlabeled
RND1,,unlabeled
RND2,,unlabeled
RND3,,unlabeled
RNF10,,unlabeled
RNF103,,unlabeled
RNF103-CHMP3,,unlabeled
RNF11,,unlabeled
RNF111,,unlabeled
RNF112,,unlabeled
RNF113A,,unlabeled
RNF113B,,unlabeled
RNF114,,unlabeled
RNF115,,unlabeled
RNF121,,unlabeled
RNF122,,unlabeled
RNF123,,unlabeled
RNF125,,unlabeled
RNF126,,unlabeled
RNF128,,unlabeled
RNF13,,unlabeled
RNF130,,unlabeled
RNF133,,unlabeled
RNF135,,unlabeled
RNF138,,unlabeled
RNF139,,unlabeled
RNF14,,unlabeled
RNF141,,unlabeled
RNF144A,,unlabeled
RNF144B,,unlabeled
RNF145,,unlabeled
RNF146,,unlabeled
RNF148,,unlabeled
RNF149,,unlabeled
RNF150,,unlabeled
RNF151,,unlabeled
RNF152,,unlabeled
RNF157,,unlabeled
ARK2C,,unlabeled
RNF166,,unlabeled
RNF167,,unlabeled
RNF168,,unlabeled
RNF169,,unlabeled
RNF17,,unlabeled
RNF170,,unlabeled
RNF175,,unlabeled
RNF180,,unlabeled
RNF181,,unlabeled
RNF182,,unlabeled
RNF183,,unlabeled
RNF185,,unlabeled
RNF186,,unlabeled
RNF187,,unlabeled
RNF19A,,unlabeled
RNF19B,,unlabeled
RNF2,,unlabeled
RNF20,,unlabeled
RNF207,,unlabeled
RNF208,,unlabeled
RNF212,,unlabeled
RNF212B,,unlabeled
RNF213,,unlabeled
RNF214,,unlabeled
RNF215,,unlabeled
RNF216,,unlabeled
RNF217,,unlabeled
RNF220,,unlabeled
RNF222,,unlabeled
RNF223,,unlabeled
RNF224,,unlabeled
RNF225,,unlabeled
RNF227,,unlabeled
RNF24,,unlabeled
RNF25,,unlabeled
RNF26,,unlabeled
RNF31,,unlabeled
RNF32,,unlabeled
RNF34,,unlabeled
RNF38,,unlabeled
RNF39,,unlabeled
RNF4,,unlabeled
RNF40,,unlabeled
RNF41,,unlabeled
RNF43,,unlabeled
RNF44,,unlabeled
RNF5,,unlabeled
RNF6,,unlabeled
RNF7,,unlabeled
RNF8,,unlabeled
RNFT1,,unlabeled
RNFT2,,unlabeled
RNGTT,,unlabeled
RNH1,,unlabeled
RNLS,,unlabeled
RNMT,,unlabeled
RNPC3,,unlabeled
RNPEP,Phase 2,trial_heldout
RNPEPL1,Phase 2,trial_heldout
RNPS1,,unlabeled
RO60,,unlabeled
ROBO1,,unlabeled
ROBO2,,unlabeled
ROBO3,,unlabeled
ROBO4,,unlabeled
ROCK1,Approved,P
ROCK2,Approved,P
ROGDI,,unlabeled
ROM1,,unlabeled
ROMO1,,unlabeled
ROPN1,,unlabeled
ROPN1B,,unlabeled
ROPN1L,,unlabeled
ROR1,Phase 3,trial_heldout
ROR2,,unlabeled
RORA,,unlabeled
RORB,,unlabeled
RORC,,unlabeled
ROS1,Phase 2,trial_heldout
RP1,,unlabeled
RP1L1,,unlabeled
RP2,,unlabeled
RP9,,unlabeled
RPA1,,unlabeled
RPA2,,unlabeled
RPA3,,unlabeled
RPA4,,unlabeled
RPAIN,,unlabeled
RPAP1,,unlabeled
RPAP2,,unlabeled
RPAP3,,unlabeled
RPE,,unlabeled
RPE65,,unlabeled
RPEL1,,unlabeled
RPF1,,unlabeled
RPF2,,unlabeled
RPGR,,unlabeled
RPGRIP1,,unlabeled
RPGRIP1L,,unlabeled
RPH3A,,unlabeled
RPH3AL,,unlabeled
RPIA,,unlabeled
RPL10,Phase 2,trial_heldout
RPL10A,Phase 2,trial_heldout
RPL10L,,unlabeled
RPL11,Phase 2,trial_heldout
RPL12,Phase 2,trial_heldout
RPL13,Phase 2,trial_heldout
RPL13A,Phase 2,trial_heldout
RPL14,Phase 2,trial_heldout
RPL15,Phase 2,trial_heldout
RPL17,Phase 2,trial_heldout
RPL17-C18orf32,,unlabeled
RPL18,Phase 2,trial_heldout
RPL18A,Phase 2,trial_heldout
RPL19,Phase 2,trial_heldout
RPL21,Phase 2,trial_heldout
RPL22,Phase 2,trial_heldout
RPL22L1,,unlabeled
RPL23,Phase 2,trial_heldout
RPL23A,Phase 2,trial_heldout
RPL24,Phase 2,trial_heldout
RPL26,Phase 2,trial_heldout
RPL26L1,,unlabeled
RPL27,Phase 2,trial_heldout
RPL27A,Phase 2,trial_heldout
RPL28,Phase 2,trial_heldout
RPL29,Phase 2,trial_heldout
RPL3,Phase 2,trial_heldout
RPL30,Phase 2,trial_heldout
RPL31,Phase 2,trial_heldout
RPL32,Phase 2,trial_heldout
RPL34,Phase 2,trial_heldout
RPL35,Phase 2,trial_heldout
RPL35A,Phase 2,trial_heldout
RPL36,Phase 2,trial_heldout
RPL36A,Phase 2,trial_heldout
RPL36A-HNRNPH2,,unlabeled
RPL36AL,,unlabeled
RPL37,Phase 2,trial_heldout
RPL37A,Phase 2,trial_heldout
RPL38,Phase 2,trial_heldout
RPL39,Phase 2,trial_heldout
RPL39L,,unlabeled
RPL3L,,unlabeled
RPL4,Phase 2,trial_heldout
RPL41,Phase 2,trial_heldout
RPL5,Phase 2,trial_heldout
RPL6,Phase 2,trial_heldout
RPL7,Phase 2,trial_heldout
RPL7A,Phase 2,trial_heldout
RPL7L1,,unlabeled
RPL8,Phase 2,trial_heldout
RPL9,Phase 2,trial_heldout
RPLP0,Phase 2,trial_heldout
RPLP1,Phase 2,trial_heldout
RPLP2,,unlabeled
RPN1,,unlabeled
RPN2,,unlabeled
RPP14,,unlabeled
RPP21,,unlabeled
RPP25,,unlabeled
RPP25L,,unlabeled
RPP30,,unlabeled
RPP38,,unlabeled
RPP40,,unlabeled
RPRD1A,,unlabeled
RPRD1B,,unlabeled
RPRD2,,unlabeled
RPRM,,unlabeled
RPRML,,unlabeled
RPS10,Phase 2,trial_heldout
RPS10-NUDT3,,unlabeled
RPS11,Phase 2,trial_heldout
RPS12,Phase 2,trial_heldout
RPS13,Phase 2,trial_heldout
RPS14,Phase 2,trial_heldout
RPS15,Phase 2,trial_heldout
RPS15A,Phase 2,trial_heldout
RPS16,Phase 2,trial_heldout
RPS17,Phase 2,trial_heldout
RPS18,Phase 2,trial_heldout
RPS19,Phase 2,trial_heldout
RPS19BP1,,unlabeled
RPS2,Phase 2,trial_heldout
RPS20,Phase 2,trial_heldout
RPS21,Phase 2,trial_heldout
RPS23,Phase 2,trial_heldout
RPS24,Phase 2,trial_heldout
RPS25,Phase 2,trial_heldout
RPS26,Phase 2,trial_heldout
RPS27,Phase 2,trial_heldout
RPS27A,Phase 2,trial_heldout
RPS27AP5,,unlabeled
RPS27L,,unlabeled
RPS28,Phase 2,trial_heldout
RPS29,Phase 2,trial_heldout
RPS3,Phase 2,trial_heldout
RPS3A,Phase 2,trial_heldout
RPS4X,Phase 2,trial_heldout
RPS4Y1,Phase 2,trial_heldout
RPS4Y2,,unlabeled
RPS5,Phase 2,trial_heldout
RPS6,Phase 2,trial_heldout
RPS6KA1,,unlabeled
RPS6KA2,,unlabeled
RPS6KA3,,unlabeled
RPS6KA4,,unlabeled
RPS6KA5,,unlabeled
RPS6KA6,,unlabeled
RPS6KB1,,unlabeled
RPS6KB2,,unlabeled
RPS6KC1,,unlabeled
RPS6KL1,,unlabeled
RPS7,Phase 2,trial_heldout
RPS8,Phase 2,trial_heldout
RPS9,Phase 2,trial_heldout
RPSA,Phase 2,trial_heldout
RPSA2,,unlabeled
RPTN,,unlabeled
RPTOR,Phase 1,trial_heldout
RPUSD1,,unlabeled
RPUSD2,,unlabeled
RPUSD3,,unlabeled
RPUSD4,,unlabeled
RRAD,,unlabeled
RRAGA,,unlabeled
RRAGB,,unlabeled
RRAGC,,unlabeled
RRAGD,,unlabeled
RRAS,,unlabeled
RRAS2,,unlabeled
RRBP1,,unlabeled
RREB1,,unlabeled
RRH,,unlabeled
RRM1,Approved,P
RRM2,Approved,P
RRM2B,Approved,P
RRN3,,unlabeled
RRP1,,unlabeled
RRP12,,unlabeled
RRP15,,unlabeled
RRP1B,,unlabeled
RRP36,,unlabeled
RRP7A,,unlabeled
RRP8,,unlabeled
RRP9,,unlabeled
RRS1,,unlabeled
RS1,,unlabeled
RSAD1,,unlabeled
RSAD2,,unlabeled
RSBN1,,unlabeled
RSBN1L,,unlabeled
RSF1,,unlabeled
RSKR,,unlabeled
RSL1D1,,unlabeled
RSL24D1,,unlabeled
RSPH1,,unlabeled
RSPH10B,,unlabeled
RSPH10B2,,unlabeled
RSPH14,,unlabeled
RSPH3,,unlabeled
RSPH4A,,unlabeled
RSPH6A,,unlabeled
RSPH9,,unlabeled
RSPO1,,unlabeled
RSPO2,,unlabeled
RSPO3,,unlabeled
RSPO4,,unlabeled
RSPRY1,,unlabeled
RSRC1,,unlabeled
RSRC2,,unlabeled
RSRP1,,unlabeled
RSU1,,unlabeled
RTBDN,,unlabeled
RTCA,,unlabeled
RTCB,,unlabeled
RTEL1,,unlabeled
RTEL1-TNFRSF6B,,unlabeled
RTF1,,unlabeled
RTF2,,unlabeled
RTKN,,unlabeled
RTKN2,,unlabeled
RTL1,,unlabeled
RTL10,,unlabeled
RTL3,,unlabeled
RTL4,,unlabeled
RTL5,,unlabeled
RTL6,,unlabeled
RTL8A,,unlabeled
RTL8B,,unlabeled
RTL8C,,unlabeled
RTL9,,unlabeled
RTN1,,unlabeled
RTN2,,unlabeled
RTN3,,unlabeled
RTN4,Phase 1,trial_heldout
RTN4IP1,,unlabeled
RTN4R,,unlabeled
RTN4RL1,,unlabeled
RTN4RL2,,unlabeled
RTP1,,unlabeled
RTP2,,unlabeled
RTP3,,unlabeled
RTP4,,unlabeled
RTP5,,unlabeled
RTRAF,,unlabeled
RTTN,,unlabeled
RUBCN,,unlabeled
RUBCNL,,unlabeled
RUFY1,,unlabeled
RUFY2,,unlabeled
RUFY3,,unlabeled
RUFY4,,unlabeled
RUNDC1,,unlabeled
RUNDC3A,,unlabeled
RUNDC3B,,unlabeled
RUNX1,,unlabeled
RUNX1T1,,unlabeled
RUNX2,,unlabeled
RUNX3,,unlabeled
RUSC1,,unlabeled
RUSC2,,unlabeled
RUSF1,,unlabeled
RUVBL1,,unlabeled
RUVBL2,,unlabeled
RWDD1,,unlabeled
RWDD2A,,unlabeled
RWDD2B,,unlabeled
RWDD3,,unlabeled
RWDD4,,unlabeled
RXFP1,Phase 2,trial_heldout
RXFP2,Phase 2,trial_heldout
RXFP3,,unlabeled
RXFP4,,unlabeled
RXRA,Approved,P
RXRB,Approved,P
RXRG,Approved,P
RXYLT1,,unlabeled
RYBP,,unlabeled
RYK,,unlabeled
RYR1,Approved,P
RYR2,,unlabeled
RYR3,Approved,P
S100A1,,unlabeled
S100A10,,unlabeled
S100A11,,unlabeled
S100A12,,unlabeled
S100A13,,unlabeled
S100A14,,unlabeled
S100A16,,unlabeled
S100A2,,unlabeled
S100A3,,unlabeled
S100A4,,unlabeled
S100A5,,unlabeled
S100A6,,unlabeled
S100A7,,unlabeled
S100A7A,,unlabeled
S100A7L2,,unlabeled
S100A8,,unlabeled
S100A9,,unlabeled
S100B,,unlabeled
S100G,,unlabeled
S100P,,unlabeled
S100PBP,,unlabeled
S100Z,,unlabeled
S1PR1,Approved,P
S1PR2,Approved,P
S1PR3,Approved,P
S1PR4,Approved,P
S1PR5,Approved,P
SAA1,,unlabeled
SAA2,,unlabeled
SAA2-SAA4,,unlabeled
SAA4,,unlabeled
SAAL1,,unlabeled
SAC3D1,,unlabeled
SACM1L,,unlabeled
SACS,,unlabeled
SAE1,,unlabeled
SAFB,,unlabeled
SAFB2,,unlabeled
SAG,,unlabeled
SAGE1,,unlabeled
SALL1,,unlabeled
SALL2,,unlabeled
SALL3,,unlabeled
SALL4,,unlabeled
SAMD1,,unlabeled
SAMD10,,unlabeled
SAMD11,,unlabeled
SAMD12,,unlabeled
SAMD13,,unlabeled
SAMD14,,unlabeled
SAMD15,,unlabeled
SAMD3,,unlabeled
SAMD4A,,unlabeled
SAMD4B,,unlabeled
SAMD5,,unlabeled
SAMD7,,unlabeled
SAMD8,,unlabeled
SAMD9,,unlabeled
SAMD9L,,unlabeled
SAMHD1,,unlabeled
SAMM50,,unlabeled
SAMSN1,,unlabeled
SANBR,,unlabeled
SAP130,,unlabeled
SAP18,,unlabeled
SAP25,,unlabeled
SAP30,,unlabeled
SAP30BP,,unlabeled
SAP30L,,unlabeled
SAPCD1,,unlabeled
SAPCD2,,unlabeled
SAR1A,,unlabeled
SAR1B,,unlabeled
SARAF,,unlabeled
SARDH,,unlabeled
SARM1,,unlabeled
SARNP,,unlabeled
SARS1,,unlabeled
SARS2,,unlabeled
SART1,,unlabeled
SART3,,unlabeled
SASH1,,unlabeled
SASH3,,unlabeled
SASS6,,unlabeled
SAT1,,unlabeled
SAT2,,unlabeled
SATB1,,unlabeled
SATB2,,unlabeled
SATL1,,unlabeled
SAV1,,unlabeled
SAXO1,,unlabeled
SAXO2,,unlabeled
SAYSD1,,unlabeled
SBDS,,unlabeled
SBF1,,unlabeled
SBF2,,unlabeled
SBK1,,unlabeled
SBK2,,unlabeled
SBK3,,unlabeled
SBNO1,,unlabeled
SBNO2,,unlabeled
SBSN,,unlabeled
SBSPON,,unlabeled
SC5D,,unlabeled
SCAF1,,unlabeled
SCAF11,,unlabeled
SCAF4,,unlabeled
SCAF8,,unlabeled
SCAI,,unlabeled
SCAMP1,,unlabeled
SCAMP2,,unlabeled
SCAMP3,,unlabeled
SCAMP4,,unlabeled
SCAMP5,,unlabeled
SCAND1,,unlabeled
SCAP,,unlabeled
SCAPER,,unlabeled
SCARA3,,unlabeled
SCARA5,,unlabeled
SCARB1,,unlabeled
SCARB2,,unlabeled
SCARF1,,unlabeled
SCARF2,,unlabeled
SCART1,,unlabeled
SCCPDH,,unlabeled
SCD,,unlabeled
SCD5,,unlabeled
SCEL,,unlabeled
SCFD1,,unlabeled
SCFD2,,unlabeled
SCG2,,unlabeled
SCG3,,unlabeled
SCG5,,unlabeled
SCGB1A1,,unlabeled
SCGB1C1,,unlabeled
SCGB1C2,,unlabeled
SCGB1D1,,unlabeled
SCGB1D2,,unlabeled
SCGB1D4,,unlabeled
SCGB2A1,,unlabeled
SCGB2A2,,unlabeled
SCGB2B2,,unlabeled
SCGB3A1,,unlabeled
SCGB3A2,,unlabeled
SCGN,,unlabeled
SCHIP1,,unlabeled
SCIMP,,unlabeled
SCIN,,unlabeled
SCLT1,,unlabeled
SCLY,,unlabeled
SCMH1,,unlabeled
SCML1,,unlabeled
SCML2,,unlabeled
SCML4,,unlabeled
SCN10A,Phase 3,trial_heldout
SCN11A,Phase 3,trial_heldout
SCN1A,Phase 3,trial_heldout
SCN1B,,unlabeled
SCN2A,Phase 3,trial_heldout
SCN2B,,unlabeled
SCN3A,Phase 3,trial_heldout
SCN3B,,unlabeled
SCN4A,Phase 3,trial_heldout
SCN4B,,unlabeled
SCN5A,Phase 3,trial_heldout
SCN7A,Phase 3,trial_heldout
SCN8A,Phase 3,trial_heldout
SCN9A,Phase 3,trial_heldout
SCNM1,,unlabeled
SCNN1A,Phase 2,trial_heldout
SCNN1B,Phase 2,trial_heldout
SCNN1D,,unlabeled
SCNN1G,Phase 2,trial_heldout
SCO1,,unlabeled
SCO2,,unlabeled
SCOC,,unlabeled
SCP2,,unlabeled
SCP2D1,,unlabeled
SCPEP1,,unlabeled
SCRG1,,unlabeled
SCRIB,,unlabeled
SCRN1,,unlabeled
SCRN2,,unlabeled
SCRN3,,unlabeled
SCRT1,,unlabeled
SCRT2,,unlabeled
SCT,,unlabeled
SCTR,,unlabeled
SCUBE1,,unlabeled
SCUBE2,,unlabeled
SCUBE3,,unlabeled
SCX,,unlabeled
SCYL1,,unlabeled
SCYL2,,unlabeled
SCYL3,,unlabeled
SDAD1,,unlabeled
SDC1,Phase 2,trial_heldout
SDC2,,unlabeled
SDC3,,unlabeled
SDC4,,unlabeled
SDCBP,,unlabeled
SDCBP2,,unlabeled
SDCCAG8,,unlabeled
SDE2,,unlabeled
SDF2,,unlabeled
SDF2L1,,unlabeled
SDF4,,unlabeled
SDHA,,unlabeled
SDHAF1,,unlabeled
SDHAF2,,unlabeled
SDHAF3,,unlabeled
SDHAF4,,unlabeled
SDHB,,unlabeled
SDHC,,unlabeled
SDHD,,unlabeled
SDK1,,unlabeled
SDK2,,unlabeled
SDR16C5,,unlabeled
SDR39U1,,unlabeled
SDR42E1,,unlabeled
SDR42E2,,unlabeled
SDR9C7,,unlabeled
SDS,,unlabeled
SDSL,,unlabeled
SEBOX,,unlabeled
SEC11A,,unlabeled
SEC11C,,unlabeled
SEC13,,unlabeled
SEC14L1,,unlabeled
SEC14L2,,unlabeled
SEC14L3,,unlabeled
SEC14L4,,unlabeled
SEC14L5,,unlabeled
SEC14L6,,unlabeled
SEC16A,,unlabeled
SEC16B,,unlabeled
SEC22A,,unlabeled
SEC22B,,unlabeled
SEC22C,,unlabeled
SEC23A,,unlabeled
SEC23B,,unlabeled
SEC23IP,,unlabeled
SEC24A,,unlabeled
SEC24B,,unlabeled
SEC24C,,unlabeled
SEC24D,,unlabeled
SEC31A,,unlabeled
SEC31B,,unlabeled
SEC61A1,,unlabeled
SEC61A2,,unlabeled
SEC61B,,unlabeled
SEC61G,,unlabeled
SEC62,,unlabeled
SEC63,,unlabeled
SECISBP2,,unlabeled
SECISBP2L,,unlabeled
SECTM1,,unlabeled
SEH1L,,unlabeled
SEL1L,,unlabeled
SEL1L2,,unlabeled
SEL1L3,,unlabeled
SELE,Phase 3,trial_heldout
SELENBP1,,unlabeled
SELENOF,,unlabeled
SELENOH,,unlabeled
SELENOI,,unlabeled
SELENOK,,unlabeled
SELENOM,,unlabeled
SELENON,,unlabeled
SELENOO,,unlabeled
SELENOP,,unlabeled
SELENOS,,unlabeled
SELENOT,,unlabeled
SELENOV,,unlabeled
SELENOW,,unlabeled
SELL,Phase 2,trial_heldout
SELP,Phase 2,trial_heldout
SELPLG,Phase 2,trial_heldout
SEM1,Approved,P
SEMA3A,,unlabeled
SEMA3B,,unlabeled
SEMA3C,,unlabeled
SEMA3D,,unlabeled
SEMA3E,,unlabeled
SEMA3F,,unlabeled
SEMA3G,,unlabeled
SEMA4A,,unlabeled
SEMA4B,,unlabeled
SEMA4C,,unlabeled
SEMA4D,Phase 1,trial_heldout
SEMA4F,,unlabeled
SEMA4G,,unlabeled
SEMA5A,,unlabeled
SEMA5B,,unlabeled
SEMA6A,,unlabeled
SEMA6B,,unlabeled
SEMA6C,,unlabeled
SEMA6D,,unlabeled
SEMA7A,,unlabeled
SEMG1,,unlabeled
SEMG2,,unlabeled
SENP1,,unlabeled
SENP2,,unlabeled
SENP3,,unlabeled
SENP3-EIF4A1,,unlabeled
SENP5,,unlabeled
SENP6,,unlabeled
SENP7,,unlabeled
SENP8,,unlabeled
SEPHS1,,unlabeled
SEPHS2,,unlabeled
SEPSECS,,unlabeled
SEPTIN1,,unlabeled
SEPTIN10,,unlabeled
SEPTIN11,,unlabeled
SEPTIN12,,unlabeled
SEPTIN14,,unlabeled
SEPTIN2,,unlabeled
SEPTIN3,,unlabeled
SEPTIN4,,unlabeled
SEPTIN5,,unlabeled
SEPTIN6,,unlabeled
SEPTIN7,,unlabeled
SEPTIN8,,unlabeled
SEPTIN9,,unlabeled
SERAC1,,unlabeled
SERBP1,,unlabeled
SERF1B,,unlabeled
SERF2,,unlabeled
SERGEF,,unlabeled
SERHL2,,unlabeled
SERINC1,,unlabeled
SERINC2,,unlabeled
SERINC3,,unlabeled
SERINC4,,unlabeled
SERINC5,,unlabeled
SERP1,,unlabeled
SERP2,,unlabeled
SERPINA1,,unlabeled
SERPINA10,,unlabeled
SERPINA11,,unlabeled
SERPINA12,,unlabeled
SERPINA2,,unlabeled
SERPINA3,,unlabeled
SERPINA4,,unlabeled
SERPINA5,,unlabeled
SERPINA6,,unlabeled
SERPINA7,,unlabeled
SERPINA9,,unlabeled
SERPINB1,,unlabeled
SERPINB10,,unlabeled
SERPINB11,,unlabeled
SERPINB12,,unlabeled
SERPINB13,,unlabeled
SERPINB2,,unlabeled
SERPINB3,,unlabeled
SERPINB4,,unlabeled
SERPINB5,,unlabeled
SERPINB6,,unlabeled
SERPINB7,,unlabeled
SERPINB8,,unlabeled
SERPINB9,,unlabeled
SERPINC1,Phase 2,trial_heldout
SERPIND1,,unlabeled
SERPINE1,,unlabeled
SERPINE2,,unlabeled
SERPINE3,,unlabeled
SERPINF1,,unlabeled
SERPINF2,,unlabeled
SERPING1,,unlabeled
SERPINH1,,unlabeled
SERPINI1,,unlabeled
SERPINI2,,unlabeled
SERTAD1,,unlabeled
SERTAD2,,unlabeled
SERTAD3,,unlabeled
SERTAD4,,unlabeled
SERTM1,,unlabeled
SESN1,,unlabeled
SESN2,,unlabeled
SESN3,,unlabeled
SESTD1,,unlabeled
SET,,unlabeled
SETBP1,,unlabeled
SETD1A,,unlabeled
SETD1B,,unlabeled
SETD2,,unlabeled
SETD3,,unlabeled
SETD4,,unlabeled
SETD5,,unlabeled
SETD6,,unlabeled
SETD7,,unlabeled
SETD9,,unlabeled
SETDB1,,unlabeled
SETDB2,,unlabeled
SETMAR,,unlabeled
SETSIP,,unlabeled
SETX,,unlabeled
SEZ6,,unlabeled
SEZ6L,,unlabeled
SEZ6L2,,unlabeled
SF1,,unlabeled
SF3A1,,unlabeled
SF3A2,,unlabeled
SF3A3,,unlabeled
SF3B1,,unlabeled
SF3B2,,unlabeled
SF3B3,,unlabeled
SF3B4,,unlabeled
SF3B5,,unlabeled
SF3B6,,unlabeled
SFI1,,unlabeled
SFMBT1,,unlabeled
SFMBT2,,unlabeled
SFN,,unlabeled
SFPQ,,unlabeled
SFR1,,unlabeled
SFRP1,,unlabeled
SFRP2,,unlabeled
SFRP4,,unlabeled
SFRP5,,unlabeled
SFSWAP,,unlabeled
SFT2D1,,unlabeled
SFT2D2,,unlabeled
SFT2D3,,unlabeled
SFTA2,,unlabeled
SFTA3,,unlabeled
SFTPA1,,unlabeled
SFTPA2,,unlabeled
SFTPB,,unlabeled
SFTPC,,unlabeled
SFTPD,,unlabeled
SFXN1,,unlabeled
SFXN2,,unlabeled
SFXN3,,unlabeled
SFXN4,,unlabeled
SFXN5,,unlabeled
SGCA,,unlabeled
SGCB,,unlabeled
SGCD,,unlabeled
SGCE,,unlabeled
SGCG,,unlabeled
SGCZ,,unlabeled
SGF29,,unlabeled
SGIP1,,unlabeled
SGK1,,unlabeled
SGK2,,unlabeled
SGK3,,unlabeled
SGMS1,,unlabeled
SGMS2,,unlabeled
SGO1,,unlabeled
SGO2,,unlabeled
SGPL1,,unlabeled
SGPP1,,unlabeled
SGPP2,,unlabeled
SGSH,,unlabeled
SGSM1,,unlabeled
SGSM2,,unlabeled
SGSM3,,unlabeled
SGTA,,unlabeled
SGTB,,unlabeled
SH2B1,,unlabeled
SH2B2,,unlabeled
SH2B3,,unlabeled
SH2D1A,,unlabeled
SH2D1B,,unlabeled
SH2D2A,,unlabeled
SH2D3A,,unlabeled
SH2D3C,,unlabeled
SH2D4A,,unlabeled
SH2D4B,,unlabeled
SH2D5,,unlabeled
SH2D6,,unlabeled
SH2D7,,unlabeled
SH3BGR,,unlabeled
SH3BGRL,,unlabeled
SH3BGRL2,,unlabeled
SH3BGRL3,,unlabeled
SH3BP1,,unlabeled
SH3BP2,,unlabeled
SH3BP4,,unlabeled
SH3BP5,,unlabeled
SH3BP5L,,unlabeled
SH3D19,,unlabeled
MNMIP1,,unlabeled
SH3GL1,,unlabeled
SH3GL2,,unlabeled
SH3GL3,,unlabeled
SH3GLB1,,unlabeled
SH3GLB2,,unlabeled
SH3KBP1,,unlabeled
SH3PXD2A,,unlabeled
SH3PXD2B,,unlabeled
SH3RF1,,unlabeled
SH3RF2,,unlabeled
SH3RF3,,unlabeled
SH3TC1,,unlabeled
SH3TC2,,unlabeled
SH3YL1,,unlabeled
SHANK1,,unlabeled
SHANK2,,unlabeled
SHANK3,,unlabeled
SHARPIN,,unlabeled
SHB,,unlabeled
SHBG,,unlabeled
SHC1,,unlabeled
SHC2,,unlabeled
SHC3,,unlabeled
SHC4,,unlabeled
SHCBP1,,unlabeled
SHCBP1L,,unlabeled
SHD,,unlabeled
SHE,,unlabeled
SHF,,unlabeled
SHFL,,unlabeled
SHH,,unlabeled
SHISA2,,unlabeled
SHISA3,,unlabeled
SHISA4,,unlabeled
SHISA5,,unlabeled
SHISA6,,unlabeled
SHISA7,,unlabeled
SHISA8,,unlabeled
SHISA9,,unlabeled
SHISAL1,,unlabeled
SHISAL2A,,unlabeled
SHISAL2B,,unlabeled
SHKBP1,,unlabeled
SHLD1,,unlabeled
SHLD2,,unlabeled
SHLD3,,unlabeled
SHMT1,,unlabeled
SHMT2,,unlabeled
SHOC1,,unlabeled
SHOC2,,unlabeled
SHOX,,unlabeled
SHOX2,,unlabeled
SHPK,,unlabeled
SHPRH,,unlabeled
SHQ1,,unlabeled
SHROOM1,,unlabeled
SHROOM2,,unlabeled
SHROOM3,,unlabeled
SHROOM4,,unlabeled
SHTN1,,unlabeled
SI,,unlabeled
SIAE,,unlabeled
SIAH1,,unlabeled
SIAH2,,unlabeled
SIAH3,,unlabeled
SIDT1,,unlabeled
SIDT2,,unlabeled
SIGIRR,,unlabeled
SIGLEC1,,unlabeled
SIGLEC10,,unlabeled
SIGLEC11,,unlabeled
SIGLEC12,,unlabeled
SIGLEC14,,unlabeled
SIGLEC15,,unlabeled
SIGLEC16,,unlabeled
SIGLEC6,,unlabeled
SIGLEC7,,unlabeled
SIGLEC8,Phase 2,trial_heldout
SIGLEC9,,unlabeled
SIGLECL1,,unlabeled
SIGMAR1,Approved,P
SIK1,,unlabeled
SIK1B,,unlabeled
SIK2,,unlabeled
SIK3,,unlabeled
SIKE1,,unlabeled
SIL1,,unlabeled
SIM1,,unlabeled
SIM2,,unlabeled
SIMC1,,unlabeled
SIN3A,,unlabeled
SIN3B,,unlabeled
SINHCAF,,unlabeled
SIPA1,,unlabeled
SIPA1L1,,unlabeled
SIPA1L2,,unlabeled
SIPA1L3,,unlabeled
SIRPA,,unlabeled
SIRPB1,,unlabeled
SIRPB2,,unlabeled
SIRPD,,unlabeled
SIRPG,,unlabeled
SIRT1,Phase 1,trial_heldout
SIRT2,,unlabeled
SIRT3,,unlabeled
SIRT4,,unlabeled
SIRT5,,unlabeled
SIRT6,,unlabeled
SIRT7,,unlabeled
SIT1,,unlabeled
SIVA1,,unlabeled
SIX1,,unlabeled
SIX2,,unlabeled
SIX3,,unlabeled
SIX4,,unlabeled
SIX5,,unlabeled
SIX6,,unlabeled
SKA1,,unlabeled
SKA2,,unlabeled
SKA3,,unlabeled
SKAP1,,unlabeled
SKAP2,,unlabeled
SKI,,unlabeled
SKIDA1,,unlabeled
SKIL,,unlabeled
SKIC2,,unlabeled
SKOR1,,unlabeled
SKOR2,,unlabeled
SKP1,,unlabeled
SKP2,,unlabeled
SLA,,unlabeled
SLA2,,unlabeled
SLAIN1,,unlabeled
SLAIN2,,unlabeled
SLAMF1,,unlabeled
SLAMF6,,unlabeled
SLAMF7,Approved,P
SLAMF8,,unlabeled
SLAMF9,,unlabeled
SLBP,,unlabeled
SLC10A1,,unlabeled
SLC10A2,,unlabeled
SLC10A3,,unlabeled
SLC10A4,,unlabeled
SLC10A5,,unlabeled
SLC10A6,,unlabeled
SLC10A7,,unlabeled
SLC11A1,,unlabeled
SLC11A2,,unlabeled
SLC12A1,Phase 2,trial_heldout
SLC12A2,,unlabeled
SLC12A3,Phase 2,trial_heldout
SLC12A4,,unlabeled
SLC12A5,,unlabeled
SLC12A6,,unlabeled
SLC12A7,,unlabeled
SLC12A8,,unlabeled
SLC12A9,,unlabeled
SLC13A1,,unlabeled
SLC13A2,,unlabeled
SLC13A3,,unlabeled
SLC13A4,,unlabeled
SLC13A5,,unlabeled
SLC14A1,,unlabeled
SLC14A2,,unlabeled
SLC15A1,,unlabeled
SLC15A2,,unlabeled
SLC15A3,,unlabeled
SLC15A4,,unlabeled
SLC15A5,,unlabeled
SLC16A1,,unlabeled
SLC16A10,,unlabeled
SLC16A11,,unlabeled
SLC16A12,,unlabeled
SLC16A13,,unlabeled
SLC16A14,,unlabeled
SLC16A2,,unlabeled
SLC16A3,,unlabeled
SLC16A4,,unlabeled
SLC16A5,,unlabeled
SLC16A6,,unlabeled
SLC16A7,,unlabeled
SLC16A8,,unlabeled
SLC16A9,,unlabeled
SLC17A1,,unlabeled
SLC17A2,,unlabeled
SLC17A3,,unlabeled
SLC17A4,,unlabeled
SLC17A5,,unlabeled
SLC17A6,,unlabeled
SLC17A7,,unlabeled
SLC17A8,,unlabeled
SLC17A9,,unlabeled
SLC18A1,,unlabeled
SLC18A2,Phase 2,trial_heldout
SLC18A3,,unlabeled
SLC18B1,,unlabeled
SLC19A1,,unlabeled
SLC19A2,,unlabeled
SLC19A3,,unlabeled
SLC1A1,,unlabeled
SLC1A2,,unlabeled
SLC1A3,,unlabeled
SLC1A4,,unlabeled
SLC1A5,,unlabeled
SLC1A6,,unlabeled
SLC1A7,,unlabeled
SLC20A1,,unlabeled
SLC20A2,,unlabeled
SLC22A1,,unlabeled
SLC22A10,,unlabeled
SLC22A11,,unlabeled
SLC22A12,,unlabeled
SLC22A13,,unlabeled
SLC22A14,,unlabeled
SLC22A15,,unlabeled
SLC22A16,,unlabeled
SLC22A17,,unlabeled
SLC67A1,,unlabeled
SLC67A1-AS,,unlabeled
SLC22A2,,unlabeled
SLC22A23,,unlabeled
SLC22A24,,unlabeled
SLC22A25,,unlabeled
SLC22A3,,unlabeled
SLC22A31,,unlabeled
SLC22A4,,unlabeled
SLC22A5,,unlabeled
SLC22A6,,unlabeled
SLC22A7,,unlabeled
SLC22A8,,unlabeled
SLC22A9,,unlabeled
SLC23A1,,unlabeled
SLC23A2,,unlabeled
SLC23A3,,unlabeled
SLC24A1,,unlabeled
SLC24A2,,unlabeled
SLC24A3,,unlabeled
SLC24A4,,unlabeled
SLC24A5,,unlabeled
SLC25A1,,unlabeled
SLC25A10,,unlabeled
SLC25A11,,unlabeled
SLC25A12,,unlabeled
SLC25A13,,unlabeled
SLC25A14,,unlabeled
SLC25A15,,unlabeled
SLC25A16,,unlabeled
SLC25A17,,unlabeled
SLC25A18,,unlabeled
SLC25A19,,unlabeled
SLC25A2,,unlabeled
SLC25A20,,unlabeled
SLC25A21,,unlabeled
SLC25A22,,unlabeled
SLC25A23,,unlabeled
SLC25A24,,unlabeled
SLC25A25,,unlabeled
SLC25A26,,unlabeled
SLC25A27,,unlabeled
SLC25A28,,unlabeled
SLC25A29,,unlabeled
SLC25A3,,unlabeled
SLC25A30,,unlabeled
SLC25A31,,unlabeled
SLC25A32,,unlabeled
SLC25A33,,unlabeled
SLC25A34,,unlabeled
SLC25A35,,unlabeled
SLC25A36,,unlabeled
SLC25A37,,unlabeled
SLC25A38,,unlabeled
SLC25A39,,unlabeled
SLC25A4,,unlabeled
SLC25A40,,unlabeled
SLC25A41,,unlabeled
SLC25A42,,unlabeled
SLC25A43,,unlabeled
SLC25A44,,unlabeled
SLC25A45,,unlabeled
SLC25A46,,unlabeled
SLC25A47,,unlabeled
SLC25A48,,unlabeled
SLC25A5,,unlabeled
SLC25A51,,unlabeled
SLC25A52,,unlabeled
SLC25A53,,unlabeled
SLC25A6,,unlabeled
SLC26A1,,unlabeled
SLC26A11,,unlabeled
SLC26A2,,unlabeled
SLC26A3,,unlabeled
SLC26A4,,unlabeled
SLC26A5,,unlabeled
SLC26A6,,unlabeled
SLC26A7,,unlabeled
SLC26A8,,unlabeled
SLC26A9,,unlabeled
SLC27A1,,unlabeled
SLC27A2,,unlabeled
SLC27A3,,unlabeled
SLC27A4,,unlabeled
SLC27A5,,unlabeled
SLC27A6,,unlabeled
SLC28A1,,unlabeled
SLC28A2,,unlabeled
SLC28A3,,unlabeled
SLC29A1,Phase 2,trial_heldout
SLC29A2,,unlabeled
SLC29A3,,unlabeled
SLC29A4,,unlabeled
SLC2A1,,unlabeled
SLC2A10,,unlabeled
SLC2A11,,unlabeled
SLC2A12,,unlabeled
SLC2A13,,unlabeled
SLC2A14,,unlabeled
SLC2A2,,unlabeled
SLC2A3,,unlabeled
SLC2A4,,unlabeled
SLC2A4RG,,unlabeled
SLC2A5,,unlabeled
SLC2A6,,unlabeled
SLC2A7,,unlabeled
SLC2A8,,unlabeled
SLC2A9,,unlabeled
SLC30A1,,unlabeled
SLC30A10,,unlabeled
SLC30A2,,unlabeled
SLC30A3,,unlabeled
SLC30A4,,unlabeled
SLC30A5,,unlabeled
SLC30A6,,unlabeled
SLC30A7,,unlabeled
SLC30A8,,unlabeled
SLC30A9,,unlabeled
SLC31A1,,unlabeled
SLC31A2,,unlabeled
SLC32A1,,unlabeled
SLC33A1,,unlabeled
SLC34A1,,unlabeled
SLC34A2,,unlabeled
SLC34A3,,unlabeled
SLC35A1,,unlabeled
SLC35A2,,unlabeled
SLC35A3,,unlabeled
SLC35A4,,unlabeled
SLC35A5,,unlabeled
SLC35B1,,unlabeled
SLC35B2,,unlabeled
SLC35B3,,unlabeled
SLC35B4,,unlabeled
SLC35C1,,unlabeled
SLC35H1,,unlabeled
SLC35D1,,unlabeled
SLC35D2,,unlabeled
SLC35D3,,unlabeled
SLC35E1,,unlabeled
SLC35E2B,,unlabeled
SLC35E3,,unlabeled
SLC35E4,,unlabeled
SLC35F1,,unlabeled
SLC35F2,,unlabeled
SLC35F3,,unlabeled
SLC35F4,,unlabeled
SLC35F5,,unlabeled
SLC35F6,,unlabeled
SLC35G1,,unlabeled
SLC35G2,,unlabeled
SLC35G3,,unlabeled
SLC35G4,,unlabeled
SLC35G5,,unlabeled
SLC35G6,,unlabeled
SLC36A1,,unlabeled
SLC36A2,,unlabeled
SLC36A3,,unlabeled
SLC36A4,,unlabeled
SLC37A1,,unlabeled
SLC37A2,,unlabeled
SLC37A3,,unlabeled
SLC37A4,,unlabeled
SLC38A1,,unlabeled
SLC38A10,,unlabeled
SLC38A11,,unlabeled
SLC38A2,,unlabeled
SLC38A3,,unlabeled
SLC38A4,,unlabeled
SLC38A5,,unlabeled
SLC38A6,,unlabeled
SLC38A7,,unlabeled
SLC38A8,,unlabeled
SLC38A9,,unlabeled
SLC39A1,,unlabeled
SLC39A10,,unlabeled
SLC39A11,,unlabeled
SLC39A12,,unlabeled
SLC39A13,,unlabeled
SLC39A14,,unlabeled
SLC39A2,,unlabeled
SLC39A3,,unlabeled
SLC39A4,,unlabeled
SLC39A5,,unlabeled
SLC39A6,,unlabeled
SLC39A7,,unlabeled
SLC39A8,,unlabeled
SLC39A9,,unlabeled
SLC3A1,,unlabeled
SLC3A2,,unlabeled
SLC40A1,,unlabeled
SLC41A1,,unlabeled
SLC41A2,,unlabeled
SLC41A3,,unlabeled
SLC43A1,,unlabeled
SLC43A2,,unlabeled
SLC43A3,,unlabeled
SLC44A1,,unlabeled
SLC44A2,,unlabeled
SLC44A3,,unlabeled
SLC44A4,,unlabeled
SLC44A5,,unlabeled
SLC45A1,,unlabeled
SLC45A2,,unlabeled
SLC45A3,,unlabeled
SLC45A4,,unlabeled
SLC46A1,,unlabeled
SLC46A2,,unlabeled
SLC46A3,,unlabeled
SLC47A1,,unlabeled
SLC47A2,,unlabeled
SLC48A1,,unlabeled
SLC49A3,,unlabeled
SLC49A4,,unlabeled
SLC4A1,,unlabeled
SLC4A10,,unlabeled
SLC4A11,,unlabeled
SLC4A1AP,,unlabeled
SLC4A2,,unlabeled
SLC4A3,,unlabeled
SLC4A4,,unlabeled
SLC4A5,,unlabeled
SLC4A7,,unlabeled
SLC4A8,,unlabeled
SLC4A9,,unlabeled
SLC50A1,,unlabeled
SLC51A,,unlabeled
SLC51B,,unlabeled
SLC52A1,,unlabeled
SLC52A2,,unlabeled
SLC52A3,,unlabeled
SLC5A1,Approved,P
SLC5A10,,unlabeled
SLC5A11,,unlabeled
SLC5A12,,unlabeled
SLC5A2,Approved,P
SLC5A3,,unlabeled
SLC5A4,,unlabeled
SLC5A5,,unlabeled
SLC5A6,,unlabeled
SLC5A7,,unlabeled
SLC5A8,,unlabeled
SLC5A9,,unlabeled
SLC66A1,,unlabeled
SLC66A2,,unlabeled
SLC66A3,,unlabeled
SLC6A1,,unlabeled
SLC6A11,,unlabeled
SLC6A12,,unlabeled
SLC6A13,,unlabeled
SLC6A14,,unlabeled
SLC6A15,,unlabeled
SLC6A16,,unlabeled
SLC6A17,,unlabeled
SLC6A18,,unlabeled
SLC6A19,,unlabeled
SLC6A2,Approved,P
SLC6A20,,unlabeled
SLC6A3,Phase 3,trial_heldout
SLC6A4,Phase 3,trial_heldout
SLC6A5,,unlabeled
SLC6A6,,unlabeled
SLC6A7,,unlabeled
SLC6A8,,unlabeled
SLC6A9,,unlabeled
SLC7A1,,unlabeled
SLC7A10,,unlabeled
SLC7A11,,unlabeled
SLC7A13,,unlabeled
SLC7A14,,unlabeled
SLC7A2,,unlabeled
SLC7A3,,unlabeled
SLC7A4,,unlabeled
SLC7A5,,unlabeled
SLC7A6,,unlabeled
SLC7A6OS,,unlabeled
SLC7A7,,unlabeled
SLC7A8,,unlabeled
SLC7A9,,unlabeled
SLC8A1,,unlabeled
SLC8A2,,unlabeled
SLC8A3,,unlabeled
SLC8B1,,unlabeled
SLC9A1,,unlabeled
SLC9A2,,unlabeled
SLC9A3,,unlabeled
NHERF1,,unlabeled
NHERF2,,unlabeled
SLC9A4,,unlabeled
SLC9A5,,unlabeled
SLC9A6,,unlabeled
SLC9A7,,unlabeled
SLC9A8,,unlabeled
SLC9A9,,unlabeled
SLC9B1,,unlabeled
SLC9B2,,unlabeled
SLC9C1,,unlabeled
SLC9C2,,unlabeled
SLCO1A2,,unlabeled
SLCO1B1,,unlabeled
SLCO1B3,,unlabeled
SLCO1B3-SLCO1B7,,unlabeled
SLCO1C1,,unlabeled
SLCO2A1,,unlabeled
SLCO2B1,,unlabeled
SLCO3A1,,unlabeled
SLCO4A1,,unlabeled
SLCO4C1,,unlabeled
SLCO5A1,,unlabeled
SLCO6A1,,unlabeled
SLF1,,unlabeled
SLF2,,unlabeled
SLFN11,,unlabeled
SLFN12,,unlabeled
SLFN12L,,unlabeled
SLFN13,,unlabeled
SLFN14,,unlabeled
SLFN5,,unlabeled
SLFNL1,,unlabeled
SLIRP,,unlabeled
SLIT1,,unlabeled
SLIT2,,unlabeled
SLIT3,,unlabeled
SLITRK1,,unlabeled
SLITRK2,,unlabeled
SLITRK3,,unlabeled
SLITRK4,,unlabeled
SLITRK5,,unlabeled
SLITRK6,,unlabeled
SLK,,unlabeled
SLMAP,,unlabeled
SLN,,unlabeled
SLPI,,unlabeled
SLTM,,unlabeled
SLU7,,unlabeled
SLURP1,,unlabeled
SLURP2,,unlabeled
SLX1A,,unlabeled
SLX1B,,unlabeled
SLX4,,unlabeled
SLX4IP,,unlabeled
SLX9,,unlabeled
SMAD1,,unlabeled
SMAD2,,unlabeled
SMAD3,,unlabeled
SMAD4,,unlabeled
SMAD5,,unlabeled
SMAD6,,unlabeled
SMAD7,Phase 3,trial_heldout
SMAD9,,unlabeled
SMAGP,,unlabeled
SMAP1,,unlabeled
SMAP2,,unlabeled
SMARCA1,,unlabeled
SMARCA2,,unlabeled
SMARCA4,,unlabeled
SMARCA5,,unlabeled
SMARCAD1,,unlabeled
SMARCAL1,,unlabeled
SMARCB1,,unlabeled
SMARCC1,,unlabeled
SMARCC2,,unlabeled
SMARCD1,,unlabeled
SMARCD2,,unlabeled
SMARCD3,,unlabeled
SMARCE1,,unlabeled
SMC1A,,unlabeled
SMC1B,,unlabeled
SMC2,,unlabeled
SMC3,,unlabeled
SMC4,,unlabeled
SMC5,,unlabeled
SMC6,,unlabeled
SMCHD1,,unlabeled
SMCO1,,unlabeled
SMCO2,,unlabeled
SMCO3,,unlabeled
SMCO4,,unlabeled
SMCP,,unlabeled
SMCR8,,unlabeled
SMDT1,,unlabeled
SMG1,,unlabeled
SMG5,,unlabeled
SMG6,,unlabeled
SMG7,,unlabeled
SMG8,,unlabeled
SMG9,,unlabeled
SMIM1,,unlabeled
SMIM10,,unlabeled
SMIM10L1,,unlabeled
SMIM10L2A,,unlabeled
SMIM10L2B,,unlabeled
SMIM12,,unlabeled
SMIM13,,unlabeled
SMIM14,,unlabeled
SMIM15,,unlabeled
SMIM17,,unlabeled
SMIM18,,unlabeled
SMIM19,,unlabeled
SMIM2,,unlabeled
SMIM20,,unlabeled
SMIM21,,unlabeled
SMIM22,,unlabeled
SMIM23,,unlabeled
SMIM24,,unlabeled
SMIM26,,unlabeled
TZMP1,,unlabeled
SMIM29,,unlabeled
SMIM3,,unlabeled
SMIM30,,unlabeled
SMIM32,,unlabeled
SMIM39,,unlabeled
UQCC5,,unlabeled
SMIM41,,unlabeled
SMIM43,,unlabeled
SMIM5,,unlabeled
ERLN,,unlabeled
SMIM7,,unlabeled
SMIM8,,unlabeled
SMIM9,,unlabeled
SMKR1,,unlabeled
SMLR1,,unlabeled
SMN1,,unlabeled
SMN2,,unlabeled
SMNDC1,,unlabeled
SMO,Approved,P
SMOC1,,unlabeled
SMOC2,,unlabeled
SMOX,,unlabeled
SMPD1,,unlabeled
SMPD2,,unlabeled
SMPD3,,unlabeled
SMPD4,,unlabeled
SMPDL3A,,unlabeled
SMPDL3B,,unlabeled
SMPX,,unlabeled
SMR3A,,unlabeled
SMR3B,,unlabeled
SMS,,unlabeled
SMTN,,unlabeled
SMTNL1,,unlabeled
SMTNL2,,unlabeled
SMU1,,unlabeled
SMUG1,,unlabeled
SMURF1,,unlabeled
SMURF2,,unlabeled
SMYD1,,unlabeled
SMYD2,,unlabeled
SMYD3,,unlabeled
SMYD4,,unlabeled
SMYD5,,unlabeled
SNAI1,,unlabeled
SNAI2,,unlabeled
SNAI3,,unlabeled
SNAP23,,unlabeled
SNAP25,Phase 3,trial_heldout
SNAP29,,unlabeled
SNAP47,,unlabeled
SNAP91,,unlabeled
SNAPC1,,unlabeled
SNAPC2,,unlabeled
SNAPC3,,unlabeled
SNAPC4,,unlabeled
SNAPC5,,unlabeled
SNAPIN,,unlabeled
SNCA,,unlabeled
SNCAIP,,unlabeled
SNCB,,unlabeled
SNCG,,unlabeled
SND1,,unlabeled
SNED1,,unlabeled
SNF8,,unlabeled
SNIP1,,unlabeled
SNN,,unlabeled
SNORC,,unlabeled
SNPH,,unlabeled
SNRK,,unlabeled
SNRNP200,,unlabeled
SNRNP25,,unlabeled
SNRNP27,,unlabeled
SNRNP35,,unlabeled
SNRNP40,,unlabeled
SNRNP48,,unlabeled
SNRNP70,,unlabeled
SNRPA,,unlabeled
SNRPA1,,unlabeled
SNRPB,,unlabeled
SNRPB2,,unlabeled
SNRPC,,unlabeled
SNRPD1,,unlabeled
SNRPD2,,unlabeled
SNRPD3,,unlabeled
SNRPE,,unlabeled
SNRPF,,unlabeled
SNRPG,,unlabeled
SNRPN,,unlabeled
SNTA1,,unlabeled
SNTB1,,unlabeled
SNTB2,,unlabeled
SNTG1,,unlabeled
SNTG2,,unlabeled
SNTN,,unlabeled
SNU13,,unlabeled
SNUPN,,unlabeled
SNURF,,unlabeled
SNW1,,unlabeled
SNX1,,unlabeled
SNX10,,unlabeled
SNX11,,unlabeled
SNX12,,unlabeled
SNX13,,unlabeled
SNX14,,unlabeled
SNX15,,unlabeled
SNX16,,unlabeled
SNX17,,unlabeled
SNX18,,unlabeled
SNX19,,unlabeled
SNX2,,unlabeled
SNX20,,unlabeled
SNX21,,unlabeled
SNX22,,unlabeled
SNX24,,unlabeled
SNX25,,unlabeled
SNX27,,unlabeled
SNX29,,unlabeled
SNX3,,unlabeled
SNX30,,unlabeled
SNX31,,unlabeled
SNX32,,unlabeled
SNX33,,unlabeled
SNX4,,unlabeled
SNX5,,unlabeled
SNX6,,unlabeled
SNX7,,unlabeled
SNX8,,unlabeled
SNX9,,unlabeled
SOAT1,,unlabeled
SOAT2,,unlabeled
SOBP,,unlabeled
SOCS1,,unlabeled
SOCS2,,unlabeled
SOCS3,,unlabeled
SOCS4,,unlabeled
SOCS5,,unlabeled
SOCS6,,unlabeled
SOCS7,,unlabeled
SOD1,,unlabeled
SOD2,,unlabeled
SOD3,,unlabeled
MTCL2,,unlabeled
MTCL3,,unlabeled
SOHLH1,,unlabeled
SOHLH2,,unlabeled
SON,,unlabeled
SORBS1,,unlabeled
SORBS2,,unlabeled
SORBS3,,unlabeled
SORCS1,,unlabeled
SORCS2,,unlabeled
SORCS3,,unlabeled
SORD,,unlabeled
SORL1,,unlabeled
SORT1,,unlabeled
SOS1,,unlabeled
SOS2,,unlabeled
SOST,,unlabeled
SOSTDC1,,unlabeled
SOWAHA,,unlabeled
SOWAHB,,unlabeled
SOWAHC,,unlabeled
SOWAHD,,unlabeled
SOX1,,unlabeled
SOX10,,unlabeled
SOX11,,unlabeled
SOX12,,unlabeled
SOX13,,unlabeled
SOX14,,unlabeled
SOX15,,unlabeled
SOX17,,unlabeled
SOX18,,unlabeled
SOX2,,unlabeled
SOX21,,unlabeled
SOX3,,unlabeled
SOX30,,unlabeled
SOX4,,unlabeled
SOX5,,unlabeled
SOX6,,unlabeled
SOX7,,unlabeled
SOX8,,unlabeled
SOX9,,unlabeled
SP1,,unlabeled
SP100,,unlabeled
SP110,,unlabeled
SP140,,unlabeled
SP140L,,unlabeled
SP2,,unlabeled
SP3,,unlabeled
SP4,,unlabeled
SP5,,unlabeled
SP6,,unlabeled
SP7,,unlabeled
SP8,,unlabeled
SP9,,unlabeled
SPA17,,unlabeled
SPAAR,,unlabeled
SPACA1,,unlabeled
SPACA3,,unlabeled
SPACA4,,unlabeled
SPACA5B,,unlabeled
SPACA6,,unlabeled
SPACA7,,unlabeled
SPACA9,,unlabeled
SPAG1,,unlabeled
SPAG11A,,unlabeled
SPAG11B,,unlabeled
SPAG16,,unlabeled
SPAG17,,unlabeled
SPAG4,,unlabeled
SPAG5,,unlabeled
SPAG6,,unlabeled
SPAG7,,unlabeled
SPAG8,,unlabeled
SPAG9,,unlabeled
SPAM1,,unlabeled
SPANXB1,,unlabeled
SPANXC,,unlabeled
SPANXD,,unlabeled
SPANXN1,,unlabeled
SPANXN2,,unlabeled
SPANXN3,,unlabeled
SPANXN4,,unlabeled
SPANXN5,,unlabeled
SPARC,,unlabeled
SPARCL1,,unlabeled
SPART,,unlabeled
SPAST,,unlabeled
SPATA1,,unlabeled
SPATA12,,unlabeled
SPATA13,,unlabeled
SPATA16,,unlabeled
SPATA17,,unlabeled
SPATA18,,unlabeled
SPATA19,,unlabeled
SPATA2,,unlabeled
SPATA20,,unlabeled
SPATA21,,unlabeled
SPATA22,,unlabeled
SPATA24,,unlabeled
SPATA25,,unlabeled
SPATA2L,,unlabeled
SPATA3,,unlabeled
SPATA31A1,,unlabeled
SPATA31A3,,unlabeled
SPATA31A5,,unlabeled
SPATA31A6,,unlabeled
SPATA31A7,,unlabeled
SPATA31C2,,unlabeled
SPATA31D1,,unlabeled
SPATA31D3,,unlabeled
SPATA31D4,,unlabeled
SPATA31E1,,unlabeled
SPATA32,,unlabeled
SPATA33,,unlabeled
SPATA4,,unlabeled
SPATA45,,unlabeled
SPATA46,,unlabeled
SPMIP7,,unlabeled
AFG2A,,unlabeled
AFG2B,,unlabeled
SPATA6,,unlabeled
SPATA6L,,unlabeled
SPATA7,,unlabeled
SPATA9,,unlabeled
SPATC1,,unlabeled
SPATC1L,,unlabeled
SPATS1,,unlabeled
SPATS2,,unlabeled
SPATS2L,,unlabeled
SPC24,,unlabeled
SPC25,,unlabeled
SPCS1,,unlabeled
SPCS2,,unlabeled
SPCS3,,unlabeled
SPDEF,,unlabeled
SPDL1,,unlabeled
SPDYA,,unlabeled
SPDYC,,unlabeled
SPDYE1,,unlabeled
SPDYE10,,unlabeled
SPDYE12,,unlabeled
SPDYE16,,unlabeled
SPDYE17,,unlabeled
SPDYE18,,unlabeled
SPDYE2,,unlabeled
SPDYE21,,unlabeled
SPDYE2B,,unlabeled
SPDYE3,,unlabeled
SPDYE4,,unlabeled
SPDYE5,,unlabeled
SPDYE6,,unlabeled
SPECC1,,unlabeled
SPECC1L,,unlabeled
SPECC1L-ADORA2A,,unlabeled
SPEF1,,unlabeled
SPEF2,,unlabeled
SPEG,,unlabeled
SPEGNB,,unlabeled
SPEM1,,unlabeled
SPEM2,,unlabeled
SPEN,,unlabeled
SPESP1,,unlabeled
SPG11,,unlabeled
SPG21,,unlabeled
SPG7,,unlabeled
SPHK1,,unlabeled
SPHK2,Phase 2,trial_heldout
SPHKAP,,unlabeled
SPI1,,unlabeled
SPIB,,unlabeled
SPIC,,unlabeled
SPICE1,,unlabeled
SPIDR,,unlabeled
SPIN1,,unlabeled
SPIN2A,,unlabeled
SPIN2B,,unlabeled
SPIN3,,unlabeled
SPIN4,,unlabeled
SPINDOC,,unlabeled
SPINK1,,unlabeled
SPINK13,,unlabeled
SPINK14,,unlabeled
SPINK2,,unlabeled
SPINK4,,unlabeled
SPINK5,,unlabeled
SPINK6,,unlabeled
SPINK7,,unlabeled
SPINK8,,unlabeled
SPINK9,,unlabeled
SPINT1,,unlabeled
SPINT2,,unlabeled
SPINT3,,unlabeled
SPINT4,,unlabeled
SPIRE1,,unlabeled
SPIRE2,,unlabeled
SPN,,unlabeled
SPNS1,,unlabeled
SPNS2,,unlabeled
SPNS3,,unlabeled
SPO11,,unlabeled
SPOCD1,,unlabeled
SPOCK1,,unlabeled
SPOCK2,,unlabeled
SPOCK3,,unlabeled
SPON1,,unlabeled
SPON2,,unlabeled
SPOP,,unlabeled
SPOPL,,unlabeled
SPOUT1,,unlabeled
SPP1,Phase 2,trial_heldout
SPP2,,unlabeled
SPPL2A,,unlabeled
SPPL2B,,unlabeled
SPPL2C,,unlabeled
SPPL3,,unlabeled
SPR,,unlabeled
SPRED1,,unlabeled
SPRED2,,unlabeled
SPRED3,,unlabeled
SPRING1,,unlabeled
SPRN,,unlabeled
SPRR1A,,unlabeled
SPRR1B,,unlabeled
SPRR2A,,unlabeled
SPRR2B,,unlabeled
SPRR2D,,unlabeled
SPRR2E,,unlabeled
SPRR2F,,unlabeled
SPRR2G,,unlabeled
SPRR3,,unlabeled
SPRR4,,unlabeled
SPRTN,,unlabeled
SPRY1,,unlabeled
SPRY2,,unlabeled
SPRY3,,unlabeled
SPRY4,,unlabeled
SPRYD3,,unlabeled
SPRYD4,,unlabeled
SPRYD7,,unlabeled
SPSB1,,unlabeled
SPSB2,,unlabeled
SPSB3,,unlabeled
SPSB4,,unlabeled
SPTA1,,unlabeled
SPTAN1,,unlabeled
SPTB,,unlabeled
SPTBN1,,unlabeled
SPTBN2,,unlabeled
SPTBN4,,unlabeled
SPTBN5,,unlabeled
SPTLC1,,unlabeled
SPTLC2,,unlabeled
SPTLC3,,unlabeled
SPTSSA,,unlabeled
SPTSSB,,unlabeled
SPTY2D1,,unlabeled
SPX,,unlabeled
SPZ1,,unlabeled
SQLE,,unlabeled
SQOR,,unlabeled
SQSTM1,,unlabeled
SRA1,,unlabeled
SRARP,,unlabeled
SRBD1,,unlabeled
SRC,Approved,P
SRCAP,,unlabeled
SRCIN1,,unlabeled
SRD5A1,,unlabeled
SRD5A2,,unlabeled
SRD5A3,,unlabeled
SREBF1,,unlabeled
SREBF2,,unlabeled
SREK1,,unlabeled
SREK1IP1,,unlabeled
SRF,,unlabeled
SRFBP1,,unlabeled
SRGAP1,,unlabeled
SRGAP2,,unlabeled
SRGAP2B,,unlabeled
SRGAP2C,,unlabeled
SRGAP3,,unlabeled
SRGN,,unlabeled
SRI,,unlabeled
SRL,,unlabeled
SRM,,unlabeled
SRMS,Approved,P
SRP14,,unlabeled
SRP19,,unlabeled
SRP54,,unlabeled
SRP68,,unlabeled
SRP72,,unlabeled
SRP9,,unlabeled
SRPK1,,unlabeled
SRPK2,,unlabeled
SRPK3,,unlabeled
SRPRA,,unlabeled
SRPRB,,unlabeled
SRPX,,unlabeled
SRPX2,,unlabeled
SRR,,unlabeled
SRRD,,unlabeled
SRRM1,,unlabeled
SRRM2,,unlabeled
SRRM3,,unlabeled
SRRM4,,unlabeled
SRRM5,,unlabeled
SRRT,,unlabeled
SRSF1,,unlabeled
SRSF10,,unlabeled
SRSF11,,unlabeled
SRSF12,,unlabeled
SRSF2,,unlabeled
SRSF3,,unlabeled
SRSF4,,unlabeled
SRSF5,,unlabeled
SRSF6,,unlabeled
SRSF7,,unlabeled
SRSF8,,unlabeled
SRSF9,,unlabeled
SRXN1,,unlabeled
SRY,,unlabeled
SS18,,unlabeled
SS18L1,,unlabeled
SS18L2,,unlabeled
SSB,,unlabeled
SSBP1,,unlabeled
SSBP2,,unlabeled
SSBP3,,unlabeled
SSBP4,,unlabeled
SSC4D,,unlabeled
SSC5D,,unlabeled
SSH1,,unlabeled
SSH2,,unlabeled
SSH3,,unlabeled
SSMEM1,,unlabeled
SSNA1,,unlabeled
SSPN,,unlabeled
SSR1,,unlabeled
SSR2,,unlabeled
SSR3,,unlabeled
SSR4,,unlabeled
SSRP1,,unlabeled
SST,,unlabeled
SSTR1,Phase 2,trial_heldout
SSTR2,Phase 3,trial_heldout
SSTR3,Phase 2,trial_heldout
SSTR4,Phase 2,trial_heldout
SSTR5,Phase 3,trial_heldout
SSU72,,unlabeled
SSU72L2,,unlabeled
SSU72L3,,unlabeled
SSU72L4,,unlabeled
SSU72L5,,unlabeled
SSU72L1,,unlabeled
SSU72L6,,unlabeled
SSUH2,,unlabeled
SSX1,,unlabeled
SSX2,,unlabeled
SSX2IP,,unlabeled
SSX3,,unlabeled
SSX4,,unlabeled
SSX4B,,unlabeled
SSX5,,unlabeled
SSX7,,unlabeled
ST13,,unlabeled
ST14,,unlabeled
ST18,,unlabeled
ST20,,unlabeled
ST20-MTHFS,,unlabeled
ST3GAL1,,unlabeled
ST3GAL2,,unlabeled
ST3GAL3,,unlabeled
ST3GAL4,,unlabeled
ST3GAL5,,unlabeled
ST3GAL6,,unlabeled
ST6GAL1,,unlabeled
ST6GAL2,,unlabeled
ST6GALNAC1,,unlabeled
ST6GALNAC2,,unlabeled
ST6GALNAC3,,unlabeled
ST6GALNAC4,,unlabeled
ST6GALNAC5,,unlabeled
ST6GALNAC6,,unlabeled
ST7,,unlabeled
ST7L,,unlabeled
ST8SIA1,,unlabeled
ST8SIA2,,unlabeled
ST8SIA3,,unlabeled
ST8SIA4,,unlabeled
ST8SIA5,,unlabeled
ST8SIA6,,unlabeled
STAB1,,unlabeled
STAB2,,unlabeled
STAC,,unlabeled
STAC2,,unlabeled
STAC3,,unlabeled
STAG1,,unlabeled
STAG2,,unlabeled
STAG3,,unlabeled
STAM,,unlabeled
STAM2,,unlabeled
STAMBP,,unlabeled
STAMBPL1,,unlabeled
STAP1,,unlabeled
STAP2,,unlabeled
STAR,,unlabeled
STARD10,,unlabeled
STARD13,,unlabeled
STARD3,,unlabeled
STARD3NL,,unlabeled
STARD4,,unlabeled
STARD5,,unlabeled
STARD6,,unlabeled
STARD7,,unlabeled
STARD8,,unlabeled
STARD9,,unlabeled
STAT1,,unlabeled
STAT2,,unlabeled
STAT3,Phase 2,trial_heldout
STAT4,,unlabeled
STAT5A,,unlabeled
STAT5B,,unlabeled
STAT6,,unlabeled
STATH,,unlabeled
STAU1,,unlabeled
STAU2,,unlabeled
STBD1,,unlabeled
STC1,,unlabeled
STC2,,unlabeled
STEAP1,,unlabeled
STEAP1B,,unlabeled
STEAP2,,unlabeled
STEAP3,,unlabeled
STEAP4,,unlabeled
STEEP1,,unlabeled
STH,,unlabeled
STIL,,unlabeled
STIM1,,unlabeled
STIM2,,unlabeled
STIMATE,,unlabeled
STIMATE-MUSTN1,,unlabeled
STING1,,unlabeled
STIP1,,unlabeled
STK10,,unlabeled
STK11,,unlabeled
STK11IP,,unlabeled
STK16,,unlabeled
STK17A,,unlabeled
STK17B,,unlabeled
WHR1,,unlabeled
STK24,,unlabeled
STK25,,unlabeled
STK26,,unlabeled
STK3,,unlabeled
STK31,,unlabeled
STK32A,,unlabeled
STK32B,,unlabeled
STK32C,,unlabeled
STK33,,unlabeled
STK35,,unlabeled
STK36,,unlabeled
STK38,,unlabeled
STK38L,,unlabeled
STK39,,unlabeled
STK4,,unlabeled
STK40,,unlabeled
STKLD1,,unlabeled
STMN1,,unlabeled
STMN2,,unlabeled
STMN3,,unlabeled
STMN4,,unlabeled
STMND1,,unlabeled
STMP1,,unlabeled
STN1,,unlabeled
STOM,,unlabeled
STOML1,,unlabeled
STOML2,,unlabeled
STOML3,,unlabeled
STON1,,unlabeled
STON1-GTF2A1L,,unlabeled
STON2,,unlabeled
STOX1,,unlabeled
STOX2,,unlabeled
STPG1,,unlabeled
STPG2,,unlabeled
STPG3,,unlabeled
STPG4,,unlabeled
STRA6,,unlabeled
STRA8,,unlabeled
STRADA,,unlabeled
STRADB,,unlabeled
STRAP,,unlabeled
STRBP,,unlabeled
STRC,,unlabeled
STRIP1,,unlabeled
STRIP2,,unlabeled
STRN,,unlabeled
STRN3,,unlabeled
STRN4,,unlabeled
STS,,unlabeled
STT3A,,unlabeled
STT3B,,unlabeled
STUB1,,unlabeled
STUM,,unlabeled
STX10,,unlabeled
STX11,,unlabeled
STX12,,unlabeled
STX16,,unlabeled
STX16-NPEPL1,,unlabeled
STX17,,unlabeled
STX18,,unlabeled
STX19,,unlabeled
STX1A,,unlabeled
STX1B,,unlabeled
STX2,,unlabeled
STX3,,unlabeled
STX4,,unlabeled
STX5,,unlabeled
STX6,,unlabeled
STX7,,unlabeled
STX8,,unlabeled
STXBP1,,unlabeled
STXBP2,,unlabeled
STXBP3,,unlabeled
STXBP4,,unlabeled
STXBP5,,unlabeled
STXBP5L,,unlabeled
STXBP6,,unlabeled
STYK1,,unlabeled
STYX,,unlabeled
STYXL1,,unlabeled
STYXL2,,unlabeled
SUB1,,unlabeled
SUCLA2,,unlabeled
SUCLG1,,unlabeled
SUCLG2,,unlabeled
SUCNR1,,unlabeled
SUCO,,unlabeled
SUDS3,,unlabeled
SUFU,,unlabeled
SUGCT,,unlabeled
SUGP1,,unlabeled
SUGP2,,unlabeled
SUGT1,,unlabeled
SULF1,,unlabeled
SULF2,,unlabeled
SULT1A1,,unlabeled
SULT1A2,,unlabeled
SULT1A3,,unlabeled
SULT1A4,,unlabeled
SULT1B1,,unlabeled
SULT1C2,,unlabeled
SULT1C3,,unlabeled
SULT1C4,,unlabeled
SULT1E1,,unlabeled
SULT2A1,,unlabeled
SULT2B1,,unlabeled
SULT4A1,,unlabeled
SULT6B1,,unlabeled
SUMF1,,unlabeled
SUMF2,,unlabeled
SUMO1,,unlabeled
SUMO2,,unlabeled
SUMO3,,unlabeled
SUMO4,,unlabeled
SUN1,,unlabeled
SUN2,,unlabeled
SUN3,,unlabeled
SUN5,,unlabeled
SUOX,,unlabeled
SUPT16H,,unlabeled
SUPT20H,,unlabeled
SUPT20HL1,,unlabeled
SUPT20HL2,,unlabeled
SUPT3H,,unlabeled
SUPT4H1,,unlabeled
SUPT5H,,unlabeled
SUPT6H,,unlabeled
SUPT7L,,unlabeled
SUPV3L1,,unlabeled
SURF1,,unlabeled
SURF2,,unlabeled
SURF4,,unlabeled
SURF6,,unlabeled
SUSD1,,unlabeled
SUSD2,,unlabeled
SUSD3,,unlabeled
SUSD4,,unlabeled
SUSD5,,unlabeled
SUSD6,,unlabeled
SUV39H1,,unlabeled
SUV39H2,,unlabeled
SUZ12,,unlabeled
SV2A,,unlabeled
SV2B,,unlabeled
SV2C,,unlabeled
SVBP,,unlabeled
SVEP1,,unlabeled
SVIL,,unlabeled
SVIP,,unlabeled
SVOP,,unlabeled
SVOPL,,unlabeled
SWAP70,,unlabeled
SWI5,,unlabeled
SWSAP1,,unlabeled
SWT1,,unlabeled
SYAP1,,unlabeled
SYBU,,unlabeled
SYCE1,,unlabeled
SYCE1L,,unlabeled
SYCE2,,unlabeled
SYCE3,,unlabeled
SYCN,,unlabeled
SYCP1,,unlabeled
SYCP2,,unlabeled
SYCP2L,,unlabeled
SYCP3,,unlabeled
SYDE1,,unlabeled
SYDE2,,unlabeled
SYF2,,unlabeled
SYK,Approved,P
SYMPK,,unlabeled
SYN1,,unlabeled
SYN2,,unlabeled
SYN3,,unlabeled
SYNC,,unlabeled
SYNCRIP,,unlabeled
SYNDIG1,,unlabeled
SYNDIG1L,,unlabeled
SYNE1,,unlabeled
SYNE2,,unlabeled
SYNE3,,unlabeled
SYNE4,,unlabeled
SYNGAP1,,unlabeled
SYNGR1,,unlabeled
SYNGR2,,unlabeled
SYNGR3,,unlabeled
SYNGR4,,unlabeled
SYNJ1,,unlabeled
SYNJ2,,unlabeled
SYNJ2BP,,unlabeled
SYNJ2BP-COX16,,unlabeled
SYNM,,unlabeled
SYNPO,,unlabeled
SYNPO2,,unlabeled
SYNPO2L,,unlabeled
SYNPR,,unlabeled
SYNRG,,unlabeled
SYP,,unlabeled
SYPL1,,unlabeled
SYPL2,,unlabeled
SYS1,,unlabeled
SYS1-DBNDD2,,unlabeled
SYT1,,unlabeled
SYT10,,unlabeled
SYT11,,unlabeled
SYT12,,unlabeled
SYT13,,unlabeled
SYT14,,unlabeled
SYT15,,unlabeled
SYT16,,unlabeled
SYT17,,unlabeled
SYT2,,unlabeled
SYT3,,unlabeled
SYT4,,unlabeled
SYT5,,unlabeled
SYT6,,unlabeled
SYT7,,unlabeled
SYT8,,unlabeled
SYT9,,unlabeled
SYTL1,,unlabeled
SYTL2,,unlabeled
SYTL3,,unlabeled
SYTL4,,unlabeled
SYTL5,,unlabeled
SYVN1,,unlabeled
SZRD1,,unlabeled
SZT2,,unlabeled
TAAR1,,unlabeled
TAAR2,,unlabeled
TAAR5,,unlabeled
TAAR6,,unlabeled
TAAR8,,unlabeled
TAAR9,,unlabeled
TAB1,,unlabeled
TAB2,,unlabeled
TAB3,,unlabeled
TAC1,,unlabeled
TAC3,,unlabeled
TAC4,,unlabeled
TACC1,,unlabeled
TACC2,,unlabeled
TACC3,,unlabeled
TACO1,,unlabeled
TACR1,Phase 3,trial_heldout
TACR2,,unlabeled
TACR3,Phase 2,trial_heldout
TACSTD2,Phase 2,trial_heldout
TADA1,,unlabeled
TADA2A,,unlabeled
TADA2B,,unlabeled
TADA3,,unlabeled
TAF1,,unlabeled
TAF10,,unlabeled
TAF11,,unlabeled
TAF12,,unlabeled
TAF13,,unlabeled
TAF15,,unlabeled
TAF1A,,unlabeled
TAF1B,,unlabeled
TAF1C,,unlabeled
TAF1D,,unlabeled
TAF1L,,unlabeled
TAF2,,unlabeled
TAF3,,unlabeled
TAF4,,unlabeled
TAF4B,,unlabeled
TAF5,,unlabeled
TAF5L,,unlabeled
TAF6,,unlabeled
TAF6L,,unlabeled
TAF7,,unlabeled
TAF7L,,unlabeled
TAF8,,unlabeled
TAF9,,unlabeled
TAF9B,,unlabeled
TAFA1,,unlabeled
TAFA2,,unlabeled
TAFA3,,unlabeled
TAFA4,,unlabeled
TAFA5,,unlabeled
TAFAZZIN,,unlabeled
TAGAP,,unlabeled
TAGLN,,unlabeled
TAGLN2,,unlabeled
TAGLN3,,unlabeled
TAL1,,unlabeled
TAL2,,unlabeled
TALDO1,,unlabeled
TAMALIN,,unlabeled
TAMM41,,unlabeled
TANC1,,unlabeled
TANC2,,unlabeled
TANGO2,,unlabeled
TANGO6,,unlabeled
TANK,,unlabeled
TAOK1,,unlabeled
TAOK2,,unlabeled
TAOK3,,unlabeled
TAP1,,unlabeled
TAP2,,unlabeled
TAPBP,,unlabeled
TAPBPL,,unlabeled
TAPT1,,unlabeled
TARBP1,,unlabeled
TARBP2,,unlabeled
TARDBP,,unlabeled
TARM1,,unlabeled
TARS1,,unlabeled
TARS2,,unlabeled
TARS3,,unlabeled
TAS1R1,,unlabeled
TAS1R2,,unlabeled
TAS1R3,,unlabeled
TAS2R1,,unlabeled
TAS2R10,,unlabeled
TAS2R13,,unlabeled
TAS2R14,,unlabeled
TAS2R16,,unlabeled
TAS2R19,,unlabeled
TAS2R20,,unlabeled
TAS2R3,,unlabeled
TAS2R30,,unlabeled
TAS2R31,,unlabeled
TAS2R38,,unlabeled
TAS2R39,,unlabeled
TAS2R4,,unlabeled
TAS2R40,,unlabeled
TAS2R41,,unlabeled
TAS2R42,,unlabeled
TAS2R43,,unlabeled
TAS2R46,,unlabeled
TAS2R5,,unlabeled
TAS2R50,,unlabeled
TAS2R60,,unlabeled
TAS2R7,,unlabeled
TAS2R8,,unlabeled
TAS2R9,,unlabeled
TASL,,unlabeled
TASOR,,unlabeled
TASOR2,,unlabeled
TASP1,,unlabeled
TAT,,unlabeled
TATDN1,,unlabeled
TATDN2,,unlabeled
TATDN3,,unlabeled
TAX1BP1,,unlabeled
TAX1BP3,,unlabeled
TBATA,,unlabeled
TBC1D1,,unlabeled
TBC1D10A,,unlabeled
TBC1D10B,,unlabeled
TBC1D10C,,unlabeled
TBC1D12,,unlabeled
TBC1D13,,unlabeled
TBC1D14,,unlabeled
TBC1D15,,unlabeled
TBC1D16,,unlabeled
TBC1D17,,unlabeled
TBC1D19,,unlabeled
TBC1D2,,unlabeled
TBC1D20,,unlabeled
TBC1D21,,unlabeled
TBC1D22A,,unlabeled
TBC1D22B,,unlabeled
TBC1D23,,unlabeled
TBC1D24,,unlabeled
TBC1D25,,unlabeled
TBC1D26,,unlabeled
TBC1D28,,unlabeled
TBC1D2B,,unlabeled
TBC1D3,,unlabeled
TBC1D30,,unlabeled
TBC1D31,,unlabeled
TBC1D32,,unlabeled
TBC1D3B,,unlabeled
TBC1D3D,,unlabeled
TBC1D3E,,unlabeled
TBC1D3F,,unlabeled
TBC1D3G,,unlabeled
TBC1D3H,,unlabeled
TBC1D3I,,unlabeled
TBC1D3K,,unlabeled
TBC1D3L,,unlabeled
TBC1D4,,unlabeled
TBC1D5,,unlabeled
TBC1D7,,unlabeled
TBC1D8,,unlabeled
TBC1D8B,,unlabeled
TBC1D9,,unlabeled
TBC1D9B,,unlabeled
TBCA,,unlabeled
TBCB,,unlabeled
TBCC,,unlabeled
TBCCD1,,unlabeled
TBCD,,unlabeled
TBCEL,,unlabeled
TBCEL-TECTA,,unlabeled
TBCK,,unlabeled
TBK1,,unlabeled
TBKBP1,,unlabeled
TBL1X,,unlabeled
TBL1XR1,,unlabeled
TBL1Y,,unlabeled
TBL2,,unlabeled
TBL3,,unlabeled
TBP,,unlabeled
TBPL1,,unlabeled
TBPL2,,unlabeled
TBR1,,unlabeled
TBRG1,,unlabeled
TBRG4,,unlabeled
TBX1,,unlabeled
TBX10,,unlabeled
TBX15,,unlabeled
TBX18,,unlabeled
TBX19,,unlabeled
TBX2,,unlabeled
TBX20,,unlabeled
TBX21,,unlabeled
TBX22,,unlabeled
TBX3,,unlabeled
TBX4,,unlabeled
TBX5,,unlabeled
TBX6,,unlabeled
TBXA2R,Phase 3,trial_heldout
TBXAS1,,unlabeled
TBXT,,unlabeled
TC2N,,unlabeled
TCAF1,,unlabeled
TCAF2,,unlabeled
TCAF2C,,unlabeled
TCAIM,,unlabeled
TCAP,,unlabeled
TCEA1,,unlabeled
TCEA2,,unlabeled
TCEA3,,unlabeled
TCEAL1,,unlabeled
TCEAL2,,unlabeled
TCEAL3,,unlabeled
TCEAL4,,unlabeled
TCEAL5,,unlabeled
TCEAL6,,unlabeled
TCEAL7,,unlabeled
TCEAL8,,unlabeled
TCEAL9,,unlabeled
TCEANC,,unlabeled
TCEANC2,,unlabeled
TCERG1,,unlabeled
TCERG1L,,unlabeled
TCF12,,unlabeled
TCF15,,unlabeled
TCF19,,unlabeled
TCF20,,unlabeled
TCF21,,unlabeled
TCF23,,unlabeled
TCF24,,unlabeled
TCF25,,unlabeled
TCF3,,unlabeled
TCF4,,unlabeled
TCF7,,unlabeled
TCF7L1,,unlabeled
TCF7L2,,unlabeled
TCFL5,,unlabeled
TCHH,,unlabeled
TCHHL1,,unlabeled
TCHP,,unlabeled
TCIM,,unlabeled
TCIRG1,,unlabeled
TCL1A,,unlabeled
TCL1B,,unlabeled
TCN1,,unlabeled
TCN2,,unlabeled
TCOF1,,unlabeled
TCP1,,unlabeled
TCP10L,,unlabeled
TCP10L2,,unlabeled
TCP11,,unlabeled
TCP11L1,,unlabeled
TCP11L2,,unlabeled
TCP11X1,,unlabeled
TCP11X2,,unlabeled
TCTA,,unlabeled
DRC5,,unlabeled
TCTN1,,unlabeled
TCTN2,,unlabeled
TCTN3,,unlabeled
TDG,,unlabeled
CRIPTO,,unlabeled
CRIPTO3,,unlabeled
TDO2,,unlabeled
TDP1,,unlabeled
TDP2,,unlabeled
TDRD1,,unlabeled
TDRD10,,unlabeled
TDRD12,,unlabeled
TDRD15,,unlabeled
TDRD3,,unlabeled
TDRD5,,unlabeled
TDRD6,,unlabeled
TDRD7,,unlabeled
TDRD9,,unlabeled
TDRKH,,unlabeled
TDRP,,unlabeled
TEAD1,,unlabeled
TEAD2,,unlabeled
TEAD3,,unlabeled
TEAD4,,unlabeled
TEC,Phase 3,trial_heldout
TECPR1,,unlabeled
TECPR2,,unlabeled
TECR,,unlabeled
TECRL,,unlabeled
TECTA,,unlabeled
TECTB,,unlabeled
TEDC1,,unlabeled
TEDC2,,unlabeled
TEDDM1,,unlabeled
TEF,,unlabeled
TEFM,,unlabeled
TEK,Phase 2,trial_heldout
TEKT1,,unlabeled
TEKT2,,unlabeled
TEKT3,,unlabeled
TEKT4,,unlabeled
TEKT5,,unlabeled
TELO2,,unlabeled
TEN1,,unlabeled
TEN1-CDK3,,unlabeled
TENM1,,unlabeled
TENM2,,unlabeled
TENM3,,unlabeled
TENM4,,unlabeled
TENT2,,unlabeled
TENT4A,,unlabeled
TENT4B,,unlabeled
TENT5A,,unlabeled
TENT5B,,unlabeled
TENT5C,,unlabeled
TENT5D,,unlabeled
TEP1,,unlabeled
SPMIP8,,unlabeled
TEPSIN,,unlabeled
TERB1,,unlabeled
TERB2,,unlabeled
TERF1,,unlabeled
TERF2,,unlabeled
TERF2IP,,unlabeled
TERT,Phase 3,trial_heldout
TES,,unlabeled
TESC,,unlabeled
TESK1,,unlabeled
TESK2,,unlabeled
TESMIN,,unlabeled
TESPA1,,unlabeled
TET1,,unlabeled
TET2,,unlabeled
TET3,,unlabeled
TEX10,,unlabeled
TEX101,,unlabeled
TEX11,,unlabeled
TEX12,,unlabeled
TEX13A,,unlabeled
TEX13B,,unlabeled
TEX13C,,unlabeled
TEX13D,,unlabeled
TEX14,,unlabeled
TEX15,,unlabeled
TEX19,,unlabeled
TEX2,,unlabeled
TEX22,,unlabeled
TEX26,,unlabeled
TEX261,,unlabeled
TEX264,,unlabeled
TEX29,,unlabeled
TEX30,,unlabeled
CIMIP4,,unlabeled
TEX35,,unlabeled
TEX36,,unlabeled
SPMIP9,,unlabeled
TEX38,,unlabeled
SPMIP10,,unlabeled
TEX44,,unlabeled
SAXO5,,unlabeled
TEX46,,unlabeled
TEX47,,unlabeled
TEX48,,unlabeled
SPMIP11,,unlabeled
TEX50,,unlabeled
TEX51,,unlabeled
TEX52,,unlabeled
TEX54,,unlabeled
TEX55,,unlabeled
TEX9,,unlabeled
TF,,unlabeled
TFAM,,unlabeled
TFAP2A,,unlabeled
TFAP2B,,unlabeled
TFAP2C,,unlabeled
TFAP2D,,unlabeled
TFAP2E,,unlabeled
TFAP4,,unlabeled
TFB1M,,unlabeled
TFB2M,,unlabeled
TFCP2,,unlabeled
TFCP2L1,,unlabeled
TFDP1,,unlabeled
TFDP2,,unlabeled
TFDP3,,unlabeled
TFE3,,unlabeled
TFEB,,unlabeled
TFEC,,unlabeled
TFF1,,unlabeled
TFF2,,unlabeled
TFF3,,unlabeled
TFG,,unlabeled
TFIP11,,unlabeled
TFPI,,unlabeled
TFPI2,,unlabeled
TFPT,,unlabeled
TFR2,,unlabeled
TFRC,,unlabeled
TG,,unlabeled
TGDS,,unlabeled
TGFA,,unlabeled
TGFB1,Phase 3,trial_heldout
TGFB1I1,,unlabeled
TGFB2,Phase 3,trial_heldout
TGFB3,Phase 3,trial_heldout
TGFBI,,unlabeled
TGFBR1,Phase 2,trial_heldout
TGFBR2,,unlabeled
TGFBR3,,unlabeled
TGFBR3L,,unlabeled
TGFBRAP1,,unlabeled
TGIF1,,unlabeled
TGIF2,,unlabeled
TGIF2-RAB5IF,,unlabeled
TGIF2LX,,unlabeled
TGIF2LY,,unlabeled
TGM1,,unlabeled
TGM2,,unlabeled
TGM3,,unlabeled
TGM4,,unlabeled
TGM5,,unlabeled
TGM6,,unlabeled
TGM7,,unlabeled
TGOLN2,,unlabeled
TGS1,,unlabeled
TH,Phase 2,trial_heldout
THADA,,unlabeled
THAP1,,unlabeled
THAP10,,unlabeled
THAP11,,unlabeled
THAP12,,unlabeled
THAP2,,unlabeled
THAP3,,unlabeled
THAP4,,unlabeled
THAP5,,unlabeled
THAP6,,unlabeled
THAP7,,unlabeled
THAP8,,unlabeled
THAP9,,unlabeled
THBD,,unlabeled
THBS1,,unlabeled
THBS2,,unlabeled
THBS3,,unlabeled
THBS4,,unlabeled
SPMAP2,,unlabeled
SPMAP2L,,unlabeled
THEM4,,unlabeled
THEM5,,unlabeled
THEM6,,unlabeled
THEMIS,,unlabeled
THEMIS2,,unlabeled
THG1L,,unlabeled
THNSL1,,unlabeled
THNSL2,,unlabeled
THOC1,,unlabeled
THOC2,,unlabeled
THOC3,,unlabeled
THOC5,,unlabeled
THOC6,,unlabeled
THOC7,,unlabeled
THOP1,,unlabeled
THPO,,unlabeled
THRA,Phase 1,trial_heldout
THRAP3,,unlabeled
THRB,Phase 1,trial_heldout
THRSP,,unlabeled
THSD1,,unlabeled
THSD4,,unlabeled
THSD7A,,unlabeled
THSD7B,,unlabeled
THTPA,,unlabeled
THUMPD1,,unlabeled
THUMPD2,,unlabeled
THUMPD3,,unlabeled
THY1,,unlabeled
THYN1,,unlabeled
TIA1,,unlabeled
TIAL1,,unlabeled
TIAM1,,unlabeled
TIAM2,,unlabeled
TICAM1,,unlabeled
TICAM2,,unlabeled
TICRR,,unlabeled
TIE1,,unlabeled
TIFA,,unlabeled
TIFAB,,unlabeled
TIGAR,,unlabeled
TIGD1,,unlabeled
TIGD2,,unlabeled
TIGD3,,unlabeled
TIGD4,,unlabeled
TIGD5,,unlabeled
TIGD6,,unlabeled
TIGD7,,unlabeled
TIGIT,Phase 2,trial_heldout
TIMD4,,unlabeled
TIMELESS,,unlabeled
TIMM10,,unlabeled
TIMM10B,,unlabeled
TIMM13,,unlabeled
TIMM17A,,unlabeled
TIMM17B,,unlabeled
TIMM21,,unlabeled
TIMM22,,unlabeled
TIMM23,,unlabeled
TIMM23B,,unlabeled
TIMM23B-AGAP6,,unlabeled
TIMM29,,unlabeled
TIMM44,,unlabeled
TIMM50,,unlabeled
TIMM8A,,unlabeled
TIMM8B,,unlabeled
TIMM9,,unlabeled
TIMMDC1,,unlabeled
TIMP1,,unlabeled
TIMP2,,unlabeled
TIMP3,,unlabeled
TIMP4,,unlabeled
TINAG,,unlabeled
TINAGL1,,unlabeled
TINF2,,unlabeled
TIPARP,,unlabeled
TIPIN,,unlabeled
TIPRL,,unlabeled
TIRAP,,unlabeled
TJAP1,,unlabeled
TJP1,,unlabeled
TJP2,,unlabeled
TJP3,,unlabeled
TK1,,unlabeled
TK2,,unlabeled
TKFC,,unlabeled
TKT,,unlabeled
TKTL1,,unlabeled
TKTL2,,unlabeled
TLCD1,,unlabeled
TLCD2,,unlabeled
TLCD3A,,unlabeled
TLCD3B,,unlabeled
TLCD4,,unlabeled
TLCD4-RWDD3,,unlabeled
TLCD5,,unlabeled
TLDC2,,unlabeled
TLE1,,unlabeled
TLE2,,unlabeled
TLE3,,unlabeled
TLE4,,unlabeled
TLE5,,unlabeled
TLE6,,unlabeled
TLK1,,unlabeled
TLK2,,unlabeled
TLL1,,unlabeled
TLL2,,unlabeled
TLN1,,unlabeled
TLN2,,unlabeled
TLNRD1,,unlabeled
TLR1,,unlabeled
TLR10,,unlabeled
TLR2,Phase 2,trial_heldout
TLR3,Phase 3,trial_heldout
TLR4,,unlabeled
TLR5,,unlabeled
TLR6,,unlabeled
TLR7,Approved,P
TLR8,Phase 3,trial_heldout
TLR9,Approved,P
TLX1,,unlabeled
TLX2,,unlabeled
TLX3,,unlabeled
TM2D1,,unlabeled
TM2D2,,unlabeled
TM2D3,,unlabeled
TM4SF1,,unlabeled
TM4SF18,,unlabeled
TM4SF19,,unlabeled
TM4SF19-DYNLT2B,,unlabeled
TM4SF20,,unlabeled
TM4SF4,,unlabeled
TM4SF5,,unlabeled
TM6SF1,,unlabeled
TM6SF2,,unlabeled
TM7SF2,,unlabeled
TM7SF3,,unlabeled
TM9SF1,,unlabeled
TM9SF2,,unlabeled
TM9SF3,,unlabeled
TM9SF4,,unlabeled
TMA16,,unlabeled
TMA7,,unlabeled
TMBIM1,,unlabeled
TMBIM4,,unlabeled
TMBIM6,,unlabeled
TMC1,,unlabeled
TMC2,,unlabeled
TMC3,,unlabeled
TMC4,,unlabeled
TMC5,,unlabeled
TMC6,,unlabeled
TMC7,,unlabeled
TMC8,,unlabeled
TMCC1,,unlabeled
TMCC2,,unlabeled
TMCC3,,unlabeled
TMCO1,,unlabeled
TMCO2,,unlabeled
SLC9D1,,unlabeled
TMCO4,,unlabeled
TMCO5A,,unlabeled
TMCO6,,unlabeled
TMED1,,unlabeled
TMED10,,unlabeled
TMED2,,unlabeled
TMED3,,unlabeled
TMED4,,unlabeled
TMED5,,unlabeled
TMED6,,unlabeled
TMED7,,unlabeled
TMED7-TICAM2,,unlabeled
TMED8,,unlabeled
TMED9,,unlabeled
TMEFF1,,unlabeled
TMEFF2,,unlabeled
TMEM100,,unlabeled
TMEM101,,unlabeled
TMEM102,,unlabeled
SLC38A12,,unlabeled
TMEM106A,,unlabeled
TMEM106B,,unlabeled
TMEM106C,,unlabeled
TMEM107,,unlabeled
TMEM108,,unlabeled
TMEM109,,unlabeled
TMEM11,,unlabeled
TMEM114,,unlabeled
TMEM115,,unlabeled
TMEM116,,unlabeled
TMEM117,,unlabeled
TMEM119,,unlabeled
TMEM120A,,unlabeled
TMEM120B,,unlabeled
TMEM121,,unlabeled
TMEM121B,,unlabeled
TMEM123,,unlabeled
TMEM125,,unlabeled
TMEM126A,,unlabeled
TMEM126B,,unlabeled
TMEM127,,unlabeled
TMEM128,,unlabeled
TMEM129,,unlabeled
TMEM130,,unlabeled
TMEM131,,unlabeled
TMEM131L,,unlabeled
TMEM132A,,unlabeled
TMEM132B,,unlabeled
TMEM132C,,unlabeled
TMEM132D,,unlabeled
TMEM132E,,unlabeled
TMEM134,,unlabeled
TMEM135,,unlabeled
TMEM138,,unlabeled
TMEM139,,unlabeled
TMEM140,,unlabeled
TMEM141,,unlabeled
TMEM143,,unlabeled
TMEM144,,unlabeled
TMEM145,,unlabeled
TMEM147,,unlabeled
TMEM14A,,unlabeled
TMEM14B,,unlabeled
TMEM14C,,unlabeled
TMEM150A,,unlabeled
TMEM150B,,unlabeled
TMEM150C,,unlabeled
TMEM151A,,unlabeled
TMEM151B,,unlabeled
TMEM154,,unlabeled
TMEM156,,unlabeled
TMEM158,,unlabeled
TMEM160,,unlabeled
TMEM161A,,unlabeled
TMEM161B,,unlabeled
TMEM163,,unlabeled
TMEM164,,unlabeled
TMEM165,,unlabeled
TMEM167A,,unlabeled
TMEM167B,,unlabeled
TMEM168,,unlabeled
TMEM169,,unlabeled
TMEM17,,unlabeled
TMEM170A,,unlabeled
TMEM170B,,unlabeled
TMEM171,,unlabeled
TMEM174,,unlabeled
TMEM175,,unlabeled
TMEM176A,,unlabeled
TMEM176B,,unlabeled
TMEM177,,unlabeled
TMEM178A,,unlabeled
TMEM178B,,unlabeled
TMEM179,,unlabeled
TMEM179B,,unlabeled
TMEM18,,unlabeled
TMEM181,,unlabeled
TMEM182,,unlabeled
TMEM183A,,unlabeled
TMEM184A,,unlabeled
TMEM184B,,unlabeled
TMEM184C,,unlabeled
TMEM185A,,unlabeled
TMEM185B,,unlabeled
TMEM186,,unlabeled
TMEM187,,unlabeled
TMEM19,,unlabeled
TMEM190,,unlabeled
TMEM191B,,unlabeled
TMEM191C,,unlabeled
TMEM192,,unlabeled
TMEM196,,unlabeled
TMEM198,,unlabeled
VMA12,,unlabeled
TMEM200A,,unlabeled
TMEM200B,,unlabeled
TMEM200C,,unlabeled
TMEM201,,unlabeled
TMEM202,,unlabeled
TMEM203,,unlabeled
TMEM204,,unlabeled
TMEM205,,unlabeled
TMEM207,,unlabeled
TMEM208,,unlabeled
TMEM209,,unlabeled
TMEM210,,unlabeled
LHFPL7,,unlabeled
TMEM212,,unlabeled
TMEM213,,unlabeled
TMEM214,,unlabeled
TMEM215,,unlabeled
TMEM216,,unlabeled
TMEM217,,unlabeled
TMEM218,,unlabeled
TMEM219,,unlabeled
TMEM220,,unlabeled
TMEM221,,unlabeled
TMEM222,,unlabeled
TMEM223,,unlabeled
TMEM225,,unlabeled
TMEM225B,,unlabeled
TMEM229A,,unlabeled
TMEM229B,,unlabeled
TMEM230,,unlabeled
TMEM231,,unlabeled
TMEM232,,unlabeled
TMEM233,,unlabeled
TMEM234,,unlabeled
TMEM235,,unlabeled
TMEM236,,unlabeled
TMEM237,,unlabeled
TMEM238,,unlabeled
TMEM239,,unlabeled
TMEM240,,unlabeled
SLC35D4,,unlabeled
TMEM242,,unlabeled
TMEM243,,unlabeled
TMEM244,,unlabeled
TMEM245,,unlabeled
TMEM247,,unlabeled
TMEM248,,unlabeled
CATSPERQ,,unlabeled
TMEM25,,unlabeled
TMEM250,,unlabeled
LYSET,,unlabeled
TMEM252,,unlabeled
TMEM253,,unlabeled
TMEM254,,unlabeled
TMEM255A,,unlabeled
TMEM255B,,unlabeled
TMEM256,,unlabeled
TMEM256-PLSCR3,,unlabeled
TMEM258,,unlabeled
TMEM259,,unlabeled
TMEM26,,unlabeled
TMEM260,,unlabeled
CATSPERH,,unlabeled
TMEM263,,unlabeled
TMEM265,,unlabeled
TMEM266,,unlabeled
TMEM267,,unlabeled
TMEM268,,unlabeled
TMEM269,,unlabeled
TMEM270,,unlabeled
TMEM272,,unlabeled
TMEM273,,unlabeled
CDC50A,,unlabeled
CDC50B,,unlabeled
TMEM31,,unlabeled
TMEM33,,unlabeled
TMEM35A,,unlabeled
TMEM35B,,unlabeled
TMEM37,,unlabeled
TMEM38A,,unlabeled
TMEM38B,,unlabeled
TMEM39A,,unlabeled
TMEM39B,,unlabeled
TMEM40,,unlabeled
TMEM41A,,unlabeled
TMEM41B,,unlabeled
TMEM42,,unlabeled
TMEM43,,unlabeled
TMEM44,,unlabeled
TMEM45A,,unlabeled
TMEM45B,,unlabeled
TMEM47,,unlabeled
TMEM50A,,unlabeled
TMEM50B,,unlabeled
TMEM51,,unlabeled
TMEM52,,unlabeled
TMEM52B,,unlabeled
TMEM53,,unlabeled
TMEM54,,unlabeled
TMEM59,,unlabeled
TMEM59L,,unlabeled
TMEM60,,unlabeled
TMEM61,,unlabeled
TMEM62,,unlabeled
TMEM63A,,unlabeled
TMEM63B,,unlabeled
TMEM63C,,unlabeled
TMEM64,,unlabeled
TMEM65,,unlabeled
TMEM67,,unlabeled
TMEM68,,unlabeled
TMEM69,,unlabeled
TMEM70,,unlabeled
TMEM71,,unlabeled
TMEM72,,unlabeled
TMEM74,,unlabeled
TMEM74B,,unlabeled
TMEM79,,unlabeled
TMEM80,,unlabeled
TMEM81,,unlabeled
TMEM82,,unlabeled
TMEM86A,,unlabeled
TMEM86B,,unlabeled
TMEM87A,,unlabeled
TMEM87B,,unlabeled
TMEM88,,unlabeled
TMEM278,,unlabeled
TMEM89,,unlabeled
TMEM8B,,unlabeled
TMEM9,,unlabeled
TMEM91,,unlabeled
TMEM92,,unlabeled
TMEM94,,unlabeled
TMEM95,,unlabeled
TMEM97,,unlabeled
TMEM98,,unlabeled
TMEM9B,,unlabeled
TMF1,,unlabeled
TMIE,,unlabeled
TMIGD1,,unlabeled
TMIGD2,,unlabeled
TMIGD3,,unlabeled
TMLHE,,unlabeled
TMOD1,,unlabeled
TMOD2,,unlabeled
TMOD3,,unlabeled
TMOD4,,unlabeled
TMPO,,unlabeled
TMPPE,,unlabeled
TMPRSS11A,,unlabeled
TMPRSS11B,,unlabeled
TMPRSS11D,,unlabeled
TMPRSS11E,,unlabeled
TMPRSS11F,,unlabeled
TMPRSS12,,unlabeled
TMPRSS13,,unlabeled
TMPRSS15,,unlabeled
TMPRSS2,,unlabeled
TMPRSS3,,unlabeled
TMPRSS4,,unlabeled
TMPRSS5,,unlabeled
TMPRSS6,Phase 3,trial_heldout
TMPRSS7,,unlabeled
TMPRSS9,,unlabeled
TMSB10,,unlabeled
TMSB15A,,unlabeled
TMSB4X,,unlabeled
TMSB4Y,,unlabeled
TMTC1,,unlabeled
TMTC2,,unlabeled
TMTC3,,unlabeled
TMTC4,,unlabeled
TMUB1,,unlabeled
TMUB2,,unlabeled
TMX1,,unlabeled
TMX2,,unlabeled
TMX3,,unlabeled
TMX4,,unlabeled
TNC,Phase 1,trial_heldout
TNF,Approved,P
TNFAIP1,,unlabeled
TNFAIP2,,unlabeled
TNFAIP3,,unlabeled
TNFAIP6,,unlabeled
TNFAIP8,,unlabeled
TIPE1,,unlabeled
TIPE2,,unlabeled
TIPE3,,unlabeled
TNFRSF10A,Phase 2,trial_heldout
TNFRSF10B,Phase 2,trial_heldout
TNFRSF10C,,unlabeled
TNFRSF10D,,unlabeled
TNFRSF11A,,unlabeled
TNFRSF11B,,unlabeled
TNFRSF12A,,unlabeled
TNFRSF13B,,unlabeled
TNFRSF13C,Phase 3,trial_heldout
TNFRSF14,,unlabeled
TNFRSF17,Approved,P
TNFRSF18,,unlabeled
TNFRSF19,,unlabeled
TNFRSF1A,,unlabeled
TNFRSF1B,,unlabeled
TNFRSF21,,unlabeled
TNFRSF25,,unlabeled
TNFRSF4,Phase 3,trial_heldout
TNFRSF6B,,unlabeled
TNFRSF8,Phase 3,trial_heldout
TNFRSF9,Phase 3,trial_heldout
TNFSF10,,unlabeled
TNFSF11,Approved,P
TNFSF12,Phase 2,trial_heldout
TNFSF12-TNFSF13,,unlabeled
TNFSF13,Phase 3,trial_heldout
TNFSF13B,Approved,P
TNFSF14,Phase 2,trial_heldout
TNFSF15,,unlabeled
TNFSF18,,unlabeled
TNFSF4,Phase 3,trial_heldout
TNFSF8,,unlabeled
TNFSF9,,unlabeled
TNIK,,unlabeled
TNIP1,,unlabeled
TNIP2,,unlabeled
TNIP3,,unlabeled
TNK1,,unlabeled
TNK2,,unlabeled
TNKS,,unlabeled
CNOT12,,unlabeled
TNKS2,,unlabeled
TNMD,,unlabeled
TNN,,unlabeled
TNNC1,,unlabeled
TNNC2,Phase 2,trial_heldout
TNNI1,,unlabeled
TNNI2,Phase 2,trial_heldout
TNNI3,,unlabeled
TNNI3K,,unlabeled
TNNT1,,unlabeled
TNNT2,,unlabeled
TNNT3,Phase 2,trial_heldout
TNP1,,unlabeled
TNP2,,unlabeled
TNPO1,,unlabeled
TNPO2,,unlabeled
TNPO3,,unlabeled
TNR,,unlabeled
TNRC18,,unlabeled
TNRC6A,,unlabeled
TNRC6B,,unlabeled
TNRC6C,,unlabeled
TNS1,,unlabeled
TNS2,,unlabeled
TNS3,,unlabeled
TNS4,,unlabeled
TNXB,,unlabeled
TOB1,,unlabeled
TOB2,,unlabeled
TOE1,,unlabeled
TOGARAM1,,unlabeled
TOGARAM2,,unlabeled
TOLLIP,,unlabeled
TOM1,,unlabeled
TOM1L1,,unlabeled
TOM1L2,,unlabeled
TOMM20,,unlabeled
TOMM20L,,unlabeled
TOMM22,,unlabeled
TOMM34,,unlabeled
TOMM40,,unlabeled
TOMM40L,,unlabeled
TOMM5,,unlabeled
TOMM6,,unlabeled
TOMM7,,unlabeled
TOMM70,,unlabeled
TOMT,,unlabeled
TONSL,,unlabeled
TOP1,Phase 2,trial_heldout
TOP1MT,,unlabeled
TOP2A,Approved,P
TOP2B,Phase 3,trial_heldout
TOP3A,,unlabeled
TOP3B,,unlabeled
TOPAZ1,,unlabeled
TOPBP1,,unlabeled
TOPORS,,unlabeled
TOR1A,,unlabeled
TOR1AIP1,,unlabeled
TOR1AIP2,,unlabeled
TOR1B,,unlabeled
TOR2A,,unlabeled
TOR3A,,unlabeled
TOR4A,,unlabeled
TOX,,unlabeled
TOX2,,unlabeled
TOX3,,unlabeled
TOX4,,unlabeled
TP53,Phase 3,trial_heldout
TP53AIP1,,unlabeled
TP53BP1,,unlabeled
TP53BP2,,unlabeled
TP53I11,,unlabeled
TP53I13,,unlabeled
TP53I3,,unlabeled
TP53INP1,,unlabeled
TP53INP2,,unlabeled
TP53RK,,unlabeled
TP53TG3D,,unlabeled
TP53TG5,,unlabeled
TP63,,unlabeled
TP73,,unlabeled
TPBG,,unlabeled
TPBGL,,unlabeled
TPCN1,,unlabeled
TPCN2,,unlabeled
TPD52,,unlabeled
TPD52L1,,unlabeled
TPD52L2,,unlabeled
TPD52L3,,unlabeled
TPGS1,,unlabeled
TPGS2,,unlabeled
TPH1,Phase 2,trial_heldout
TPH2,Phase 2,trial_heldout
TPI1,,unlabeled
TPK1,,unlabeled
TPM1,,unlabeled
TPM2,,unlabeled
TPM3,,unlabeled
TPM4,,unlabeled
TPMT,,unlabeled
TPO,Phase 3,trial_heldout
TPP1,,unlabeled
TPP2,,unlabeled
TPPP,,unlabeled
TPPP2,,unlabeled
TPPP3,,unlabeled
TPR,,unlabeled
TPRA1,,unlabeled
TPRG1,,unlabeled
TPRG1L,,unlabeled
TPRKB,,unlabeled
TPRN,,unlabeled
TPRX1,,unlabeled
TPSAB1,,unlabeled
TPSB2,,unlabeled
TPSD1,,unlabeled
TPSG1,,unlabeled
TPST1,,unlabeled
TPST2,,unlabeled
TPT1,,unlabeled
TPTE,,unlabeled
TPTE2,,unlabeled
TPTEP2-CSNK1E,,unlabeled
TPX2,,unlabeled
TRA2A,,unlabeled
TRA2B,,unlabeled
TRABD,,unlabeled
TRABD2A,,unlabeled
TRABD2B,,unlabeled
TRAC,,unlabeled
TRADD,,unlabeled
TRAF1,,unlabeled
TRAF2,,unlabeled
TRAF3,,unlabeled
IFT54,,unlabeled
TRAF3IP2,Approved,P
TRAF3IP3,,unlabeled
TRAF4,,unlabeled
TRAF5,,unlabeled
TRAF6,,unlabeled
TRAF7,,unlabeled
TRAFD1,,unlabeled
TRAIP,,unlabeled
TRAJ1,,unlabeled
TRAJ10,,unlabeled
TRAJ11,,unlabeled
TRAJ12,,unlabeled
TRAJ13,,unlabeled
TRAJ14,,unlabeled
TRAJ16,,unlabeled
TRAJ17,,unlabeled
TRAJ18,,unlabeled
TRAJ19,,unlabeled
TRAJ2,,unlabeled
TRAJ20,,unlabeled
TRAJ21,,unlabeled
TRAJ22,,unlabeled
TRAJ23,,unlabeled
TRAJ24,,unlabeled
TRAJ25,,unlabeled
TRAJ26,,unlabeled
TRAJ27,,unlabeled
TRAJ28,,unlabeled
TRAJ29,,unlabeled
TRAJ3,,unlabeled
TRAJ30,,unlabeled
TRAJ31,,unlabeled
TRAJ32,,unlabeled
TRAJ33,,unlabeled
TRAJ34,,unlabeled
TRAJ35,,unlabeled
TRAJ36,,unlabeled
TRAJ37,,unlabeled
TRAJ38,,unlabeled
TRAJ39,,unlabeled
TRAJ4,,unlabeled
TRAJ40,,unlabeled
TRAJ41,,unlabeled
TRAJ42,,unlabeled
TRAJ43,,unlabeled
TRAJ44,,unlabeled
TRAJ45,,unlabeled
TRAJ46,,unlabeled
TRAJ47,,unlabeled
TRAJ48,,unlabeled
TRAJ49,,unlabeled
TRAJ5,,unlabeled
TRAJ50,,unlabeled
TRAJ52,,unlabeled
TRAJ53,,unlabeled
TRAJ54,,unlabeled
TRAJ56,,unlabeled
TRAJ57,,unlabeled
TRAJ58,,unlabeled
TRAJ59,,unlabeled
TRAJ6,,unlabeled
TRAJ61,,unlabeled
TRAJ7,,unlabeled
TRAJ9,,unlabeled
TRAK1,,unlabeled
TRAK2,,unlabeled
TRAM1,,unlabeled
TRAM1L1,,unlabeled
TRAM2,,unlabeled
TRANK1,,unlabeled
TRAP1,,unlabeled
TRAPPC1,,unlabeled
TRAPPC10,,unlabeled
TRAPPC11,,unlabeled
TRAPPC12,,unlabeled
TRAPPC13,,unlabeled
TRAPPC14,,unlabeled
TRAPPC2,,unlabeled
TRAPPC2B,,unlabeled
TRAPPC2L,,unlabeled
TRAPPC3,,unlabeled
TRAPPC3L,,unlabeled
TRAPPC4,,unlabeled
TRAPPC5,,unlabeled
TRAPPC6A,,unlabeled
TRAPPC6B,,unlabeled
TRAPPC8,,unlabeled
TRAPPC9,,unlabeled
TRARG1,,unlabeled
TRAT1,,unlabeled
TRAV1-1,,unlabeled
TRAV1-2,,unlabeled
TRAV10,,unlabeled
TRAV12-1,,unlabeled
TRAV12-2,,unlabeled
TRAV12-3,,unlabeled
TRAV13-1,,unlabeled
TRAV13-2,,unlabeled
TRAV14DV4,,unlabeled
TRAV16,,unlabeled
TRAV17,,unlabeled
TRAV18,,unlabeled
TRAV19,,unlabeled
TRAV2,,unlabeled
TRAV20,,unlabeled
TRAV21,,unlabeled
TRAV22,,unlabeled
TRAV23DV6,,unlabeled
TRAV24,,unlabeled
TRAV25,,unlabeled
TRAV26-1,,unlabeled
TRAV26-2,,unlabeled
TRAV27,,unlabeled
TRAV29DV5,Phase 2,trial_heldout
TRAV3,,unlabeled
TRAV30,,unlabeled
TRAV34,,unlabeled
TRAV36DV7,,unlabeled
TRAV38-1,,unlabeled
TRAV38-2DV8,,unlabeled
TRAV39,,unlabeled
TRAV4,,unlabeled
TRAV40,,unlabeled
TRAV41,,unlabeled
TRAV5,,unlabeled
TRAV6,,unlabeled
TRAV7,,unlabeled
TRAV8-1,,unlabeled
TRAV8-2,,unlabeled
TRAV8-3,,unlabeled
TRAV8-4,,unlabeled
TRAV8-6,,unlabeled
TRAV8-7,,unlabeled
TRAV9-1,,unlabeled
TRAV9-2,,unlabeled
TRBC1,,unlabeled
TRBC2,,unlabeled
TRBJ2-1,,unlabeled
TRBJ2-2,,unlabeled
TRBJ2-2P,,unlabeled
TRBJ2-3,,unlabeled
TRBJ2-4,,unlabeled
TRBJ2-5,,unlabeled
TRBJ2-6,,unlabeled
TRBJ2-7,,unlabeled
TRBV10-1,,unlabeled
TRBV10-2,,unlabeled
TRBV10-3,,unlabeled
TRBV11-1,,unlabeled
TRBV11-3,,unlabeled
TRBV19,,unlabeled
TRBV2,,unlabeled
TRBV20-1,,unlabeled
TRBV20OR9-2,,unlabeled
TRBV23-1,,unlabeled
TRBV24-1,,unlabeled
TRBV25-1,,unlabeled
TRBV27,,unlabeled
TRBV28,,unlabeled
TRBV29-1,,unlabeled
TRBV3-1,,unlabeled
TRBV30,,unlabeled
TRBV4-1,,unlabeled
TRBV4-2,,unlabeled
TRBV5-1,,unlabeled
TRBV5-3,,unlabeled
TRBV5-4,,unlabeled
TRBV5-5,,unlabeled
TRBV5-6,,unlabeled
TRBV5-7,,unlabeled
TRBV6-1,,unlabeled
TRBV6-2,,unlabeled
TRBV6-4,,unlabeled
TRBV6-5,,unlabeled
TRBV6-6,,unlabeled
TRBV6-7,,unlabeled
TRBV6-8,,unlabeled
TRBV7-1,,unlabeled
TRBV7-2,,unlabeled
TRBV7-3,,unlabeled
TRBV7-4,,unlabeled
TRBV7-6,,unlabeled
TRBV7-7,,unlabeled
TRBV7-9,Phase 2,trial_heldout
TRBV9,,unlabeled
TRDC,,unlabeled
TRDD1,,unlabeled
TRDD2,,unlabeled
TRDD3,,unlabeled
TRDJ1,,unlabeled
TRDJ2,,unlabeled
TRDJ3,,unlabeled
TRDJ4,,unlabeled
TRDMT1,,unlabeled
TRDN,,unlabeled
TRDV1,,unlabeled
TRDV2,,unlabeled
TRDV3,,unlabeled
TREH,,unlabeled
TREM1,,unlabeled
TREM2,,unlabeled
TREML1,,unlabeled
TREML2,,unlabeled
TREML4,,unlabeled
TRERF1,,unlabeled
TREX1,,unlabeled
TREX2,,unlabeled
TRGC1,,unlabeled
TRGC2,,unlabeled
TRGJ1,,unlabeled
TRGJ2,,unlabeled
TRGJP,,unlabeled
TRGJP1,,unlabeled
TRGJP2,,unlabeled
TRGV1,,unlabeled
TRGV10,,unlabeled
TRGV11,,unlabeled
TRGV2,,unlabeled
TRGV3,Phase 2,trial_heldout
TRGV4,,unlabeled
TRGV5,,unlabeled
TRGV8,,unlabeled
TRGV9,,unlabeled
TRH,,unlabeled
TRHDE,,unlabeled
TRHR,,unlabeled
TRIAP1,,unlabeled
TRIB1,,unlabeled
TRIB2,,unlabeled
TRIB3,,unlabeled
TRIL,,unlabeled
TRIM10,,unlabeled
TRIM11,,unlabeled
TRIM13,,unlabeled
TRIM14,,unlabeled
TRIM15,,unlabeled
TRIM16,,unlabeled
TRIM17,,unlabeled
TRIM2,,unlabeled
TRIM21,,unlabeled
TRIM22,,unlabeled
TRIM23,,unlabeled
TRIM24,,unlabeled
TRIM25,,unlabeled
TRIM26,,unlabeled
TRIM27,,unlabeled
TRIM28,,unlabeled
TRIM29,,unlabeled
TRIM3,,unlabeled
TRIM31,,unlabeled
TRIM32,,unlabeled
TRIM33,,unlabeled
TRIM34,,unlabeled
TRIM35,,unlabeled
TRIM36,,unlabeled
TRIM37,,unlabeled
TRIM38,,unlabeled
TRIM39,,unlabeled
TRIM39-RPP21,,unlabeled
TRIM4,,unlabeled
TRIM40,,unlabeled
TRIM41,,unlabeled
TRIM42,,unlabeled
TRIM43,,unlabeled
TRIM43B,,unlabeled
TRIM44,,unlabeled
TRIM45,,unlabeled
TRIM46,,unlabeled
TRIM47,,unlabeled
TRIM48,,unlabeled
TRIM49,,unlabeled
TRIM49B,,unlabeled
TRIM49C,,unlabeled
TRIM49D1,,unlabeled
TRIM49D2,,unlabeled
TRIM5,,unlabeled
TRIM50,,unlabeled
TRIM51,,unlabeled
TRIM51G,,unlabeled
TRIM52,,unlabeled
TRIM54,,unlabeled
TRIM55,,unlabeled
TRIM56,,unlabeled
TRIM58,,unlabeled
TRIM59,,unlabeled
TRIM6,,unlabeled
TRIM6-TRIM34,,unlabeled
TRIM60,,unlabeled
TRIM61,,unlabeled
TRIM62,,unlabeled
TRIM63,,unlabeled
TRIM64,,unlabeled
TRIM64B,,unlabeled
TRIM64C,,unlabeled
TRIM65,,unlabeled
TRIM66,,unlabeled
TRIM67,,unlabeled
TRIM68,,unlabeled
TRIM69,,unlabeled
TRIM7,,unlabeled
TRIM71,,unlabeled
TRIM72,,unlabeled
TRIM73,,unlabeled
TRIM74,,unlabeled
TRIM75,,unlabeled
TRIM77,,unlabeled
TRIM8,,unlabeled
TRIM9,,unlabeled
TRIML1,,unlabeled
TRIML2,,unlabeled
TRIO,,unlabeled
TRIOBP,,unlabeled
TRIP10,,unlabeled
TRIP11,,unlabeled
TRIP12,,unlabeled
TRIP13,,unlabeled
TRIP4,,unlabeled
TRIP6,,unlabeled
TRIQK,,unlabeled
TRIR,,unlabeled
TRIT1,,unlabeled
TRMO,,unlabeled
TRMT1,,unlabeled
TRMT10A,,unlabeled
TRMT10B,,unlabeled
TRMT10C,,unlabeled
TRMT11,,unlabeled
TRMT112,,unlabeled
TYW2,,unlabeled
TRMT13,,unlabeled
TRMT1L,,unlabeled
TRMT2A,,unlabeled
TRMT2B,,unlabeled
TRMT44,,unlabeled
TRMT5,,unlabeled
TRMT6,,unlabeled
TRMT61A,,unlabeled
TRMT61B,,unlabeled
TRMT9B,,unlabeled
TRMU,,unlabeled
TRNAU1AP,,unlabeled
TRNP1,,unlabeled
TRNT1,,unlabeled
TRO,,unlabeled
TROAP,,unlabeled
TRPA1,Approved,P
TRPC1,,unlabeled
TRPC3,,unlabeled
TRPC4,,unlabeled
TRPC4AP,,unlabeled
TRPC5,,unlabeled
TRPC5OS,,unlabeled
TRPC6,,unlabeled
TRPC7,,unlabeled
TRPM1,,unlabeled
TRPM2,,unlabeled
TRPM3,,unlabeled
TRPM4,,unlabeled
TRPM5,,unlabeled
TRPM6,,unlabeled
TRPM7,,unlabeled
TRPM8,Approved,P
TRPS1,,unlabeled
TRPT1,,unlabeled
TRPV1,Approved,P
TRPV2,,unlabeled
TRPV3,Phase 1,trial_heldout
TRPV4,,unlabeled
TRPV5,,unlabeled
TRPV6,,unlabeled
TRRAP,,unlabeled
TRUB1,,unlabeled
TRUB2,,unlabeled
TSACC,,unlabeled
TSBP1,,unlabeled
TSC1,,unlabeled
TSC2,,unlabeled
TSC22D1,,unlabeled
TSC22D2,,unlabeled
TSC22D3,,unlabeled
TSC22D4,,unlabeled
TSEN15,,unlabeled
TSEN2,,unlabeled
TSEN34,,unlabeled
TSEN54,,unlabeled
TSFM,,unlabeled
TSG101,,unlabeled
TSGA10,,unlabeled
TSGA10IP,,unlabeled
TSGA13,,unlabeled
TSHB,,unlabeled
TSHR,,unlabeled
TSHZ1,,unlabeled
TSHZ2,,unlabeled
TSHZ3,,unlabeled
TSKS,,unlabeled
TSKU,,unlabeled
TSLP,Phase 2,trial_heldout
TSN,,unlabeled
TSNARE1,,unlabeled
TSNAX,,unlabeled
TSNAX-DISC1,,unlabeled
TSNAXIP1,,unlabeled
TSPAN1,,unlabeled
TSPAN10,,unlabeled
TSPAN11,,unlabeled
TSPAN12,,unlabeled
TSPAN13,,unlabeled
TSPAN14,,unlabeled
TSPAN15,,unlabeled
TSPAN16,,unlabeled
TSPAN17,,unlabeled
TSPAN18,,unlabeled
TSPAN19,,unlabeled
TSPAN2,,unlabeled
TSPAN3,,unlabeled
TSPAN31,,unlabeled
TSPAN32,,unlabeled
TSPAN33,,unlabeled
TSPAN4,,unlabeled
TSPAN5,,unlabeled
TSPAN6,,unlabeled
TSPAN7,,unlabeled
TSPAN8,,unlabeled
TSPAN9,,unlabeled
TSPEAR,,unlabeled
TSPO,Unknown,unlabeled
TSPO2,,unlabeled
TSPOAP1,,unlabeled
TSPY1,,unlabeled
TSPY10,,unlabeled
TSPY2,,unlabeled
TSPY3,,unlabeled
TSPY4,,unlabeled
TSPY8,,unlabeled
TSPY9,,unlabeled
TSPYL1,,unlabeled
TSPYL2,,unlabeled
TSPYL4,,unlabeled
TSPYL5,,unlabeled
TSPYL6,,unlabeled
TSR1,,unlabeled
TSR2,,unlabeled
TSR3,,unlabeled
TSSC4,,unlabeled
TSSK1B,,unlabeled
TSSK2,,unlabeled
TSSK3,,unlabeled
TSSK4,,unlabeled
TSSK6,,unlabeled
TST,,unlabeled
TSTD1,,unlabeled
TSTD2,,unlabeled
TSTD3P,,unlabeled
TTBK1,,unlabeled
TTBK2,,unlabeled
TTC1,,unlabeled
TTC12,,unlabeled
TTC13,,unlabeled
TTC14,,unlabeled
TTC16,,unlabeled
TTC17,,unlabeled
TTC19,,unlabeled
TTC21A,,unlabeled
TTC21B,,unlabeled
TTC22,,unlabeled
TTC23,,unlabeled
TTC23L,,unlabeled
TTC24,,unlabeled
IFT56,,unlabeled
TTC27,,unlabeled
TTC28,,unlabeled
TTC29,,unlabeled
TTC3,,unlabeled
IFT70A,,unlabeled
IFT70B,,unlabeled
TTC31,,unlabeled
TTC32,,unlabeled
TTC33,,unlabeled
TTC34,,unlabeled
TTC36,,unlabeled
SKIC3,,unlabeled
TTC38,,unlabeled
TTC39A,,unlabeled
TTC39B,,unlabeled
TTC39C,,unlabeled
TTC4,,unlabeled
TTC5,,unlabeled
TTC6,,unlabeled
TTC7A,,unlabeled
TTC7B,,unlabeled
TTC8,,unlabeled
TTC9,,unlabeled
TTC9B,,unlabeled
TTC9C,,unlabeled
TTF1,,unlabeled
TTF2,,unlabeled
TTI1,,unlabeled
TTI2,,unlabeled
TTK,,unlabeled
TTL,,unlabeled
TTLL1,,unlabeled
TTLL10,,unlabeled
TTLL11,,unlabeled
TTLL12,,unlabeled
TTLL13,,unlabeled
TTLL2,,unlabeled
TTLL3,,unlabeled
TTLL4,,unlabeled
TTLL5,,unlabeled
TTLL6,,unlabeled
TTLL7,,unlabeled
TTLL8,,unlabeled
TTLL9,,unlabeled
TTN,,unlabeled
TTPA,,unlabeled
TTPAL,,unlabeled
TTR,,unlabeled
TTYH1,,unlabeled
TTYH2,,unlabeled
TTYH3,,unlabeled
TUB,,unlabeled
TUBA1A,Approved,P
TUBA1B,Approved,P
TUBA1C,Approved,P
TUBA3C,Approved,P
TUBA3D,,unlabeled
TUBA3E,Approved,P
TUBA4A,Approved,P
TUBA4B,,unlabeled
TUBA8,,unlabeled
TUBAL3,,unlabeled
TUBB,Approved,P
TUBB1,Approved,P
TUBB2A,Approved,P
TUBB2B,Approved,P
TUBB3,Approved,P
TUBB4A,Approved,P
TUBB4B,Approved,P
TUBB6,Approved,P
TUBB8,Approved,P
TUBB8B,,unlabeled
TUBD1,,unlabeled
TUBE1,,unlabeled
TUBG1,,unlabeled
TUBG2,,unlabeled
TUBGCP2,,unlabeled
TUBGCP3,,unlabeled
TUBGCP4,,unlabeled
TUBGCP5,,unlabeled
TUBGCP6,,unlabeled
TUFM,,unlabeled
TUFT1,,unlabeled
TULP1,,unlabeled
TULP2,,unlabeled
TULP3,,unlabeled
TULP4,,unlabeled
TUSC1,,unlabeled
TUSC2,,unlabeled
TUSC3,,unlabeled
TUT1,,unlabeled
TUT4,,unlabeled
TUT7,,unlabeled
TVP23A,,unlabeled
TVP23B,,unlabeled
TVP23C,,unlabeled
TVP23C-CDRT4,,unlabeled
TWF1,,unlabeled
TWF2,,unlabeled
TWIST1,,unlabeled
TWIST2,,unlabeled
TWNK,,unlabeled
TWSG1,,unlabeled
TXK,Phase 3,trial_heldout
TXLNA,,unlabeled
TXLNB,,unlabeled
TXLNG,,unlabeled
TXN,,unlabeled
TXN2,,unlabeled
TXNDC11,,unlabeled
TXNDC12,,unlabeled
TXNDC15,,unlabeled
TXNDC16,,unlabeled
TXNDC17,,unlabeled
TXNDC2,,unlabeled
TXNDC5,,unlabeled
TXNDC8,,unlabeled
TXNDC9,,unlabeled
TXNIP,,unlabeled
TXNL1,,unlabeled
TXNL4A,,unlabeled
TXNL4B,,unlabeled
TXNRD1,Approved,P
TXNRD2,,unlabeled
TXNRD3,,unlabeled
TYK2,Approved,P
TYMP,,unlabeled
TYMS,Phase 3,trial_heldout
TYR,Approved,P
TYRO3,,unlabeled
TYROBP,,unlabeled
TYRP1,,unlabeled
TYSND1,,unlabeled
TYW1,,unlabeled
TYW1B,,unlabeled
TYW3,,unlabeled
TYW5,,unlabeled
U2AF1,,unlabeled
U2AF1L4,,unlabeled
U2AF1L5,,unlabeled
U2AF2,,unlabeled
U2SURP,,unlabeled
UACA,,unlabeled
UAP1,,unlabeled
UAP1L1,,unlabeled
UBA1,,unlabeled
UBA2,,unlabeled
UBA3,Phase 3,trial_heldout
UBA5,,unlabeled
UBA52,,unlabeled
UBA6,,unlabeled
UBA7,,unlabeled
UBAC1,,unlabeled
UBAC2,,unlabeled
UBALD1,,unlabeled
UBALD2,,unlabeled
UBAP1,,unlabeled
UBAP1L,,unlabeled
UBAP2,,unlabeled
UBAP2L,,unlabeled
UBASH3A,,unlabeled
UBASH3B,,unlabeled
UBB,,unlabeled
UBC,,unlabeled
UBD,,unlabeled
UBE2A,,unlabeled
UBE2B,,unlabeled
UBE2C,,unlabeled
UBE2D1,,unlabeled
UBE2D2,,unlabeled
UBE2D3,,unlabeled
UBE2D4,,unlabeled
UBE2E1,,unlabeled
UBE2E2,,unlabeled
UBE2E3,,unlabeled
UBE2F,,unlabeled
UBE2F-SCLY,,unlabeled
UBE2G1,,unlabeled
UBE2G2,,unlabeled
UBE2H,,unlabeled
UBE2I,,unlabeled
UBE2J1,,unlabeled
UBE2J2,,unlabeled
UBE2K,,unlabeled
UBE2L3,,unlabeled
UBE2L5,,unlabeled
UBE2L6,,unlabeled
UBE2M,,unlabeled
UBE2N,,unlabeled
UBE2NL,,unlabeled
UBE2O,,unlabeled
UBE2Q1,,unlabeled
UBE2Q2,,unlabeled
UBE2QL1,,unlabeled
UBE2R2,,unlabeled
UBE2S,,unlabeled
UBE2T,,unlabeled
UBE2U,,unlabeled
UBE2V1,,unlabeled
UBE2V2,,unlabeled
UBE2W,,unlabeled
UBE2Z,,unlabeled
UBE3A,,unlabeled
UBE3B,,unlabeled
UBE3C,,unlabeled
UBE3D,,unlabeled
UBE4A,,unlabeled
UBE4B,,unlabeled
UBFD1,,unlabeled
UBIAD1,,unlabeled
UBL3,,unlabeled
UBL4A,,unlabeled
UBL4B,,unlabeled
UBL5,,unlabeled
UBL7,,unlabeled
UBLCP1,,unlabeled
UBN1,,unlabeled
UBN2,,unlabeled
UBOX5,,unlabeled
UBP1,,unlabeled
UBQLN1,,unlabeled
UBQLN2,,unlabeled
UBQLN3,,unlabeled
UBQLN4,,unlabeled
UBQLNL,,unlabeled
UBR1,,unlabeled
UBR2,,unlabeled
UBR3,,unlabeled
UBR4,,unlabeled
UBR5,,unlabeled
UBR7,,unlabeled
UBTD1,,unlabeled
UBTD2,,unlabeled
UBTF,,unlabeled
UBTFL1,,unlabeled
UBXN1,,unlabeled
UBXN10,,unlabeled
UBXN11,,unlabeled
UBXN2A,,unlabeled
UBXN2B,,unlabeled
UBXN4,,unlabeled
UBXN6,,unlabeled
UBXN7,,unlabeled
UBXN8,,unlabeled
UCHL1,,unlabeled
UCHL3,,unlabeled
UCHL5,,unlabeled
UCK1,,unlabeled
UCK2,,unlabeled
UCKL1,,unlabeled
UCMA,,unlabeled
UCN,,unlabeled
UCN2,,unlabeled
UCN3,,unlabeled
UCP1,,unlabeled
UCP2,,unlabeled
UCP3,,unlabeled
UEVLD,,unlabeled
UFC1,,unlabeled
UFD1,,unlabeled
UFL1,,unlabeled
UFM1,,unlabeled
UFSP1,,unlabeled
UFSP2,,unlabeled
UGCG,Approved,P
UGDH,,unlabeled
UGGT1,,unlabeled
UGGT2,,unlabeled
UGP2,,unlabeled
UGT1A1,,unlabeled
UGT1A10,,unlabeled
UGT1A3,,unlabeled
UGT1A4,,unlabeled
UGT1A5,,unlabeled
UGT1A6,,unlabeled
UGT1A7,,unlabeled
UGT1A8,,unlabeled
UGT1A9,,unlabeled
UGT2A1,,unlabeled
UGT2A2,,unlabeled
UGT2A3,,unlabeled
UGT2B10,,unlabeled
UGT2B11,,unlabeled
UGT2B15,,unlabeled
UGT2B17,,unlabeled
UGT2B28,,unlabeled
UGT2B4,,unlabeled
UGT2B7,,unlabeled
UGT3A1,,unlabeled
UGT3A2,,unlabeled
UGT8,,unlabeled
UHMK1,,unlabeled
UHRF1,,unlabeled
BLTP3A,,unlabeled
BLTP3B,,unlabeled
UHRF2,,unlabeled
UIMC1,,unlabeled
ULBP1,,unlabeled
ULBP2,,unlabeled
ULBP3,,unlabeled
ULK1,,unlabeled
ULK2,,unlabeled
ULK3,,unlabeled
ULK4,,unlabeled
UMAD1,,unlabeled
UMOD,,unlabeled
UMODL1,,unlabeled
UMPS,Approved,P
UNC119,,unlabeled
UNC119B,,unlabeled
UNC13A,,unlabeled
UNC13B,,unlabeled
UNC13C,,unlabeled
UNC13D,,unlabeled
UNC45A,,unlabeled
UNC45B,,unlabeled
UNC50,,unlabeled
UNC5A,,unlabeled
UNC5B,,unlabeled
UNC5C,,unlabeled
UNC5CL,,unlabeled
UNC5D,,unlabeled
UNC79,,unlabeled
UNC80,,unlabeled
UNC93A,,unlabeled
UNC93B1,,unlabeled
UNCX,,unlabeled
UNG,,unlabeled
UNK,,unlabeled
UNKL,,unlabeled
UPB1,,unlabeled
UPF1,,unlabeled
UPF2,,unlabeled
UPF3A,,unlabeled
UPF3B,,unlabeled
UPK1A,,unlabeled
UPK1B,,unlabeled
UPK2,,unlabeled
UPK3A,,unlabeled
UPK3B,,unlabeled
UPK3BL1,,unlabeled
UPK3BL2,,unlabeled
UPP1,,unlabeled
UPP2,,unlabeled
UPRT,,unlabeled
UQCC1,,unlabeled
UQCC2,,unlabeled
UQCC3,,unlabeled
UQCR10,,unlabeled
UQCR11,,unlabeled
UQCRB,,unlabeled
UQCRC1,,unlabeled
UQCRC2,,unlabeled
UQCRFS1,,unlabeled
UQCRH,,unlabeled
UQCRHL,,unlabeled
UQCRQ,,unlabeled
URAD,,unlabeled
URB1,,unlabeled
URB2,,unlabeled
URGCP,,unlabeled
URGCP-MRPS24,,unlabeled
URI1,,unlabeled
URM1,,unlabeled
UROC1,,unlabeled
UROD,,unlabeled
UROS,,unlabeled
USB1,,unlabeled
USE1,,unlabeled
USF1,,unlabeled
USF2,,unlabeled
USF3,,unlabeled
USH1C,,unlabeled
USH1G,,unlabeled
USH2A,,unlabeled
USHBP1,,unlabeled
USO1,,unlabeled
USP1,,unlabeled
USP10,,unlabeled
USP11,,unlabeled
USP12,,unlabeled
USP13,,unlabeled
USP14,,unlabeled
USP15,,unlabeled
USP16,,unlabeled
USP17L1,,unlabeled
USP17L10,,unlabeled
USP17L11,,unlabeled
USP17L17,,unlabeled
USP17L18,,unlabeled
USP17L2,,unlabeled
USP17L22,,unlabeled
USP17L23,,unlabeled
USP17L4,,unlabeled
USP17L7,,unlabeled
USP17L8,,unlabeled
USP18,,unlabeled
USP19,,unlabeled
USP2,,unlabeled
USP20,,unlabeled
USP21,,unlabeled
USP22,,unlabeled
USP24,,unlabeled
USP25,,unlabeled
USP26,,unlabeled
USP27X,,unlabeled
USP28,,unlabeled
USP29,,unlabeled
USP3,,unlabeled
USP30,,unlabeled
USP31,,unlabeled
USP32,,unlabeled
USP33,,unlabeled
USP34,,unlabeled
USP35,,unlabeled
USP36,,unlabeled
USP37,,unlabeled
USP38,,unlabeled
USP39,,unlabeled
USP4,,unlabeled
USP40,,unlabeled
USP41P,,unlabeled
USP42,,unlabeled
USP43,,unlabeled
USP44,,unlabeled
USP45,,unlabeled
USP46,,unlabeled
USP47,,unlabeled
USP48,,unlabeled
USP49,,unlabeled
USP5,,unlabeled
USP50,,unlabeled
USP51,,unlabeled
USP53,,unlabeled
USP54,,unlabeled
USP6,,unlabeled
USP6NL,,unlabeled
USP7,,unlabeled
USP8,,unlabeled
USP9X,,unlabeled
USP9Y,,unlabeled
USPL1,,unlabeled
UST,,unlabeled
UTF1,,unlabeled
UTP11,,unlabeled
UTP14A,,unlabeled
UTP14C,,unlabeled
UTP15,,unlabeled
UTP18,,unlabeled
UTP20,,unlabeled
UTP23,,unlabeled
UTP25,,unlabeled
UTP3,,unlabeled
UTP4,,unlabeled
UTP6,,unlabeled
UTRN,,unlabeled
UTS2,,unlabeled
UTS2B,,unlabeled
UTS2R,,unlabeled
UTY,,unlabeled
UVRAG,,unlabeled
UVSSA,,unlabeled
UXS1,,unlabeled
UXT,,unlabeled
VAC14,,unlabeled
VAMP1,,unlabeled
VAMP2,,unlabeled
VAMP3,,unlabeled
VAMP4,,unlabeled
VAMP5,,unlabeled
VAMP7,,unlabeled
VAMP8,,unlabeled
VANGL1,,unlabeled
VANGL2,,unlabeled
VAPA,,unlabeled
VAPB,,unlabeled
VARS1,,unlabeled
VARS2,,unlabeled
VASH1,,unlabeled
VASH2,,unlabeled
VASN,,unlabeled
VASP,,unlabeled
VAT1,,unlabeled
VAT1L,,unlabeled
VAV1,,unlabeled
VAV2,,unlabeled
VAV3,,unlabeled
VAX1,,unlabeled
VAX2,,unlabeled
VBP1,,unlabeled
VCAM1,,unlabeled
VCAN,,unlabeled
VCL,,unlabeled
VCP,,unlabeled
VCPIP1,,unlabeled
VCPKMT,,unlabeled
VCX,,unlabeled
VCX2,,unlabeled
VCX3A,,unlabeled
VCX3B,,unlabeled
VDAC1,,unlabeled
VDAC2,,unlabeled
VDAC3,,unlabeled
VDR,Approved,P
VEGFA,Phase 3,trial_heldout
VEGFB,,unlabeled
VEGFC,,unlabeled
VEGFD,,unlabeled
VENTX,,unlabeled
VEPH1,,unlabeled
VEZF1,,unlabeled
VEZT,,unlabeled
VGF,,unlabeled
VGLL1,,unlabeled
VGLL2,,unlabeled
VGLL3,,unlabeled
VGLL4,,unlabeled
VHL,,unlabeled
VHLL,,unlabeled
VIL1,,unlabeled
VILL,,unlabeled
VIM,,unlabeled
VIP,,unlabeled
VIPAS39,,unlabeled
VIPR1,,unlabeled
VIPR2,,unlabeled
VIRMA,,unlabeled
VIT,,unlabeled
VKORC1,Phase 1,trial_heldout
VKORC1L1,,unlabeled
VLDLR,,unlabeled
VMA21,,unlabeled
VMAC,,unlabeled
VMO1,,unlabeled
VMP1,,unlabeled
VN1R1,,unlabeled
VN1R2,,unlabeled
VN1R4,,unlabeled
VN1R5,,unlabeled
VNN1,,unlabeled
VNN2,,unlabeled
VNN3P,,unlabeled
VOPP1,,unlabeled
VPREB1,,unlabeled
VPREB3,,unlabeled
VPS11,,unlabeled
VPS13A,,unlabeled
VPS13B,,unlabeled
VPS13C,,unlabeled
VPS13D,,unlabeled
VPS16,,unlabeled
VPS18,,unlabeled
VPS25,,unlabeled
VPS26A,,unlabeled
VPS26B,,unlabeled
VPS26C,,unlabeled
VPS28,,unlabeled
VPS29,,unlabeled
VPS33A,,unlabeled
VPS33B,,unlabeled
VPS35,,unlabeled
VPS35L,,unlabeled
VPS36,,unlabeled
VPS37A,,unlabeled
VPS37B,,unlabeled
VPS37C,,unlabeled
VPS37D,,unlabeled
VPS39,,unlabeled
VPS41,,unlabeled
VPS45,,unlabeled
VPS4A,,unlabeled
VPS4B,,unlabeled
VPS50,,unlabeled
VPS51,,unlabeled
VPS52,,unlabeled
VPS53,,unlabeled
VPS54,,unlabeled
VPS72,,unlabeled
VPS8,,unlabeled
VPS9D1,,unlabeled
VRK1,,unlabeled
VRK2,,unlabeled
VRK3,,unlabeled
VRTN,,unlabeled
VSIG1,,unlabeled
VSIG10,,unlabeled
VSIG10L,,unlabeled
VSIG10L2,,unlabeled
VSIG2,,unlabeled
VSIG4,,unlabeled
VSIG8,,unlabeled
VSIR,,unlabeled
VSNL1,,unlabeled
VSTM1,,unlabeled
VSTM2A,,unlabeled
VSTM2B,,unlabeled
VSTM2L,,unlabeled
VSTM4,,unlabeled
VSTM5,,unlabeled
VSX1,,unlabeled
VSX2,,unlabeled
VTA1,,unlabeled
VTCN1,,unlabeled
VTI1A,,unlabeled
VTI1B,,unlabeled
VTN,,unlabeled
VWA1,,unlabeled
VWA2,,unlabeled
VWA3A,,unlabeled
VWA3B,,unlabeled
VWA5A,,unlabeled
VWA5B1,,unlabeled
VWA5B2,,unlabeled
VWA7,,unlabeled
VWA8,,unlabeled
VWC2,,unlabeled
VWC2L,,unlabeled
VWCE,,unlabeled
VWDE,,unlabeled
VWF,Approved,P
VXN,,unlabeled
WAC,,unlabeled
WAPL,,unlabeled
WARS1,,unlabeled
WARS2,,unlabeled
WAS,,unlabeled
WASF1,,unlabeled
WASF2,,unlabeled
WASF3,,unlabeled
WASH6P,,unlabeled
WASHC1,,unlabeled
WASHC2A,,unlabeled
WASHC2C,,unlabeled
WASHC3,,unlabeled
WASHC4,,unlabeled
WASHC5,,unlabeled
WASL,,unlabeled
WBP1,,unlabeled
WBP11,,unlabeled
WBP1L,,unlabeled
WBP2,,unlabeled
WBP2NL,,unlabeled
WBP4,,unlabeled
WDCP,,unlabeled
WDFY1,,unlabeled
WDFY2,,unlabeled
WDFY3,,unlabeled
WDFY4,,unlabeled
WDHD1,,unlabeled
WDPCP,,unlabeled
WDR1,,unlabeled
WDR11,,unlabeled
WDR12,,unlabeled
WDR13,,unlabeled
WDR17,,unlabeled
WDR18,,unlabeled
WDR19,,unlabeled
WDR20,,unlabeled
WDR24,,unlabeled
WDR25,,unlabeled
WDR26,,unlabeled
WDR27,,unlabeled
WDR3,,unlabeled
WDR31,,unlabeled
WDR33,,unlabeled
WDR35,,unlabeled
WDR36,,unlabeled
WDR37,,unlabeled
WDR38,,unlabeled
WDR4,,unlabeled
WDR41,,unlabeled
WDR43,,unlabeled
WDR44,,unlabeled
WDR45,,unlabeled
WDR45B,,unlabeled
WDR46,,unlabeled
WDR47,,unlabeled
WDR48,,unlabeled
WDR49,,unlabeled
WDR5,,unlabeled
WDR53,,unlabeled
WDR54,,unlabeled
WDR55,,unlabeled
WDR59,,unlabeled
WDR5B,,unlabeled
WDR6,,unlabeled
SKIC8,,unlabeled
WDR62,,unlabeled
WDR64,,unlabeled
WDR7,,unlabeled
WDR70,,unlabeled
WDR72,,unlabeled
WDR73,,unlabeled
WDR74,,unlabeled
WDR75,,unlabeled
WDR76,,unlabeled
WDR77,,unlabeled
WDR81,,unlabeled
WDR82,,unlabeled
WDR83,,unlabeled
WDR83OS,,unlabeled
WDR86,,unlabeled
WDR87,,unlabeled
WDR88,,unlabeled
WDR89,,unlabeled
WDR90,,unlabeled
WDR91,,unlabeled
WDR93,,unlabeled
WDR97,,unlabeled
WDSUB1,,unlabeled
WDTC1,,unlabeled
WEE1,Phase 2,trial_heldout
WEE2,,unlabeled
WFDC1,,unlabeled
WFDC10A,,unlabeled
WFDC10B,,unlabeled
WFDC11,,unlabeled
WFDC12,,unlabeled
WFDC13,,unlabeled
WFDC2,,unlabeled
WFDC3,,unlabeled
WFDC5,,unlabeled
WFDC6,,unlabeled
WFDC8,,unlabeled
WFDC9,,unlabeled
WFIKKN1,,unlabeled
WFIKKN2,,unlabeled
WFS1,,unlabeled
WHAMM,,unlabeled
WHRN,,unlabeled
WIF1,,unlabeled
WIPF1,,unlabeled
WIPF2,,unlabeled
WIPF3,,unlabeled
WIPI1,,unlabeled
WIPI2,,unlabeled
WIZ,,unlabeled
WLS,,unlabeled
WNK1,,unlabeled
WNK2,,unlabeled
WNK3,,unlabeled
WNK4,,unlabeled
WNT1,,unlabeled
WNT10A,,unlabeled
WNT10B,,unlabeled
WNT11,,unlabeled
WNT16,,unlabeled
WNT2,,unlabeled
WNT2B,,unlabeled
WNT3,,unlabeled
WNT3A,,unlabeled
WNT4,,unlabeled
WNT5A,,unlabeled
WNT5B,,unlabeled
WNT6,,unlabeled
WNT7A,,unlabeled
WNT7B,,unlabeled
WNT8A,,unlabeled
WNT8B,,unlabeled
WNT9A,,unlabeled
WNT9B,,unlabeled
WRAP53,,unlabeled
WRAP73,,unlabeled
WRN,,unlabeled
WRNIP1,,unlabeled
WSB1,,unlabeled
WSB2,,unlabeled
WSCD1,,unlabeled
WSCD2,,unlabeled
WT1,Phase 3,trial_heldout
WTAP,,unlabeled
WTIP,,unlabeled
WWC1,,unlabeled
WWC2,,unlabeled
WWC3,,unlabeled
WWOX,,unlabeled
WWP1,,unlabeled
WWP2,,unlabeled
WWTR1,,unlabeled
XAB2,,unlabeled
XAF1,,unlabeled
XAGE1B,,unlabeled
XAGE2,,unlabeled
XAGE3,,unlabeled
XAGE5,,unlabeled
XBP1,,unlabeled
XCL1,,unlabeled
XCL2,,unlabeled
XCR1,,unlabeled
XDH,Phase 3,trial_heldout
XG,,unlabeled
XIAP,,unlabeled
XIRP1,,unlabeled
XIRP2,,unlabeled
XK,,unlabeled
XKR3,,unlabeled
XKR4,,unlabeled
XKR5,,unlabeled
XKR6,,unlabeled
XKR7,,unlabeled
XKR8,,unlabeled
XKR9,,unlabeled
XKRX,,unlabeled
XPA,,unlabeled
XPC,,unlabeled
XPNPEP1,Phase 2,trial_heldout
XPNPEP2,Phase 2,trial_heldout
XPNPEP3,Phase 2,trial_heldout
XPO1,Approved,P
XPO4,,unlabeled
XPO5,,unlabeled
XPO6,,unlabeled
XPO7,,unlabeled
XPOT,,unlabeled
XPR1,,unlabeled
XRCC1,,unlabeled
XRCC2,,unlabeled
XRCC3,,unlabeled
XRCC4,,unlabeled
XRCC5,,unlabeled
XRCC6,,unlabeled
XRN1,,unlabeled
XRN2,,unlabeled
XRRA1,,unlabeled
XXYLT1,,unlabeled
XYLB,,unlabeled
XYLT1,,unlabeled
XYLT2,,unlabeled
YAE1,,unlabeled
YAF2,,unlabeled
YAP1,,unlabeled
YARS1,,unlabeled
YARS2,,unlabeled
YBEY,,unlabeled
YBX1,,unlabeled
YBX2,,unlabeled
YBX3,,unlabeled
YDJC,,unlabeled
YEATS2,,unlabeled
YEATS4,,unlabeled
YES1,Approved,P
YIF1A,,unlabeled
YIF1B,,unlabeled
YIPF1,,unlabeled
YIPF2,,unlabeled
YIPF3,,unlabeled
YIPF4,,unlabeled
YIPF5,,unlabeled
YIPF6,,unlabeled
YIPF7,,unlabeled
YJEFN3,,unlabeled
YJU2,,unlabeled
YJU2B,,unlabeled
YKT6,,unlabeled
YLPM1,,unlabeled
YME1L1,,unlabeled
YOD1,,unlabeled
YPEL1,,unlabeled
YPEL2,,unlabeled
YPEL3,,unlabeled
YPEL4,,unlabeled
YPEL5,,unlabeled
YRDC,,unlabeled
YTHDC1,,unlabeled
YTHDC2,,unlabeled
YTHDF1,,unlabeled
YTHDF2,,unlabeled
YTHDF3,,unlabeled
YWHAB,,unlabeled
YWHAE,,unlabeled
YWHAG,,unlabeled
YWHAH,,unlabeled
YWHAQ,,unlabeled
YWHAZ,,unlabeled
YY1,,unlabeled
YY1AP1,,unlabeled
YY2,,unlabeled
ZACN,,unlabeled
PTGR3,,unlabeled
ZAN,,unlabeled
ZAP70,,unlabeled
ZAR1,,unlabeled
ZAR1L,,unlabeled
ZBBX,,unlabeled
ZBED1,,unlabeled
ZBED2,,unlabeled
ZBED3,,unlabeled
ZBED4,,unlabeled
ZBED5,,unlabeled
ZBED6,,unlabeled
ZBED10P,,unlabeled
ZBED8,,unlabeled
SCAND3,,unlabeled
ZBP1,,unlabeled
ZBTB1,,unlabeled
ZBTB10,,unlabeled
ZBTB11,,unlabeled
ZBTB12,,unlabeled
ZBTB14,,unlabeled
ZBTB16,,unlabeled
ZBTB17,,unlabeled
ZBTB18,,unlabeled
ZBTB2,,unlabeled
ZBTB20,,unlabeled
ZBTB21,,unlabeled
ZBTB22,,unlabeled
ZBTB24,,unlabeled
ZBTB25,,unlabeled
ZBTB26,,unlabeled
ZBTB3,,unlabeled
ZBTB32,,unlabeled
ZBTB33,,unlabeled
ZBTB34,,unlabeled
ZBTB37,,unlabeled
ZBTB38,,unlabeled
ZBTB39,,unlabeled
ZBTB4,,unlabeled
ZBTB40,,unlabeled
ZBTB41,,unlabeled
ZBTB42,,unlabeled
ZBTB43,,unlabeled
ZBTB44,,unlabeled
ZBTB45,,unlabeled
ZBTB46,,unlabeled
ZBTB47,,unlabeled
ZBTB48,,unlabeled
ZBTB49,,unlabeled
ZBTB5,,unlabeled
ZBTB6,,unlabeled
ZBTB7A,,unlabeled
ZBTB7B,,unlabeled
ZBTB7C,,unlabeled
ZBTB8A,,unlabeled
ZBTB8B,,unlabeled
TSLIG1,,unlabeled
ZBTB9,,unlabeled
ZC2HC1A,,unlabeled
ZC2HC1B,,unlabeled
ZC2HC1C,,unlabeled
ZC3H10,,unlabeled
ZC3H11A,,unlabeled
ZC3H11B,,unlabeled
ZC3H12A,,unlabeled
ZC3H12B,,unlabeled
ZC3H12C,,unlabeled
ZC3H12D,,unlabeled
ZC3H13,,unlabeled
ZC3H14,,unlabeled
ZC3H15,,unlabeled
ZC3H18,,unlabeled
ZC3H3,,unlabeled
ZC3H4,,unlabeled
ZC3H6,,unlabeled
ZC3H7A,,unlabeled
ZC3H7B,,unlabeled
ZC3H8,,unlabeled
ZC3HAV1,,unlabeled
ZC3HAV1L,,unlabeled
ZC3HC1,,unlabeled
ZC4H2,,unlabeled
ZCCHC10,,unlabeled
ZCCHC12,,unlabeled
ZCCHC13,,unlabeled
ZCCHC14,,unlabeled
ZCCHC17,,unlabeled
ZCCHC18,,unlabeled
ZCCHC2,,unlabeled
ZCCHC24,,unlabeled
ZCCHC3,,unlabeled
ZCCHC4,,unlabeled
ZCCHC7,,unlabeled
ZCCHC8,,unlabeled
ZCCHC9,,unlabeled
ZCRB1,,unlabeled
ZCWPW1,,unlabeled
ZCWPW2,,unlabeled
ZDBF2,,unlabeled
ZDHHC1,,unlabeled
ZDHHC11,,unlabeled
ZDHHC11B,,unlabeled
ZDHHC12,,unlabeled
ZDHHC13,,unlabeled
ZDHHC14,,unlabeled
ZDHHC15,,unlabeled
ZDHHC16,,unlabeled
ZDHHC17,,unlabeled
ZDHHC18,,unlabeled
ZDHHC19,,unlabeled
ZDHHC2,,unlabeled
ZDHHC20,,unlabeled
ZDHHC21,,unlabeled
ZDHHC22,,unlabeled
ZDHHC23,,unlabeled
ZDHHC24,,unlabeled
ZDHHC3,,unlabeled
ZDHHC4,,unlabeled
ZDHHC5,,unlabeled
ZDHHC6,,unlabeled
ZDHHC7,,unlabeled
ZDHHC8,,unlabeled
ZDHHC9,,unlabeled
ZEB1,,unlabeled
ZEB2,,unlabeled
ZER1,,unlabeled
ZFAND1,,unlabeled
ZFAND2A,,unlabeled
ZFAND2B,,unlabeled
ZFAND3,,unlabeled
ZFAND4,,unlabeled
ZFAND5,,unlabeled
ZFAND6,,unlabeled
ZFAT,,unlabeled
ZFC3H1,,unlabeled
ZFHX2,,unlabeled
ZFHX3,,unlabeled
ZFHX4,,unlabeled
ZFP1,,unlabeled
ZFP14,,unlabeled
ZFP2,,unlabeled
ZFP28,,unlabeled
ZFP3,,unlabeled
ZFP30,,unlabeled
ZFP36,,unlabeled
ZFP36L1,,unlabeled
ZFP36L2,,unlabeled
ZFP37,,unlabeled
ZFP41,,unlabeled
ZFP42,,unlabeled
ZFP57,,unlabeled
ZFP62,,unlabeled
ZFP64,,unlabeled
ZFP69,,unlabeled
ZFP69B,,unlabeled
ZFP82,,unlabeled
ZFP90,,unlabeled
ZFP91,,unlabeled
ZFP91-CNTF,,unlabeled
ZFP92,,unlabeled
ZFPL1,,unlabeled
ZFPM1,,unlabeled
ZFPM2,,unlabeled
ZFR,,unlabeled
ZFR2,,unlabeled
ZFTA,,unlabeled
ZFX,,unlabeled
ZFY,,unlabeled
ZFYVE1,,unlabeled
ZFYVE16,,unlabeled
ZFYVE19,,unlabeled
ZFYVE21,,unlabeled
ZFYVE26,,unlabeled
ZFYVE27,,unlabeled
ZFYVE28,,unlabeled
ZFYVE9,,unlabeled
ZG16,,unlabeled
ZG16B,,unlabeled
ZGLP1,,unlabeled
ZGPAT,,unlabeled
ZGRF1,,unlabeled
ZHX1,,unlabeled
ZHX1-C8orf76,,unlabeled
ZHX2,,unlabeled
ZHX3,,unlabeled
ZIC1,,unlabeled
ZIC2,,unlabeled
ZIC3,,unlabeled
ZIC4,,unlabeled
ZIC5,,unlabeled
ZIK1,,unlabeled
ZIM2,,unlabeled
ZIM3,,unlabeled
ZKSCAN1,,unlabeled
ZKSCAN2,,unlabeled
ZKSCAN3,,unlabeled
ZKSCAN4,,unlabeled
ZKSCAN5,,unlabeled
ZKSCAN7,,unlabeled
ZKSCAN8,,unlabeled
ZMAT1,,unlabeled
ZMAT2,,unlabeled
ZMAT3,,unlabeled
ZMAT4,,unlabeled
ZMAT5,,unlabeled
ZMIZ1,,unlabeled
ZMIZ2,,unlabeled
ZMPSTE24,,unlabeled
ZMYM1,,unlabeled
ZMYM2,,unlabeled
ZMYM3,,unlabeled
ZMYM4,,unlabeled
ZMYM5,,unlabeled
ZMYM6,,unlabeled
ZMYND10,,unlabeled
ZMYND11,,unlabeled
ZMYND12,,unlabeled
ZMYND15,,unlabeled
ZMYND19,,unlabeled
ZMYND8,,unlabeled
ZNF10,,unlabeled
ZNF100,,unlabeled
ZNF101,,unlabeled
ZNF106,,unlabeled
ZNF107,,unlabeled
ZNF112,,unlabeled
ZNF114,,unlabeled
ZNF117,,unlabeled
ZNF12,,unlabeled
ZNF121,,unlabeled
ZNF124,,unlabeled
ZBTB35,,unlabeled
ZNF132,,unlabeled
ZNF133,,unlabeled
ZNF134,,unlabeled
ZNF135,,unlabeled
ZNF136,,unlabeled
ZNF138,,unlabeled
ZNF14,,unlabeled
ZNF140,,unlabeled
ZNF141,,unlabeled
ZNF142,,unlabeled
ZNF143,,unlabeled
ZNF146,,unlabeled
ZNF148,,unlabeled
ZNF154,,unlabeled
ZNF155,,unlabeled
ZNF157,,unlabeled
ZNF16,,unlabeled
ZNF160,,unlabeled
ZNF165,,unlabeled
ZNF169,,unlabeled
ZNF17,,unlabeled
ZNF174,,unlabeled
ZNF175,,unlabeled
ZNF177,,unlabeled
ZNF18,,unlabeled
ZNF180,,unlabeled
ZNF181,,unlabeled
ZNF182,,unlabeled
ZNF184,,unlabeled
ZNF185,,unlabeled
ZNF189,,unlabeled
ZNF19,,unlabeled
ZNF195,,unlabeled
ZNF197,,unlabeled
ZNF2,,unlabeled
ZNF20,,unlabeled
ZNF200,,unlabeled
ZNF202,,unlabeled
ZNF205,,unlabeled
ZNF207,,unlabeled
ZNF208,,unlabeled
ZNF211,,unlabeled
ZNF212,,unlabeled
ZNF213,,unlabeled
ZNF214,,unlabeled
ZNF215,,unlabeled
ZNF217,,unlabeled
ZNF219,,unlabeled
ZNF22,,unlabeled
ZNF221,,unlabeled
ZNF222,,unlabeled
ZNF223,,unlabeled
ZNF224,,unlabeled
ZNF225,,unlabeled
ZNF226,,unlabeled
ZNF227,,unlabeled
ZNF229,,unlabeled
ZNF23,,unlabeled
ZNF230,,unlabeled
ZNF232,,unlabeled
ZNF233,,unlabeled
ZNF234,,unlabeled
ZNF235,,unlabeled
ZNF236,,unlabeled
ZNF239,,unlabeled
ZNF24,,unlabeled
ZNF248,,unlabeled
ZNF25,,unlabeled
ZNF250,,unlabeled
ZNF251,,unlabeled
ZNF253,,unlabeled
ZNF254,,unlabeled
ZNF256,,unlabeled
ZNF257,,unlabeled
ZNF26,,unlabeled
ZNF260,,unlabeled
ZNF263,,unlabeled
ZNF264,,unlabeled
ZNF266,,unlabeled
ZNF267,,unlabeled
ZNF268,,unlabeled
ZNF273,,unlabeled
ZNF274,,unlabeled
ZNF275,,unlabeled
ZNF276,,unlabeled
ZNF277,,unlabeled
ZNF28,,unlabeled
ZNF280A,,unlabeled
ZNF280B,,unlabeled
ZNF280C,,unlabeled
ZNF280D,,unlabeled
ZNF281,,unlabeled
ZNF282,,unlabeled
ZNF283,,unlabeled
ZNF284,,unlabeled
ZNF285,,unlabeled
ZNF286A,,unlabeled
ZNF286A-TBC1D26,,unlabeled
ZNF287,,unlabeled
ZNF292,,unlabeled
ZNF296,,unlabeled
ZNF3,,unlabeled
ZNF30,,unlabeled
ZNF300,,unlabeled
ZNF302,,unlabeled
ZNF304,,unlabeled
ZNF311,,unlabeled
ZNF316,,unlabeled
ZNF317,,unlabeled
ZNF318,,unlabeled
ZNF319,,unlabeled
ZNF32,,unlabeled
ZNF320,,unlabeled
ZNF322,,unlabeled
ZNF324,,unlabeled
ZNF324B,,unlabeled
ZNF326,,unlabeled
ZNF329,,unlabeled
NOAZFP,,unlabeled
ZNF331,,unlabeled
ZNF333,,unlabeled
ZNF334,,unlabeled
ZNF335,,unlabeled
ZNF337,,unlabeled
ZNF33A,,unlabeled
ZNF33B,,unlabeled
ZNF34,,unlabeled
ZNF341,,unlabeled
ZNF343,,unlabeled
ZNF345,,unlabeled
ZNF346,,unlabeled
ZNF347,,unlabeled
ZNF35,,unlabeled
ZNF350,,unlabeled
ZNF354A,,unlabeled
ZNF354B,,unlabeled
ZNF354C,,unlabeled
ZNF358,,unlabeled
ZNF362,,unlabeled
ZNF365,,unlabeled
ZNF366,,unlabeled
ZNF367,,unlabeled
ZNF37A,,unlabeled
ZNF382,,unlabeled
ZNF383,,unlabeled
ZNF384,,unlabeled
ZNF385A,,unlabeled
ZNF385B,,unlabeled
ZNF385C,,unlabeled
ZNF385D,,unlabeled
ZNF391,,unlabeled
ZNF394,,unlabeled
ZNF395,,unlabeled
ZNF396,,unlabeled
ZNF397,,unlabeled
ZNF398,,unlabeled
ZNF404,,unlabeled
ZNF407,,unlabeled
ZNF408,,unlabeled
ZNF41,,unlabeled
ZNF410,,unlabeled
ZNF414,,unlabeled
ZNF415,,unlabeled
ZNF416,,unlabeled
ZNF417,,unlabeled
ZNF418,,unlabeled
ZNF419,,unlabeled
ZNF420,,unlabeled
ZNF423,,unlabeled
ZNF425,,unlabeled
ZNF426,,unlabeled
ZNF428,,unlabeled
ZNF429,,unlabeled
ZNF43,,unlabeled
ZNF430,,unlabeled
ZNF431,,unlabeled
ZNF432,,unlabeled
ZNF433,,unlabeled
ZNF436,,unlabeled
ZNF438,,unlabeled
ZNF439,,unlabeled
ZNF44,,unlabeled
ZNF440,,unlabeled
ZNF441,,unlabeled
ZNF442,,unlabeled
ZNF443,,unlabeled
ZNF444,,unlabeled
ZNF445,,unlabeled
ZNF446,,unlabeled
ZNF449,,unlabeled
ZNF45,,unlabeled
ZNF451,,unlabeled
ZNF454,,unlabeled
ZNF460,,unlabeled
ZNF461,,unlabeled
ZNF462,,unlabeled
ZNF467,,unlabeled
ZNF468,,unlabeled
ZNF469,,unlabeled
ZNF470,,unlabeled
ZNF471,,unlabeled
ZNF473,,unlabeled
ZNF474,,unlabeled
ZNF479,,unlabeled
ZNF48,,unlabeled
ZNF480,,unlabeled
ZNF483,,unlabeled
ZNF484,,unlabeled
ZNF485,,unlabeled
ZNF486,,unlabeled
ZNF487,,unlabeled
ZNF488,,unlabeled
ZNF490,,unlabeled
ZNF491,,unlabeled
ZNF492,,unlabeled
ZNF493,,unlabeled
ZNF496,,unlabeled
ZNF497,,unlabeled
ZNF500,,unlabeled
ZNF501,,unlabeled
ZNF502,,unlabeled
ZNF503,,unlabeled
ZNF506,,unlabeled
ZNF507,,unlabeled
ZNF510,,unlabeled
ZNF511,,unlabeled
ZNF511-PRAP1,,unlabeled
ZNF512,,unlabeled
ZNF512B,,unlabeled
ZNF513,,unlabeled
ZNF514,,unlabeled
ZNF516,,unlabeled
ZNF517,,unlabeled
ZNF518A,,unlabeled
ZNF518B,,unlabeled
ZNF519,,unlabeled
ZNF521,,unlabeled
ZNF524,,unlabeled
ZNF525,,unlabeled
ZNF526,,unlabeled
ZNF527,,unlabeled
ZNF528,,unlabeled
ZNF529,,unlabeled
ZNF530,,unlabeled
ZNF532,,unlabeled
ZNF534,,unlabeled
ZNF536,,unlabeled
ZNF540,,unlabeled
ZNF541,,unlabeled
ZNF543,,unlabeled
ZNF544,,unlabeled
ZNF546,,unlabeled
ZNF547,,unlabeled
ZNF548,,unlabeled
ZNF549,,unlabeled
ZNF550,,unlabeled
ZNF551,,unlabeled
ZNF552,,unlabeled
ZNF554,,unlabeled
ZNF555,,unlabeled
ZNF556,,unlabeled
ZNF557,,unlabeled
ZNF558,,unlabeled
ZNF559,,unlabeled
ZNF559-ZNF177,,unlabeled
ZNF560,,unlabeled
ZNF561,,unlabeled
ZNF562,,unlabeled
ZNF563,,unlabeled
ZNF564,,unlabeled
ZNF565,,unlabeled
ZNF566,,unlabeled
ZNF567,,unlabeled
ZNF568,,unlabeled
ZNF569,,unlabeled
ZNF57,,unlabeled
ZNF570,,unlabeled
ZNF571,,unlabeled
ZNF572,,unlabeled
ZNF573,,unlabeled
ZNF574,,unlabeled
ZNF575,,unlabeled
ZNF576,,unlabeled
ZNF577,,unlabeled
ZNF578,,unlabeled
ZNF579,,unlabeled
ZNF580,,unlabeled
ZNF581,,unlabeled
ZNF582,,unlabeled
ZNF583,,unlabeled
ZNF584,,unlabeled
ZNF585A,,unlabeled
ZNF585B,,unlabeled
ZNF586,,unlabeled
ZNF587,,unlabeled
ZNF587B,,unlabeled
ZNF589,,unlabeled
ZNF592,,unlabeled
ZNF593,,unlabeled
ZNF594,,unlabeled
ZNF595,,unlabeled
ZNF596,,unlabeled
ZNF597,,unlabeled
ZNF598,,unlabeled
ZNF599,,unlabeled
ZNF600,,unlabeled
ZNF605,,unlabeled
ZNF606,,unlabeled
ZNF607,,unlabeled
ZNF608,,unlabeled
ZNF609,,unlabeled
ZNF610,,unlabeled
ZNF611,,unlabeled
ZNF613,,unlabeled
ZNF614,,unlabeled
ZNF615,,unlabeled
ZNF616,,unlabeled
ZNF618,,unlabeled
ZNF619,,unlabeled
ZNF620,,unlabeled
ZNF621,,unlabeled
ZNF622,,unlabeled
ZNF623,,unlabeled
ZNF624,,unlabeled
ZNF625,,unlabeled
ZNF625-ZNF20,,unlabeled
ZNF626,,unlabeled
ZNF627,,unlabeled
ZNF628,,unlabeled
ZNF629,,unlabeled
ZNF630,,unlabeled
ZNF638,,unlabeled
ZNF639,,unlabeled
ZNF641,,unlabeled
ZNF644,,unlabeled
ZNF646,,unlabeled
ZNF648,,unlabeled
ZNF649,,unlabeled
ZNF652,,unlabeled
ZNF653,,unlabeled
ZNF654,,unlabeled
ZNF655,,unlabeled
ZNF658,,unlabeled
ZNF66,,unlabeled
ZNF660,,unlabeled
ZNF662,,unlabeled
ZNF664,,unlabeled
ZNF665,,unlabeled
ZNF667,,unlabeled
ZNF668,,unlabeled
ZNF669,,unlabeled
ZNF670,,unlabeled
ZNF670-ZNF695,,unlabeled
ZNF671,,unlabeled
ZNF672,,unlabeled
ZNF674,,unlabeled
ZNF675,,unlabeled
ZNF676,,unlabeled
ZNF677,,unlabeled
ZNF678,,unlabeled
ZNF679,,unlabeled
ZNF680,,unlabeled
ZNF681,,unlabeled
ZNF682,,unlabeled
ZNF683,,unlabeled
ZNF684,,unlabeled
ZNF687,,unlabeled
ZNF688,,unlabeled
ZNF689,,unlabeled
ZNF69,,unlabeled
ZNF691,,unlabeled
ZNF692,,unlabeled
ZNF695,,unlabeled
ZNF696,,unlabeled
ZNF697,,unlabeled
ZNF699,,unlabeled
ZNF7,,unlabeled
ZNF70,,unlabeled
ZNF700,,unlabeled
ZNF701,,unlabeled
ZNF703,,unlabeled
ZNF704,,unlabeled
ZNF705A,,unlabeled
ZNF705B,,unlabeled
ZNF705D,,unlabeled
ZNF705EP,,unlabeled
ZNF705G,,unlabeled
ZNF706,,unlabeled
ZNF707,,unlabeled
ZNF708,,unlabeled
ZNF709,,unlabeled
ZNF71,,unlabeled
ZNF710,,unlabeled
ZNF711,,unlabeled
ZNF713,,unlabeled
ZNF714,,unlabeled
ZNF716,,unlabeled
ZNF717,,unlabeled
ZNF718,,unlabeled
KRABD5,,unlabeled
ZNF721,,unlabeled
ZNF722,,unlabeled
ZNF723,,unlabeled
ZNF724,,unlabeled
ZNF726,,unlabeled
ZNF727,,unlabeled
ZNF728,,unlabeled
ZNF729,,unlabeled
ZNF730,,unlabeled
ZNF732,,unlabeled
ZNF735,,unlabeled
ZNF736,,unlabeled
ZNF737,,unlabeled
ZNF738,,unlabeled
ZNF74,,unlabeled
ZNF740,,unlabeled
ZNF746,,unlabeled
ZNF747,,unlabeled
ZNF749,,unlabeled
ZNF750,,unlabeled
ZNF75A,,unlabeled
ZNF75D,,unlabeled
ZNF76,,unlabeled
ZNF761,,unlabeled
ZNF763,,unlabeled
ZNF764,,unlabeled
ZNF765,,unlabeled
ZNF766,,unlabeled
ZNF768,,unlabeled
ZNF77,,unlabeled
ZNF770,,unlabeled
ZNF771,,unlabeled
ZNF772,,unlabeled
ZNF773,,unlabeled
ZNF774,,unlabeled
ZNF775,,unlabeled
ZNF776,,unlabeled
ZNF777,,unlabeled
ZNF778,,unlabeled
ZNF780A,,unlabeled
ZNF780B,,unlabeled
ZNF781,,unlabeled
ZNF782,,unlabeled
ZNF783,,unlabeled
ZNF784,,unlabeled
ZNF785,,unlabeled
ZNF786,,unlabeled
ZNF787,,unlabeled
ZNF789,,unlabeled
ZNF79,,unlabeled
ZNF790,,unlabeled
ZNF791,,unlabeled
ZNF792,,unlabeled
ZNF793,,unlabeled
ZNF799,,unlabeled
ZNF8,,unlabeled
ZNF80,,unlabeled
ZNF800,,unlabeled
ZNF804A,,unlabeled
ZNF804B,,unlabeled
ZNF805,,unlabeled
ZNF808,,unlabeled
ZNF81,,unlabeled
ZNF813,,unlabeled
ZNF814,,unlabeled
ZNF816,,unlabeled
ZNF816-ZNF321P,,unlabeled
ZNF821,,unlabeled
ZNF823,,unlabeled
ZNF827,,unlabeled
ZNF829,,unlabeled
ZNF83,,unlabeled
ZNF830,,unlabeled
ZNF831,,unlabeled
ZNF835,,unlabeled
ZNF836,,unlabeled
ZNF837,,unlabeled
ZNF839,,unlabeled
ZNF84,,unlabeled
ZNF841,,unlabeled
ZNF843,,unlabeled
ZNF844,,unlabeled
ZNF845,,unlabeled
ZNF846,,unlabeled
ZNF85,,unlabeled
ZNF850,,unlabeled
ZNF852,,unlabeled
ZNF853,,unlabeled
ZNF860,,unlabeled
ZNF862,,unlabeled
ZNF865,,unlabeled
ZNF875,,unlabeled
ZNF878,,unlabeled
ZNF879,,unlabeled
ZNF880,,unlabeled
ZNF888,,unlabeled
ZNF891,,unlabeled
ZNF90,,unlabeled
ZNF91,,unlabeled
ZNF92,,unlabeled
ZNF93,,unlabeled
ZNF98,,unlabeled
ZNF99,,unlabeled
ZNFX1,,unlabeled
ZNHIT1,,unlabeled
ZNHIT2,,unlabeled
ZNHIT3,,unlabeled
ZNHIT6,,unlabeled
ZNRD2,,unlabeled
ZNRF1,,unlabeled
ZNRF2,,unlabeled
ZNRF3,,unlabeled
ZNRF4,,unlabeled
ZP1,,unlabeled
ZP2,,unlabeled
ZP3,,unlabeled
ZP4,,unlabeled
ZPBP,,unlabeled
ZPBP2,,unlabeled
ZPLD1,,unlabeled
ZPR1,,unlabeled
ZRANB1,,unlabeled
ZRANB2,,unlabeled
ZRANB3,,unlabeled
ZRSR2,,unlabeled
ZSCAN1,,unlabeled
ZSCAN10,,unlabeled
ZSCAN12,,unlabeled
ZSCAN16,,unlabeled
ZSCAN18,,unlabeled
ZSCAN2,,unlabeled
ZSCAN20,,unlabeled
ZSCAN21,,unlabeled
ZSCAN22,,unlabeled
ZSCAN23,,unlabeled
ZSCAN25,,unlabeled
ZSCAN26,,unlabeled
ZSCAN29,,unlabeled
ZSCAN30,,unlabeled
ZSCAN31,,unlabeled
ZSCAN32,,unlabeled
ZSCAN4,,unlabeled
ZSCAN5A,,unlabeled
ZSCAN5B,,unlabeled
ZSCAN5C,,unlabeled
ZSCAN9,,unlabeled
ZSWIM1,,unlabeled
ZSWIM2,,unlabeled
ZSWIM3,,unlabeled
ZSWIM4,,unlabeled
ZSWIM5,,unlabeled
ZSWIM6,,unlabeled
ZSWIM7,,unlabeled
ZSWIM8,,unlabeled
ZSWIM9,,unlabeled
ZUP1,,unlabeled
ZW10,,unlabeled
ZWILCH,,unlabeled
ZWINT,,unlabeled
ZXDA,,unlabeled
ZXDB,,unlabeled
ZXDC,,unlabeled
ZYG11A,,unlabeled
ZYG11B,,unlabeled
ZYX,,unlabeled
ZZEF1,,unlabeled
ZZZ3,,unlabeled
