gene,group,mis_z_score
A1BG,other,-0.295
A1CF,other,1.05
A2M,other,2.95
A2ML1,other,0.995
A3GALT2,other,-2.1
A4GALT,other,-0.502
A4GNT,other,0.835
AAAS,other,0.471
AACS,other,0.232
AADAC,other,0.174
AADACL2,other,0.211
AADACL3,other,-0.377
AADACL4,other,-0.28
AADAT,other,2.33
AAGAB,other,-1.68
AAK1,other,3.14
AAMDC,other,0.137
AAMP,other,2.52
AANAT,other,0.255
AAR2,other,1.18
AARD,other,-0.757
AARS1,other,0.488
AARS2,other,1.59
AARSD1,other,0.225
AASDH,other,0.757
AASDHPPT,other,0.0264
AASS,other,1.2
AATF,other,0.761
LMTK1,other,-2.03
ABAT,other,0.422
ABCA1,other,2.63
ABCA10,other,0.856
ABCA12,other,2.25
ABCA13,other,-0.829
ABCA2,other,5.44
ABCA3,other,1.22
ABCA4,other,0.504
ABCA5,other,0.526
ABCA6,other,-0.627
ABCA7,other,-3.21
ABCA8,other,-0.0996
ABCA9,other,1.05
ABCB1,in_trials,2.47
ABCB10,other,1.78
ABCB11,other,1.01
ABCB4,other,3.45
ABCB5,other,-3.38
ABCB6,other,0.616
ABCB7,other,3.83
ABCB8,other,0.897
ABCB9,other,1.47
ABCC1,other,1.77
ABCC10,other,1.96
ABCC11,other,0.433
ABCC12,other,0.55
ABCC2,other,0.3
ABCC3,other,0.915
ABCC4,other,2.17
ABCC5,other,5.06
ABCC6,other,1.89
ABCC8,in_trials,3.02
ABCC9,in_trials,7.62
ABCD1,other,2.89
ABCD2,other,2.3
ABCD3,other,2.77
ABCD4,other,0.116
ABCE1,other,6.22
ABCF1,other,3.56
ABCF2,other,3.94
ABCF2-H2BK1,other,3.92
ABCF3,other,1.15
ABCG1,other,2.56
ABCG2,other,-0.149
ABCG4,other,3.46
ABCG5,other,-1.16
ABCG8,other,-3.66
ABHD1,other,-0.886
ABHD10,other,0.61
ABHD11,other,0.86
ABHD12,other,-0.0338
ABHD12B,other,-0.63
ABHD13,other,2.14
ABHD14A,other,0.772
ABHD14A-ACY1,other,1.02
ABHD14B,other,0.626
ABHD15,other,0.107
ABHD16A,other,2.43
ABHD16B,other,-0.726
ABHD17A,other,3.3
ABHD17B,other,2.91
ABHD17C,other,3.74
ABHD18,other,0.46
ABHD2,other,2.65
ABHD3,other,0.149
ABHD4,other,1.32
ABHD5,other,0.505
ABHD6,other,0.883
ABHD8,other,1.02
ABI1,other,2.71
ABI2,other,2.23
ABI3,other,0.0801
ABI3BP,other,0.843
ABITRAM,other,0.15
ABL1,approved,4.5
ABL2,other,2.37
ABLIM1,other,2.04
ABLIM2,other,0.467
ABLIM3,other,1.34
ABO,other,0.195
ABR,other,3.83
ABRA,other,-0.178
ABRACL,other,-0.291
ABRAXAS1,other,0.853
ABRAXAS2,other,1.3
ABT1,other,-1.09
ABTB1,other,0.6
ABTB2,other,1.46
ACAA1,other,0.904
ACAA2,other,0.283
ACACA,other,11.2
ACACB,other,3.13
ACAD10,other,1.06
ACAD11,other,0.701
ACAD8,other,0.756
ACAD9,other,0.388
ACADL,other,0.773
ACADM,other,0.208
ACADS,other,0.887
ACADSB,other,-0.37
ACADVL,other,-0.278
ACAN,other,0.357
ACAP1,other,3.24
ACAP2,other,3.72
ACAP3,other,-0.412
ACAT1,other,1.03
ACAT2,other,0.404
ACBD3,other,1.99
ACBD4,other,0.138
ACBD5,other,1.44
ACBD6,other,-0.0615
ACBD7,other,-0.335
ACCS,other,0.483
ACCSL,other,1.07
ACD,other,1.09
ACE,in_trials,-0.654
ACE2,other,1.3
ACER1,other,-0.0612
ACER2,other,-0.258
ACER3,other,2.34
ACHE,approved,3.58
ACIN1,other,2.68
ACKR1,other,-0.918
ACKR2,other,0.397
ACKR3,other,1.55
ACKR4,other,5.3
ACLY,other,4.56
ACMSD,other,-0.273
ACO1,other,1.87
ACO2,other,4.58
ACOD1,other,0.992
ACOT1,other,7.13
ACOT11,other,0.714
ACOT12,other,-0.414
ACOT13,other,0.0684
ACOT2,other,2.34
ACOT4,other,-0.303
ACOT6,other,0.523
ACOT7,other,2.51
ACOT8,other,1.01
ACOT9,other,0.714
ACOX1,other,3.06
ACOX2,other,0.624
ACOX3,other,-0.265
ACOXL,other,0.524
ACP1,other,0.536
ACP2,other,1.31
ACP3,other,-0.0546
ACP4,other,-0.261
ACP5,other,1.42
ACP6,other,0.818
ACP7,other,0.389
ACR,other,1.58
ACRBP,other,1.13
ACRV1,other,0.528
ACSBG1,other,1.9
ACSBG2,other,1.31
ACSF2,other,2.14
ACSF3,other,-2.55
ACSL1,other,2.14
ACSL3,other,2.79
ACSL4,other,3.08
ACSL5,other,0.82
ACSL6,other,2.15
ACSM1,other,0.701
ACSM2A,other,0.393
ACSM2B,other,0.371
ACSM3,other,0.598
ACSM4,other,1.11
ACSM5,other,0.0473
ACSM6,other,1.32
ACSS1,other,2.14
ACSS2,other,2.16
ACSS3,other,0.762
ACTA1,other,6.63
ACTA2,other,5.02
ACTB,other,8.78
ACTBL2,other,-0.732
ACTC1,other,7.15
ACTG1,other,5.5
ACTG2,other,4.87
ACTL10,other,-1.21
ACTL6A,other,4.49
ACTL6B,other,3.96
ACTL7A,other,0.104
ACTL7B,other,-0.447
ACTL8,other,2.14
ACTL9,other,-0.541
ACTN1,other,5.6
ACTN2,other,2.31
ACTN3,other,-0.0719
ACTN4,other,6.49
ACTR10,other,0.792
ACTR1A,other,4.59
ACTR1B,other,0.959
ACTR2,other,5.85
ACTR3,other,4.34
ACTR3B,other,5.58
ACTR3C,other,1.8
ACTR5,other,-0.24
ACTR6,other,2.52
ACTR8,other,1.58
ACTRT1,other,-1.06
ACTRT2,other,0.189
ACTRT3,other,0.191
ACVR1,approved,2.96
ACVR1B,other,5.13
ACVR1C,other,2.21
ACVR2A,other,5.13
ACVR2B,in_trials,3.28
ACVRL1,other,3.61
ACY1,other,1.04
ACY3,other,0.0777
ACYP1,other,0.956
ACYP2,other,-1.35
ADA,approved,0.539
ADA2,other,0.131
ADAD1,other,1.06
ADAD2,other,-4.55
MAPDA,other,0.832
ADAM10,other,4.29
ADAM11,other,3.56
ADAM12,other,2.02
ADAM15,other,2.0
ADAM17,in_trials,3.17
ADAM18,other,-0.806
ADAM19,other,1.74
ADAM2,other,-0.997
ADAM20,other,0.175
ADAM21,other,2.83
ADAM22,other,2.61
ADAM23,other,2.57
ADAM28,other,-1.15
ADAM29,other,0.442
ADAM30,other,-0.00854
ADAM32,other,0.876
ADAM33,other,-0.301
ADAM7,other,-1.16
ADAM8,other,0.338
ADAM9,other,2.26
ADAMDEC1,other,-0.539
ADAMTS1,other,0.23
ADAMTS10,other,4.68
ADAMTS12,other,0.79
ADAMTS13,approved,1.81
ADAMTS14,other,1.01
ADAMTS15,other,-0.0626
ADAMTS16,other,0.0694
ADAMTS17,other,-1.54
ADAMTS18,other,-5.51
ADAMTS19,other,0.759
ADAMTS2,other,2.18
ADAMTS20,other,-0.55
ADAMTS3,other,0.63
ADAMTS4,other,1.31
ADAMTS5,other,0.437
ADAMTS6,other,4.37
ADAMTS7,other,3.36
ADAMTS8,other,0.198
ADAMTS9,other,0.997
ADAMTSL1,other,-3.59
ADAMTSL2,other,2.0
ADAMTSL3,other,1.2
ADAMTSL4,other,0.509
ADAMTSL5,other,-1.54
ADAP1,other,-0.425
ADAP2,other,1.0
ADAR,other,3.25
ADARB1,other,3.92
ADARB2,other,0.0837
ADAT1,other,-2.29
ADAT2,other,0.676
ADAT3,other,-2.92
ADCK1,other,0.353
ADCK2,other,1.56
ADCK5,other,0.756
ADCY1,other,5.15
ADCY10,other,1.84
ADCY2,other,5.82
ADCY3,other,3.3
ADCY4,other,1.46
ADCY5,other,4.57
ADCY6,other,3.78
ADCY7,other,2.87
ADCY8,other,2.3
ADCY9,other,1.39
ADCYAP1,other,-1.62
ADCYAP1R1,other,1.95
ADD1,other,0.948
ADD2,other,2.59
ADD3,other,0.271
ADGB,other,-0.579
ADGRA1,other,0.235
ADGRA2,other,1.46
ADGRA3,other,1.4
ADGRB1,other,4.71
ADGRB2,other,5.45
ADGRB3,other,2.14
ADGRD1,other,1.3
ADGRD2,other,-9.92
ADGRE1,other,0.69
ADGRE2,other,2.94
ADGRE3,other,0.942
ADGRE5,other,1.75
ADGRF1,other,-1.19
ADGRF3,other,1.46
ADGRF4,other,-1.28
ADGRF5,other,1.21
ADGRG1,other,1.11
ADGRG2,other,2.22
ADGRG3,other,0.658
ADGRG4,other,-2.06
ADGRG5,other,1.01
ADGRG6,other,1.11
ADGRG7,other,0.116
ADGRL1,other,5.05
ADGRL2,other,2.63
ADGRL3,other,2.16
ADGRL4,other,-0.997
ADGRV1,other,1.48
ADH1A,other,-0.0856
ADH1B,other,0.875
ADH1C,other,1.04
ADH4,other,-0.352
ADH5,other,2.14
ADH6,other,0.141
ADH7,other,-1.56
ADHFE1,other,-0.172
ADI1,other,0.264
ADIG,other,0.909
ADIPOQ,other,-0.357
ADIPOR1,other,3.75
ADIPOR2,other,3.82
ADIRF,other,-0.341
ADK,other,2.15
ADM,other,0.0292
ADM2,other,-0.727
ADM5,other,0.393
ADNP,other,2.27
ADNP2,other,-0.0222
ADO,other,0.66
ADORA1,in_trials,2.79
ADORA2A,in_trials,1.94
ADORA2B,in_trials,-0.38
ADORA3,in_trials,0.995
ADPGK,other,0.953
ADPRH,other,0.521
ADPRHL1,other,4.05
ADPRM,other,1.59
ADPRS,other,-0.0265
ADRA1A,approved,-0.312
ADRA1B,approved,0.652
ADRA1D,approved,0.0109
ADRA2A,approved,0.699
ADRA2B,approved,-0.0483
ADRA2C,approved,1.45
ADRB1,approved,1.19
ADRB2,approved,1.9
ADRB3,approved,-0.362
ADRM1,approved,1.55
ADSL,other,1.64
ADSS1,other,0.126
ADSS2,other,3.29
ADTRP,other,0.618
AEBP1,other,1.23
AEBP2,other,1.92
AEN,other,-0.532
AFAP1,other,-1.98
AFAP1L1,other,1.4
AFAP1L2,other,1.01
AFDN,other,1.82
AFF1,other,-0.124
AFF2,other,1.79
AFF3,other,2.34
AFF4,other,3.55
AFG1L,other,0.623
AFG3L2,other,3.26
AFM,other,-1.13
AFMID,other,0.271
AFP,other,0.238
AFTPH,other,1.07
AGA,other,-0.197
AGAP1,other,2.09
AGAP2,other,3.72
AGAP3,other,4.55
AGAP4,other,10.3
AGAP5,other,8.56
AGAP6,other,5.62
AGAP9,other,7.49
AGBL1,other,-3.38
AGBL2,other,1.59
AGBL3,other,2.18
AGBL4,other,0.883
AGBL5,other,1.64
AGER,other,0.488
AGFG1,other,2.29
AGFG2,other,0.57
AGGF1,other,0.51
AGK,other,1.05
AGL,other,0.118
AGMAT,other,-0.0044
AGMO,other,-4.42
AGO1,other,7.15
AGO2,other,7.97
AGO3,other,7.16
AGO4,other,4.83
AGPAT1,other,4.19
AGPAT2,other,-0.43
AGPAT3,other,3.42
AGPAT4,other,3.27
AGPAT5,other,-4.47
AGPS,other,4.12
AGR2,other,0.569
AGR3,other,-1.14
AGRN,other,-0.449
AGRP,other,0.637
AGT,other,-0.0649
AGTPBP1,other,2.62
AGTR1,in_trials,1.21
AGTR2,other,-0.0223
AGTRAP,other,0.771
AGXT,other,-0.0433
AGXT2,other,-0.412
AHCTF1,other,3.57
AHCY,other,2.54
AHCYL1,other,5.65
AHCYL2,other,3.56
AHDC1,other,3.7
AHI1,other,-0.185
AHNAK,other,-0.457
AHNAK2,other,-6.11
AHR,approved,0.142
AHRR,other,-0.499
AHSA1,other,1.73
AHSG,other,-0.188
AHSP,other,-0.555
AICDA,other,1.01
AIDA,other,2.36
AIF1,other,0.311
AIF1L,other,0.386
AIFM1,other,2.87
AIFM2,other,0.292
AIFM3,other,1.03
AIG1,other,0.522
AIM2,other,1.12
AIMP1,other,-0.0486
AIMP2,other,-2.1
AIP,other,1.19
AIPL1,other,0.399
AIRE,other,-0.282
AJAP1,other,-0.269
AJM1,other,0.446
AJUBA,other,2.38
AK1,other,1.1
AK2,other,1.15
AK3,other,-3.04
AK4,other,2.42
AK4P3,other,5.01
AK5,other,2.73
AK6,other,0.244
AK7,other,0.471
AK8,other,1.01
AK9,other,1.99
AKAIN1,other,0.0338
AKAP1,other,2.25
AKAP10,other,2.03
AKAP11,other,-0.0367
AKAP12,other,0.942
AKAP13,other,-2.01
AKAP14,other,0.76
AKAP17A,other,-0.713
AKAP3,other,1.07
AKAP4,other,1.35
AKAP5,other,1.52
AKAP6,other,0.244
AKAP7,other,-0.132
AKAP8,other,-0.208
AKAP8L,other,1.17
AKAP9,other,1.03
AKIP1,other,-0.587
AKIRIN1,other,0.605
AKIRIN2,other,1.7
AKNA,other,0.663
AKNAD1,other,0.251
AKR1A1,other,0.604
AKR1B1,other,0.85
AKR1B10,other,0.471
AKR1B15,other,-0.642
AKR1C1,other,0.973
AKR1C2,other,2.28
AKR1C3,other,-1.96
AKR1C4,other,-1.09
AKR1C8,other,-8.22
AKR1D1,other,0.812
AKR1E2,other,-0.569
AKR7A2,other,-0.594
AKR7A3,other,0.826
AKR7L,other,1.32
AKT1,in_trials,4.69
AKT1S1,other,0.0516
AKT2,in_trials,3.7
AKT3,in_trials,5.92
AKTIP,other,2.14
ALAD,other,2.48
ALAS1,other,1.76
ALAS2,other,3.35
ALB,other,0.536
ALCAM,other,1.68
ALDH16A1,other,-1.76
ALDH18A1,other,3.05
ALDH1A1,other,1.49
ALDH1A2,other,1.06
ALDH1A3,other,2.68
ALDH1B1,other,0.197
ALDH1L1,other,1.07
ALDH1L2,other,1.67
ALDH2,in_trials,2.04
ALDH3A1,other,0.341
ALDH3A2,other,0.888
ALDH3B1,other,1.03
ALDH3B2,other,0.928
ALDH4A1,other,0.27
ALDH5A1,in_trials,0.864
ALDH6A1,other,1.83
ALDH7A1,other,0.632
ALDH8A1,other,0.302
ALDH9A1,other,-0.158
ALDOA,other,0.937
ALDOB,other,-1.45
ALDOC,other,2.4
ALG1,other,-2.83
ALG10,other,1.11
ALG10B,other,0.379
ALG11,other,0.777
ALG12,other,0.585
ALG13,other,1.6
ALG14,other,-0.42
ALG1L2,other,-1.13
ALG2,other,-0.884
ALG3,other,0.63
ALG5,other,1.88
ALG6,other,1.44
ALG8,other,0.635
ALG9,other,1.81
ALK,in_trials,0.393
ALKAL1,other,-0.0815
ALKAL2,other,-0.876
ALKBH1,other,0.14
ALKBH2,other,0.435
ALKBH3,other,-0.206
ALKBH4,other,0.563
ALKBH5,other,3.74
ALKBH6,other,1.5
ALKBH7,other,-1.03
ALKBH8,other,0.497
ALLC,other,0.0989
ALMS1,other,-3.51
ALOX12,other,1.54
ALOX12B,other,1.65
ALOX15,other,0.31
ALOX15B,other,-0.524
ALOX5,approved,1.21
ALOX5AP,other,0.914
ALOXE3,other,-0.474
ALPG,other,2.95
ALPI,other,0.482
ALPK1,other,-0.156
ALPK2,other,1.92
ALPK3,other,-0.416
ALPL,other,1.93
ALPP,other,3.07
ALS2,other,2.62
ALS2CL,other,0.761
ALX1,other,-0.151
ALX3,other,0.109
ALX4,other,0.159
ALYREF,other,1.05
AMACR,other,-0.161
AMBN,other,-0.432
AMBP,other,-0.275
AMBRA1,other,3.76
AMD1,other,3.23
AMDHD1,other,-0.615
AMDHD2,other,0.852
AMELX,other,1.68
AMELY,other,0.63
AMER1,other,-0.891
AMER2,other,-0.289
AMER3,other,-0.778
AMFR,other,2.21
AMH,other,-3.3
AMHR2,other,1.22
AMIGO1,other,4.33
AMIGO2,other,1.22
AMIGO3,other,-1.28
AMMECR1,other,1.12
AMMECR1L,other,3.45
AMN,other,-0.633
AMN1,other,1.49
AMOT,other,1.45
AMOTL1,other,1.36
AMOTL2,other,0.625
AMPD1,other,0.61
AMPD2,other,3.82
AMPD3,other,1.8
AMPH,other,1.52
AMT,other,0.662
AMTN,other,0.048
AMY1A,other,3.91
AMY1B,other,2.76
AMY1C,other,3.97
AMY2A,other,4.89
AMY2B,other,-0.141
AMZ1,other,-5.89
AMZ2,other,0.751
ANAPC1,other,10.2
ANAPC10,other,0.944
ANAPC11,other,1.8
ANAPC13,other,0.478
ANAPC15,other,2.17
ANAPC16,other,0.674
ANAPC2,other,3.48
ANAPC4,other,3.18
ANAPC5,other,3.37
ANAPC7,other,2.85
ANG,other,0.292
ANGEL1,other,1.47
ANGEL2,other,1.36
ANGPT1,in_trials,2.04
ANGPT2,in_trials,-2.31
ANGPT4,other,-0.183
ANGPTL1,other,0.414
ANGPTL2,other,1.84
ANGPTL3,other,0.274
ANGPTL4,other,0.0871
ANGPTL5,other,-0.189
ANGPTL6,other,-0.471
ANGPTL7,other,0.235
ANGPTL8,other,0.785
ANHX,other,0.349
ANK1,other,3.86
ANK2,other,3.66
ANK3,other,5.06
ANKAR,other,1.18
ANKDD1A,other,0.406
ANKDD1B,other,0.671
ANKEF1,other,0.261
ANKFN1,other,-1.41
ANKFY1,other,3.17
ANKH,other,3.72
ANKHD1,other,6.27
ANKHD1-EIF4EBP3,other,6.11
ANKIB1,other,3.95
ANKK1,other,-0.385
ANKLE1,other,0.673
ANKLE2,other,-0.444
ANKMY1,other,0.204
ANKMY2,other,-0.765
ANKRA2,other,1.05
ANKRD1,other,0.587
ANKRD10,other,0.933
ANKRD11,other,-1.21
ANKRD12,other,-0.421
ANKRD13A,other,1.92
ANKRD13B,other,2.91
ANKRD13C,other,2.55
ANKRD13D,other,1.44
ANKRD16,other,-0.2
ANKRD17,other,7.57
ANKRD18A,other,2.87
ANKRD18B,other,2.28
ANKRD2,other,0.718
ANKRD20A1,other,9.42
ANKRD20A2P,other,5.98
ANKRD20A3P,other,4.02
ANKRD20A4P,other,10.9
ANKRD22,other,0.37
ANKRD23,other,-0.337
ANKRD24,other,-0.838
ANKRD26,other,0.481
ANKRD27,other,0.502
ANKRD28,other,2.43
ANKRD29,other,0.459
ANKRD30A,other,-1.23
ANKRD30B,other,1.9
ANKRD30BL,other,1.16
ANKRD31,other,1.5
ANKRD33,other,0.613
ANKRD33B,other,0.767
ANKRD34A,other,3.43
ANKRD34B,other,0.81
ANKRD34C,other,1.5
ANKRD35,other,-0.121
ANKRD36,other,7.69
ANKRD36B,other,6.46
ANKRD36C,other,5.54
ANKRD37,other,-0.513
ANKRD39,other,0.207
ANKRD40,other,1.53
ANKRD40CL,other,-0.771
ANKRD42,other,0.362
ANKRD44,other,2.77
ANKRD45,other,1.16
ANKRD46,other,2.31
ANKRD49,other,1.62
ANKRD50,other,2.22
ANKRD52,other,6.47
ANKRD53,other,0.619
ANKRD54,other,0.834
ANKRD55,other,0.549
ANKRD6,other,0.787
ANKRD60,other,-0.461
ANKRD61,other,0.137
ANKRD62,other,1.94
ANKRD63,other,0.855
ANKRD65,other,-1.44
ANKRD66,other,-0.248
ANKRD7,other,0.786
ANKRD9,other,-0.345
ANKS1A,other,3.96
ANKS1B,other,4.19
ANKS3,other,-3.82
ANKS4B,other,0.414
ANKS6,other,0.113
ANKUB1,other,0.488
ANKZF1,other,0.358
ANLN,other,1.84
ANO1,other,3.15
ANO10,other,0.873
ANO2,other,-0.221
ANO3,other,3.66
ANO4,other,3.36
ANO5,other,0.189
ANO6,other,2.12
ANO7,other,-1.24
ANO8,other,2.16
ANO9,other,0.113
ANOS1,other,2.0
ANP32A,other,3.68
ANP32B,other,2.14
ANP32D,other,-0.605
ANP32E,other,2.6
ANPEP,in_trials,0.907
ANTKMT,other,-2.17
ANTXR1,other,3.19
ANTXR2,other,-0.202
ANTXRL,other,-0.115
ANXA1,other,-0.484
ANXA10,other,0.0297
ANXA11,other,-0.0712
ANXA13,other,-0.439
ANXA2,other,0.636
ANXA2R,other,-0.0686
ANXA3,other,-0.0962
ANXA4,other,1.05
ANXA5,other,0.435
ANXA6,other,0.669
ANXA7,other,0.604
ANXA8,other,4.29
ANXA8L1,other,3.79
ANXA9,other,1.32
AOAH,other,0.625
AOC1,other,1.19
AOC2,other,-0.701
AOC3,other,1.9
AOPEP,in_trials,0.00893
AOX1,other,0.0829
AP1AR,other,-0.0153
AP1B1,other,4.19
AP1G1,other,3.42
AP1G2,other,0.522
AP1M1,other,4.05
AP1M2,other,0.976
AP1S1,other,2.38
AP1S2,other,3.45
AP1S3,other,0.937
AP2A1,other,5.13
AP2A2,other,4.19
AP2B1,other,7.73
AP2M1,other,7.12
AP2S1,other,3.95
AP3B1,other,2.01
AP3B2,other,2.82
AP3D1,other,2.15
AP3M1,other,1.78
AP3M2,other,1.76
AP3S1,other,3.1
AP3S2,other,-0.113
AP4B1,other,-0.0865
AP4E1,other,-0.193
AP4M1,other,-0.716
AP4S1,other,0.219
AP5B1,other,-2.1
AP5M1,other,0.758
AP5S1,other,-0.509
AP5Z1,other,-6.07
APAF1,other,2.1
APBA1,other,1.15
APBA2,other,2.88
APBA3,other,-0.665
APBB1,other,2.56
APBB1IP,other,0.492
APBB2,other,2.74
APBB3,other,1.48
APC,other,-0.289
APC2,other,-2.38
APCDD1,other,0.795
APCDD1L,other,0.123
APCS,in_trials,-1.14
APEH,other,1.09
APEX1,other,-0.995
APEX2,other,1.57
APH1A,in_trials,2.15
APH1B,in_trials,0.206
API5,other,4.84
APIP,other,1.27
APLF,other,-0.148
APLN,other,-0.51
APLNR,other,0.695
APLP1,other,1.05
APLP2,other,0.0392
APMAP,other,0.784
APOA1,other,-0.0721
APOA2,other,1.04
APOA4,other,-0.728
APOA5,other,0.733
APOB,other,-0.462
APOBEC1,other,0.903
APOBEC2,other,-0.691
APOBEC3A,other,2.25
APOBEC3B,other,2.86
APOBEC3C,other,-0.0578
APOBEC3D,other,-0.0133
APOBEC3F,other,0.295
APOBEC3G,other,0.442
APOBEC3H,other,-0.0258
APOBEC4,other,1.34
APOBR,other,-0.472
APOC1,other,-0.969
APOC2,other,0.299
APOC3,other,0.073
APOC4,other,-0.132
APOC4-APOC2,other,0.175
APOD,other,0.186
APOE,other,-0.226
APOF,other,0.405
APOH,other,0.128
APOL1,other,-0.717
APOL2,other,-1.17
APOL3,other,0.175
APOL4,other,-0.184
APOL5,other,0.304
APOL6,other,-0.18
APOLD1,other,-0.918
APOM,other,0.927
APOO,other,-0.616
APOOL,other,-0.374
APP,other,2.22
APPBP2,other,4.66
APPL1,other,1.3
APPL2,other,1.31
APRT,other,-1.72
APTX,other,-0.124
AQP1,other,1.1
AQP10,other,2.44
AQP11,other,0.0324
AQP12A,other,1.53
AQP12B,other,1.78
AQP2,other,0.858
AQP3,other,2.45
AQP4,other,-0.0799
AQP5,other,0.0466
AQP6,other,1.07
AQP7,other,0.907
AQP8,other,0.913
AQP9,other,-1.14
AQR,other,5.2
AR,approved,1.62
ARAF,in_trials,2.82
ARAP1,other,2.8
ARAP2,other,-1.32
ARAP3,other,2.41
ARC,other,1.84
ARCN1,other,2.77
AREG,other,0.535
AREL1,other,1.98
ARF1,other,4.73
ARF3,other,4.38
ARF4,other,3.1
ARF5,other,2.87
ARF6,other,4.4
ARFGAP1,other,0.199
ARFGAP2,other,0.671
ARFGAP3,other,0.113
ARFGEF1,other,7.72
ARFGEF2,other,4.3
ARFGEF3,other,3.07
ARFIP1,other,1.64
ARFIP2,other,2.44
ARFRP1,other,0.586
ARG1,other,0.233
ARG2,other,0.996
ARGFX,other,1.0
ARGLU1,other,3.34
ARHGAP1,other,1.46
ARHGAP10,other,0.214
ARHGAP11A,other,1.58
ARHGAP11A-SCG5,other,3.06
ARHGAP11B,other,1.79
ARHGAP12,other,0.887
ARHGAP15,other,0.0835
ARHGAP17,other,1.56
ARHGAP18,other,1.37
ARHGAP19,other,0.614
ARHGAP19-SLIT1,other,0.561
ARHGAP20,other,1.21
ARHGAP21,other,4.81
ARHGAP22,other,-0.776
ARHGAP23,other,3.05
ARHGAP24,other,-0.223
ARHGAP25,other,1.49
ARHGAP26,other,3.38
ARHGAP27,other,1.68
ARHGAP28,other,0.453
ARHGAP29,other,1.93
ARHGAP30,other,0.739
ARHGAP31,other,2.22
ARHGAP32,other,3.64
ARHGAP33,other,2.53
ARHGAP35,other,6.02
ARHGAP36,other,1.2
ARHGAP39,other,0.873
ARHGAP4,other,0.738
ARHGAP40,other,1.86
ARHGAP42,other,3.44
ARHGAP44,other,2.43
ARHGAP45,other,-0.224
ARHGAP5,other,3.74
ARHGAP6,other,1.66
ARHGAP8,other,-6.34
ARHGAP9,other,0.269
ARHGDIA,other,0.664
ARHGDIB,other,-0.234
ARHGDIG,other,-0.226
ARHGEF1,other,3.5
ARHGEF10,other,-4.78
ARHGEF10L,other,2.58
ARHGEF11,other,2.69
ARHGEF12,other,4.35
ARHGEF15,other,1.23
ARHGEF16,other,0.524
ARHGEF17,other,-0.37
ARHGEF18,other,2.23
ARHGEF19,other,-0.0293
ARHGEF2,other,5.01
ARHGEF25,other,1.27
ARHGEF26,other,-1.92
ARHGEF28,other,0.423
ARHGEF3,other,2.1
ARHGEF33,other,-0.738
ARHGEF35,other,6.75
ARHGEF37,other,1.06
ARHGEF38,other,-0.775
ARHGEF39,other,0.296
ARHGEF4,other,-0.276
ARHGEF40,other,1.47
ARHGEF5,other,13.7
ARHGEF6,other,1.67
ARHGEF7,other,2.07
ARHGEF9,other,4.13
ARID1A,other,3.64
ARID1B,other,2.36
ARID2,other,4.56
ARID3A,other,1.73
ARID3B,other,3.72
ARID3C,other,-0.587
ARID4A,other,2.06
ARID4B,other,3.65
ARID5A,other,1.78
ARID5B,other,2.84
ARIH1,other,6.48
ARIH2,other,5.44
ARL1,other,3.24
ARL10,other,0.559
ARL11,other,0.312
ARL13A,other,1.04
ARL13B,other,-0.226
ARL14,other,-1.15
ARL14EP,other,1.32
ARL14EPL,other,-0.878
ARL15,other,0.706
ARL16,other,-0.744
ARL17A,other,2.06
ARL2,other,0.744
ARL2-SNX15,other,0.596
ARL2BP,other,0.941
ARL3,other,1.67
ARL4A,other,2.24
ARL4C,other,3.07
ARL4D,other,0.905
ARL5A,other,1.23
ARL5B,other,1.37
ARL5C,other,0.743
ARL6,other,0.812
ARL6IP1,other,1.91
ARL6IP4,other,-0.997
ARL6IP5,other,1.1
ARL6IP6,other,-2.17
ARL8A,other,3.12
ARL8B,other,2.75
ARL9,other,-0.0995
ARMC1,other,2.02
ARMC10,other,2.32
ARMC12,other,0.879
ARMC2,other,1.47
ARMC3,other,1.12
ARMC5,other,1.37
ARMC6,other,0.898
ARMC7,other,0.133
ARMC8,other,3.6
ARMC9,other,1.17
ARMCX1,other,1.49
ARMCX2,other,1.72
ARMCX3,other,2.07
ARMCX4,other,2.81
ARMCX5,other,1.19
ARMCX5-GPRASP2,other,0.976
ARMCX6,other,-0.251
ARMH1,other,0.288
ARMH2,other,0.84
ARMH3,other,2.41
ARMH4,other,-0.0567
ARMS2,other,1.08
DCPH1,other,0.248
ARNT,other,3.15
ARNT2,other,2.29
BMAL1,other,3.79
BMAL2,other,0.955
ARPC1A,other,3.83
ARPC1B,other,1.12
ARPC2,other,3.43
ARPC3,other,1.62
ARPC4,other,3.32
ARPC4-TTLL3,other,1.98
ARPC5,other,1.68
ARPC5L,other,1.53
ARPIN,other,-0.502
ARPIN-AP3S2,other,-0.419
ARPP19,other,1.25
ARPP21,other,-0.432
ARR3,other,1.1
ARRB1,other,2.35
ARRB2,other,2.94
ARRDC1,other,-1.05
ARRDC2,other,0.622
ARRDC3,other,2.33
ARRDC4,other,0.164
ARRDC5,other,0.264
ARSA,other,0.0205
ARSB,other,0.346
ARSD,other,1.25
ARSF,other,-0.404
ARSG,other,0.76
ARSH,other,0.249
ARSI,other,0.988
ARSJ,other,0.897
ARSK,other,0.505
ARSL,other,3.55
ART1,other,-1.18
ART3,other,0.326
ART4,other,0.237
ART5,other,-0.644
ARTN,other,1.03
ARV1,other,1.04
ARVCF,other,-0.995
ARX,other,2.74
AS3MT,other,1.11
ASAH1,other,-3.45
ASAH2,other,0.812
ASAH2B,other,1.99
ASAP1,other,3.91
ASAP2,other,3.39
ASAP3,other,1.85
ASB1,other,1.1
ASB10,other,-0.215
ASB11,other,-0.0551
ASB12,other,-2.11
ASB13,other,-0.517
ASB14,other,-0.218
ASB15,other,0.439
ASB16,other,-1.07
ASB17,other,0.291
ASB18,other,-0.641
ASB2,other,-0.574
ASB3,other,-1.94
ASB4,other,-0.553
ASB5,other,-0.0472
ASB6,other,0.736
ASB7,other,4.78
ASB8,other,1.42
ASB9,other,0.378
ASCC1,other,1.09
ASCC2,other,1.62
ASCC3,other,3.05
ASCL1,other,1.41
ASCL2,other,-0.235
ASCL3,other,-0.396
ASCL4,other,-1.94
ASCL5,other,0.179
ASDURF,other,0.206
ASF1A,other,2.85
ASF1B,other,0.679
ASGR1,other,-0.492
ASGR2,other,0.0313
ASH1L,other,4.68
ASH2L,other,3.53
ASIC1,other,3.52
ASIC2,other,1.52
ASIC3,other,-0.55
ASIC4,other,1.27
ASIC5,other,-0.699
ASIP,other,-0.353
ASL,other,1.43
ASMT,other,-1.82
ASMTL,other,-1.88
ASNS,other,2.65
ASNSD1,other,0.685
ASPA,other,1.14
ASPDH,other,-0.426
ASPG,other,0.808
ASPH,other,-0.00695
ASPHD1,other,0.84
ASPHD2,other,2.47
ASPM,other,-0.371
ASPN,other,1.22
ASPRV1,other,0.5
ASPSCR1,other,-0.0439
ASRGL1,other,-0.0412
ASS1,other,1.7
ASTE1,other,1.43
ASTL,other,0.869
ASTN1,other,2.08
ASTN2,other,1.64
ASXL1,other,1.52
ASXL2,other,2.02
ASXL3,other,0.849
ASZ1,other,-0.408
ATAD1,other,2.98
ATAD2,other,2.6
ATAD2B,other,5.24
ATAD3A,other,1.96
ATAD3B,other,-0.672
ATAD3C,other,0.173
ATAD5,other,2.84
ATAT1,other,1.3
ATCAY,other,1.18
ATE1,other,0.621
ATF1,other,1.58
ATF2,other,3.02
ATF3,other,1.12
ATF4,other,-2.54
ATF5,other,-0.918
ATF6,other,0.814
ATF6B,other,1.48
ATF7,other,2.56
ATF7-NPFF,other,2.1
ATF7IP,other,2.08
ATF7IP2,other,-2.27
ATG10,other,0.772
ATG101,other,2.31
ATG12,other,-1.74
ATG13,other,1.82
ATG14,other,-0.353
ATG16L1,other,3.09
ATG16L2,other,0.531
ATG2A,other,2.51
ATG2B,other,1.59
ATG3,other,2.09
ATG4A,other,1.75
ATG4B,other,1.02
ATG4C,other,-1.21
ATG4D,other,0.245
ATG5,other,3.11
ATG7,other,1.05
ATG9A,other,3.48
ATG9B,other,-1.32
ATIC,other,-0.86
ATL1,other,4.27
ATL2,other,-0.57
ATL3,other,0.666
ATM,other,1.78
ATMIN,other,-0.424
ATN1,other,1.2
ATOH1,other,-0.714
ATOH7,other,-0.37
ATOH8,other,-1.04
ATOX1,other,0.64
ATP10A,other,0.308
ATP10B,other,-0.506
ATP10D,other,1.15
ATP11A,other,1.76
ATP11B,other,2.7
ATP11C,other,1.4
ATP12A,other,1.38
ATP13A1,other,2.77
ATP13A2,other,2.17
ATP13A3,other,3.92
ATP13A4,other,0.693
ATP13A5,other,0.743
ATP1A1,in_trials,9.1
ATP1A2,in_trials,7.47
ATP1A3,in_trials,10.2
ATP1A4,in_trials,1.08
ATP1B1,in_trials,3.43
ATP1B2,in_trials,1.46
ATP1B3,in_trials,2.29
ATP1B4,other,-1.2
ATP23,other,0.79
ATP2A1,other,2.8
ATP2A2,other,7.8
ATP2A3,other,2.52
ATP2B1,other,7.83
ATP2B2,other,6.94
ATP2B3,other,3.32
ATP2B4,other,4.32
ATP2C1,other,4.83
ATP2C2,other,-8.84
ATP4A,approved,3.9
ATP4B,approved,0.214
ATP5F1A,other,3.43
ATP5F1B,other,4.7
ATP5F1C,other,1.71
ATP5F1D,other,-1.3
ATP5F1E,other,-0.107
ATP5IF1,other,-0.497
ATP5MC1,other,1.79
ATP5MC2,other,1.39
ATP5MC3,other,1.28
ATP5ME,other,-1.37
ATP5MF,other,-0.149
ATP5MF-PTCD1,other,-0.0737
ATP5MG,other,0.407
ATP5MGL,other,0.157
ATP5MJ,other,0.293
ATP5MK,other,0.503
ATP5PB,other,0.583
ATP5PD,other,0.715
ATP5PF,other,0.289
ATP5PO,other,0.463
ATP6AP1,other,2.17
ATP6AP2,other,2.52
ATP6V0A1,other,4.93
ATP6V0A2,other,1.63
ATP6V0A4,other,1.81
ATP6V0B,other,2.52
ATP6V0C,other,3.88
ATP6V0D1,other,3.91
ATP6V0D2,other,-0.973
ATP6V0E1,other,-0.211
ATP6V0E2,other,0.82
ATP6V1A,other,5.35
ATP6V1B1,other,0.751
ATP6V1B2,other,2.89
ATP6V1C1,other,2.55
ATP6V1C2,other,1.06
ATP6V1D,other,1.59
ATP6V1E1,other,2.32
ATP6V1E2,other,-0.896
ATP6V1F,other,0.979
SPMIP1,other,0.096
ATP6V1G1,other,0.331
ATP6V1G2,other,1.39
ATP6V1G2-DDX39B,other,0.446
ATP6V1G3,other,0.216
ATP6V1H,other,1.5
ATP7A,other,2.3
ATP7B,other,0.0432
ATP8A1,other,3.67
ATP8A2,other,2.8
ATP8B1,other,3.31
ATP8B2,other,4.73
ATP8B3,other,-1.36
ATP8B4,other,-0.371
ATP9A,other,5.09
ATP9B,other,-0.0285
ATPAF1,other,1.41
ATPAF2,other,1.13
ATPSCKMT,other,-0.312
ATR,in_trials,7.6
ATRAID,other,-0.557
ATRIP,other,0.725
ATRN,other,3.73
ATRNL1,other,2.17
ATRX,other,4.05
ATXN1,other,1.53
ATXN10,other,0.214
ATXN1L,other,0.422
ATXN2,other,2.93
ATXN2L,other,1.36
ATXN3,other,2.1
ATXN3L,other,-0.741
ATXN7,other,-1.58
ATXN7L1,other,1.57
ATXN7L2,other,2.03
ATXN7L3,other,2.6
ATXN7L3B,other,-0.0606
AUH,other,-0.283
AUNIP,other,0.169
AUP1,other,0.47
AURKA,in_trials,2.78
AURKAIP1,other,-1.25
AURKB,in_trials,1.3
AURKC,in_trials,1.12
AUTS2,other,1.98
AVEN,other,-3.38
AVIL,other,1.67
AVL9,other,1.45
AVP,other,0.898
AVPI1,other,-0.34
AVPR1A,other,0.092
AVPR1B,other,-0.688
AVPR2,other,1.58
AWAT1,other,-0.394
AWAT2,other,1.28
AXDND1,other,-0.265
AXIN1,other,0.724
AXIN2,other,-0.421
AXL,approved,2.04
AZGP1,other,0.239
AZI2,other,0.497
AZIN1,other,2.26
AZIN2,other,0.839
AZU1,other,-0.36
B2M,other,1.21
B3GALNT1,other,0.929
B3GALNT2,other,1.35
B3GALT1,other,2.25
B3GALT2,other,1.72
B3GALT4,other,0.886
B3GALT5,other,1.47
B3GALT6,other,-1.63
B3GAT1,other,2.23
B3GAT2,other,0.0194
B3GAT3,other,1.98
B3GLCT,other,0.482
B3GNT2,other,1.46
B3GNT3,other,2.03
B3GNT4,other,-4.18
B3GNT5,other,1.46
B3GNT6,other,-0.99
B3GNT7,other,1.5
B3GNT8,other,0.528
B3GNT9,other,-1.22
QTGAL,other,0.0322
B4GALNT1,other,1.04
B4GALNT2,other,0.535
B4GALNT3,other,1.56
B4GALNT4,other,-0.758
B4GALT1,other,1.58
B4GALT2,other,2.27
B4GALT3,other,2.47
B4GALT4,other,0.863
B4GALT5,other,3.11
B4GALT6,other,1.83
B4GALT7,other,-1.13
B4GAT1,other,1.76
B9D1,other,0.353
B9D2,other,0.637
BAALC,other,-0.266
BAAT,other,0.284
BABAM1,other,0.839
BABAM2,other,1.83
BACE1,other,2.49
BACE2,other,1.66
BACH1,other,0.933
BACH2,other,3.45
BAD,other,-1.51
BAG1,other,-0.207
BAG2,other,0.836
BAG3,other,-0.455
BAG4,other,0.838
BAG5,other,0.685
BAG6,other,3.31
BAHCC1,other,-14.3
BAHD1,other,1.73
BAIAP2,other,1.96
BAIAP2L1,other,0.58
BAIAP2L2,other,-1.48
BAIAP3,other,-2.2
BAK1,other,2.18
BAMBI,other,-1.38
BANF1,other,2.57
BANF2,other,0.471
BANK1,other,-0.766
BANP,other,3.47
BAP1,other,3.68
BARD1,other,-0.754
BARHL1,other,1.14
BARHL2,other,0.933
BARX1,other,1.15
BARX2,other,-0.00215
BASP1,other,-0.585
BATF,other,1.3
BATF2,other,1.05
BATF3,other,0.923
BAX,other,0.496
BAZ1A,other,4.81
BAZ1B,other,4.77
BAZ2A,other,3.39
BAZ2B,other,1.71
BBC3,other,1.17
BBIP1,other,-0.0736
BBLN,other,0.451
BBOF1,other,1.15
BBOX1,other,0.0522
BBS1,other,0.804
BBS10,other,-0.000269
BBS12,other,1.22
BBS2,other,1.66
BBS4,other,-0.901
BBS5,other,0.969
BBS7,other,1.62
BBS9,other,0.795
BBX,other,1.35
BCAM,other,-0.2
BCAN,other,0.884
BCAP29,other,-1.16
BCAP31,other,2.12
BCAR1,other,-1.11
BCAR3,other,1.18
BCAS1,other,-0.334
BCAS2,other,1.23
BCAS3,other,3.1
BCAS4,other,0.389
BCAT1,other,0.123
BCAT2,other,0.817
BCCIP,other,0.0385
BCDIN3D,other,0.786
BCHE,other,-2.23
BCKDHA,other,1.61
BCKDHB,other,-0.0336
BCKDK,other,1.74
BCL10,other,1.83
BCL11A,other,4.05
BCL11B,other,4.0
BCL2,approved,1.44
BCL2A1,in_trials,1.4
BCL2L1,in_trials,2.39
BCL2L10,in_trials,-0.904
BCL2L11,other,-0.822
BCL2L12,other,0.652
BCL2L13,other,1.26
BCL2L14,other,0.122
BCL2L15,other,0.651
BCL2L2,in_trials,1.84
BCL2L2-PABPN1,in_trials,3.08
BCL3,other,1.29
BCL6,other,3.54
BCL6B,other,0.44
BCL7A,other,1.36
BCL7B,other,1.3
BCL7C,other,0.9
BCL9,other,0.598
BCL9L,other,0.731
BCLAF1,other,6.02
BCLAF3,other,1.12
BCO1,other,-1.79
BCO2,other,0.38
BCOR,other,2.16
BCORL1,other,3.13
BCR,approved,1.32
BCS1L,other,2.68
BDH1,other,0.423
BDH2,other,1.29
BDKRB1,other,0.555
BDKRB2,other,0.788
BDNF,other,2.93
BDP1,other,0.299
BEAN1,other,0.332
BECN1,other,2.26
BECN2,other,1.51
BEGAIN,other,0.855
BEND2,other,0.534
BEND3,other,3.06
BEND4,other,-0.078
BEND5,other,2.23
BEND6,other,0.788
BEND7,other,0.276
BEST1,other,1.08
BEST2,other,0.608
BEST3,other,0.775
BEST4,other,1.65
BET1,other,0.243
BET1L,other,-0.114
BEX1,other,0.566
BEX2,other,0.252
BEX3,other,1.65
BEX4,other,-0.587
BEX5,other,-0.441
BFAR,other,-0.682
BFSP1,other,0.363
BFSP2,other,0.147
BGLAP,other,0.526
BGN,other,0.486
BHLHA15,other,-0.0404
BHLHA9,other,0.489
GPRASP3,other,0.976
BHLHE22,other,0.204
BHLHE23,other,-0.459
BHLHE40,other,0.708
BHLHE41,other,-0.311
BHMT,other,1.34
BHMT2,other,0.911
BICC1,other,1.38
BICD1,other,2.97
BICD2,other,3.5
BICDL1,other,1.49
BICDL2,other,-2.01
BICRA,other,-0.844
BICRAL,other,3.21
BID,other,0.799
BIK,other,-0.209
BIN1,other,2.17
BIN2,other,1.49
BIN3,other,-0.87
BIRC2,in_trials,0.434
BIRC3,in_trials,1.13
BIRC5,in_trials,0.499
BIRC6,other,2.5
BIRC7,other,-0.166
BIVM,other,1.22
BIVM-ERCC5,other,1.19
BLCAP,other,1.71
BLID,other,-0.306
BLK,approved,-3.19
BLM,other,1.53
BLMH,other,1.73
BLNK,other,1.85
BLOC1S1,other,-0.735
BLOC1S2,other,0.946
BLOC1S3,other,0.198
BLOC1S4,other,-0.562
BLOC1S5,other,-0.271
BLOC1S5-TXNDC5,other,-0.659
BLOC1S6,other,0.644
BLVRA,other,0.79
BLVRB,other,0.222
BLZF1,other,0.408
BMERB1,other,0.225
BMF,other,0.589
BMI1,other,2.99
BMP1,other,2.04
BMP10,in_trials,0.937
BMP15,other,-0.708
BMP2,other,1.51
BMP2K,other,0.439
BMP3,other,-0.858
BMP4,other,1.73
BMP5,other,0.37
BMP6,other,-0.481
BMP7,other,2.41
BMP8A,other,5.16
BMP8B,other,4.63
BMPER,other,1.21
BMPR1A,other,4.31
BMPR1B,other,1.05
BMPR2,other,3.15
BMS1,other,2.22
SAMTOR,other,2.3
BMX,in_trials,0.341
BNC1,other,2.09
BNC2,other,0.203
BNIP1,other,0.0249
BNIP2,other,-0.946
BNIP3,other,1.37
BNIP3L,other,1.45
BNIP5,other,-0.145
BNIPL,other,0.832
BOC,other,2.22
BOD1,other,1.7
BOD1L1,other,0.633
BOD1L2,other,0.485
BOK,other,-0.973
BOLA1,other,0.119
BOLA3,other,0.842
BOLL,other,1.19
BOP1,other,-1.28
BORA,other,1.7
BORCS5,other,0.166
BORCS6,other,0.0366
BORCS7,other,0.289
BORCS7-ASMT,other,0.289
BORCS8,other,0.0235
BORCS8-MEF2B,other,1.51
BPGM,other,1.1
BPHL,other,0.434
BPI,other,-0.714
BPIFA1,other,-0.985
BPIFA2,other,-0.0467
BPIFA3,other,-0.283
BPIFB1,other,1.07
BPIFB2,other,0.209
BPIFB3,other,-0.622
BPIFB4,other,0.0448
BPIFB6,other,-0.698
BPIFC,other,0.34
BPNT1,other,1.32
BPNT2,other,0.282
BPTF,other,5.57
BRAF,in_trials,5.52
BRAP,other,2.46
BRAT1,other,-1.35
BRCA1,other,1.73
BRCA2,other,-0.0338
BRCC3,other,3.32
BRD1,other,3.79
BRD2,in_trials,-0.836
BRD3,in_trials,3.35
BRD4,in_trials,3.88
BRD7,other,2.17
BRD8,other,4.4
BRD9,other,1.22
BRDT,in_trials,1.01
BRF1,other,-1.58
BRF2,other,0.405
BRI3,other,1.21
BRI3BP,other,0.446
BRICD5,other,-3.55
BRINP1,other,2.04
BRINP2,other,1.48
BRINP3,other,-0.253
BRIP1,other,2.2
BRIX1,other,0.262
BRK1,other,1.53
BRME1,other,0.819
BRMS1,other,0.495
BRMS1L,other,2.17
BROX,other,-0.334
BRPF1,other,5.48
BRPF3,other,4.53
BRS3,other,2.01
BRSK1,other,4.6
BRSK2,other,3.23
BRWD1,other,3.92
BRWD3,other,4.99
BSCL2,other,0.84
BSDC1,other,1.3
BSG,in_trials,-0.812
BSN,other,3.64
BSND,other,0.788
BSPH1,other,0.452
BSPRY,other,0.188
BST1,other,-0.58
BST2,other,1.28
BSX,other,0.478
BTAF1,other,5.51
BTBD1,other,1.41
BTBD10,other,4.1
ABTB3,other,1.94
BTBD16,other,-0.31
BTBD17,other,0.994
BTBD18,other,0.87
BTBD19,other,1.4
BTBD2,other,1.39
BTBD3,other,3.81
BTBD6,other,-0.0555
BTBD7,other,2.57
BTBD8,other,1.68
BTBD9,other,2.53
BTC,other,-0.649
BTD,other,-0.395
BTF3,other,1.09
BTF3L4,other,2.96
BTG1,other,1.92
BTG2,other,0.279
BTG3,other,2.54
BTG4,other,1.11
BTK,approved,5.85
BTLA,other,1.19
BTN1A1,other,1.63
BTN2A1,other,0.332
BTN2A2,other,0.66
BTN3A1,other,1.59
BTN3A2,other,3.05
BTN3A3,other,1.46
BTNL2,other,2.31
BTNL3,other,2.35
BTNL8,other,1.56
BTNL9,other,-0.858
BTRC,other,2.34
BUB1,other,1.5
BUB1B,other,1.3
BUB1B-PAK6,other,-1.19
BUB3,other,2.35
BUD13,other,-0.456
BUD23,other,0.41
BUD31,other,1.15
POPDC1,other,0.255
BYSL,other,1.0
BZW1,other,5.5
BZW2,other,1.79
C10orf105,other,-0.542
C10orf120,other,-0.75
C10orf53,other,0.0321
C10orf62,other,0.0747
C10orf67,other,-3.38
C10orf71,other,-0.647
SPMIP5,other,0.54
C10orf88,other,0.483
C10orf90,other,-1.29
C10orf95,other,-1.99
GPR15LG,other,-0.0213
CFAP68,other,-0.0535
C11orf16,other,-0.241
C11orf21,other,0.109
C11orf24,other,0.429
C11orf42,other,-0.641
KCNJ5-AS1,other,0.326
CSTPP1,other,0.131
C11orf52,other,0.543
POU2AF2,other,-0.648
BKGD,other,-0.0836
C11orf58,other,2.06
C11orf65,other,-0.0646
C11orf68,other,-0.295
C11orf71,other,-0.377
TOP6BL,other,-0.0411
C11orf86,other,0.0893
C11orf87,other,0.38
C11orf91,other,0.859
FREY1,other,-0.962
C11orf96,other,0.57
C11orf97,other,-0.331
C11orf98,other,-0.94
RLIG1,other,0.195
FERRY3,other,1.76
REDIC1,other,-1.22
C12orf42,other,-0.471
C12orf43,other,0.24
ZC3H11D,other,0.261
C12orf54,other,-0.108
C12orf56,other,0.101
C12orf57,other,-1.84
C12orf60,other,-0.0192
C12orf71,other,0.776
UQCC6,other,-0.567
C12orf75,other,-0.411
C12orf76,other,-0.0345
C14orf119,other,0.128
C14orf132,other,-0.366
C14orf180,other,-0.169
DORIP1,other,-0.0526
C14orf39,other,-1.18
C14orf93,other,1.64
PRMT2IP,other,0.893
C15orf40,other,-1.13
COXFA4L3,other,0.815
C15orf61,other,-1.02
C15orf62,other,0.708
PIERCE2,other,0.0901
C16orf46,other,-2.7
C16orf54,other,1.28
HAPSTR1,other,1.66
CLMB,other,-1.45
C16orf78,other,-0.0466
C16orf82,other,0.893
C16orf86,other,0.519
HDIP1,other,2.14
C16orf89,other,-2.61
C16orf90,other,-0.541
UQCC4,other,-0.867
FIMP1,other,0.832
C16orf95,other,-1.73
C16orf96,other,-1.36
C17orf100,other,0.114
C17orf107,other,-0.864
C17orf113,other,1.87
BACC1,other,0.772
PGBDF,other,-0.832
C17orf58,other,0.395
CHCT1,other,0.311
C17orf67,other,-0.0615
C17orf75,other,0.898
C17orf78,other,1.37
MTNAP1,other,-0.954
LIAT1,other,1.71
SPMAP1,other,0.136
C17orf99,other,0.338
RMP24,other,-0.224
ARK2N,other,1.15
C18orf32,other,0.194
C18orf54,other,-1.14
C18orf63,other,1.03
C19orf12,other,1.02
C19orf18,other,0.28
C19orf25,other,-1.2
C19orf33,other,-0.259
C19orf38,other,0.949
C19orf44,other,1.68
C19orf47,other,0.88
C19orf53,other,-1.36
ACTMAP,other,-0.288
C19orf67,other,0.907
TEKTIP1,other,-3.41
C19orf73,other,-1.07
C19orf81,other,-0.16
C19orf84,other,0.619
C1D,other,0.811
C1GALT1,other,0.0255
C1GALT1C1,other,1.63
C1GALT1C1L,other,-1.51
C1QA,other,1.26
C1QB,other,1.07
C1QBP,other,0.425
C1QC,other,0.657
C1QL1,other,0.749
C1QL2,other,0.287
C1QL3,other,2.16
C1QL4,other,-0.12
C1QTNF1,other,0.157
C1QTNF12,other,-1.5
C1QTNF2,other,0.243
C1QTNF3,other,0.773
C1QTNF3-AMACR,other,0.918
C1QTNF4,other,-1.1
C1QTNF5,other,1.35
C1QTNF6,other,1.31
C1QTNF7,other,0.802
C1QTNF8,other,-2.42
C1QTNF9,other,4.54
C1QTNF9B,other,4.58
C1R,other,0.601
C1RL,other,1.04
C1S,approved,1.82
SPMIP3,other,0.436
C1orf105,other,-0.16
AIRIM,other,0.313
FIRRM,other,1.38
C1orf115,other,-0.465
C1orf116,other,-0.781
C1orf122,other,0.607
CIROZ,other,0.807
FSAF1,other,0.612
C1orf141,other,-0.278
C1orf146,other,0.232
CFAP107,other,0.12
C1orf159,other,0.417
C1orf162,other,0.331
C1orf167,other,3.28
C1orf174,other,-0.0247
C1orf185,other,0.149
CFAP141,other,0.312
CFAP276,other,0.487
C1orf198,other,0.99
C1orf21,other,1.41
C1orf210,other,0.166
C1orf216,other,0.658
C1orf226,other,0.539
C1orf232,other,0.447
C1orf35,other,-0.839
LTAP1,other,0.482
C1orf50,other,-0.582
C1orf52,other,-0.304
C1orf53,other,-1.89
C1orf54,other,-0.0259
C1orf56,other,0.549
KPLCE,other,-0.29
C1orf74,other,0.56
C1orf87,other,-0.58
C1orf94,other,-0.362
C2,other,2.07
C20orf141,other,-0.506
C20orf144,other,-1.84
C20orf173,other,1.09
C20orf202,other,-0.443
C20orf203,other,-0.42
C20orf204,other,-3.48
ADISSP,other,1.4
CIMIP1,other,-0.369
C20orf96,other,-0.697
C21orf58,other,-0.538
EPCIP,other,1.27
C21orf91,other,0.723
C22orf15,other,0.65
C22orf23,other,0.932
C22orf31,other,0.166
C22orf39,other,-1.33
C22orf42,other,1.21
C2CD2,other,1.63
C2CD2L,other,1.81
C2CD3,other,1.89
C2CD4A,other,-0.638
C2CD4B,other,-1.18
C2CD4C,other,-0.727
C2CD4D,other,-0.0148
C2CD5,other,3.19
CATSPERT,other,3.17
C2orf15,other,0.559
SPATA31H1,other,1.02
C2orf42,other,1.12
TSLIG2,other,-0.381
CIMIP5,other,-0.275
C2orf66,other,0.203
C2orf68,other,-0.436
C2orf69,other,1.28
C2orf72,other,-0.287
CIMIP6,other,-1.18
DEMA1,other,0.0404
C2orf76,other,0.0192
C2orf78,other,0.65
C2orf80,other,0.308
C2orf81,other,0.732
AKAP19,other,-0.0245
C3,in_trials,4.46
C3AR1,other,0.0799
CEP15,other,0.258
C3orf18,other,0.523
FAM194C,other,0.856
C3orf22,other,0.128
MISO1,other,0.599
C3orf38,other,0.694
C3orf49,other,-3.97
C3orf52,other,-0.114
PRR23E,other,-0.639
C3orf62,other,0.211
C3orf70,other,-0.344
C3orf80,other,0.335
CIMIP7,other,0.672
C3orf85,other,-0.717
C4A,other,7.52
C4B,other,7.96
C4BPA,other,2.4
C4BPB,other,0.511
C4orf17,other,-0.000292
PGCKA1,other,1.14
ARLN,other,-0.142
C4orf33,other,0.536
C4orf36,other,-0.114
SPMIP2,other,-0.172
C4orf46,other,-0.429
CFAP96,other,0.616
NICOL1,other,-1.7
C4orf50,other,-1.31
C4orf51,other,-0.342
C4orf54,other,-1.62
C5,approved,2.59
C5AR1,approved,0.883
C5AR2,other,0.187
C5orf15,other,0.296
C5orf22,other,0.67
C5orf24,other,1.85
C5orf34,other,0.0425
C5orf46,other,0.4
C5orf47,other,-0.652
CFAP90,other,-0.102
RIMOC1,other,0.553
C5orf52,other,0.207
C5orf58,other,-0.19
C5orf63,other,0.365
C6,other,-1.25
C6orf118,other,-1.1
C6orf120,other,-1.23
C6orf132,other,0.659
C6orf136,other,0.68
C6orf141,other,-0.586
C6orf15,other,1.16
C6orf163,other,1.02
PEX39,other,-0.944
C6orf47,other,0.982
C6orf52,other,0.516
C6orf58,other,0.423
C6orf62,other,2.06
C6orf89,other,0.765
C7,other,-0.789
C7orf25,other,1.71
INTS15,other,-2.36
SPMIP4,other,0.0193
C7orf33,other,0.957
CHLSN,other,-1.01
C7orf57,other,0.365
SPACDR,other,1.04
C8A,other,-0.905
C8B,other,-1.03
C8G,other,-0.851
C8orf33,other,-1.85
C8orf34,other,-0.144
C8orf44-SGK3,other,1.72
C8orf48,other,-4.85
C8orf58,other,-1.11
C8orf74,other,-3.22
C8orf76,other,-0.393
C8orf82,other,-1.69
C8orf88,other,0.687
C8orf89,other,0.109
C9,other,-1.22
PIERCE1,other,0.271
SPATA31G1,other,-0.945
CFAP95,other,-0.581
C9orf152,other,-0.172
C9orf153,other,0.12
SPMIP6,other,-0.0375
C9orf40,other,0.325
C9orf43,other,0.396
C9orf50,other,0.827
C9orf57,other,0.728
QNG1,other,0.315
C9orf72,other,-0.649
C9orf78,other,1.77
C9orf85,other,0.442
CA1,in_trials,-0.593
CA10,other,1.26
CA11,other,1.83
CA12,in_trials,0.308
CA13,other,0.0935
CA14,other,0.319
CA2,in_trials,0.354
CA3,other,0.788
CA4,in_trials,0.0576
CA5A,other,-0.942
CA5B,other,0.434
CA6,other,0.108
CA7,other,3.1
CA8,other,1.88
CA9,other,0.13
CAAP1,other,-1.76
CAB39,other,2.79
CAB39L,other,0.558
CABCOCO1,other,-0.408
CABIN1,other,3.55
CABLES1,other,1.03
CABLES2,other,0.854
CABP1,other,2.61
CABP2,other,0.0525
CABP4,other,-0.611
CABP5,other,-0.00215
CABP7,other,1.18
CABS1,other,-0.707
CABYR,other,0.535
CACFD1,other,-0.8
CACHD1,other,2.5
CACNA1A,in_trials,7.41
CACNA1B,in_trials,6.26
CACNA1C,in_trials,9.49
CACNA1D,in_trials,7.34
CACNA1E,in_trials,9.02
CACNA1F,in_trials,2.49
CACNA1G,in_trials,6.39
CACNA1H,in_trials,-6.08
CACNA1I,in_trials,6.03
CACNA1S,in_trials,0.639
CACNA2D1,in_trials,4.69
CACNA2D2,in_trials,3.5
CACNA2D3,in_trials,1.85
CACNA2D4,in_trials,0.775
CACNB1,in_trials,2.69
CACNB2,in_trials,-1.27
CACNB3,in_trials,2.61
CACNB4,in_trials,3.08
CACNG1,in_trials,0.428
CACNG2,in_trials,1.88
CACNG3,in_trials,3.74
CACNG4,in_trials,1.97
CACNG5,in_trials,0.42
CACNG6,in_trials,0.293
CACNG7,in_trials,1.82
CACNG8,in_trials,2.36
CACTIN,other,2.81
CACUL1,other,0.991
CACYBP,other,2.58
CAD,other,6.05
CADM1,other,3.06
CADM2,other,2.2
CADM3,other,1.62
CADM4,other,1.99
CADPS,other,3.32
CADPS2,other,1.57
CAGE1,other,1.18
CALB1,other,1.88
CALB2,other,-0.109
CALCA,other,0.138
CALCB,other,-0.453
CALCOCO1,other,2.09
CALCOCO2,other,1.11
CALCR,in_trials,0.544
CALCRL,other,2.14
CALD1,other,1.39
CALHM1,other,0.735
CALHM2,other,0.504
CALHM3,other,-0.666
CALHM4,other,0.68
CALHM5,other,0.102
CALHM6,other,-0.269
CALM1,other,5.05
CALM2,other,4.49
CALM3,other,4.17
CALML3,other,0.469
CALML4,other,-0.251
CALML5,other,-0.0119
CALML6,other,-0.176
CALN1,other,1.45
CALR,other,0.993
CALR3,other,0.502
CALU,other,2.36
CALY,other,0.841
CAMK1,other,0.299
CAMK1D,other,3.81
CAMK1G,other,1.39
CAMK2A,other,7.25
CAMK2B,other,4.67
CAMK2D,other,3.41
CAMK2G,other,4.65
CAMK2N1,other,1.25
CAMK2N2,other,0.959
CAMK4,other,1.56
CAMKK1,other,1.17
CAMKK2,other,2.39
CAMKMT,other,-0.537
CAMKV,other,4.84
CAMLG,other,0.109
CAMP,other,0.234
CAMSAP1,other,1.36
CAMSAP2,other,3.85
CAMSAP3,other,1.71
CAMTA1,other,5.42
CAMTA2,other,2.11
CAND1,other,5.69
CAND2,other,1.62
CANT1,other,0.809
CANX,other,2.34
CAP1,other,2.89
CAP2,other,1.57
CAPG,other,0.536
CAPN1,other,1.96
CAPN10,other,1.06
CAPN11,other,0.586
CAPN12,other,-1.87
CAPN13,other,-0.672
CAPN14,other,-0.128
CAPN15,other,-0.0232
CAPN2,other,1.55
CAPN3,other,0.535
CAPN5,other,1.41
CAPN6,other,0.706
CAPN7,other,0.91
CAPN8,other,-0.885
CAPN9,other,0.264
CAPNS1,other,0.443
CAPNS2,other,0.554
CAPRIN1,other,1.18
CAPRIN2,other,0.744
CAPS,other,-0.399
CAPS2,other,-0.686
CAPSL,other,-0.787
CAPZA1,other,1.74
CAPZA2,other,2.19
CAPZA3,other,-0.253
CAPZB,other,4.04
CARD10,other,2.18
CARD11,other,4.09
CARD14,other,0.466
CARD16,other,-0.506
CARD18,other,-1.18
CARD19,other,0.173
CARD6,other,-0.0499
CARD8,other,1.57
CARD9,other,-0.404
CARF,other,1.24
CARHSP1,other,-4.25
CARM1,other,5.93
CARMIL1,other,3.0
CARMIL2,other,1.33
CARMIL3,other,2.41
CARNMT1,other,1.73
CARNS1,other,0.359
CARS1,other,1.17
CARS2,other,-0.401
CARTPT,other,0.251
CASC3,other,1.38
CASD1,other,2.42
CASK,other,5.76
CASKIN1,other,-0.0531
CASKIN2,other,1.17
CASP1,in_trials,0.108
CASP10,in_trials,0.00918
CASP12,in_trials,-0.492
CASP14,in_trials,-0.246
CASP2,in_trials,1.2
CASP3,in_trials,1.66
CASP4,in_trials,0.271
CASP5,in_trials,0.374
CASP6,in_trials,0.742
CASP7,in_trials,0.838
CASP8,in_trials,1.79
CASP8AP2,other,5.19
CASP9,in_trials,-0.692
CASQ1,other,0.346
CASQ2,other,-0.0909
CASR,other,5.0
CASS4,other,1.8
CAST,other,-0.0895
CASTOR1,other,1.7
CASTOR2,other,3.62
CASZ1,other,2.52
CAT,other,0.308
CATIP,other,0.134
CATSPER1,other,1.64
CATSPER2,other,1.01
CATSPER3,other,0.568
CATSPER4,other,0.668
CATSPERB,other,2.06
CATSPERD,other,0.144
CATSPERE,other,0.933
CATSPERG,other,2.14
CATSPERZ,other,0.676
CAV1,other,0.582
CAV2,other,-0.597
CAV3,other,0.981
CAVIN1,other,0.756
CAVIN2,other,-0.111
CAVIN3,other,-0.934
CAVIN4,other,-0.376
CBARP,other,-2.26
CBFA2T2,other,2.79
CBFA2T3,other,-1.55
CBFB,other,2.02
CBL,other,1.51
CBLB,other,1.87
CBLC,other,-0.498
CBLIF,other,0.603
CBLL1,other,1.14
CBLL2,other,-0.0873
CBLN1,other,2.4
CBLN2,other,1.53
CBLN3,other,0.142
CBLN4,other,1.83
CBR1,other,0.17
CBR3,other,1.11
CBR4,other,-0.396
CBS,other,3.73
CBSL,other,2.84
ZNG1A,other,4.94
ZNG1B,other,5.47
ZNG1C,other,5.0
ZNG1E,other,7.16
ZNG1F,other,3.42
CBX1,other,3.25
CBX2,other,-0.343
CBX3,other,3.7
CBX4,other,1.23
CBX5,other,3.25
CBX6,other,1.63
CBX7,other,1.89
CBX8,other,0.457
CBY1,other,0.352
CBY2,other,-0.9
CBY3,other,-1.48
CC2D1A,other,1.25
CC2D1B,other,-0.608
CC2D2A,other,0.967
CC2D2B,other,2.32
CCAR1,other,4.0
CCAR2,other,0.634
CCBE1,other,-0.264
CCDC102A,other,-0.159
CCDC102B,other,-0.944
DNAAF19,other,0.657
TEKTL1,other,-1.08
CCDC106,other,1.12
CCDC107,other,-0.627
CCDC110,other,1.04
CCDC112,other,-0.959
CFAP263,other,0.674
VMA22,other,-0.462
CCDC116,other,0.196
CCDC117,other,-0.796
CCDC12,other,0.354
CCDC120,other,0.124
CCDC121,other,1.62
CCDC122,other,0.122
CCDC124,other,0.812
CCDC125,other,0.572
CCDC126,other,0.439
CCDC127,other,1.23
CCDC13,other,0.713
CCDC134,other,0.647
CCDC136,other,1.99
CCDC137,other,-0.801
CCDC138,other,-0.884
CCDC14,other,0.0172
CCDC141,other,-1.14
CCDC142,other,0.579
CCDC144A,other,9.42
CCDC146,other,1.32
CCDC148,other,-0.334
CCDC149,other,1.33
CCDC15,other,-0.147
CCDC150,other,-0.526
CCDC152,other,0.827
DRC12,other,0.63
CCDC154,other,-0.342
CCDC157,other,0.56
CCDC158,other,0.485
CCDC159,other,0.342
CCDC160,other,-0.331
CCDC163,other,-1.85
CCDC166,other,-1.19
CCDC167,other,-0.0342
LRTM3,other,1.16
CCDC169,other,0.0252
CCDC169-SOHLH2,other,1.38
CCDC17,other,-0.516
CCDC170,other,-0.288
CCDC171,other,-4.91
CCDC172,other,-0.173
CFAP210,other,0.499
CCDC174,other,0.611
CCDC175,other,0.533
CCDC177,other,1.32
CCDC178,other,-0.585
CCDC179,other,-0.213
CCDC18,other,1.56
CCDC180,other,1.18
CCDC181,other,1.18
CCDC182,other,-0.372
CCDC183,other,-1.3
CCDC184,other,0.102
CCDC185,other,-2.33
CCDC186,other,1.62
CCDC187,other,1.21
CCDC188,other,1.13
CFAP119,other,-0.154
CCDC190,other,-0.468
CCDC191,other,1.47
CCDC194,other,-0.577
CCDC197,other,-3.71
CCDC198,other,-0.49
CCDC22,other,1.74
CCDC24,other,-0.754
CCDC25,other,1.93
CCDC27,other,-0.0845
CCDC28A,other,1.2
CCDC28B,other,1.04
CCDC3,other,-1.44
CCDC30,other,1.83
CCDC32,other,0.335
CCDC33,other,-0.063
CCDC34,other,-0.276
CCDC38,other,0.218
CCDC39,other,0.152
CCDC40,other,0.45
CCDC42,other,0.783
CCDC43,other,0.57
CCDC47,other,1.2
CCDC50,other,0.367
CCDC51,other,0.995
CCDC54,other,0.222
CCDC57,other,0.243
CCDC59,other,-1.96
CCDC6,in_trials,4.07
CCDC60,other,0.544
CCDC61,other,1.27
CCDC62,other,1.58
CCDC63,other,0.855
DRC2,other,0.564
CCDC66,other,-0.657
CCDC68,other,0.455
CCDC69,other,-0.7
CCDC7,other,-0.641
CCDC70,other,-0.951
CCDC71,other,0.173
CCDC71L,other,0.38
CCDC73,other,1.73
CCDC74A,other,1.35
CCDC74B,other,1.02
CCDC77,other,0.12
CCDC78,other,-2.09
CCDC8,other,-0.189
CCDC80,other,-0.0783
CCDC81,other,-0.197
CCDC82,other,0.763
CCDC83,other,-0.864
CCDC85A,other,-1.22
CCDC85B,other,1.74
CCDC85C,other,0.945
CCDC86,other,0.338
CCDC87,other,-0.4
CCDC88A,other,2.7
CCDC88B,other,1.38
CCDC88C,other,0.654
CCDC89,other,-0.846
CCDC9,other,-1.19
CCDC90B,other,-0.492
CCDC91,other,-0.103
CCDC92,other,0.821
CCDC92B,other,-0.233
CCDC93,other,1.22
CFAP184,other,-1.63
CCDC97,other,1.07
CCDC9B,other,-0.184
CCER1,other,-0.903
CCER2,other,-0.145
CCHCR1,other,2.35
CCIN,other,2.11
CCK,other,0.772
CCKAR,other,-0.17
CCKBR,other,-0.593
CCL1,other,0.147
CCL11,in_trials,-0.71
CCL13,other,-0.11
CCL14,other,-0.342
CCL15,other,0.315
CCL15-CCL14,other,0.315
CCL16,other,0.317
CCL17,other,0.443
CCL18,other,0.524
CCL19,other,1.25
CCL2,other,1.18
CCL20,other,0.428
CCL21,other,0.295
CCL22,other,0.369
CCL23,other,-0.33
CCL24,other,0.743
CCL25,other,0.955
CCL26,other,-0.204
CCL27,other,-0.000549
CCL28,other,0.414
CCL3,other,0.341
CCL3L3,other,0.947
CCL4,other,0.212
CCL4L2,other,1.83
CCL5,other,0.00671
CCL7,other,-0.815
CCL8,other,-0.349
CCM2,other,1.76
CCM2L,other,1.68
CCN1,other,0.48
CCN2,in_trials,0.568
CCN3,other,-0.193
CCN4,other,-0.00102
CCN5,other,-0.556
CCN6,other,0.939
CCNA1,other,1.93
CCNA2,other,2.76
CCNB1,other,0.82
CCNB1IP1,other,1.48
CCNB2,other,-0.0327
CCNB3,other,1.21
CCNC,other,3.0
CCND1,in_trials,1.25
CCND2,other,3.06
CCND3,other,1.54
CCNDBP1,other,0.123
CCNE1,other,1.6
CCNE2,other,1.9
CCNF,other,1.23
CCNG1,other,1.09
CCNG2,other,0.708
CCNH,other,0.572
CCNI,other,1.13
CCNI2,other,0.662
CCNJ,other,2.47
CCNJL,other,-0.234
CCNK,other,3.91
CCNL1,other,3.03
CCNL2,other,0.0546
CCNO,other,-1.29
CCNP,other,-0.324
CCNQ,other,2.19
CCNT1,other,2.02
CCNT2,other,2.23
CCNY,other,1.37
CCNYL1,other,2.08
CCP110,other,2.14
CCPG1,other,0.496
CCR1,in_trials,1.77
CCR10,other,1.31
CCR2,in_trials,0.651
CCR3,other,0.378
CCR4,approved,1.0
CCR5,in_trials,-0.877
CCR6,other,2.79
CCR7,other,2.74
CCR8,other,1.24
CCR9,in_trials,1.19
CCRL2,other,-0.811
CCS,other,0.735
CCSAP,other,0.64
CCSER1,other,-0.716
CCSER2,other,-0.0624
CCT2,other,1.68
CCT3,other,1.33
CCT4,other,1.12
CCT5,other,2.18
CCT6A,other,2.22
CCT6B,other,-0.529
CCT7,other,2.71
CCT8,other,1.67
CCT8L2,other,1.73
CCZ1,other,5.61
CCZ1B,other,6.12
CD101,other,0.902
CD109,other,-0.356
CD14,in_trials,0.378
CD151,other,0.439
CD160,other,0.913
CD163,other,3.64
CD163L1,other,2.76
CD164,other,-1.4
CD164L2,other,-0.147
CD177,other,-1.77
CD180,other,0.707
CD19,approved,1.51
CD1A,other,-1.12
CD1B,other,-1.94
CD1C,other,-0.468
CD1D,other,-0.429
CD1E,other,-0.407
CD2,approved,-0.0187
CD200,in_trials,1.47
CD200R1,other,0.908
CD200R1L,other,-0.031
CD207,other,0.21
CD209,other,0.911
CD22,approved,1.69
CD226,other,0.33
CD24,other,1.39
CD244,other,0.412
CD247,other,0.572
CD248,other,1.53
CD27,in_trials,0.776
CD274,in_trials,-0.147
CD276,other,1.33
CD28,in_trials,0.859
CD2AP,other,-0.623
CD2BP2,other,-1.07
CD300A,other,0.775
CD300C,other,0.262
CD300E,other,0.454
CD300H,other,1.6
CD300LB,other,0.801
CD300LD,other,0.896
CD300LF,other,0.198
CD300LG,other,0.451
CD302,other,-0.373
CD320,other,-0.244
CD33,approved,0.828
CD34,other,0.807
CD36,other,-4.77
CD37,in_trials,0.204
CD38,approved,-0.179
CD3D,approved,0.198
CD3E,approved,0.828
CD3G,approved,-0.0305
CD4,in_trials,1.68
CD40,in_trials,2.03
CD40LG,in_trials,1.85
CD44,other,0.435
CD46,other,1.07
CD47,in_trials,1.75
CD48,other,-0.517
CD5,other,1.54
CD52,approved,0.677
CD53,other,1.26
CD55,other,1.06
CD58,other,0.828
CD59,other,0.277
CD5L,other,0.06
CD6,in_trials,1.81
CD63,other,1.15
CD68,other,-0.375
CD69,other,0.911
CD7,other,0.851
CD70,in_trials,0.627
CD72,other,0.365
CD74,in_trials,1.11
CD79A,other,1.55
CD79B,approved,2.0
CD80,approved,1.62
CD81,other,1.11
CD82,other,0.161
CD83,other,-0.00534
CD84,other,-0.0508
CD86,approved,0.843
CD8A,other,-0.96
CD8B,other,1.95
CD8B2,other,1.91
CD9,other,1.01
CD93,other,-1.08
CD96,other,-1.06
CD99,other,-0.923
CD99L2,other,-0.956
CDA,approved,0.748
CDADC1,other,1.73
CDAN1,other,-0.981
CDC123,other,1.07
CDC14A,other,1.08
CDC14B,other,2.24
CDC14C,other,1.81
CDC16,other,1.54
CDC20,other,2.99
CDC20B,other,0.611
CDC23,other,3.3
CDC25A,other,3.03
CDC25B,other,1.23
CDC25C,other,1.01
CDC26,other,1.57
CDC27,other,5.25
CDC34,other,1.27
CDC37,other,2.38
CDC37L1,other,-0.6
CDC40,other,3.37
CDC42,other,5.06
CDC42BPA,other,3.32
CDC42BPB,other,4.82
CDC42BPG,other,1.2
CDC42EP1,other,-0.514
CDC42EP2,other,0.802
CDC42EP3,other,0.0528
CDC42EP4,other,0.351
CDC42EP5,other,-0.856
CDC42SE1,other,0.839
CDC42SE2,other,1.02
CDC45,other,1.15
CDC5L,other,3.91
CDC6,other,0.95
CDC7,other,1.4
CDC73,other,5.19
CDCA2,other,-0.612
CDCA3,other,0.853
CDCA4,other,0.669
CDCA5,other,0.415
CDCA7,other,1.8
CDCA7L,other,-1.12
CDCA8,other,1.56
CDCP1,other,2.58
CDCP2,other,0.768
CDH1,other,1.68
CDH10,other,2.17
CDH11,other,2.45
CDH12,other,0.44
CDH13,other,-2.07
CDH15,other,-2.65
CDH16,other,-0.681
CDH17,other,0.329
CDH18,other,1.17
CDH19,other,-1.41
CDH2,other,3.44
CDH20,other,0.794
CDH22,other,2.67
CDH23,other,1.2
CDH24,other,1.59
CDH26,other,0.326
CDH3,other,0.397
CDH4,other,2.28
CDH5,other,1.63
CDH6,other,3.44
CDH7,other,1.54
CDH8,other,3.19
CDH9,other,1.5
CDHR1,other,-0.898
CDHR2,other,1.06
CDHR3,other,-0.0442
CDHR4,other,1.25
CDHR5,other,-1.55
CDIN1,other,0.844
CDIP1,other,0.38
CDIPT,other,0.78
CDK1,in_trials,4.33
CDK10,in_trials,-2.01
CDK11A,other,3.69
CDK11B,in_trials,6.01
CDK12,in_trials,3.11
CDK13,in_trials,2.39
CDK14,in_trials,1.47
CDK15,in_trials,-0.246
CDK16,in_trials,4.14
CDK17,in_trials,3.31
CDK18,in_trials,0.272
CDK19,in_trials,4.86
CDK2,in_trials,3.7
CDK20,in_trials,-1.19
CDK2AP1,other,1.67
CDK2AP2,other,1.5
CDK3,in_trials,0.682
CDK4,in_trials,2.22
CDK5,in_trials,3.78
CDK5R1,other,1.85
CDK5R2,other,2.9
CDK5RAP1,other,1.23
CDK5RAP2,other,0.329
CDK5RAP3,other,1.56
CDK6,in_trials,4.06
CDK7,in_trials,2.01
CDK8,in_trials,5.07
CDK9,in_trials,2.55
CDKAL1,other,1.47
CDKL1,other,0.71
CDKL2,other,0.199
CDKL3,other,0.605
CDKL4,other,-0.512
CDKL5,other,4.63
CDKN1A,other,0.803
CDKN1B,other,-1.98
CDKN1C,other,0.169
CDKN2A,other,-0.877
CDKN2AIP,other,-0.382
XTBD1,other,0.365
CDKN2B,other,-0.904
CDKN2C,other,1.49
CDKN2D,other,0.98
CDKN3,other,1.64
CDNF,other,0.0114
CDO1,other,0.0228
CDON,other,1.26
CDPF1,other,0.146
CDR1,other,0.938
CDR2,other,0.937
CDR2L,other,0.889
FBXW10B,other,5.04
CDRT15,other,3.29
CDRT15L2,other,1.42
CDRT4,other,0.8
CDS1,other,1.46
CDS2,other,3.66
CDSN,other,1.2
CDT1,other,-2.26
CDV3,other,0.15
CDX1,other,-0.15
CDX2,other,1.16
CDX4,other,-0.542
CDYL,other,3.71
CDYL2,other,-0.359
CEACAM1,other,1.26
CEACAM16,other,1.13
CEACAM18,other,0.214
CEACAM19,other,0.782
CEACAM20,other,0.839
CEACAM21,other,-0.456
CEACAM3,other,0.631
CEACAM4,other,-0.53
CEACAM5,other,1.08
CEACAM6,other,0.538
CEACAM7,other,0.142
CEACAM8,other,0.953
CEBPA,other,1.52
CEBPB,other,0.648
CEBPD,other,-0.0135
CEBPE,other,-0.124
CEBPG,other,0.823
CEBPZ,other,-2.5
CEBPZOS,other,-3.51
CECR2,other,0.861
CEL,other,3.06
CELA1,other,0.932
CELA2A,other,0.52
CELA2B,other,0.178
CELA3A,other,0.253
CELA3B,other,0.517
CELF1,other,4.37
CELF2,other,5.56
CELF3,other,4.09
CELF4,other,3.79
CELF5,other,4.54
CELF6,other,2.15
CELSR1,other,1.22
CELSR2,other,3.96
CELSR3,other,5.83
CEMIP,other,3.17
CEMIP2,other,1.04
CEMP1,other,-1.68
CENATAC,other,-1.17
CEND1,other,-0.354
CENPA,other,1.35
CENPB,other,3.02
CENPC,other,1.33
CENPE,other,2.36
CENPF,other,0.599
CENPH,other,-0.226
CENPI,other,1.67
CPAP,other,0.683
CENPK,other,0.379
CENPL,other,0.704
CENPM,other,-0.298
CENPN,other,-0.85
CENPO,other,0.198
CENPP,other,0.306
CENPQ,other,-0.104
CENPS,other,-0.0485
CENPS-CORT,other,-0.0485
CENPT,other,-0.041
CENPU,other,-0.383
CENPV,other,0.891
CENPW,other,0.231
CENPX,other,-1.26
CEP104,other,1.3
CEP112,other,0.156
CEP120,other,-0.932
CEP126,other,0.535
CEP128,other,0.357
CEP131,other,0.045
CEP135,other,-0.0914
CEP152,other,0.536
CEP162,other,-0.137
CEP164,other,0.559
CEP170,other,9.11
CEP170B,other,0.371
CEP19,other,-0.0306
CEP192,other,0.857
CEP20,other,-0.403
CEP250,other,2.95
CEP290,other,0.0599
CEP295,other,0.679
CEP295NL,other,0.769
CEP350,other,1.62
CEP41,other,0.463
CEP43,other,-0.65
CEP44,other,-0.304
CEP55,other,1.18
CEP57,other,-0.448
CEP57L1,other,1.91
CEP63,other,-0.37
CEP68,other,-0.142
CEP70,other,0.346
CEP72,other,-1.2
CEP76,other,1.59
CEP78,other,-1.04
CEP83,other,1.1
CEP85,other,0.758
CEP85L,other,-0.513
CEP89,other,1.09
CEP95,other,-0.679
CEP97,other,1.0
CEPT1,other,3.73
CER1,other,-2.45
CERCAM,other,-0.173
CERK,other,0.704
CERKL,other,-0.326
CERS1,other,-0.00115
CERS2,other,2.46
CERS3,other,-0.192
CERS4,other,-1.19
CERS5,other,1.76
CERS6,other,1.04
CERT1,other,4.2
CES1,other,0.0743
CES2,other,1.08
CES3,other,1.52
CES4A,other,0.687
CES5A,other,-0.632
CETN1,other,0.318
CETN2,other,1.78
CETN3,other,0.686
CETP,other,-0.0414
CFAP100,other,-0.529
CFAP126,other,1.2
CFAP157,other,0.822
CFAP161,other,0.108
CFAP20,other,1.81
CFAP206,other,1.4
CFAP20DC,other,-0.503
CFAP221,other,-0.155
CFAP251,other,1.17
CFAP298,other,0.277
CFAP298-TCP10L,other,0.397
CFAP299,other,-0.856
CFAP300,other,-0.905
CFAP36,other,-0.232
CFAP410,other,-1.67
CFAP418,other,-0.0487
CFAP43,other,1.7
CFAP44,other,1.34
CFAP45,other,0.202
CFAP46,other,1.41
CFAP47,other,-1.81
CFAP52,other,0.0535
CFAP53,other,-0.231
CFAP54,other,0.931
CFAP57,other,1.64
CFAP58,other,0.416
CFAP61,other,0.532
CFAP65,other,1.36
CFAP69,other,0.386
CFAP70,other,3.05
CFAP73,other,0.418
CFAP74,other,-0.301
CFAP77,other,0.435
CFAP91,other,-0.258
CFAP92,other,0.95
CFAP97,other,-0.628
CFAP97D1,other,1.04
CFAP99,other,-1.03
CFB,in_trials,2.6
CFC1,other,4.13
CFD,other,-3.31
CFDP1,other,-1.83
CFH,other,1.3
CFHR1,other,2.9
CFHR2,other,-0.018
CFHR3,other,2.67
CFHR4,other,0.797
CFHR5,other,-1.62
CFI,other,-0.025
CFL1,other,4.02
CFL2,other,2.06
CFLAR,other,3.16
CFP,other,1.76
CFTR,other,-2.39
CGA,other,1.48
CGAS,other,1.01
CGB1,other,2.31
CGB2,other,3.88
CGB3,other,4.4
CGB5,other,5.09
CGB7,other,3.39
CGB8,other,5.68
CGGBP1,other,2.01
CGN,other,1.06
CGNL1,other,-3.01
CGREF1,other,1.77
CGRRF1,other,-0.183
CH25H,other,0.43
CHAC1,other,0.67
CHAC2,other,-1.34
CHAD,other,0.537
CHADL,other,0.77
CHAF1A,other,1.9
CHAF1B,other,2.41
CHAMP1,other,-0.348
CHAT,other,0.555
CHCHD1,other,0.166
CHCHD10,other,-0.186
CHCHD2,other,0.752
CHCHD3,other,0.872
CHCHD4,other,1.03
CHCHD5,other,-0.331
CHCHD6,other,-0.632
CHCHD7,other,0.186
CHD1,other,5.89
CHD1L,other,-1.49
CHD2,other,7.47
CHD3,other,9.39
CHD4,other,9.54
CHD5,other,6.63
CHD6,other,5.89
CHD7,other,4.34
CHD8,other,8.14
CHD9,other,4.91
CHDH,other,0.0755
CHEK1,in_trials,2.97
CHEK2,in_trials,-0.241
CHERP,other,4.9
CHFR,other,0.997
CHGA,other,0.111
CHGB,other,0.39
CHI3L1,other,-0.0149
CHI3L2,other,-0.692
CHIA,other,-1.05
CHIC1,other,0.574
CHIC2,other,1.68
CHID1,other,0.457
CHIT1,other,0.248
CHKA,other,-0.0308
CHKB,other,-0.271
CHKB-CPT1B,other,-0.0759
CHL1,other,-4.05
CHM,other,0.457
CHML,other,-0.408
CHMP1A,other,-0.288
CHMP1B,other,0.4
CHMP2A,other,-0.227
CHMP2B,other,-0.236
CHMP3,other,1.64
CHMP4A,other,0.592
CHMP4B,other,3.48
CHMP4C,other,-0.254
CHMP5,other,1.2
CHMP6,other,-0.138
CHMP7,other,0.759
CHN1,other,1.82
CHN2,other,1.58
CHODL,other,0.0114
CHORDC1,other,1.55
CHP1,other,2.22
CHP2,other,-1.52
CHPF,other,1.86
CHPF2,other,-0.128
CHPT1,other,0.767
CHRAC1,other,-0.15
CHRD,other,1.21
CHRDL1,other,0.526
CHRDL2,other,0.799
CHRFAM7A,other,7.21
CHRM1,approved,4.7
CHRM2,approved,2.28
CHRM3,approved,2.72
CHRM4,other,4.34
CHRM5,other,2.28
CHRNA1,other,1.49
CHRNA10,other,-0.12
CHRNA2,other,0.751
CHRNA3,in_trials,1.63
CHRNA4,other,0.561
CHRNA5,other,1.78
CHRNA6,other,0.884
CHRNA7,in_trials,7.5
CHRNA9,other,-0.154
CHRNB1,other,0.832
CHRNB2,other,1.58
CHRNB3,other,0.839
CHRNB4,in_trials,1.69
CHRND,other,0.656
CHRNE,other,-1.69
CHRNG,other,0.704
CHST1,other,2.44
CHST10,other,1.0
CHST11,other,2.24
CHST12,other,-1.37
CHST13,other,-1.21
CHST14,other,0.887
CHST15,other,1.78
CHST2,other,0.612
CHST3,other,-0.378
CHST4,other,0.759
CHST5,other,-0.606
CHST6,other,-1.97
CHST7,other,2.09
CHST8,other,-0.446
CHST9,other,0.235
CHSY1,other,1.11
CHSY3,other,0.878
CHTF18,other,-6.89
CHTF8,other,0.451
CHTOP,other,1.71
CHUK,other,3.4
CHURC1,other,0.212
CHURC1-FNTB,other,2.39
CIAO1,other,0.456
CIAO2A,other,-0.0183
CIAO2B,other,0.211
CIAO3,other,-0.601
CIAPIN1,other,1.38
CIART,other,0.742
CIB1,other,0.181
CIB2,other,0.591
CIB3,other,-0.29
CIB4,other,-0.192
CIBAR1,other,1.53
CIBAR2,other,-2.13
CIC,other,1.46
CIDEA,other,-0.395
CIDEB,other,-0.528
CIDEC,other,0.00806
CIITA,other,-1.71
CILK1,other,1.68
CILP,other,0.564
CILP2,other,-0.761
CINP,other,1.02
CIP2A,other,-0.657
CIPC,other,1.34
CIRSR,other,1.78
CIRBP,other,-1.13
CISD1,other,0.95
CISD2,other,2.21
CISD3,other,0.508
CISH,other,1.63
CIT,other,5.91
CITED1,other,1.43
CITED2,other,-1.01
CITED4,other,-1.51
CIZ1,other,2.49
CKAP2,other,-0.191
CKAP2L,other,-0.535
CKAP4,other,0.328
CKAP5,other,5.08
CKB,other,2.25
CKLF,other,0.513
CKLF-CMTM1,other,0.717
CKM,other,0.487
CKMT1A,other,2.12
CKMT1B,other,1.99
CKMT2,other,1.51
CKS1B,other,2.0
CKS2,other,1.02
CLASP1,other,4.85
CLASP2,other,3.78
CLASRP,other,2.04
CLBA1,other,-0.812
CLC,other,0.265
CLCA1,other,1.02
CLCA2,other,0.455
CLCA4,other,-0.479
CLCC1,other,1.98
CLCF1,other,1.33
CLCN1,other,0.748
CLCN2,other,1.93
CLCN3,other,6.21
CLCN4,other,6.2
CLCN5,other,3.33
CLCN6,other,2.0
CLCN7,other,2.08
CLCNKA,other,1.18
CLCNKB,other,1.36
CLDN1,other,0.506
CLDN10,other,1.03
CLDN11,other,2.68
CLDN12,other,1.59
CLDN14,other,0.706
CLDN15,other,1.41
CLDN16,other,-0.133
CLDN17,other,-0.492
CLDN18,other,1.11
CLDN19,other,1.14
CLDN2,other,2.11
CLDN20,other,0.257
CLDN22,other,0.677
CLDN23,other,-3.35
CLDN24,other,0.987
CLDN25,other,-0.162
CLDN3,other,1.4
CLDN34,other,0.18
CLDN4,other,1.12
CLDN5,other,1.92
CLDN6,other,0.129
CLDN7,other,0.34
CLDN8,other,-0.853
CLDN9,other,-0.925
CLDND1,other,0.573
CLDND2,other,-0.387
CLEC10A,other,1.1
CLEC11A,other,-1.27
CLEC12A,other,-0.897
CLEC12B,other,-0.158
CLEC14A,other,-0.367
CLEC16A,other,0.628
CLEC17A,other,0.924
CLEC18A,other,4.2
CLEC18B,other,9.74
CLEC18C,other,6.19
CLEC19A,other,0.101
CLEC1A,other,-1.05
CLEC1B,other,-0.265
CLEC2A,other,0.529
CLEC2B,other,0.515
CLEC2D,other,0.416
CLEC2L,other,0.466
CLEC3A,other,-3.21
CLEC3B,other,0.691
CLEC4A,other,0.555
CLEC4C,in_trials,0.353
CLEC4D,other,-0.747
CLEC4E,other,0.137
CLEC4F,other,-0.884
CLEC4G,other,0.0612
CLEC4M,other,1.61
CLEC5A,other,0.37
CLEC6A,other,-0.0873
CLEC7A,other,0.294
CLEC9A,other,0.761
CLGN,other,1.09
CLHC1,other,-1.81
CLIC1,other,1.62
CLIC2,other,1.06
CLIC3,other,-0.517
CLIC4,other,1.83
CLIC5,other,-0.351
CLIC6,other,0.0688
CLINT1,other,2.49
CLIP1,other,3.37
CLIP2,other,2.96
CLIP3,other,4.17
CLIP4,other,-0.308
CLK1,other,0.747
CLK2,other,2.92
CLK3,other,2.56
CLK4,other,2.57
CLMN,other,0.963
CLMP,other,0.914
CLN3,other,0.747
CLN5,other,0.252
CLN6,other,0.628
CLN8,other,-1.14
CLNK,other,-0.708
CLNS1A,other,1.32
CLOCK,other,2.08
CLP1,other,3.43
CLPB,other,1.53
CLPP,other,0.904
CLPS,other,0.0584
CLPSL1,other,-0.614
CLPSL2,other,0.166
CLPTM1,other,3.92
CLPTM1L,other,0.866
CLPX,other,2.23
CLRN1,other,-0.858
CLRN2,other,0.284
CLRN3,other,-0.56
CLSPN,other,1.6
CLSTN1,other,1.72
CLSTN2,other,0.948
CLSTN3,other,2.21
CLTA,other,0.403
CLTB,other,1.15
CLTC,other,11.7
CLTCL1,other,1.47
CLTRN,other,0.369
CLU,other,1.54
IFT38,other,-0.425
CLUH,other,-0.00209
CLUL1,other,1.07
CLVS1,other,1.85
CLVS2,other,2.34
CLYBL,other,-0.471
CMA1,other,-2.9
CMAS,other,2.78
CMBL,other,-0.284
CMC1,other,-0.122
CMC2,other,-1.01
CMC4,other,-0.0442
CMIP,other,2.37
CMKLR1,other,0.957
CMKLR2,other,0.246
CMPK1,other,2.08
CMPK2,other,-0.961
CMSS1,other,0.317
CMTM1,other,0.475
CMTM2,other,0.862
CMTM3,other,0.6
CMTM4,other,1.56
CMTM5,other,-0.061
CMTM6,other,0.653
CMTM7,other,1.11
CMTM8,other,0.289
CMTR1,other,5.14
CMTR2,other,-0.139
CMYA5,other,0.556
CNBD1,other,-2.64
CNBD2,other,0.36
CNBP,other,3.38
CNDP1,other,0.652
CNDP2,other,0.252
CNEP1R1,other,2.72
CNFN,other,-0.422
CNGA1,other,1.08
CNGA2,other,-0.449
CNGA3,other,-0.0326
CNGA4,other,0.451
CNGB1,other,-0.751
CNGB3,other,-0.954
CNIH1,other,0.854
CNIH2,other,3.01
CNIH3,other,0.572
CNIH4,other,0.36
CNKSR1,other,1.07
CNKSR2,other,4.4
CNKSR3,other,1.05
CNMD,other,0.536
CNN1,other,1.85
CNN2,other,0.584
CNN3,other,2.92
CNNM1,other,2.27
CNNM2,other,5.77
CNNM3,other,0.229
CNNM4,other,3.17
CNOT1,other,10.0
CNOT10,other,1.7
CNOT11,other,2.69
CNOT2,other,5.23
CNOT3,other,4.65
CNOT4,other,4.58
CNOT6,other,4.28
CNOT6L,other,6.99
CNOT7,other,3.87
CNOT8,other,3.63
CNOT9,other,4.71
CNP,other,1.71
CNPPD1,other,0.14
CNPY1,other,0.0916
CNPY2,other,0.548
CNPY3,other,0.965
CNPY4,other,-0.525
CNR1,in_trials,3.37
CNR2,in_trials,1.24
CNRIP1,other,0.109
CNST,other,-0.0364
CNTD1,other,1.05
CNTF,other,-0.818
CNTFR,other,1.76
CNTLN,other,-5.14
CNTN1,other,2.89
CNTN2,other,3.39
CNTN3,other,1.71
CNTN4,other,0.0368
CNTN5,other,-1.75
CNTN6,other,-5.01
CNTNAP1,other,3.87
CNTNAP2,other,-0.404
CNTNAP3,other,6.98
CNTNAP3B,other,11.7
CNTNAP3C,other,4.12
CNTNAP4,other,-3.98
CNTNAP5,other,-0.104
CNTRL,other,1.05
CNTROB,other,1.64
COA1,other,-0.0637
COA3,other,-0.0464
COA4,other,0.616
COA5,other,0.101
COA6,other,-1.51
COA7,other,1.16
COA8,other,-1.01
COASY,other,0.0644
COBL,other,0.00552
COBLL1,other,-0.155
COCH,other,1.15
COG1,other,0.827
COG2,other,0.888
COG3,other,2.19
COG4,other,-0.758
COG5,other,-1.22
COG6,other,-0.0322
COG7,other,0.912
COG8,other,0.414
COIL,other,0.308
COL10A1,other,-0.636
COL11A1,other,0.884
COL11A2,other,3.93
COL12A1,other,3.29
COL13A1,other,0.775
COL14A1,other,2.17
COL15A1,other,0.451
COL16A1,other,1.8
COL17A1,other,0.212
COL18A1,other,-1.95
COL19A1,other,0.157
COL1A1,other,6.46
COL1A2,other,3.84
COL20A1,other,-1.31
COL21A1,other,-0.107
COL22A1,other,-0.557
COL23A1,other,-0.0717
COL24A1,other,-0.586
COL25A1,other,1.4
COL26A1,other,-0.168
COL27A1,other,1.68
COL28A1,other,-2.62
COL2A1,other,6.06
COL3A1,other,5.36
COL4A1,other,5.18
COL4A2,other,3.23
COL4A3,other,2.33
COL4A4,other,1.85
COL4A5,other,2.48
COL4A6,other,0.61
COL5A1,other,4.27
COL5A2,other,3.53
COL5A3,other,-0.0493
COL6A1,other,1.22
COL6A2,other,-1.15
COL6A3,other,1.16
COL6A5,other,0.2
COL6A6,other,-0.00629
COL7A1,other,3.88
COL8A1,other,2.4
COL8A2,other,1.73
COL9A1,other,-0.416
COL9A2,other,1.01
COL9A3,other,-1.15
POU2AF3,other,0.641
COLEC10,other,-0.39
COLEC11,other,1.59
COLEC12,other,2.13
COLGALT1,other,0.503
COLGALT2,other,1.03
COLQ,other,-0.409
COMMD1,other,-1.07
COMMD10,other,-2.14
COMMD2,other,0.276
COMMD3,other,-1.03
COMMD3-BMI1,other,1.89
COMMD4,other,0.189
COMMD5,other,1.35
COMMD6,other,-0.912
COMMD7,other,0.84
COMMD8,other,-0.17
COMMD9,other,0.254
COMP,other,2.21
COMT,other,0.735
COMTD1,other,-0.147
COP1,other,3.45
COPA,other,5.13
COPB1,other,2.81
COPB2,other,3.67
COPE,other,0.295
COPG1,other,3.27
COPG2,other,-0.85
COPRS,other,0.137
COPS2,other,5.62
COPS3,other,3.34
COPS4,other,4.58
COPS5,other,5.23
COPS6,other,2.75
COPS7A,other,2.3
COPS7B,other,1.82
COPS8,other,1.07
COPS9,other,0.181
COPZ1,other,1.63
COPZ2,other,-0.0159
COQ10A,other,0.544
COQ10B,other,0.27
COQ2,other,-0.283
COQ3,other,-0.129
COQ4,other,0.0651
COQ5,other,-0.0552
COQ6,other,0.892
COQ7,other,-0.365
COQ8A,other,-0.938
COQ8B,other,1.3
COQ9,other,0.181
CORIN,other,0.634
CORO1A,other,3.32
CORO1B,other,0.844
CORO1C,other,3.3
CORO2A,other,1.21
CORO2B,other,3.11
CORO6,other,-0.0508
CORO7,other,-0.7
CORO7-PAM16,other,-1.02
CORT,other,-0.639
COTL1,other,-0.556
COX10,other,1.59
COX11,other,0.779
COX14,other,0.00656
COX15,other,1.55
COX16,other,0.137
COX17,other,0.389
COX18,other,-0.791
COX19,other,-1.1
COX20,other,-0.245
COX4I1,other,-0.496
COX4I2,other,-0.0297
COX5A,other,1.1
COX5B,other,0.254
COX6A1,other,-0.0486
COX6A2,other,-1.32
COX6B1,other,1.33
COX6B2,other,-0.458
COX6C,other,-0.158
COX7A1,other,-0.3
COX7A2,other,-0.217
COX7A2L,other,-1.46
COX7B,other,0.468
COX7B2,other,-0.569
COX7C,other,0.978
COX8A,other,0.792
COX8C,other,-0.443
CP,other,1.4
CPA1,other,1.24
CPA2,other,0.218
CPA3,other,-0.716
CPA4,other,0.709
CPA5,other,0.855
CPA6,other,-0.714
CPAMD8,other,2.0
CPB1,other,0.417
CPB2,other,1.62
CPD,other,3.09
CPE,other,1.56
CPEB1,other,2.58
CPEB2,other,-2.1
CPEB3,other,3.05
CPEB4,other,4.17
CPED1,other,-0.0485
CPLANE1,other,2.3
CPLANE2,other,0.569
CPLX1,other,-1.66
CPLX2,other,1.18
CPLX3,other,0.933
CPLX4,other,-0.00347
CPM,other,2.01
CPN1,other,0.688
CPN2,other,0.846
CPNE1,other,-0.17
CPNE2,other,2.29
CPNE3,other,-1.54
CPNE4,other,3.68
CPNE5,other,3.04
CPNE6,other,2.67
CPNE7,other,-3.6
CPNE8,other,1.28
CPNE9,other,1.62
CPO,other,0.877
CPOX,other,0.842
CPPED1,other,-1.83
CPQ,other,0.64
CPS1,other,1.33
CPSF1,other,2.74
CPSF2,other,4.03
CPSF3,other,4.66
CPSF4,other,4.85
CPSF4L,other,0.31
CPSF6,other,4.82
CPSF7,other,2.84
CPT1A,other,3.08
CPT1B,other,0.46
CPT1C,other,1.18
CPT2,other,0.796
CPTP,other,-0.695
CPVL,other,0.768
CPXCR1,other,-0.669
CPXM1,other,1.45
CPXM2,other,1.04
CPZ,other,-7.7
CR1,other,3.52
CR1L,other,0.0446
CR2,other,1.19
CRABP1,other,0.906
CRABP2,other,0.578
CRACD,other,-1.13
CRACDL,other,1.08
CRACR2A,other,1.06
CRACR2B,other,-2.43
CRADD,other,0.628
CRAMP1,other,0.439
CRAT,other,1.49
CRB1,other,-0.118
CRB2,other,0.0827
CRB3,other,0.209
CRBN,approved,-1.57
CRCP,other,1.49
CRCT1,other,-0.866
CREB1,other,4.11
CREB3,other,-0.0722
CREB3L1,other,0.285
CREB3L2,other,0.114
CREB3L3,other,0.311
CREB3L4,other,0.465
CREB5,other,1.52
CREBBP,in_trials,5.22
CREBL2,other,2.13
CREBRF,other,3.34
CREBZF,other,-0.652
CREG1,other,0.597
CREG2,other,0.696
CRELD1,other,0.745
CRELD2,other,0.105
CREM,other,1.49
CRH,other,-0.508
CRHBP,other,1.71
CRHR1,other,3.13
CRHR2,other,0.193
CRIM1,other,0.276
CRIP1,other,-0.879
CRIP2,other,-2.15
CRIP3,other,-0.0449
CRIPT,other,-0.702
CRISP1,other,-2.18
CRISP2,other,-0.794
CRISP3,other,-0.709
CRISPLD1,other,-0.124
CRISPLD2,other,-2.99
CRK,other,2.62
CRKL,other,2.97
CRLF1,other,0.731
CRLF2,other,-1.3
CRLF3,other,0.816
CRLS1,other,0.488
CRMP1,other,2.42
CRNKL1,other,2.82
CRNN,other,-0.0156
CROCC,other,0.74
CROCC2,other,-1.32
CROT,other,0.266
CRP,other,-0.675
CRPPA,other,-1.4
CRTAC1,other,2.12
CRTAM,other,0.19
CRTAP,other,-1.46
CRTC1,other,3.13
CRTC2,other,2.09
CRTC3,other,0.415
CRX,other,0.88
CRY1,other,2.06
CRY2,other,2.9
CRYAA,other,2.86
CRYAA2,other,3.23
CRYAB,other,1.24
CRYBA1,other,1.34
CRYBA2,other,-0.157
CRYBA4,other,0.943
CRYBB1,other,1.15
CRYBB2,other,1.83
CRYBB3,other,0.0356
CRYBG1,other,0.534
CRYBG2,other,1.08
CRYBG3,other,0.854
CRYGA,other,-1.03
CRYGB,other,-0.721
CRYGC,other,-0.0223
CRYGD,other,-0.0297
CRYGN,other,0.0151
CRYGS,other,0.694
CRYL1,other,-0.0647
CRYM,other,1.21
CRYZ,other,-0.243
CRYZL1,other,1.03
CS,other,5.26
CSAD,other,0.548
CSAG1,other,-0.526
CSAG2,other,2.34
CSAG3,other,3.45
CSDC2,other,0.535
CSDE1,other,4.24
CSE1L,other,3.97
CSF1,in_trials,0.418
CSF1R,approved,2.42
CSF2,in_trials,1.23
CSF2RA,approved,-0.55
CSF2RB,approved,0.765
CSF3,other,1.23
CSF3R,approved,2.17
CSGALNACT1,other,-4.19
CSGALNACT2,other,1.89
CSH1,other,1.45
CSH2,other,2.85
CSHL1,other,-1.6
CSK,other,5.5
CSKMT,other,-0.741
CSMD1,other,-15.2
CSMD2,other,5.78
CSMD3,other,1.52
CSN1S1,other,-1.01
CSN2,other,-1.8
CSN3,other,-0.708
CSNK1A1,other,6.71
CSNK1A1L,other,0.104
CSNK1D,other,3.2
CSNK1E,approved,3.66
CSNK1G1,other,2.54
CSNK1G2,other,2.61
CSNK1G3,other,2.9
CSNK2A1,in_trials,6.38
CSNK2A2,other,4.02
CSNK2A3,other,0.853
CSNK2B,other,4.37
CSNK2A2IP,other,-0.00705
CSPG4,other,4.43
CSPG5,other,1.21
CSPP1,other,0.613
CSRNP1,other,1.26
CSRNP2,other,3.38
CSRNP3,other,2.29
CSRP1,other,0.865
CSRP2,other,0.673
CSRP3,other,0.243
CST1,other,-2.2
CST11,other,-0.709
CST2,other,-2.25
CST3,other,-0.977
CST4,other,-2.25
CST5,other,-1.44
CST6,other,-0.0261
CST7,other,-0.454
CST8,other,-0.95
CST9,other,-0.452
CST9L,other,0.0154
CSTA,other,-0.196
CSTB,other,0.0927
CSTF1,other,5.05
CSTF2,other,4.38
CSTF2T,other,1.64
CSTF3,other,7.51
CSTL1,other,-0.0444
CT45A10,other,-2.9
CT47A6,other,-0.315
CT47B1,other,-6.52
CT55,other,0.969
CT83,other,0.223
CTAG2,other,0.618
CTAGE1,other,-1.56
CTAGE15,other,7.77
CTAGE4,other,7.79
CTAGE6,other,7.83
CTAGE8,other,6.06
CTAGE9,other,9.12
CTBP1,other,3.85
CTBP2,other,1.88
CTBS,other,0.339
CTC1,other,0.728
CTCF,other,6.0
CTCFL,other,0.726
CTDNEP1,other,3.69
CTDP1,other,1.17
CTDSP1,other,1.3
CTDSP2,other,1.86
CTDSPL,other,2.63
CTDSPL2,other,3.26
CTF1,other,0.418
CTH,other,0.435
CTHRC1,other,0.569
CTIF,other,1.1
CTLA4,in_trials,2.38
CTNNA1,other,4.86
CTNNA2,other,4.29
CTNNA3,other,-1.31
CTNNAL1,other,0.377
CTNNB1,in_trials,6.15
CTNNBIP1,other,0.496
CTNNBL1,other,3.03
CTNND1,other,3.0
CTNND2,other,2.82
CTNS,other,0.36
CTPS1,other,4.49
CTPS2,other,3.26
CTR9,other,5.73
CTRB1,other,1.58
CTRB2,other,1.55
CTRC,other,0.841
CTRL,other,0.367
CTSA,other,1.48
CTSB,other,-6.59
CTSC,other,-0.478
CTSD,other,1.27
CTSE,other,-0.739
CTSF,other,-0.17
CTSG,other,0.335
CTSH,other,0.383
CTSK,other,2.3
CTSL,other,0.958
CTSO,other,-0.964
CTSS,in_trials,3.17
CTSV,other,0.108
CTSW,other,0.0946
CTSZ,other,0.47
CTTN,other,1.31
CTTNBP2,other,1.05
CTTNBP2NL,other,1.72
CTU1,other,-0.0455
CTU2,other,-6.81
CTXN1,other,0.46
CTXN2,other,0.264
CTXN3,other,0.459
CUBN,other,-0.247
CUEDC1,other,1.15
CUEDC2,other,2.2
CUL1,other,7.99
CUL2,other,3.89
CUL3,other,6.58
CUL4A,approved,4.56
CUL4B,other,5.24
CUL5,other,5.45
CUL7,other,2.69
CUL9,other,5.41
CUTA,other,-0.119
CUTC,other,0.656
CUX1,other,4.04
CUX2,other,3.62
CUZD1,other,0.729
CWC15,other,2.06
CWC22,other,1.16
CWC25,other,1.41
CWC27,other,1.07
CWF19L1,other,0.809
CWF19L2,other,-0.652
CWH43,other,-0.438
CX3CL1,in_trials,0.577
CX3CR1,other,1.42
CXADR,other,2.36
CXCL1,other,-0.288
CXCL10,in_trials,0.0112
CXCL11,other,0.257
CXCL12,in_trials,-0.469
CXCL13,other,0.546
CXCL14,other,0.797
CXCL16,other,0.441
CXCL17,other,0.188
CXCL2,other,0.648
CXCL3,other,-0.358
CXCL5,other,-0.592
CXCL6,other,-0.895
CXCL8,other,-1.26
CXCL9,other,0.313
CXCR1,in_trials,0.437
CXCR2,in_trials,1.99
CXCR3,other,1.72
CXCR4,approved,2.68
CXCR5,other,3.1
CXCR6,other,1.86
CXXC1,other,3.26
CXXC4,other,1.48
CXXC5,other,2.3
CXorf38,other,0.354
CXorf58,other,0.733
CXorf65,other,0.273
CXorf66,other,-0.402
CYB561,other,0.93
CYB561A3,other,2.15
CYB561D1,other,-0.245
CYB561D2,other,0.603
CYB5A,other,0.162
CYB5B,other,0.598
CYB5D1,other,0.786
CYB5D2,other,-0.357
CYB5R1,other,0.819
CYB5R2,other,-1.66
CYB5R3,other,-1.37
CYB5R4,other,0.872
CYB5RL,other,0.138
CYBA,other,-1.43
CYBB,other,2.5
CYBC1,other,0.139
CYBRD1,other,0.556
CYC1,other,-0.435
CYCS,other,1.46
CYFIP1,other,3.31
CYFIP2,other,8.3
CYGB,other,1.04
ZFTRAF1,other,1.46
CYLC1,other,-3.54
CYLC2,other,-2.23
CYLD,other,5.48
CYP11A1,other,1.68
CYP11B1,other,-0.508
CYP11B2,other,-0.225
CYP17A1,other,1.63
CYP19A1,other,0.671
CYP1A1,other,0.279
CYP1A2,other,0.0128
CYP1B1,other,-2.12
CYP20A1,other,0.228
CYP21A2,other,4.8
CYP24A1,other,-2.24
CYP26A1,in_trials,-0.598
CYP26B1,other,1.48
CYP26C1,other,-1.26
CYP27A1,other,-0.276
CYP27B1,other,0.296
CYP27C1,other,1.85
CYP2A13,other,-1.38
CYP2A6,other,0.302
CYP2A7,other,-0.456
CYP2B6,other,0.149
CYP2C18,other,-0.765
CYP2C19,other,-2.74
CYP2C8,other,-1.26
CYP2C9,other,-2.84
CYP2D6,other,-0.162
CYP2D7,other,-0.176
CYP2E1,other,1.16
CYP2F1,other,1.49
CYP2J2,other,-0.458
CYP2R1,other,-0.0423
CYP2S1,other,1.62
CYP2U1,other,0.839
CYP2W1,other,-0.741
CYP39A1,other,0.155
CYP3A4,in_trials,1.52
CYP3A43,in_trials,-0.0201
CYP3A5,in_trials,1.11
CYP3A7,in_trials,0.994
CYP3A7-CYP3A51P,other,0.985
CYP46A1,other,3.72
CYP4A11,other,0.0186
CYP4A22,other,1.76
CYP4B1,other,-0.00972
CYP4F11,other,-1.58
CYP4F12,other,-0.449
CYP4F2,other,1.13
CYP4F22,other,0.957
CYP4F3,other,-0.637
CYP4F8,other,0.0397
CYP4V2,other,-0.201
CYP4X1,other,1.57
CYP4Z1,other,1.5
CYP51A1,other,2.73
CYP7A1,other,-0.433
CYP7B1,other,-0.949
CYP8B1,other,0.835
CYREN,other,-0.514
CYRIA,other,3.4
CYRIB,other,4.31
CYS1,other,-0.388
CYSLTR1,approved,-1.32
CYSLTR2,other,0.291
CYSRT1,other,0.257
CYSTM1,other,0.991
CYTH1,other,3.29
CYTH2,other,2.87
CYTH3,other,2.08
CYTH4,other,2.13
CYTIP,other,0.346
CYTL1,other,-1.23
CYYR1,other,-0.544
CZIB,other,0.556
D2HGDH,other,0.363
DAAM1,other,2.01
DAAM2,other,1.35
DAB1,other,1.78
DAB2,other,0.865
DAB2IP,other,2.57
DACH1,other,1.75
DACH2,other,0.0728
DACT1,other,-1.12
DACT2,other,0.176
DACT3,other,0.272
DAD1,other,0.666
DAG1,other,2.31
DAGLA,other,5.83
DAGLB,other,-2.58
DALRD3,other,-0.998
DAND5,other,0.0179
DAO,other,0.0698
DAOA,other,-1.71
DAP,other,1.01
DAP3,other,0.495
DAPK1,other,4.15
DAPK2,other,0.587
DAPK3,other,0.471
DAPL1,other,-1.19
DAPP1,other,2.35
DARS1,other,-0.17
DARS2,other,1.52
DAW1,other,-0.108
DAXX,other,1.62
DAZ2,other,0.758
DAZAP1,other,3.5
DAZAP2,other,1.27
DAZL,other,0.575
DBF4,other,1.9
DBF4B,other,1.27
DBH,other,-0.0209
DBI,other,0.41
DBN1,other,0.861
DBNDD1,other,-0.139
DBNDD2,other,0.357
DBNL,other,1.48
DBP,other,0.987
DBR1,other,0.799
DBT,other,1.24
DBX1,other,-0.712
DBX2,other,-2.13
DCAF1,other,6.95
DCAF10,other,3.48
DCAF11,other,1.69
DCAF12,other,2.31
DCAF12L1,other,3.34
DCAF12L2,other,1.06
DCAF13,other,1.61
DCAF15,other,3.01
DCAF16,other,-0.0394
DCAF17,other,1.04
DCAF4,other,1.22
DCAF4L1,other,3.32
DCAF4L2,other,-0.178
DCAF5,other,4.47
DCAF6,other,2.85
DCAF7,other,6.32
DCAF8,other,4.78
DCAF8L1,other,0.924
DCAF8L2,other,1.17
DCAKD,other,0.499
DCANP1,other,-0.854
DCBLD1,other,0.456
DCBLD2,other,0.639
DCC,other,0.514
DCD,other,-0.206
DCDC1,other,-2.38
DCDC2,other,0.21
DCDC2B,other,-0.533
DCDC2C,other,0.432
DCHS1,other,2.89
DCHS2,other,-0.792
DCK,other,1.11
DCLK1,other,4.87
DCLK2,other,1.39
DCLK3,other,0.865
DCLRE1A,other,0.836
DCLRE1B,other,0.537
DCLRE1C,other,-0.627
DCN,other,0.845
DCP1A,other,1.59
DCP1B,other,0.493
DCP2,other,-0.576
DCPS,other,-0.552
DCST1,other,0.401
DCST2,other,0.76
DCSTAMP,other,0.465
DCT,other,-0.533
DCTD,other,0.168
DCTN1,other,2.33
DCTN2,other,1.94
DCTN3,other,0.0846
DCTN4,other,1.18
DCTN5,other,1.98
DCTN6,other,1.09
DCTPP1,other,-0.0179
DCUN1D1,other,3.54
DCUN1D2,other,-0.194
DCUN1D3,other,2.66
DCUN1D4,other,0.918
DCUN1D5,other,3.27
DCX,other,4.06
DCXR,other,-0.334
DDA1,other,1.2
DDAH1,other,1.1
DDAH2,other,2.15
DDB1,approved,7.05
DDB2,other,2.22
DDC,in_trials,0.808
DDHD1,other,0.691
DDHD2,other,1.57
DDI1,other,0.274
DDI2,other,4.19
DDIAS,other,1.22
DDIT3,other,-0.399
DDIT4,other,-0.443
DDIT4L,other,-0.291
DDN,other,0.57
DDO,other,-0.181
DDOST,other,0.852
DDR1,other,3.24
DDR2,in_trials,3.81
DDRGK1,other,0.352
DDT,other,-0.153
DDTL,other,-0.311
DDX1,other,2.5
DDX10,other,1.16
DDX11,other,3.52
DDX17,other,5.12
DDX18,other,0.605
DDX19A,other,4.59
DDX19B,other,3.45
DDX20,other,0.282
DDX21,other,3.77
DDX23,other,6.96
DDX24,other,0.662
DDX25,other,0.301
DDX27,other,2.44
DDX28,other,-1.53
DDX31,other,0.322
DDX39A,other,4.06
DDX39B,other,6.68
DDX3X,other,5.95
DDX3Y,other,2.4
DDX4,other,3.55
DDX41,other,3.16
DDX42,other,4.32
DDX43,other,1.65
DDX46,other,7.56
DDX47,other,0.77
DDX49,other,0.611
DDX5,other,3.99
DDX50,other,2.42
DDX51,other,-2.14
DDX52,other,-0.0501
DDX53,other,0.0787
DDX54,other,0.298
DDX55,other,0.392
DDX56,other,-0.28
RIGI,other,1.39
DDX59,other,0.928
DDX6,other,5.62
DDX60,other,0.942
DDX60L,other,-0.219
DEAF1,other,1.61
DECR1,other,-0.476
DECR2,other,-1.23
DEDD,other,3.32
DEDD2,other,1.04
DEF6,other,3.63
DEF8,other,1.0
DEFA3,other,4.53
DEFA4,other,-3.37
DEFA5,other,-2.52
DEFA6,other,-2.81
DEFB1,other,-4.14
DEFB104B,other,1.18
DEFB105A,other,1.64
DEFB106A,other,3.19
DEFB106B,other,3.75
DEFB108B,other,-0.602
DEFB110,other,-0.915
DEFB112,other,-1.12
DEFB113,other,-1.14
DEFB114,other,-1.25
DEFB115,other,-1.86
DEFB116,other,-2.04
DEFB118,other,-0.511
DEFB119,other,-0.504
DEFB121,other,-0.0913
DEFB123,other,0.198
DEFB124,other,0.239
DEFB125,other,-0.211
DEFB126,other,-0.0206
DEFB127,other,0.13
DEFB128,other,-1.0
DEFB129,other,1.16
DEFB131A,other,-1.91
DEFB131B,other,0.0722
DEFB132,other,-0.0828
DEFB134,other,-1.49
DEFB135,other,-1.79
DEFB136,other,-1.19
DEFB4A,other,1.91
DEGS1,other,0.905
DEGS2,other,1.38
DEK,other,0.299
DELE1,other,0.132
DENND10,other,2.61
DENND11,other,1.88
DENND1A,other,1.57
DENND1B,other,0.714
DENND1C,other,0.755
DENND2A,other,1.69
DENND2B,other,2.24
DENND2C,other,1.56
DENND2D,other,0.97
DENND3,other,3.08
DENND4A,other,4.78
DENND4B,other,4.68
DENND4C,other,-1.6
DENND5A,other,3.22
DENND5B,other,4.52
DENND6A,other,2.55
DENND6B,other,1.08
DENR,other,2.52
DEPDC1,other,2.0
DEPDC1B,other,1.44
DEPDC4,other,0.308
DEPDC5,other,3.7
DEPDC7,other,1.3
DEPP1,other,0.335
DEPTOR,other,0.258
DERA,other,0.158
DERL1,other,1.31
DERL2,other,2.19
DERL3,other,-0.364
DERPC,other,-4.99
DES,other,0.837
DESI1,other,0.942
DESI2,other,3.14
DET1,other,0.00443
DEUP1,other,0.303
DEXI,other,0.833
DFFA,other,0.256
DFFB,other,0.865
DGAT1,other,1.29
DGAT2,other,0.916
DGAT2L6,other,-0.907
DGCR2,other,0.11
DGCR6L,other,1.74
DGCR8,other,4.28
DGKA,other,3.53
DGKB,other,0.932
DGKD,other,2.68
DGKE,other,0.832
DGKG,other,0.829
DGKH,other,3.57
DGKI,other,3.71
DGKK,other,1.11
DGKQ,other,-1.31
DGKZ,other,6.51
DGLUCY,other,0.0864
DGUOK,other,-0.571
DHCR24,other,2.31
DHCR7,other,0.615
DHDDS,other,1.73
DHDH,other,0.48
DHFR,approved,2.27
DHFR2,other,0.953
DHH,other,2.28
DHODH,approved,-0.192
DHPS,other,-0.236
DHRS1,other,1.05
DHRS11,other,1.12
DHRS12,other,0.168
DHRS13,other,0.691
DHRS2,other,-1.6
DHRS3,other,1.78
DHRS4,other,-0.239
DHRS4L2,other,-2.0
DHRS7,other,-0.297
DHRS7B,other,1.07
DHRS7C,other,-0.208
DHRS9,other,-1.01
DHRSX,other,0.291
DHTKD1,other,-0.768
DHX15,other,9.29
DHX16,other,4.43
DHX29,other,2.63
DHX30,other,7.73
DHX32,other,1.85
DHX33,other,1.06
DHX34,other,0.213
DHX35,other,0.522
DHX36,other,2.3
DHX37,other,2.54
DHX38,other,2.24
DHX40,other,5.68
DHX57,other,-1.94
DHX58,other,1.7
DHX8,other,7.19
DHX9,other,8.25
DIABLO,other,-0.747
DIAPH1,other,2.69
DIAPH2,other,1.77
DIAPH3,other,-0.0942
DICER1,other,6.28
DIDO1,other,0.14
DIMT1,other,0.963
DIO1,in_trials,0.977
DIO2,other,0.838
DIO3,other,1.98
DIP2A,other,2.88
DIP2B,other,4.02
DIP2C,other,5.32
DIPK1A,other,1.78
DIPK1B,other,-0.802
DIPK1C,other,-0.0092
DIPK2A,other,0.773
DIPK2B,other,0.0754
DIRAS1,other,1.85
DIRAS2,other,1.89
DIRAS3,other,1.29
DIS3,other,0.576
DIS3L,other,1.39
DIS3L2,other,1.36
DISC1,other,0.758
DISP1,other,2.77
DISP2,other,1.02
DISP3,other,1.63
DIXDC1,other,1.11
DKC1,other,4.95
DKK1,in_trials,0.309
DKK2,other,0.222
DKK3,other,1.2
DKK4,other,0.211
DKKL1,other,-0.29
DLAT,other,1.05
DLC1,other,-6.14
DLD,other,1.17
DLEC1,other,-0.118
DLEU7,other,0.166
DLG1,other,1.82
DLG2,other,1.87
DLG3,other,3.96
DLG4,other,6.06
DLG5,other,3.25
DLGAP1,other,3.31
DLGAP2,other,-4.53
DLGAP3,other,3.02
DLGAP4,other,3.21
DLGAP5,other,-0.714
DLK1,other,0.121
DLK2,other,2.59
DLL1,other,2.29
DLL3,other,-1.25
DLL4,other,4.42
DLST,other,1.27
DLX1,other,2.37
DLX2,other,0.6
DLX3,other,1.43
DLX4,other,0.107
DLX5,other,0.795
DLX6,other,0.244
DMAC1,other,-2.04
DMAC2,other,0.486
DMAC2L,other,0.205
DMAP1,other,3.18
DMBT1,other,-0.237
DMBX1,other,0.917
DMC1,other,2.6
DMD,other,-5.43
DMGDH,other,0.893
DMKN,other,0.0953
DMP1,other,0.916
DMPK,other,-0.186
DMRT1,other,-2.37
DMRT2,other,-4.93
DMRT3,other,-2.43
DMRTA1,other,-3.01
DMRTA2,other,0.436
DMRTB1,other,-0.986
DMRTC1,other,1.86
DMRTC2,other,0.819
DMTF1,other,2.32
DMTN,other,1.45
DMWD,other,2.24
DMXL1,other,-1.06
DMXL2,other,3.33
DNA2,other,1.62
DNAAF1,other,-3.96
DNAAF10,other,0.735
DNAAF11,other,0.00397
DNAAF2,other,-1.59
DNAAF3,other,-0.286
DNAAF4,other,-1.69
DNAAF5,other,-1.12
DNAAF6,other,0.729
DNAAF8,other,-2.85
DNAAF9,other,1.43
DNAH1,other,2.83
DNAH10,other,3.41
DNAH11,other,-8.9
DNAH12,other,0.55
DNAH14,other,2.38
DNAH17,other,-2.96
DNAH2,other,4.49
DNAH3,other,1.51
DNAH5,other,0.927
DNAH6,other,3.2
DNAH7,other,-0.623
DNAH8,other,2.37
DNAH9,other,1.15
DNAI1,other,0.399
DNAI2,other,1.73
DNAI3,other,0.934
DNAI4,other,-0.113
DNAI7,other,0.857
DNAJA1,other,3.29
DNAJA2,other,3.19
DNAJA3,other,-1.16
DNAJA4,other,1.25
DNAJB1,other,-1.17
DNAJB11,other,1.69
DNAJB12,other,1.1
DNAJB13,other,0.311
DNAJB14,other,2.78
DNAJB2,other,1.29
DNAJB4,other,1.69
DNAJB5,other,3.55
DNAJB6,other,1.46
DNAJB7,other,-1.39
DNAJB8,other,-0.839
DNAJB9,other,-0.287
DNAJC1,other,-0.192
DNAJC10,other,-0.73
DNAJC11,other,2.6
DNAJC12,other,0.272
DNAJC13,other,3.42
DNAJC14,other,1.61
DNAJC15,other,-0.652
DNAJC16,other,1.02
DNAJC17,other,0.485
DNAJC18,other,1.81
DNAJC19,other,1.29
DNAJC2,other,2.69
DNAJC21,other,0.181
DNAJC22,other,-0.256
DNAJC24,other,0.567
DNAJC25,other,1.1
DNAJC25-GNG10,other,0.813
DNAJC27,other,-0.198
DNAJC28,other,0.264
DNAJC3,other,1.16
DNAJC30,other,-0.74
DNAJC4,other,-0.498
DNAJC5,other,2.27
DNAJC5B,other,0.0781
DNAJC5G,other,-0.411
DNAJC6,other,2.17
DNAJC7,other,3.35
DNAJC8,other,2.28
DNAJC9,other,0.279
DNAL1,other,0.761
DNAL4,other,0.368
DNALI1,other,0.445
DNASE1,other,-3.21
DNASE1L1,other,1.17
DNASE1L2,other,-1.77
DNASE1L3,other,0.312
DNASE2,other,0.812
DNASE2B,other,0.406
DND1,other,2.29
DNER,other,0.783
DNHD1,other,2.95
DNLZ,other,-2.89
DNM1,other,6.79
DNM1L,other,5.78
DNM2,other,5.53
DNM3,other,3.06
DNMBP,other,1.69
DNMT1,approved,8.09
DNMT3A,approved,2.78
DNMT3B,other,3.28
DNMT3L,other,-0.17
DNPEP,in_trials,0.55
DNPH1,other,-0.181
DNTT,other,-0.639
DNTTIP1,other,3.06
DNTTIP2,other,-0.305
DOC2A,other,1.42
DOC2B,other,0.771
DOCK1,other,4.05
DOCK10,other,2.35
DOCK11,other,4.05
DOCK2,other,4.92
DOCK3,other,5.14
DOCK4,other,2.67
DOCK5,other,1.79
DOCK6,other,1.83
DOCK7,other,4.41
DOCK8,other,-3.02
DOCK9,other,3.87
DOHH,other,0.011
DOK1,other,0.509
DOK2,other,-2.23
DOK3,other,-0.145
DOK4,other,0.923
DOK5,other,0.429
DOK6,other,1.6
DOK7,other,-4.97
DOLK,other,1.42
DOLPP1,other,1.41
DONSON,other,0.0251
DOP1A,other,3.67
DOP1B,other,1.56
DOT1L,other,2.53
DPAGT1,other,2.28
DPCD,other,1.39
DPEP1,other,-1.99
DPEP2,other,0.474
DPEP2NB,other,1.21
DPEP3,other,1.27
DPF1,other,3.43
DPF2,other,3.67
DPF3,other,1.65
DPH1,other,-0.762
DPH2,other,1.01
DPH3,other,0.123
DPH5,other,0.621
DPH6,other,-0.118
DPH7,other,-0.915
DPM1,other,0.205
DPM2,other,0.4
DPM3,other,0.325
DPP10,other,1.76
DPP3,other,1.88
DPP4,in_trials,-0.0947
DPP6,other,2.41
DPP7,other,-1.86
DPP8,other,3.04
DPP9,other,2.39
DPPA2,other,0.0924
DPPA3,other,1.42
DPPA4,other,0.419
DPPA5,other,0.684
DPRX,other,0.712
DPT,other,-0.0843
DPY19L1,other,3.93
DPY19L2,other,4.07
DPY19L3,other,2.18
DPY19L4,other,0.518
DPY30,other,1.61
DPYD,other,-0.573
DPYS,other,0.357
DPYSL2,other,4.67
DPYSL3,other,2.51
DPYSL4,other,1.29
DPYSL5,other,4.17
DQX1,other,1.01
DR1,other,3.16
DRAM1,other,1.24
DRAM2,other,0.169
DRAP1,other,0.298
DRAXIN,other,1.78
DRC1,other,0.157
DRC3,other,0.331
DRC7,other,1.35
DRD1,other,3.3
DRD2,approved,3.54
DRD3,in_trials,0.765
DRD4,in_trials,-4.76
DRD5,other,-1.67
DRG1,other,2.95
DRG2,other,2.71
DRGX,other,-0.233
DRICH1,other,-0.222
DROSHA,other,5.37
DRP2,other,1.3
DSC1,other,-0.508
DSC2,other,0.304
DSC3,other,-1.47
DSCAM,other,4.49
DSCAML1,other,5.07
DSCC1,other,0.995
DSE,other,3.84
DSEL,other,1.25
DSG1,other,-0.185
DSG2,other,1.05
DSG3,other,-0.00114
DSG4,other,-1.04
DSN1,other,0.424
DSP,other,1.92
DSPP,other,3.69
DST,other,3.68
DSTN,other,1.69
DSTYK,other,2.73
DTD1,other,1.92
DTD2,other,0.934
DTHD1,other,0.189
DTL,other,1.91
DTNA,other,2.15
DTNB,other,0.948
DTNBP1,other,-0.678
DTWD1,other,0.155
DTWD2,other,-2.92
DTX1,other,2.73
DTX2,other,4.25
DTX3,other,2.87
DTX3L,other,0.924
DTX4,other,1.8
DTYMK,other,-0.723
DUOX1,other,2.35
DUOX2,other,0.226
DUOXA1,other,0.506
DUOXA2,other,-1.27
DUS1L,other,0.0399
DUS2,other,1.1
DUS3L,other,0.566
DUS4L,other,0.445
DUS4L-BCAP29,other,-0.463
DUSP1,other,1.57
DUSP10,other,1.19
DUSP11,other,-0.0776
DUSP12,other,0.495
DUSP13B,other,0.927
DUSP14,other,2.07
DUSP15,other,-1.03
DUSP16,other,1.39
DUSP18,other,0.345
DUSP19,other,-0.0563
DUSP2,other,0.352
DUSP21,other,0.323
DUSP22,other,-1.58
DUSP23,other,-0.691
DUSP26,other,1.59
DUSP28,other,-2.66
DUSP29,other,-0.169
DUSP3,other,1.15
DUSP4,other,1.88
DUSP5,other,-0.54
DUSP6,other,0.899
DUSP7,other,3.24
DUSP8,other,2.07
DUSP9,other,2.08
DUT,other,0.177
DUXA,other,-0.112
DUXB,other,-5.25
DVL1,other,-2.0
DVL2,other,1.04
DVL3,other,2.7
DXO,other,0.339
DYDC1,other,0.116
DYDC2,other,0.777
DYM,other,0.821
DYNAP,other,-0.902
DYNC1H1,other,17.7
DYNC1I1,other,2.81
DYNC1I2,other,4.75
DYNC1LI1,other,1.11
DYNC1LI2,other,2.33
DYNC2H1,other,1.09
DYNC2I1,other,0.277
DYNC2I2,other,-0.23
DYNC2LI1,other,-1.52
DYNLL1,other,2.61
DYNLL2,other,3.11
DYNLRB1,other,1.29
DYNLRB2,other,-0.955
DYNLT1,other,0.0836
DYNLT2,other,-0.321
DYNLT2B,other,1.35
DYNLT3,other,0.00625
DYNLT4,other,-0.116
DYNLT5,other,-0.407
DYRK1A,other,4.61
DYRK1B,other,2.21
DYRK2,other,1.82
DYRK3,other,0.513
DYRK4,other,0.381
DYSF,other,0.948
DYTN,other,-0.611
DZANK1,other,0.189
DZIP1,other,0.373
DZIP1L,other,0.328
DZIP3,other,0.864
E2F1,other,2.99
E2F2,other,1.39
E2F3,other,1.7
E2F4,other,0.916
E2F5,other,0.882
E2F6,other,1.67
E2F7,other,1.71
E2F8,other,1.07
E4F1,other,0.338
EAF1,other,1.76
EAF2,other,0.482
EAPP,other,0.131
EARS2,other,0.0337
EBAG9,other,1.24
EBF1,other,4.32
EBF2,other,1.49
EBF3,other,4.39
EBF4,other,0.524
EBI3,other,-0.408
EBLN1,other,1.05
EBLN2,other,-1.72
EBNA1BP2,other,1.03
EBP,other,1.93
EBPL,other,1.11
ECD,other,0.916
ECE1,other,2.81
ECE2,other,1.05
ECEL1,other,0.612
ECH1,other,-0.293
ECHDC1,other,0.501
ECHDC2,other,0.186
ECHDC3,other,-1.11
ECHS1,other,0.356
ECI1,other,-0.701
ECI2,other,0.0858
ECM1,other,0.636
ECM2,other,1.22
ECPAS,other,3.54
ECRG4,other,-0.28
ECSCR,other,-0.235
ECSIT,other,0.691
ECT2,other,1.84
ECT2L,other,0.681
EDA,other,2.26
EDA2R,other,-1.36
EDAR,other,1.17
EDARADD,other,1.17
EDC3,other,3.26
EDC4,other,5.1
EDDM13,other,0.16
EDDM3A,other,-0.693
EDDM3B,other,-0.34
EDEM1,other,-1.09
EDEM2,other,1.93
EDEM3,other,1.59
EDF1,other,1.84
EDIL3,other,1.04
EDN1,other,0.481
EDN2,other,0.476
EDN3,other,-0.427
EDNRA,approved,4.39
EDNRB,approved,1.9
EDRF1,other,4.0
EEA1,other,2.05
EED,other,4.16
EEF1A1,other,7.11
EEF1A2,in_trials,7.57
EEF1AKMT1,other,0.334
EEF1AKMT2,other,0.401
EEF1AKMT3,other,1.06
EEF1AKMT4,other,0.361
EEF1AKMT4-ECE2,other,1.21
EEF1B2,other,0.997
EEF1D,other,-0.114
EEF1E1,other,0.127
EEF1E1-BLOC1S5,other,-0.299
EEF1G,other,4.15
EEF2,approved,4.88
EEF2K,other,0.518
EEF2KMT,other,-1.24
EEFSEC,other,0.882
EEPD1,other,1.13
CLXN,other,-0.327
EFCAB10,other,-2.74
EFCAB11,other,-0.068
EFCAB12,other,1.34
EFCAB13,other,1.93
EFCAB14,other,0.748
DRC8,other,-0.162
EFCAB3,other,1.65
EFCAB5,other,0.839
EFCAB6,other,0.29
EFCAB7,other,1.46
EFCAB8,other,1.1
EFCAB9,other,0.761
EFCC1,other,0.438
EFEMP1,other,2.66
EFEMP2,other,1.76
EFHB,other,-1.15
EFHC1,other,0.9
EFHC2,other,0.891
EFHD1,other,0.412
EFHD2,other,1.97
EFL1,other,2.5
EFNA1,other,1.14
EFNA2,other,-0.174
EFNA3,other,0.612
EFNA4,other,0.00936
EFNA5,other,1.4
EFNB1,other,1.98
EFNB2,in_trials,3.31
EFNB3,other,0.997
EFR3A,other,0.368
EFR3B,other,4.27
EFS,other,0.195
EFTUD2,other,5.76
EGF,other,1.68
EGFL6,other,-0.0241
EGFL7,other,-0.111
EGFL8,other,0.366
EGFLAM,other,0.315
EGFR,in_trials,2.92
EGLN1,other,2.19
EGLN2,other,1.4
EGLN3,other,1.78
EGR1,other,2.59
EGR2,other,2.93
EGR3,other,4.15
EGR4,other,-0.629
EHBP1,other,1.9
EHBP1L1,other,0.181
EHD1,other,3.26
EHD2,other,1.55
EHD3,other,1.79
EHD4,other,1.59
EHF,other,1.98
EHHADH,other,0.326
EHMT1,other,1.88
EHMT2,other,4.96
EI24,other,2.75
EID1,other,-0.363
EID2,other,1.24
EID2B,other,-0.168
EID3,other,-1.29
EIF1,other,2.69
EIF1AD,other,1.08
EIF1AX,other,4.0
EIF1AY,other,0.892
EIF1B,other,2.87
EIF2A,other,1.09
EIF2AK1,other,-0.636
EIF2AK2,other,1.5
EIF2AK3,other,2.22
EIF2AK4,other,3.58
EIF2B1,other,2.29
EIF2B2,other,1.75
EIF2B3,other,1.82
EIF2B4,other,0.663
EIF2B5,other,1.78
EIF2D,other,2.13
EIF2S1,other,4.21
EIF2S2,other,5.13
EIF2S3,other,5.92
EIF2S3B,other,1.16
EIF3A,other,4.93
EIF3B,other,0.955
EIF3C,other,3.93
EIF3CL,other,2.91
EIF3D,other,5.03
EIF3E,other,4.01
EIF3F,other,0.741
EIF3G,other,2.98
EIF3H,other,1.51
EIF3I,other,2.96
EIF3J,other,2.0
EIF3K,other,1.11
EIF3L,other,3.75
EIF3M,other,1.83
EIF4A1,other,5.88
EIF4A2,other,6.09
EIF4A3,other,5.86
EIF4B,other,4.2
EIF4E,other,3.99
EIF4E1B,other,0.521
EIF4E2,other,2.24
EIF4E3,other,-0.858
EIF4EBP1,other,1.0
EIF4EBP2,other,-0.864
EIF4EBP3,other,-0.157
EIF4ENIF1,other,2.32
EIF4G1,other,4.06
EIF4G2,other,3.55
EIF4G3,other,3.99
EIF4H,other,3.51
EIF5,other,2.51
EIF5A,other,5.09
EIF5A2,other,1.41
EIF5AL1,other,4.17
EIF5B,other,3.96
EIF6,other,1.67
EIPR1,other,1.73
ELAC1,other,0.646
ELAC2,other,-0.356
ELANE,in_trials,0.155
ELAPOR1,other,1.86
ELAPOR2,other,1.42
ELAVL1,other,5.85
ELAVL2,other,0.219
ELAVL3,other,4.6
ELAVL4,other,3.91
ELF1,other,1.8
ELF2,other,3.06
ELF3,other,2.21
ELF4,other,1.94
ELF5,other,0.16
ELFN1,other,0.768
ELFN2,other,3.24
ELK1,other,2.78
ELK3,other,1.02
ELK4,other,0.797
ELL,other,1.06
ELL2,other,3.14
ELL3,other,0.398
ELMO1,other,4.3
ELMO2,other,4.96
ELMO3,other,0.189
ELMOD1,other,1.26
ELMOD2,other,0.233
ELMOD3,other,1.18
ELN,other,1.2
ELOA,other,2.54
ELOA2,other,-3.97
ELOB,other,1.12
ELOC,other,3.65
ELOF1,other,1.25
ELOVL1,other,2.2
ELOVL2,other,0.259
ELOVL3,other,1.43
ELOVL4,other,1.7
ELOVL5,other,1.95
ELOVL6,other,4.73
ELOVL7,other,0.319
ELP1,other,0.479
ELP2,other,0.642
ELP3,other,1.85
ELP4,other,-0.082
ELP5,other,-0.028
ELP6,other,0.504
ELSPBP1,other,-0.0923
EMB,other,0.201
EMC1,other,2.02
EMC10,other,-1.0
EMC2,other,-0.184
EMC3,other,2.47
EMC4,other,1.83
EMC6,other,1.15
EMC7,other,1.96
EMC8,other,0.145
EMC9,other,0.331
EMCN,other,-0.373
EMD,other,-0.31
EME1,other,0.778
EME2,other,-2.81
EMG1,other,0.21
EMID1,other,0.211
EMILIN1,other,0.617
EMILIN2,other,-0.405
EMILIN3,other,1.02
EML1,other,3.85
EML2,other,0.548
EML3,other,2.64
EML4,in_trials,-2.13
EML5,other,3.73
EML6,other,-4.2
EMP1,other,0.862
EMP2,other,-0.929
EMP3,other,0.7
EMSY,other,3.26
EMX1,other,0.161
EMX2,other,0.909
EN1,other,0.912
EN2,other,-0.423
ENAH,other,2.39
ENAM,other,-0.243
ENC1,other,4.06
ENDOD1,other,-0.211
ENDOG,other,0.581
ENDOU,other,1.01
ENDOV,other,-1.44
ENG,other,1.73
ENGASE,other,0.615
ENHO,other,0.505
ENKD1,other,-0.0524
ENKUR,other,-0.0359
ENO1,other,1.18
ENO2,other,2.52
ENO3,other,-0.157
ENO4,other,0.814
ENOPH1,other,1.87
ENOSF1,other,-0.624
ENOX1,other,3.05
ENOX2,other,0.783
ENPEP,in_trials,-0.434
ENPP1,other,1.91
ENPP2,in_trials,1.91
ENPP3,other,0.34
ENPP4,other,1.13
ENPP5,other,0.483
ENPP6,other,0.266
ENPP7,other,0.792
ENSA,other,1.98
ENTHD1,other,1.31
ENTPD1,other,1.78
ENTPD2,other,-0.934
ENTPD3,other,0.81
ENTPD4,other,0.0477
ENTPD5,other,0.522
ENTPD6,other,0.288
ENTPD7,other,1.68
ENTPD8,other,-0.302
ENTR1,other,-1.74
ENY2,other,2.49
EOGT,other,-1.03
EOLA1,other,2.2
EOLA2,other,0.661
EOMES,other,0.754
EP300,other,2.21
EP400,other,5.59
EPAS1,other,-0.22
EPB41,other,2.15
EPB41L1,other,4.38
EPB41L2,other,0.931
EPB41L3,other,1.14
EPB41L4A,other,-2.75
EPB41L4B,other,1.38
EPB41L5,other,0.159
EPB42,other,1.98
EPC1,other,3.54
EPC2,other,2.96
EPCAM,in_trials,-2.66
EPDR1,other,-1.47
EPG5,other,1.51
EPGN,other,-0.582
EPHA1,in_trials,0.969
EPHA10,in_trials,0.172
EPHA2,approved,2.91
EPHA3,in_trials,0.346
EPHA4,in_trials,4.06
EPHA5,in_trials,0.677
EPHA6,in_trials,1.56
EPHA7,in_trials,3.07
EPHA8,in_trials,1.04
EPHB1,in_trials,2.99
EPHB2,in_trials,4.25
EPHB3,in_trials,3.83
EPHB4,in_trials,2.91
EPHB6,other,2.48
EPHX1,other,0.365
EPHX2,other,-0.2
EPHX3,other,0.626
EPHX4,other,1.33
EPM2A,other,-0.349
EPM2AIP1,other,1.44
EPN1,other,0.575
EPN2,other,1.84
EPN3,other,-1.07
EPO,other,0.775
EPOP,other,0.89
EPOR,in_trials,1.18
EPPIN,other,0.385
EPPIN-WFDC6,other,0.0937
EPPK1,other,-1.05
EPRS1,other,2.26
EPS15,other,-0.0296
EPS15L1,other,2.29
EPS8,other,0.485
EPS8L1,other,-1.3
EPS8L2,other,-2.55
EPS8L3,other,0.223
EPSTI1,other,-0.636
EPX,other,0.327
EPYC,other,0.0332
EQTN,other,-1.03
ERAL1,other,0.468
ERAP1,in_trials,1.52
ERAP2,in_trials,-0.0657
ERAS,other,1.88
ERBB2,in_trials,4.72
ERBB3,in_trials,3.13
ERBB4,in_trials,3.08
ERBIN,other,0.4
ERC1,other,1.72
ERC2,other,2.66
ERCC1,other,0.604
ERCC2,other,0.596
ERCC3,other,2.15
ERCC4,other,-1.09
ERCC5,other,0.606
ERCC6,other,1.02
ERCC6L,other,4.29
ERCC6L2,other,2.94
ERCC8,other,-0.946
EREG,other,-0.597
ERF,other,2.19
ERFE,other,-0.139
ERFL,other,3.04
ERG,other,3.35
ERG28,other,1.82
ERGIC1,other,2.06
ERGIC2,other,1.2
ERGIC3,other,1.73
ERH,other,3.23
ERI1,other,-3.43
ERI2,other,1.53
ERI3,other,2.89
ERICH1,other,-4.45
ERICH2,other,-0.0865
ERICH3,other,-2.4
ERICH4,other,-0.142
ERICH5,other,0.411
ERICH6,other,-0.162
ERICH6B,other,0.636
ERLEC1,other,0.297
ERLIN1,other,2.61
ERLIN2,other,3.51
ERMAP,other,0.735
ERMARD,other,-0.405
ERMN,other,-0.384
ERMP1,other,-2.88
ERN1,other,3.57
ERN2,other,-0.334
ERO1A,other,1.72
ERO1B,other,0.868
ERP27,other,-0.828
ERP29,other,0.974
ERP44,other,2.98
ERRFI1,other,1.61
ERV3-1,other,-5.79
ERVFRD-1,other,1.5
ERVH48-1,other,-3.47
ERVMER34-1,other,-4.37
ERVV-1,other,6.12
ERVV-2,other,3.91
ERVW-1,in_trials,-2.75
ESAM,other,0.21
ESCO1,other,1.55
ESCO2,other,-0.095
ESD,other,-0.16
ESF1,other,0.91
ESM1,other,1.27
ESPL1,other,6.43
ESPN,other,2.17
ESPNL,other,-1.16
ESR1,in_trials,2.99
ESR2,in_trials,-0.34
ESRP1,other,2.38
ESRP2,other,1.41
ESRRA,other,3.31
ESRRB,other,2.07
ESRRG,other,3.29
ESS2,other,0.595
ESX1,other,1.58
ESYT1,other,1.32
ESYT2,other,0.96
ESYT3,other,0.159
ETAA1,other,-0.325
ETF1,other,7.11
ETFA,other,1.19
ETFB,other,1.3
ETFBKMT,other,0.321
ETFDH,other,0.937
ETFRF1,other,0.158
ETHE1,other,0.785
ETNK1,other,2.64
ETNK2,other,1.22
ETNPPL,other,1.38
ETS1,other,3.34
ETS2,other,3.08
ETV1,other,0.0142
ETV2,other,-0.817
ETV3,other,2.99
ETV3L,other,0.252
ETV4,other,0.804
ETV5,other,3.31
ETV6,other,2.39
ETV7,other,0.209
EVA1A,other,-0.00136
EVA1B,other,-0.621
EVA1C,other,1.37
EVC,other,-1.87
EVC2,other,-2.4
EVI2A,other,0.318
EVI2B,other,0.611
EVI5,other,0.942
EVI5L,other,3.72
EVL,other,1.54
EVPL,other,0.786
EVPLL,other,0.579
EVX1,other,-1.36
EVX2,other,-0.245
EWSR1,other,3.38
EXD1,other,-1.36
EXD2,other,1.4
EXD3,other,-0.376
EXO1,other,-0.597
EXO5,other,1.45
EXOC1,other,2.92
EXOC1L,other,-3.02
EXOC2,other,2.38
EXOC3,other,1.95
EXOC3L1,other,0.369
EXOC3L2,other,0.834
EXOC3L4,other,-0.692
EXOC4,other,1.01
EXOC5,other,3.87
EXOC6,other,1.41
EXOC6B,other,2.46
EXOC7,other,2.07
EXOC8,other,1.9
EXOG,other,-0.151
EXOSC1,other,0.601
EXOSC10,other,0.765
EXOSC2,other,0.438
EXOSC3,other,-0.707
EXOSC4,other,-0.0695
EXOSC5,other,0.271
EXOSC6,other,-2.56
EXOSC7,other,-0.0332
EXOSC8,other,0.321
EXOSC9,other,-0.528
EXPH5,other,0.147
EXT1,other,2.5
EXT2,other,1.93
EXTL1,other,1.62
EXTL2,other,0.949
EXTL3,other,2.78
EYA1,other,1.54
EYA2,other,1.28
EYA3,other,2.51
EYA4,other,1.29
EYS,other,-2.15
EZH1,other,6.35
EZH2,approved,6.49
EZHIP,other,-6.68
EZR,other,1.21
F10,in_trials,2.13
F11,other,0.451
F11R,other,0.832
F12,other,0.365
F13A1,in_trials,1.59
F13B,other,0.0609
F2,in_trials,3.01
F2R,other,1.72
F2RL1,other,0.893
F2RL2,other,0.831
F2RL3,other,-0.247
F3,other,0.205
F5,other,2.24
F7,other,0.528
F8,other,3.77
F9,approved,2.96
FA2H,other,0.0747
FAAH,approved,1.16
FAAH2,other,-6.23
FAAP100,other,0.391
FAAP20,other,-1.15
FAAP24,other,0.755
FABP1,other,0.538
FABP12,other,-0.593
FABP2,other,0.31
FABP3,other,0.986
FABP4,other,0.382
FABP5,other,1.37
FABP6,other,0.203
FABP7,other,0.291
FABP9,other,-0.435
FADD,other,0.949
FADS1,other,4.41
FADS2,other,4.47
FADS3,other,2.9
FADS6,other,0.193
FAF1,other,2.38
FAF2,other,3.4
FAH,other,0.929
FAHD1,other,-1.29
FAHD2A,other,2.12
FAHD2B,other,2.51
FAIM,other,0.68
FAIM2,other,1.69
EEIG1,other,2.15
EEIG2,other,1.79
VCF1,other,-0.417
VCF2,other,0.339
FAM107A,other,-0.583
FAM107B,other,-1.64
FAM110A,other,-0.139
FAM110B,other,1.23
FAM110C,other,-0.983
FAM110D,other,0.42
FAM111A,other,0.705
FAM111B,other,-0.0443
FAM114A1,other,0.513
FAM114A2,other,-0.351
FAM117A,other,1.61
FAM117B,other,1.88
SIRAL2,other,0.759
SIRAL1,other,1.79
FAM120A,other,6.07
FAM120AOS,other,0.566
FAM120B,other,1.2
FAM120C,other,5.45
FAM124A,other,1.58
FAM124B,other,0.242
HYCC1,other,0.924
HYCC2,other,2.57
FAM131A,other,2.1
FAM131B,other,1.94
FAM131C,other,2.87
FAM133A,other,0.181
FAM133B,other,1.86
FAM135A,other,1.38
FAM135B,other,1.72
TIMCC,other,-0.14
FAM13A,other,1.7
FAM13B,other,1.55
FAM13C,other,2.02
FAM149A,other,-0.89
FAM149B1,other,1.11
FAM151A,other,0.00683
FAM151B,other,0.837
FAM153A,other,5.38
FAM153B,other,6.16
FAM161A,other,-0.65
FAM161B,other,0.403
FAM162A,other,0.67
FAM162B,other,-0.918
FAM163A,other,0.479
FAM163B,other,-0.191
CIMIP2A,other,-3.74
CIMIP2B,other,-0.549
CIMIP2C,other,-0.169
FAM167A,other,-3.04
FAM167B,other,0.0396
FAM168A,other,2.16
FAM168B,other,0.79
FAM169A,other,1.69
FAM170A,other,-0.803
FAM170B,other,-1.07
FAM171A1,other,-0.0346
FAM171A2,other,2.86
FAM171B,other,1.83
ARB2A,other,0.186
FAM174A,other,0.232
FAM174B,other,-0.912
FAM174C,other,-1.51
FAM177A1,other,-0.123
FAM177B,other,0.179
FAM178B,other,1.14
FAM180A,other,0.597
FAM180B,other,0.518
FAM181A,other,0.625
FAM181B,other,-1.54
CFAP144,other,0.498
FAM184A,other,1.1
FAM184B,other,-0.599
FAM185A,other,3.49
FAM186A,other,4.58
FAM186B,other,1.49
FAM187A,other,1.45
FAM187B,other,0.578
ENTREP2,other,0.55
ENTREP1,other,1.31
ENTREP3,other,0.413
FAM193A,other,-0.0225
FAM193B,other,0.658
FAM199X,other,3.01
ZBED8L,other,1.05
ZBED11,other,0.203
FAM204A,other,0.671
SPATA31F1,other,6.3
SPATA31F3,other,-0.753
FAM209A,other,0.131
FAM209B,other,0.902
FAM20A,other,-0.468
FAM20B,other,1.33
FAM20C,other,-0.239
MIMS1,other,0.0993
MIMS2,other,0.57
ATOSA,other,0.751
ATOSB,other,1.27
FAM216A,other,0.308
FAM216B,other,-0.135
FAM217A,other,0.273
FAM217B,other,-0.121
FAM219A,other,2.2
FAM219B,other,-0.323
FAM220A,other,-1.68
FAM221A,other,0.0111
FAM221B,other,0.458
FAM222A,other,1.14
FAM222B,other,0.593
FAM227A,other,0.48
FAM227B,other,-0.721
FAM228A,other,0.0611
FAM228B,other,0.519
FAM229A,other,0.0477
FAM229B,other,0.139
FAM234A,other,-1.09
FAM234B,other,1.12
FAM236C,other,1.35
FAM236D,other,1.01
FAM237A,other,-0.83
FAM240A,other,0.516
FAM240C,other,-1.22
FAM241A,other,0.285
FAM241B,other,0.798
FAM24A,other,0.854
FAM24B,other,0.757
FAM25A,other,0.678
FAM25C,other,2.94
FAM25G,other,2.06
FAM32A,other,0.917
FAM3A,other,1.81
FAM3B,other,0.694
FAM3C,other,2.56
FAM3D,other,0.949
FAM43A,other,0.804
FAM43B,other,0.089
FAM47A,other,0.265
FAM47B,other,-0.561
FAM47C,other,0.473
FAM47E,other,1.19
FAM47E-STBD1,other,1.05
FAM50A,other,3.73
FAM50B,other,2.07
FAM53A,other,-1.32
FAM53B,other,1.79
FAM53C,other,1.38
GARIN4,other,0.0556
GARIN3,other,-0.206
GARIN6,other,-0.335
GARIN2,other,0.689
GARIN5A,other,-0.761
GARIN5B,other,-0.366
GARIN1B,other,0.709
GARIN1A,other,-1.1
RUMY1,other,4.41
RUMY2,other,3.3
RUMY3,other,3.25
RUMY4,other,3.99
FAM76A,other,1.96
FAM76B,other,1.09
FAM78A,other,1.59
FAM78B,other,1.42
FAM81A,other,1.53
FAM81B,other,0.579
SACK1A,other,-0.659
SACK1B,other,-0.489
SACK1C,other,0.234
SACK1D,other,0.28
SACK1E,other,-0.196
SACK1F,other,1.28
SACK1G,other,1.83
SACK1H,other,-2.67
FAM86B1,other,7.42
FAM86B2,other,6.38
FAM89A,other,-0.347
FAM89B,other,0.00282
FAM8A1,other,0.0117
FAM90A1,other,0.622
FAM90A10,other,3.81
FAM91A1,other,4.11
FAM95C,other,0.64
TSLIG3A,other,-0.208
TSLIG3B,other,0.165
TSLIG3C,other,-0.16
FAM9A,other,-0.451
FAM9B,other,-0.696
FAM9C,other,0.0776
FAN1,other,-0.28
FANCA,other,-8.15
FANCB,other,0.516
FANCC,other,-0.117
FANCD2,other,2.0
FANCD2OS,other,-0.0893
FANCE,other,0.892
FANCF,other,-1.37
FANCG,other,1.46
FANCI,other,-1.57
FANCL,other,-1.45
FANCM,other,0.0992
FANK1,other,0.691
FAP,other,-0.138
FAR1,other,4.56
FAR2,other,2.26
FARP1,other,0.403
FARP2,other,-0.45
FARS2,other,0.982
FARSA,other,1.27
FARSB,other,1.44
FAS,other,1.02
FASLG,other,0.902
FASN,other,3.37
FASTK,other,1.9
FASTKD1,other,0.657
FASTKD2,other,0.668
FASTKD3,other,0.273
FASTKD5,other,0.569
FAT1,other,0.575
FAT2,other,3.32
FAT3,other,1.74
FAT4,other,0.771
FATE1,other,-0.564
FAU,in_trials,1.58
FAXC,other,2.11
FAXDC2,other,0.396
FBF1,other,0.571
FBH1,other,3.92
FBL,other,1.79
FBLIM1,other,1.07
FBLL1,other,-3.08
FBLN1,other,2.86
FBLN2,other,0.815
FBLN5,other,2.17
FBLN7,other,0.78
FBN1,other,8.6
FBN2,other,3.33
FBN3,other,1.92
FBP1,other,2.08
FBP2,other,0.308
FBRS,other,-0.773
FBRSL1,other,-1.86
FBXL12,other,1.03
FBXL13,other,0.644
FBXL14,other,2.95
FBXL15,other,0.835
FBXL16,other,3.26
FBXL17,other,0.972
FBXL18,other,0.365
FBXL19,other,4.25
FBXL2,other,3.11
FBXL20,other,4.15
FBXL22,other,-2.04
FBXL3,other,3.47
FBXL4,other,0.919
FBXL5,other,1.77
FBXL6,other,-1.53
FBXL7,other,1.79
FBXL8,other,-0.451
FBXO10,other,2.92
FBXO11,other,4.97
FBXO15,other,0.688
FBXO16,other,-0.34
FBXO17,other,-0.808
FBXO2,other,-0.661
FBXO21,other,3.19
FBXO22,other,1.21
FBXO24,other,2.15
FBXO25,other,-1.62
FBXO27,other,0.13
FBXO28,other,2.3
FBXO3,other,2.98
FBXO30,other,2.18
FBXO31,other,1.86
FBXO32,other,2.54
FBXO33,other,0.269
FBXO34,other,0.506
FBXO36,other,-0.204
FBXO38,other,4.44
FBXO39,other,0.145
FBXO4,other,0.766
FBXO40,other,-0.36
FBXO41,other,1.56
FBXO42,other,2.89
FBXO43,other,1.22
FBXO44,other,0.759
FBXO45,other,3.26
FBXO46,other,1.7
FBXO47,other,1.03
FBXO48,other,0.0658
FBXO5,other,0.823
FBXO6,other,0.224
FBXO7,other,-0.343
FBXO8,other,2.32
FBXO9,other,1.68
FBXW10,other,6.32
FBXW11,other,5.95
FBXW12,other,0.657
FBXW2,other,3.26
FBXW4,other,1.27
FBXW5,other,-3.79
FBXW7,other,5.27
FBXW8,other,0.565
FBXW9,other,0.504
FCAMR,other,-0.102
FCAR,other,-1.03
FCER1A,other,-0.584
FCER1G,other,0.461
FCER2,in_trials,-0.115
FCF1,other,1.1
FCGBP,other,15.8
FCGR1A,other,4.17
FCGR1BP,other,1.58
FCGR2A,other,2.28
FCGR2B,in_trials,2.04
FCGR2C,other,2.96
FCGR3A,other,1.56
FCGR3B,other,2.26
FCGRT,approved,0.39
FCHO1,other,2.06
FCHO2,other,1.98
FCHSD1,other,1.08
FCHSD2,other,2.09
FCMR,other,0.312
FCN1,other,-0.218
FCN2,other,-0.117
FCN3,other,0.775
FCRL1,other,0.00228
FCRL2,other,-1.06
FCRL3,other,-0.948
FCRL4,other,-0.731
FCRL5,in_trials,0.262
FCRL6,other,-0.982
FCRLA,other,0.226
FCRLB,other,0.357
FCSK,other,0.945
FDCSP,other,0.107
FDFT1,other,-7.52
FDPS,approved,2.08
FDX1,other,0.919
FDX2,other,0.336
FDXACB1,other,0.77
FDXR,other,0.774
FECH,other,1.82
FEM1A,other,2.78
FEM1B,other,4.8
FEM1C,other,3.39
FEN1,other,2.89
FER,other,0.552
FER1L5,other,4.21
FER1L6,other,0.959
FERD3L,other,-1.24
FERMT1,other,1.76
FERMT2,other,2.46
FERMT3,other,2.19
FES,other,1.67
FETUB,other,-0.274
FEV,other,1.02
FEZ1,other,1.23
FEZ2,other,-4.11
FEZF1,other,1.31
FEZF2,other,1.87
FFAR1,other,-0.596
FFAR2,in_trials,0.162
FFAR3,other,6.27
FFAR4,other,0.0583
FGA,other,0.117
FGB,other,1.09
FGD1,other,4.36
FGD2,other,1.18
FGD3,other,1.49
FGD4,other,2.29
FGD5,other,0.365
FGD6,other,2.57
FGF1,in_trials,1.13
FGF10,other,1.5
FGF11,other,-0.218
FGF12,other,1.24
FGF13,other,2.45
FGF14,other,2.34
FGF16,other,0.382
FGF17,other,2.09
FGF18,other,2.79
FGF19,other,1.42
FGF2,other,1.03
FGF20,other,-2.94
FGF21,other,-0.792
FGF22,other,-1.13
FGF23,other,0.765
FGF3,other,-1.02
FGF4,other,0.28
FGF5,other,-0.447
FGF6,other,0.145
FGF7,other,2.39
FGF8,other,1.7
FGF9,other,2.18
FGFBP1,other,-1.17
FGFBP2,other,-0.278
FGFBP3,other,-0.676
FGFR1,approved,4.53
FGFR1OP2,other,1.37
FGFR2,approved,4.59
FGFR3,approved,1.69
FGFR4,approved,2.29
FGFRL1,other,-0.492
FGG,other,1.37
FGGY,other,0.234
FGL1,other,-4.92
FGL2,other,1.53
FGR,approved,2.92
FH,other,1.95
FHAD1,other,1.52
FHDC1,other,-0.0695
FHIP1A,other,1.43
FHIP1B,other,1.83
FHIP2A,other,1.99
FHIP2B,other,-0.0424
FHIT,other,-1.82
FHL1,other,1.59
FHL2,other,1.07
FHL3,other,0.898
FHL5,other,0.182
FHOD1,other,1.17
FHOD3,other,0.848
FIBCD1,other,0.476
FIBIN,other,-0.0204
FIBP,other,1.16
FICD,other,0.827
FIG4,other,1.83
FIGLA,other,0.0751
FIGN,other,1.2
FIGNL1,other,0.321
FIGNL2,other,-1.52
FILIP1,other,1.43
FILIP1L,other,0.202
FIP1L1,other,3.5
FIS1,other,-0.22
FITM1,other,-0.165
FITM2,other,1.29
FIZ1,other,1.85
FJX1,other,-0.6
FKBP10,other,0.751
FKBP11,other,0.1
FKBP14,other,-0.109
FKBP15,other,2.13
FKBP1A,approved,3.11
FKBP1B,other,1.58
FKBP1C,other,-0.69
FKBP2,other,0.287
FKBP3,other,-0.564
FKBP4,other,1.45
FKBP5,other,2.58
FKBP6,other,1.49
FKBP7,other,0.326
FKBP8,other,2.98
FKBP9,other,3.19
FKBPL,other,1.46
FKRP,other,-0.683
FKTN,other,0.392
FLACC1,other,0.715
FLAD1,other,1.21
FLCN,other,1.85
FLG,other,-15.3
FLG2,other,0.88
FLI1,other,3.07
FLII,other,0.081
FLNA,other,5.65
FLNB,other,4.2
FLNC,other,6.57
FLOT1,other,2.16
FLOT2,other,1.93
FLRT1,other,2.94
FLRT2,other,1.68
FLRT3,other,2.34
FLT1,approved,3.32
FLT3,approved,1.5
FLT3LG,other,0.687
FLT4,approved,3.5
FLVCR1,other,0.319
FLVCR2,other,-0.0116
FLYWCH1,other,-4.48
FLYWCH2,other,-0.272
FMC1,other,0.199
FMC1-LUC7L2,other,2.72
FMN1,other,-0.896
FMN2,other,1.73
FMNL1,other,3.23
FMNL2,other,3.99
FMNL3,other,3.17
FMO1,other,0.427
FMO2,other,0.235
FMO3,other,-0.47
FMO4,other,0.535
FMO5,other,-0.0164
FMOD,other,0.449
FMR1,other,3.37
FMR1NB,other,-0.00472
FN1,in_trials,3.32
FN3K,other,-0.674
FN3KRP,other,-0.583
FNBP1,other,2.05
FNBP1L,other,2.54
FNBP4,other,1.42
FNDC1,other,-0.898
FNDC10,other,0.521
FNDC11,other,0.555
FNDC3A,other,2.93
FNDC3B,other,3.2
FNDC4,other,1.33
FNDC5,other,1.44
FNDC7,other,0.918
FNDC8,other,0.58
FNDC9,other,0.205
FNIP1,other,2.59
FNIP2,other,2.06
FNTA,in_trials,0.846
FNTB,in_trials,1.99
FOCAD,other,-5.46
FOLH1,in_trials,4.59
FOLR1,other,1.13
FOLR2,other,1.27
FOLR3,other,0.345
FOS,other,1.52
FOSB,other,1.68
FOSL1,other,0.94
FOSL2,other,2.27
FOXA1,other,0.609
FOXA2,other,-0.732
FOXA3,other,0.926
FOXB1,other,0.883
FOXB2,other,-0.739
FOXC1,other,-1.22
FOXC2,other,-1.64
FOXD1,other,1.03
FOXD2,other,0.89
FOXD3,other,0.719
FOXD4,other,-0.332
FOXD4L1,other,3.72
FOXD4L3,other,9.16
FOXD4L4,other,8.4
FOXD4L5,other,9.86
FOXD4L6,other,7.69
FOXE1,other,0.165
FOXE3,other,-0.232
FOXF1,other,0.925
FOXF2,other,-0.13
FOXG1,other,4.04
FOXH1,other,-2.9
FOXI1,other,0.494
FOXI2,other,-1.61
FOXI3,other,1.08
FOXJ1,other,0.987
FOXJ2,other,0.894
FOXJ3,other,2.3
FOXK1,other,2.16
FOXK2,other,-0.586
FOXL1,other,-1.33
FOXL2,other,1.04
FOXL2NB,other,0.166
FOXL3,other,-1.44
FOXM1,other,1.1
FOXN1,other,0.629
FOXN2,other,-1.47
FOXN3,other,2.71
FOXN4,other,2.18
FOXO1,other,2.17
FOXO3,other,5.28
FOXO3B,other,2.91
FOXO4,other,2.52
FOXO6,other,1.85
FOXP1,other,3.15
FOXP2,other,3.15
FOXP3,other,2.51
FOXP4,other,1.65
FOXQ1,other,-2.42
FOXR1,other,0.0708
FOXR2,other,-0.195
FOXRED1,other,0.617
FOXRED2,other,1.25
FOXS1,other,0.992
FPGS,other,1.59
FPGT,other,-1.07
FPGT-TNNI3K,other,-1.59
FPR1,other,0.922
FPR2,other,1.3
FPR3,other,1.97
FRA10AC1,other,0.132
FRAS1,other,0.853
FRAT1,other,1.04
FRAT2,other,0.342
FREM1,other,-6.42
FREM2,other,-0.246
FREM3,other,0.605
FRG1,other,1.44
FRG2,other,4.38
FRG2B,other,5.22
FRG2C,other,2.8
FRK,approved,0.546
FRMD1,other,0.219
FRMD3,other,1.27
FRMD4A,other,1.19
FRMD4B,other,-1.36
FRMD5,other,1.82
FRMD6,other,1.02
FRMD7,other,0.398
FRMD8,other,1.15
FRMPD1,other,1.72
FRMPD2,other,2.32
FRMPD3,other,1.73
FRMPD4,other,2.67
FRRS1,other,0.855
FRRS1L,other,0.151
FRS2,other,1.59
FRS3,other,0.874
FRY,other,6.73
FRYL,other,4.14
FRZB,other,0.0365
FSBP,other,0.976
FSCB,other,-0.561
FSCN1,other,3.15
FSCN2,other,-1.79
FSCN3,other,0.881
FSD1,other,1.78
FSD1L,other,0.979
FSD2,other,-0.131
FSHB,other,0.141
FSHR,other,-1.91
FSIP1,other,-0.157
FSIP2,other,1.48
FST,other,2.69
FSTL1,other,0.913
FSTL3,other,-0.417
FSTL4,other,2.11
FSTL5,other,-0.747
FTCD,other,-1.46
FTCDNL1,other,-2.61
FTH1,other,2.24
FTHL17,other,0.366
FTL,other,1.14
FTMT,other,-1.66
FTO,in_trials,0.962
FTSJ1,other,2.99
FTSJ3,other,-0.147
FUBP1,other,3.38
FUBP3,other,2.67
FUCA1,other,0.431
FUCA2,other,1.12
FUNDC1,other,-0.0462
FUNDC2,other,1.8
FUOM,other,-0.272
FURIN,other,2.85
FUS,other,3.14
FUT1,other,0.32
POFUT3,other,0.668
POFUT4,other,-1.32
FUT2,other,0.925
FUT3,other,1.41
FUT4,other,-1.72
FUT5,other,1.51
FUT6,other,0.779
FUT7,other,0.555
FUT8,other,2.55
FUT9,other,2.2
FUZ,other,0.0868
FXN,other,0.0375
FXR1,other,4.51
FXR2,other,3.32
FXYD1,other,0.294
FXYD2,in_trials,-0.00891
FXYD3,other,0.341
FXYD4,other,0.293
FXYD5,other,-0.0367
FXYD6,other,0.207
FXYD6-FXYD2,other,-0.112
FXYD7,other,0.962
FYB1,other,-0.998
FYB2,other,-0.801
FYCO1,other,1.09
FYN,approved,5.82
FYTTD1,other,0.886
FZD1,other,0.784
FZD10,other,0.621
FZD2,other,4.22
FZD3,other,3.44
FZD4,other,1.24
FZD5,other,3.12
FZD6,other,1.82
FZD7,other,1.65
FZD8,other,2.7
FZD9,other,0.522
FZR1,other,4.03
G0S2,other,0.00286
G2E3,other,4.01
G3BP1,other,1.02
G3BP2,other,4.67
G6PC1,other,0.879
G6PC2,other,-0.3
G6PC3,other,1.34
G6PD,other,3.17
GAA,in_trials,-0.528
GAB1,other,1.84
GAB2,other,-0.119
GAB3,other,1.61
GAB4,other,-0.383
GABARAP,other,2.21
GABARAPL1,other,2.07
GABARAPL2,other,0.303
GABBR1,approved,6.45
GABBR2,approved,6.18
GABPA,other,5.36
GABPB1,other,4.1
GABPB2,other,1.36
GABRA1,in_trials,4.87
GABRA2,in_trials,4.8
GABRA3,in_trials,3.42
GABRA4,in_trials,2.93
GABRA5,in_trials,4.08
GABRA6,in_trials,-0.613
GABRB1,in_trials,3.32
GABRB2,in_trials,4.86
GABRB3,in_trials,5.22
GABRD,in_trials,2.46
GABRE,in_trials,-0.196
GABRG1,in_trials,0.0061
GABRG2,in_trials,4.52
GABRG3,in_trials,3.26
GABRP,in_trials,0.326
GABRQ,in_trials,0.0256
GABRR1,other,0.294
GABRR2,other,0.133
GABRR3,other,-0.0661
GAD1,other,4.16
GAD2,other,1.8
GADD45A,other,2.06
GADD45B,other,1.58
GADD45G,other,2.02
GADD45GIP1,other,0.481
GADL1,other,-1.79
GAGE1,other,2.04
GAGE10,other,0.438
GAGE12H,other,1.64
GAGE12J,other,1.99
GAGE2E,other,2.89
GAK,other,0.876
GAL,other,-0.184
GAL3ST1,other,2.4
GAL3ST2,other,-1.2
GAL3ST3,other,-1.26
GAL3ST4,other,-0.0641
GALC,other,-0.38
GALE,other,0.651
GALK1,other,0.522
GALK2,other,-0.358
GALM,other,-0.769
GALNS,other,-1.21
GALNT1,other,3.5
GALNT10,other,1.36
GALNT11,other,1.55
GALNT12,other,0.711
GALNT13,other,1.53
GALNT14,other,0.331
GALNT15,other,-0.342
GALNT16,other,1.75
GALNT17,other,2.97
GALNT18,other,1.42
GALNT2,other,2.11
GALNT3,other,0.759
GALNT4,other,-0.769
GALNT5,other,-0.0192
GALNT6,other,1.43
GALNT7,other,2.17
GALNT8,other,0.315
GALNT9,other,0.661
GALNTL5,other,0.07
GALNTL6,other,2.34
GALP,other,-0.545
GALR1,other,0.317
GALR2,other,-0.0952
GALR3,other,-0.445
GALT,other,1.7
GAMT,other,-1.54
GAN,other,-2.43
GANAB,other,3.44
GANC,other,-0.58
GAP43,other,0.0877
GAPDH,other,2.91
GAPDHS,other,0.825
GAPT,other,-0.52
GAPVD1,other,3.51
GAR1,other,0.819
GAREM1,other,0.99
GAREM2,other,2.2
GARNL3,other,3.02
GARRE1,other,1.98
GARS1,other,1.67
GART,in_trials,1.22
GAS1,other,-0.415
GAS2,other,0.824
GAS2L1,other,-0.313
GAS2L2,other,-0.31
GAS2L3,other,0.367
GAS6,in_trials,1.2
GAS7,other,3.27
DRC4,other,-1.3
GASK1A,other,1.05
GASK1B,other,-0.416
GAST,other,0.254
GATA1,other,1.67
GATA2,other,1.92
GATA3,other,1.66
GATA4,other,0.101
GATA5,other,-0.567
GATA6,other,0.809
GATAD1,other,1.75
GATAD2A,other,1.64
GATAD2B,other,4.65
GATB,other,0.229
GATC,other,-0.662
GATD1,other,-0.831
GATD3,other,1.51
GATD3B,other,2.74
GATM,other,2.63
GBA1,other,2.88
GBA2,other,1.82
GBA3,other,0.112
GBE1,other,-0.0139
GBF1,other,4.45
GBGT1,other,0.474
GBP1,other,1.19
GBP2,other,0.616
GBP3,other,1.39
GBP4,other,0.964
GBP5,other,-0.443
GBP6,other,0.0748
GBP7,other,0.367
GBX1,other,0.288
GBX2,other,0.487
GC,other,0.309
GCA,other,-0.632
GCAT,other,0.465
GCC1,other,0.876
GCC2,other,0.038
GCDH,other,1.5
GCFC2,other,-0.732
GCG,other,-0.000736
GCGR,approved,0.729
GCH1,other,1.75
GCHFR,other,-0.218
GCK,in_trials,3.35
GCKR,other,-0.0283
GCLC,other,3.39
GCLM,other,1.97
GCM1,other,2.64
GCM2,other,1.91
GCN1,other,6.08
GCNA,other,2.35
GCNT1,other,0.924
GCNT2,other,-1.82
GCNT3,other,-3.29
GCNT4,other,0.418
GCNT7,other,0.408
GCOM1,other,-0.457
GCSAM,other,0.627
GCSAML,other,0.357
GCSH,other,1.11
GDA,other,2.27
GDAP1,other,1.22
GDAP1L1,other,2.49
GDAP2,other,0.726
GDE1,other,0.733
GDF1,other,-0.408
GDF10,other,-1.48
GDF11,other,3.68
GDF15,other,-0.364
GDF2,in_trials,0.603
GDF3,other,-0.238
GDF5,other,0.749
GDF6,other,0.826
GDF7,other,0.0241
GDF9,other,-0.224
GDI1,other,4.77
GDI2,other,2.26
GDNF,other,0.729
GDPD1,other,2.43
GDPD2,other,1.79
GDPD3,other,1.11
GDPD4,other,-0.157
GDPD5,other,1.73
GDPGP1,other,0.8
GEM,other,0.788
GEMIN2,other,-0.314
GEMIN4,other,0.0933
GEMIN5,other,-0.284
GEMIN6,other,-2.06
GEMIN7,other,0.551
GEMIN8,other,0.622
GEN1,other,-0.128
GET1,other,0.313
GET1-SH3BGR,other,0.707
GET3,other,2.51
GET4,other,-2.06
GFAP,other,2.06
GFER,other,-0.507
GFI1,other,1.76
GFI1B,other,0.329
GFM1,other,0.91
GFM2,other,1.39
GFOD1,other,2.78
GFOD2,other,1.04
GFPT1,other,6.09
GFPT2,other,1.5
GFRA1,other,1.13
GFRA2,other,-0.383
GFRA3,other,2.33
GFRA4,other,0.508
GFRAL,other,-0.78
GFUS,other,-0.171
GFY,other,0.0972
GGA1,other,1.51
GGA2,other,0.0614
GGA3,other,-0.777
GGACT,other,-0.219
GGCT,other,0.414
GGCX,other,1.79
GGH,other,0.372
GGN,other,-0.909
GGNBP2,other,3.83
GGPS1,other,1.47
GGT1,other,4.88
GGT2P,other,7.55
GGT5,other,-0.161
GGT6,other,0.264
GGT7,other,2.39
GGTA1,other,-3.47
GGTLC1,other,0.126
GGTLC2,other,2.44
GGTLC3,other,2.5
GH1,other,-0.537
GH2,other,-0.824
GHDC,other,1.03
GHITM,other,0.201
GHR,in_trials,-0.423
GHRH,other,0.764
GHRHR,other,-0.177
GHRL,other,-1.82
GHSR,in_trials,-0.406
GID4,other,1.94
GID8,other,2.88
GIGYF1,other,-1.04
GIGYF2,other,2.98
GIMAP1,other,-0.233
GIMAP1-GIMAP5,other,0.322
GIMAP2,other,-0.563
GIMAP4,other,-0.156
GIMAP5,other,0.32
GIMAP6,other,0.595
GIMAP7,other,0.826
GIMAP8,other,-0.0908
GIMD1,other,-0.444
GIN1,other,0.0419
GINM1,other,0.446
GINS1,other,0.0808
GINS2,other,-2.49
GINS3,other,0.506
GINS4,other,0.745
GIP,other,-0.272
GIPC1,other,0.834
GIPC2,other,-0.511
GIPC3,other,0.0436
GIPR,in_trials,-0.9
GIT1,other,4.1
GIT2,other,3.25
GJA1,other,3.76
GJA10,other,-0.553
GJA3,other,0.845
GJA4,other,1.75
GJA5,other,1.35
GJA8,other,-0.973
GJA9,other,0.917
GJB1,other,2.97
GJB2,other,0.144
GJB3,other,0.392
GJB4,other,-0.16
GJB5,other,0.56
GJB6,other,0.681
GJB7,other,0.102
GJC1,other,3.56
GJC2,other,0.0312
GJC3,other,0.363
GJD2,other,2.86
GJD3,other,0.554
GJD4,other,-2.5
GJE1,other,-4.66
GK,other,5.55
GK2,other,0.429
GK3,other,2.96
GK5,other,2.49
GKAP1,other,0.815
GKN1,other,0.185
GKN2,other,-0.761
GLA,other,2.86
GLB1,other,0.859
GLB1L,other,0.128
GLB1L2,other,0.656
GLB1L3,other,0.0188
GLCCI1,other,-0.041
GLCE,other,2.93
GLDC,other,-1.44
GLDN,other,-1.08
GLE1,other,1.52
GLG1,other,1.45
GLI1,other,1.63
GLI2,other,1.05
GLI3,other,0.818
GLI4,other,-2.89
GLIPR1,other,0.979
GLIPR1L1,other,-0.369
GLIPR1L2,other,-1.23
GLIPR2,other,-0.148
GLIS1,other,0.496
GLIS2,other,0.614
GLIS3,other,-5.74
GLMN,other,1.18
GLMP,other,0.979
GLO1,other,-0.00544
GLOD4,other,-0.861
GLOD5,other,-0.661
GLP1R,in_trials,1.62
GLP2R,in_trials,2.12
GLRA1,other,2.57
GLRA2,other,3.18
GLRA3,other,1.02
GLRB,other,0.223
GLRX,other,0.919
GLRX2,other,0.0245
GLRX3,other,0.241
GLRX5,other,-0.518
GLS,in_trials,4.51
GLS2,other,3.14
GLT1D1,other,-0.29
GLT6D1,other,0.258
GLT8D1,other,0.831
GLT8D2,other,0.625
GLTP,other,1.35
GLTPD2,other,-0.493
GLUD1,other,4.43
GLUD2,other,1.93
GLUL,other,3.56
GLYAT,other,-1.3
GLYATL1,other,-0.256
GLYATL1B,other,-1.8
GLYATL2,other,-0.408
GLYATL3,other,-0.398
GLYCTK,other,0.0434
GLYR1,other,1.89
GM2A,other,-0.137
GMCL1,other,1.47
GMCL2,other,0.686
GMDS,other,2.32
GMEB1,other,3.25
GMEB2,other,2.47
GMFB,other,0.948
GMFG,other,0.553
GMIP,other,2.46
GML,other,0.222
GMNC,other,-0.0887
GMNN,other,0.458
GMPPA,other,1.6
GMPPB,other,0.987
GMPR,other,-0.287
GMPR2,other,0.74
GMPS,in_trials,3.66
GNA11,other,4.66
GNA12,other,2.25
GNA13,other,3.25
GNA14,other,-0.54
GNA15,other,-0.117
GNAI1,other,2.45
GNAI2,other,4.89
GNAI3,other,1.43
GNAL,other,3.48
GNAO1,other,6.1
GNAQ,other,5.88
GNAS,other,6.67
GNAT1,other,1.32
GNAT2,other,1.57
GNAT3,other,-0.514
GNAZ,other,4.97
GNB1,other,5.34
GNB1L,other,0.869
GNB2,other,3.67
GNB3,other,0.925
GNB4,other,2.16
GNB5,other,0.738
GNE,other,4.26
GNG10,other,1.34
GNG11,other,0.843
GNG12,other,0.69
GNG13,other,-0.683
GNG14,other,-2.87
GNG2,other,1.52
GNG3,other,1.5
GNG4,other,-0.0405
GNG5,other,1.1
GNG5B,other,-0.262
GNG7,other,0.262
GNG8,other,0.317
GNGT1,other,-0.594
GNGT2,other,0.815
GNL1,other,3.0
GNL2,other,0.736
GNL3,other,0.167
GNL3L,other,1.36
GNLY,other,0.279
GNMT,other,0.708
GNPAT,other,1.47
GNPDA1,other,2.3
GNPDA2,other,1.14
GNPNAT1,other,1.59
GNPTAB,other,1.75
GNPTG,other,-2.9
GNRH1,other,-0.209
GNRH2,other,-0.0572
GNRHR,in_trials,0.352
GNS,other,1.96
GOLGA1,other,1.62
GOLGA2,other,1.49
GOLGA3,other,0.301
GOLGA4,other,0.0122
GOLGA5,other,1.4
GOLGA6A,other,9.19
GOLGA6B,other,7.72
GOLGA6C,other,8.14
GOLGA6D,other,6.94
GOLGA6L1,other,5.12
GOLGA6L10,other,9.46
GOLGA6L2,other,2.08
GOLGA6L22,other,6.34
GOLGA6L4,other,5.14
GOLGA6L6,other,7.92
GOLGA6L7,other,3.38
GOLGA6L9,other,4.3
GOLGA7,other,1.74
GOLGA7B,other,1.58
GOLGA8A,other,6.07
GOLGA8B,other,5.54
GOLGA8F,other,4.03
GOLGA8G,other,3.69
GOLGA8H,other,4.79
GOLGA8J,other,6.69
GOLGA8K,other,8.96
GOLGA8M,other,4.67
GOLGA8N,other,5.14
GOLGA8O,other,5.35
GOLGA8Q,other,7.05
GOLGA8R,other,3.57
GOLGA8S,other,4.67
GOLGA8T,other,6.11
GOLGB1,other,2.22
GOLIM4,other,-0.0574
GOLM1,other,0.197
GOLM2,other,0.847
GOLPH3,other,0.94
GOLPH3L,other,0.982
GOLT1A,other,0.951
GOLT1B,other,0.519
GON4L,other,4.17
GON7,other,0.417
GOPC,other,2.07
GORAB,other,-0.0867
GORASP1,other,1.53
GORASP2,other,1.29
GOSR1,other,0.595
GOSR2,other,0.245
GOT1,other,2.62
GOT1L1,other,0.417
GOT2,other,2.34
GP1BA,in_trials,1.42
GP1BB,other,-0.22
GP2,other,0.337
GP5,other,-0.281
GP6,other,-0.817
GP9,other,0.377
GPA33,other,-0.337
GPAA1,other,0.63
GPALPP1,other,0.523
GPAM,other,1.83
GPANK1,other,-0.311
GPAT2,other,2.56
GPAT3,other,0.309
GPAT4,other,3.51
GPATCH1,other,1.09
GPATCH11,other,-0.513
GPATCH2,other,0.455
GPATCH2L,other,2.07
GPATCH3,other,0.117
GPATCH4,other,1.29
GPATCH8,other,2.39
GPBAR1,other,0.784
GPBP1,other,1.7
GPBP1L1,other,-0.296
GPC1,other,0.385
GPC2,other,0.736
GPC3,other,1.91
GPC4,other,2.6
GPC5,other,-0.558
GPC6,other,1.08
GPCPD1,other,3.22
GPD1,other,0.363
GPD1L,other,1.75
GPD2,in_trials,2.11
GPER1,other,1.74
GPHA2,other,0.443
GPHB5,other,0.288
GPHN,other,4.34
GPI,other,1.61
GPIHBP1,other,0.277
GPKOW,other,0.97
GPLD1,other,0.0986
GPM6A,other,2.57
GPM6B,other,2.08
GPN1,other,-0.0628
GPN2,other,-0.0127
GPN3,other,1.21
GPNMB,other,0.242
GPR101,other,0.771
GPR107,other,1.55
GPR108,other,0.583
GPR119,in_trials,1.74
GPR12,other,2.08
GPR132,other,2.04
GPR135,other,-0.775
GPR137,other,1.31
GPR137B,other,0.132
GPR137C,other,0.232
GPR139,other,1.41
GPR141,other,0.0188
GPR142,other,0.455
GPR143,other,0.923
GPR146,other,-4.87
GPR148,other,0.231
GPR149,other,-1.25
GPR15,other,-0.589
GPR150,other,-1.3
GPR151,other,-0.0887
GPR152,other,1.17
GPR153,other,0.177
GPR155,other,2.61
GPR156,other,1.27
GPR157,other,0.411
GPR158,other,0.662
GPR160,other,0.71
GPR161,other,2.14
GPR162,other,1.48
GPR17,other,-0.0168
GPR171,other,0.918
GPR173,other,3.2
GPR174,other,0.909
GPR176,other,1.13
GPR179,other,1.82
GPR18,other,0.694
GPR180,other,-0.111
ACKR5,other,0.324
GPR183,other,1.59
GPR19,other,1.81
GPR20,other,0.619
GPR21,other,0.265
GPR22,other,2.67
GPR25,other,0.0384
GPR26,other,2.19
GPR27,other,0.718
GPR3,other,2.1
GPR31,other,0.138
GPR32,other,0.423
GPR33,other,-0.0233
GPR34,other,1.99
GPR35,other,1.05
GPR37,other,1.11
GPR37L1,other,0.981
GPR39,other,-0.775
GPR4,other,2.52
GPR42,other,5.88
GPR45,other,1.09
GPR50,other,-0.241
GPR52,other,0.72
GPR55,other,0.634
GPR6,other,0.362
GPR61,other,3.24
GPR62,other,0.522
GPR63,other,0.82
GPR65,other,0.435
GPR68,other,0.0956
GPR75,other,-0.608
GPR78,other,-2.19
GPR82,other,0.123
GPR83,other,-1.35
GPR84,in_trials,1.43
GPR85,other,2.93
GPR87,other,-0.133
GPR88,other,2.15
GPHRA,other,6.33
GPHRB,other,6.11
GPRASP1,other,1.57
GPRASP2,other,1.51
GPRC5A,other,-0.399
GPRC5B,other,2.13
GPRC5C,other,0.701
GPRC5D,approved,0.821
GPRC6A,other,-0.0832
GPRIN1,other,0.249
GPRIN2,other,-4.79
GPRIN3,other,-0.693
GPS1,other,2.08
GPS2,other,0.863
GPSM1,other,-0.115
GPSM2,other,1.73
GPSM3,other,0.824
GPT,other,-2.4
GPT2,other,2.6
GPX1,other,0.463
GPX2,other,0.238
GPX3,other,0.217
GPX4,other,-2.14
GPX5,other,0.957
GPX6,other,0.58
GPX7,other,-0.0182
GPX8,other,0.739
GRAMD1A,other,2.18
GRAMD1B,other,1.63
GRAMD1C,other,0.407
GRAMD2A,other,0.266
GRAMD2B,other,1.46
GRAMD4,other,2.97
GRAP,other,2.12
GRAP2,other,1.11
GRB10,other,3.12
GRB14,other,0.00184
GRB2,in_trials,4.58
GRB7,other,1.34
GREB1,other,2.65
GREB1L,other,6.23
GREM1,other,1.36
GREM2,other,0.245
GRHL1,other,2.75
GRHL2,other,2.42
GRHL3,other,1.94
GRHPR,other,1.12
GRIA1,in_trials,4.71
GRIA2,in_trials,6.67
GRIA3,in_trials,5.7
GRIA4,in_trials,4.46
GRID1,other,2.67
GRID2,other,0.886
GRID2IP,other,-0.505
GRIFIN,other,-0.307
GRIK1,in_trials,0.727
GRIK2,in_trials,3.47
GRIK3,in_trials,4.15
GRIK4,in_trials,3.08
GRIK5,in_trials,4.21
GRIN1,in_trials,8.46
GRIN2A,approved,3.78
GRIN2B,in_trials,8.08
GRIN2C,in_trials,-0.697
GRIN2D,in_trials,3.45
GRIN3A,in_trials,0.79
GRIN3B,in_trials,-2.4
GRINA,other,0.126
GRIP1,other,2.29
GRIP2,other,1.72
GRIPAP1,other,2.57
GRK1,other,-0.523
GRK2,other,4.47
GRK3,other,2.96
GRK4,other,-0.464
GRK5,other,2.5
GRK6,other,3.42
GRK7,other,1.02
GRM1,other,3.75
GRM2,other,3.38
GRM3,other,3.37
GRM4,other,4.06
GRM5,other,4.58
GRM6,other,0.0654
GRM7,other,2.36
GRM8,other,1.52
GRN,other,1.09
GRP,other,-0.834
GRPEL1,other,-0.64
GRPEL2,other,0.75
GRPR,other,0.835
GRSF1,other,-1.02
GRTP1,other,-1.04
GRWD1,other,0.46
GRXCR1,other,-0.557
GRXCR2,other,-0.283
GSAP,other,-0.0776
GSC,other,0.0477
GSC2,other,-2.06
GSDMA,other,0.0105
GSDMB,other,0.583
GSDMC,other,-1.06
GSDMD,other,-0.172
GSDME,other,-1.02
GSE1,other,-6.71
GSG1,other,0.196
GSG1L,other,0.534
GSG1L2,other,-4.72
GSK3A,in_trials,3.43
GSK3B,in_trials,4.02
GSKIP,other,0.548
GSN,other,1.67
GSPT1,other,3.47
GSPT2,other,3.23
GSR,approved,0.149
GSS,other,1.68
GSTA1,other,-0.964
GSTA2,other,-1.11
GSTA3,other,-1.46
GSTA4,other,0.476
GSTA5,other,-1.88
GSTCD,other,-0.0482
GSTK1,other,0.0094
GSTM1,other,3.21
GSTM2,other,1.38
GSTM3,other,0.397
GSTM4,other,0.882
GSTM5,other,-0.711
GSTO1,other,0.777
GSTO2,other,-0.00475
GSTP1,in_trials,-0.0248
GSTT2,other,2.48
GSTT2B,other,6.25
GSTZ1,other,0.226
GSX1,other,0.0236
GSX2,other,-0.403
QTMAN,other,0.681
GTF2A1,other,2.17
GTF2A1L,other,-3.07
GTF2A2,other,1.32
GTF2B,other,3.36
GTF2E1,other,1.6
GTF2E2,other,0.937
GTF2F1,other,0.975
GTF2F2,other,0.658
GTF2H1,other,2.52
GTF2H2,other,4.26
GTF2H2C,other,4.08
GTF2H3,other,0.893
GTF2H4,other,1.91
GTF2H5,other,0.14
GTF2I,other,5.47
GTF2IRD1,other,4.97
GTF2IRD2,other,9.43
GTF2IRD2B,other,8.98
GTF3A,other,-0.742
GTF3C1,other,4.53
GTF3C2,other,3.22
GTF3C3,other,2.87
GTF3C4,other,2.68
GTF3C5,other,0.712
GTF3C6,other,0.874
GTPBP1,other,3.9
GTPBP10,other,-0.167
GTPBP2,other,4.61
GTPBP3,other,-0.0936
GTPBP4,other,-0.806
GTPBP6,other,-2.08
GTPBP8,other,-0.666
GTSE1,other,0.34
GTSF1,other,1.66
GTSF1L,other,0.408
GUCA1A,other,-0.0434
CIMIP3,other,-2.85
GUCA1B,other,1.0
GUCA1C,other,-0.825
GUCA2A,other,-1.22
GUCA2B,other,0.0906
GUCD1,other,0.647
GUCY1A1,in_trials,0.316
GUCY1A2,in_trials,2.05
GUCY1B1,in_trials,3.4
GUCY2C,in_trials,1.69
GUCY2D,other,0.896
GUCY2F,other,-0.843
GUF1,other,-0.239
GUK1,other,0.402
GULP1,other,1.12
GUSB,other,1.72
GVQW3,other,0.086
GXYLT1,other,1.15
GXYLT2,other,-0.12
GYG1,other,-0.211
GYG2,other,0.34
GYPA,other,0.372
GYPB,other,-0.932
GYPC,other,-1.72
GYPE,other,0.125
GYS1,other,1.55
GYS2,other,-0.381
GZF1,other,1.67
GZMA,other,0.237
GZMB,other,-0.626
GZMH,other,-1.01
GZMK,other,-0.52
GZMM,other,-0.473
H1-0,other,0.303
H1-1,other,-6.67
H1-10,other,-0.225
H1-2,other,-10.9
H1-3,other,-10.2
H1-4,other,-9.0
H1-5,other,-5.86
H1-6,other,-7.92
H1-7,other,-0.907
H1-8,other,0.554
H2AB1,other,4.28
H2AC1,other,-1.43
H2AC11,other,-0.332
H2AC12,other,-1.91
H2AC13,other,1.79
H2AC14,other,1.25
H2AC15,other,-1.91
H2AC16,other,-1.12
H2AC17,other,-0.997
H2AC20,other,1.67
H2AC21,other,0.156
H2AC4,other,-2.53
H2AC6,other,0.846
H2AC7,other,-3.47
H2AC8,other,1.17
H2AJ,other,1.5
H2AP,other,-0.46
H2AC25,other,0.661
H2AX,other,2.89
H2AZ1,other,4.55
H2AZ2,other,4.03
H2BC1,other,-1.72
H2BC10,other,-0.734
H2BC11,other,-1.46
H2BC12,other,1.9
H2BC13,other,0.209
H2BC14,other,-2.32
H2BC15,other,0.7
H2BC17,other,0.0199
H2BC18,other,2.21
H2BC21,other,2.41
H2BC3,other,-1.96
H2BC4,other,-0.239
H2BC5,other,-0.204
H2BC6,other,-1.38
H2BC7,other,-1.89
H2BC8,other,-0.988
H2BC9,other,-1.68
H2BK1,other,0.246
H2BC26,other,-0.206
H2BW1,other,-0.186
H2BW2,other,-2.03
H3-7,other,-0.388
H3-3A,other,5.57
H3-3B,other,4.6
H3-4,other,-2.87
H3-5,other,0.34
H3C1,other,-4.12
H3C10,other,0.985
H3C11,other,-0.139
H3C12,other,0.752
H3C13,other,0.716
H3C2,other,1.44
H3C3,other,-0.427
H3C4,other,-0.71
H3C6,other,-3.19
H3C7,other,0.83
H3C8,other,-1.23
H3Y1,other,-2.96
H3Y2,other,-1.66
H4C16,other,-0.201
H4C1,other,0.868
H4C11,other,2.88
H4C12,other,2.52
H4C13,other,-0.854
H4C2,other,-4.29
H4C3,other,-1.33
H4C4,other,-2.59
H4C5,other,-0.257
H4C6,other,-2.97
H4C7,other,-0.347
H4C8,other,-2.41
H4C9,other,-0.26
H6PD,other,-0.366
HAAO,other,-0.971
HABP2,other,-1.54
HABP4,other,1.06
HACD1,other,-0.348
HACD2,other,0.724
HACD3,other,1.57
HACD4,other,-1.19
HACE1,other,4.54
HACL1,other,-0.132
HADH,other,1.01
HADHA,other,1.79
HADHB,other,1.45
HAGH,other,-1.22
HAGHL,other,-2.62
HAL,other,0.569
HAMP,other,-0.0359
HAND1,other,-0.0141
HAND2,other,0.931
HAO1,other,-0.286
HAO2,other,-0.941
HAP1,other,-0.604
HAPLN1,other,0.665
HAPLN2,other,0.588
HAPLN3,other,-0.159
HAPLN4,other,0.271
HARBI1,other,1.01
HARS1,other,2.27
HARS2,other,0.978
HAS1,other,-1.87
HAS2,other,5.0
HAS3,other,3.53
HASPIN,other,0.0339
HAT1,other,1.83
HAUS1,other,0.0809
HAUS2,other,-0.416
HAUS3,other,-1.33
HAUS4,other,1.21
HAUS5,other,1.29
HAUS6,other,-0.471
HAUS7,other,0.329
HAUS8,other,0.332
HAVCR1,other,0.453
HAVCR2,in_trials,0.623
HAX1,other,0.102
HBA1,other,3.9
HBA2,other,2.29
HBB,other,0.673
HBD,other,-0.474
HBE1,other,0.124
HBEGF,other,1.33
HBG1,other,2.51
HBG2,other,3.31
HBM,other,-0.567
HBP1,other,2.27
HBQ1,other,-0.827
HBS1L,other,1.31
HBZ,other,2.19
HCAR1,other,0.0749
HCAR2,other,2.55
HCAR3,other,1.85
HCCS,other,1.85
HCFC1,other,7.58
HCFC1R1,other,-1.28
HCFC2,other,5.21
HCK,approved,2.09
HCLS1,other,0.175
HCN1,other,4.32
HCN2,other,2.78
HCN3,other,1.94
HCN4,other,3.08
HCRT,other,-0.468
HCRTR1,other,1.48
HCRTR2,other,1.23
HCST,other,0.623
HDAC1,approved,4.3
HDAC10,approved,-0.831
HDAC11,approved,1.47
HDAC2,approved,5.39
HDAC3,approved,5.19
HDAC4,approved,4.05
HDAC5,approved,4.68
HDAC6,approved,4.13
HDAC7,approved,3.05
HDAC8,approved,4.51
HDAC9,approved,1.78
HDC,other,1.81
HDDC2,other,-0.291
HDDC3,other,-0.594
HDGF,other,2.18
HDGFL1,other,-1.27
HDGFL2,other,-0.0363
HDGFL3,other,1.16
HDHD2,other,0.346
HDHD3,other,0.457
HDHD5,other,-0.519
HDLBP,other,5.73
HDX,other,-0.731
HEATR1,other,0.724
HEATR3,other,1.25
HEATR4,other,1.23
HEATR5A,other,-0.0093
HEATR5B,other,1.8
HEATR6,other,0.972
HEATR9,other,0.29
HEBP1,other,0.171
HEBP2,other,0.236
HECA,other,2.82
HECTD1,other,7.02
HECTD2,other,4.76
HECTD3,other,1.55
HECTD4,other,10.1
HECW1,other,3.44
HECW2,other,4.54
HEG1,other,1.53
HELB,other,0.972
HELLS,other,4.65
HELQ,other,1.05
HELT,other,-0.936
HELZ,other,4.75
HELZ2,other,0.724
HEMGN,other,0.613
HEMK1,other,1.05
HENMT1,other,0.622
HEPACAM,other,1.74
HEPACAM2,other,0.581
HEPH,other,-3.2
HEPHL1,other,-0.243
HEPN1,other,0.264
HERC1,other,5.54
HERC2,other,10.6
HERC3,other,4.95
HERC4,other,6.28
HERC5,other,-0.311
HERC6,other,1.19
HERPUD1,other,1.36
HERPUD2,other,0.83
HES1,other,1.12
HES2,other,-0.165
HES3,other,-0.133
HES4,other,-1.33
HES5,other,-1.05
HES6,other,-0.895
HES7,other,-0.35
HESX1,other,0.339
HEXA,other,0.0675
HEXB,other,0.983
HEXD,other,1.23
HEXIM1,other,1.67
HEXIM2,other,-0.478
HEY1,other,0.306
HEY2,other,0.0174
HEYL,other,0.5
HFE,other,1.15
HFM1,other,0.0735
HGD,other,0.0932
HGF,in_trials,2.48
HGFAC,other,-1.54
HGH1,other,-0.413
HGS,other,0.956
HGSNAT,other,0.324
HHAT,other,-0.0726
HHATL,other,0.766
HHEX,other,0.705
HHIP,other,0.836
HHIPL1,other,1.28
HHIPL2,other,0.357
HHLA1,other,-0.721
HHLA2,other,0.62
HIBADH,other,-0.0627
HIBCH,other,-0.0065
HIC1,other,1.44
HIC2,other,2.18
HID1,other,2.45
HIF1A,other,2.69
HIF1AN,other,2.31
HIF3A,other,0.612
HIGD1A,other,0.463
HIGD1B,other,-0.572
HIGD1C,other,0.08
HIGD2A,other,0.0621
HIGD2B,other,-2.03
HIKESHI,other,1.56
HILPDA,other,0.0755
HINFP,other,2.63
HINT1,other,0.396
HINT2,other,-0.15
HINT3,other,0.816
HIP1,other,2.82
HIP1R,other,-0.329
HIPK1,other,3.92
HIPK2,other,3.54
HIPK3,other,1.88
HIPK4,other,1.94
HIRA,other,5.65
HIRIP3,other,-0.956
HIVEP1,other,0.938
HIVEP2,other,3.34
HIVEP3,other,2.4
HJURP,other,0.395
HJV,other,-0.345
HK1,other,5.49
HK2,other,3.23
HK3,other,0.15
HKDC1,other,-0.0361
HLA-A,other,1.91
HLA-B,other,1.76
HLA-C,other,2.74
HLA-DMA,other,1.92
HLA-DMB,other,1.5
HLA-DOA,other,0.197
HLA-DOB,other,0.448
HLA-DPA1,other,1.05
HLA-DPB1,other,1.57
HLA-DQA1,other,4.14
HLA-DQA2,other,1.69
HLA-DQB1,other,3.97
HLA-DQB2,other,1.62
HLA-DRA,other,1.74
HLA-DRB1,in_trials,4.59
HLA-DRB5,in_trials,4.34
HLA-E,other,2.5
HLA-F,other,1.48
HLA-G,other,0.746
HLCS,other,1.41
HLF,other,1.95
HLTF,other,0.595
HLX,other,-0.18
HM13,other,2.89
HMBOX1,other,3.43
HMBS,other,1.21
HMCES,other,0.81
HMCN1,other,1.54
HMCN2,other,1.13
HMG20A,other,1.98
HMG20B,other,-0.344
HMGA1,other,1.7
HMGA2,other,0.997
HMGB1,other,4.67
HMGB1P1,other,2.37
HMGB2,other,2.09
HMGB3,other,2.73
HMGB4,other,0.0989
HMGCL,other,0.408
HMGCLL1,other,-0.721
HMGCR,in_trials,5.01
HMGCS1,other,5.15
HMGCS2,other,0.161
HMGN1,other,-1.24
HMGN2,other,0.662
HMGN3,other,0.289
HMGN4,other,1.49
HMGN5,other,-0.142
HMGXB3,other,2.41
HMGXB4,other,1.24
HMHB1,other,-0.825
HMMR,other,-0.37
HMOX1,other,-0.0284
HMOX2,other,-0.0829
HMSD,other,-0.0898
HMX1,other,-1.13
HMX2,other,-1.28
HMX3,other,-0.12
HNF1A,other,2.15
HNF1B,other,2.43
HNF4A,other,2.82
HNF4G,other,0.584
HNMT,other,0.435
HNRNPA0,other,3.72
HNRNPA1,other,5.39
HNRNPA1L2,other,1.85
HNRNPA1L3,other,1.72
HNRNPA2B1,other,4.12
HNRNPA3,other,5.79
HNRNPAB,other,0.813
HNRNPC,other,4.98
HNRNPCL1,other,0.628
HNRNPCL2,other,-0.0209
HNRNPCL3,other,6.6
HNRNPCL4,other,1.52
HNRNPD,other,3.35
HNRNPDL,other,-0.226
HNRNPF,other,4.41
HNRNPH1,other,5.26
HNRNPH2,other,5.4
HNRNPH3,other,3.43
HNRNPK,other,5.93
HNRNPL,other,4.73
HNRNPLL,other,2.17
HNRNPM,other,3.64
HNRNPR,other,5.55
HNRNPU,other,4.47
HNRNPUL1,other,4.55
HNRNPUL2,other,0.614
HNRNPUL2-BSCL2,other,0.505
HOATZ,other,-0.736
HOGA1,other,0.399
HOMER1,other,3.46
HOMER2,other,-0.164
HOMER3,other,0.335
HOMEZ,other,1.66
HOOK1,other,1.25
HOOK2,other,-0.369
HOOK3,other,2.93
HOPX,other,0.0391
HORMAD1,other,1.96
HORMAD2,other,0.646
HOXA1,other,-0.24
HOXA10,other,-1.24
HOXA11,other,0.844
HOXA13,other,-0.434
HOXA2,other,0.847
HOXA3,other,-0.664
HOXA4,other,-0.263
HOXA5,other,0.618
HOXA6,other,-0.78
HOXA7,other,-1.19
HOXA9,other,-1.57
HOXB1,other,0.797
HOXB13,other,-0.215
HOXB2,other,-1.81
HOXB3,other,-0.355
HOXB4,other,0.317
HOXB5,other,0.368
HOXB6,other,-0.576
HOXB7,other,-0.416
HOXB8,other,0.872
HOXB9,other,-0.842
HOXC10,other,0.119
HOXC11,other,-0.02
HOXC12,other,-0.615
HOXC13,other,0.767
HOXC4,other,0.236
HOXC5,other,-0.736
HOXC6,other,1.11
HOXC8,other,-0.174
HOXC9,other,-0.38
HOXD1,other,-0.792
HOXD10,other,-0.196
HOXD11,other,-1.31
HOXD12,other,-2.38
HOXD13,other,0.03
HOXD3,other,1.3
HOXD4,other,-0.0788
HOXD8,other,-2.4
HOXD9,other,0.0108
HP,other,0.981
HP1BP3,other,2.5
HPCA,other,2.74
HPCAL1,other,2.75
HPCAL4,other,1.14
HPD,other,1.23
HPDL,other,-0.67
HPF1,other,0.821
HPGD,other,-0.426
HPGDS,other,-0.875
HPN,other,2.22
HPR,other,-0.505
HPRT1,other,3.3
HPS1,other,0.68
HPS3,other,0.113
HPS4,other,0.164
HPS5,other,0.53
HPS6,other,-0.578
HPSE,other,-0.11
HPSE2,other,0.43
HPX,other,0.827
HR,other,0.909
HRAS,other,1.38
HRC,other,0.671
HRCT1,other,-0.797
HRG,other,-0.276
HRH1,approved,1.74
HRH2,approved,4.2
HRH3,in_trials,2.76
HRH4,in_trials,0.767
HRK,other,-0.178
HRNR,other,1.02
HROB,other,1.21
HS1BP3,other,0.309
HS2ST1,other,2.04
HS3ST1,other,-0.261
HS3ST2,other,1.89
HS3ST3A1,other,2.37
HS3ST3B1,other,1.73
HS3ST4,other,0.127
HS3ST5,other,2.01
HS3ST6,other,-0.893
HS6ST1,other,5.18
HS6ST2,other,0.594
HS6ST3,other,0.958
HSBP1,other,-1.07
HSBP1L1,other,-0.443
HSCB,other,-0.224
HSD11B1,other,1.73
HSD11B1L,other,0.633
HSD11B2,other,1.5
HSD17B1,other,-1.45
HSD17B10,other,3.81
HSD17B11,other,0.845
HSD17B12,other,0.891
HSD17B13,other,-0.167
HSD17B14,other,-0.078
HSD17B2,other,-2.85
HSD17B3,other,1.14
HSD17B4,other,-1.31
HSD17B6,other,0.631
HSD17B7,other,2.34
HSD17B8,other,0.0576
HSD3B1,other,-0.711
HSD3B2,other,0.772
HSD3B7,other,1.49
HSDL1,other,-1.81
HSDL2,other,0.983
HSF1,other,-0.159
HSF2,other,2.2
HSF2BP,other,-0.102
HSF4,other,0.686
HSF5,other,3.07
HSFX1,other,3.68
HSFX2,other,3.8
HSFX3,other,4.01
HSFX4,other,4.09
HSH2D,other,0.475
HSP90AA1,in_trials,2.45
HSP90AB1,in_trials,2.98
HSP90B1,other,3.89
HSPA12A,other,3.05
HSPA12B,other,0.955
HSPA13,other,1.98
HSPA14,other,0.754
HSPA1A,other,4.6
HSPA1B,other,4.67
HSPA1L,other,1.56
HSPA2,other,4.59
HSPA4,other,2.1
HSPA4L,other,1.39
HSPA5,other,6.6
HSPA6,other,2.08
HSPA8,in_trials,6.81
HSPA9,other,2.36
HSPB1,other,-1.47
IFT25,other,0.91
HSPB2,other,-0.00802
HSPB2-C11orf52,other,-0.00802
HSPB3,other,0.253
HSPB6,other,0.11
HSPB7,other,-0.0579
HSPB8,other,0.354
HSPB9,other,0.303
HSPBAP1,other,1.42
HSPBP1,other,0.945
HSPD1,other,4.26
HSPE1,other,1.79
HSPE1-MOB4,other,3.62
HSPG2,other,4.07
HSPH1,other,1.86
HTATIP2,other,0.14
HTATSF1,other,1.94
HTD2,other,-3.36
HTN1,other,-0.667
HTN3,other,-0.561
HTR1A,in_trials,0.9
HTR1B,other,0.95
HTR1D,other,0.494
HTR1E,other,1.48
HTR1F,other,0.759
HTR2A,in_trials,2.34
HTR2B,other,0.284
HTR2C,in_trials,2.22
HTR3A,in_trials,-0.739
HTR3B,other,0.174
HTR3C,other,0.612
HTR3D,other,1.12
HTR3E,other,0.673
HTR4,in_trials,1.02
HTR5A,other,-0.145
HTR6,other,0.653
HTR7,other,2.07
HTRA1,other,1.75
HTRA2,other,2.54
HTRA3,other,0.32
HTRA4,other,0.59
HTT,other,4.27
HUNK,other,2.41
HUS1,other,-0.0538
HUS1B,other,-1.83
HUWE1,other,11.8
HVCN1,other,1.82
HYAL1,other,1.56
HYAL2,other,0.193
HYAL3,other,1.94
HYAL4,other,0.00728
HYDIN,other,13.2
HYI,other,-2.1
HYKK,other,1.08
HYLS1,other,0.293
HYOU1,other,2.31
HYPK,other,0.667
IAH1,other,-0.00138
IAPP,other,-0.361
IARS1,other,0.699
IARS2,other,1.44
IBA57,other,-2.07
IBSP,other,0.486
IBTK,other,2.71
ICA1,other,-0.0273
ICA1L,other,0.88
ICAM1,in_trials,0.839
ICAM2,other,1.0
ICAM3,other,0.0468
ICAM4,other,0.587
ICAM5,other,2.88
ICE1,other,-0.0989
ICE2,other,-2.22
ICMT,other,2.07
ICOS,in_trials,0.923
ICOSLG,in_trials,4.18
ID1,other,-3.66
ID2,other,0.397
ID3,other,-0.88
ID4,other,-0.971
IDE,other,3.07
IDH1,approved,1.78
IDH2,approved,1.6
IDH3A,other,2.85
IDH3B,other,1.05
IDH3G,other,2.71
IDI1,other,0.589
IDI2,other,-0.831
IDNK,other,0.769
IDO1,in_trials,-0.464
IDO2,other,-1.01
IDS,other,2.42
IDUA,other,-1.5
IER2,other,-1.1
IER3,other,1.74
IER3IP1,other,0.0336
IER5,other,-0.703
IER5L,other,-0.565
IFFO1,other,1.24
IFFO2,other,2.49
IFI16,other,0.901
IFI27,other,0.192
IFI27L1,other,0.0456
IFI27L2,other,-0.8
IFI30,other,0.397
IFI35,other,-0.342
IFI44,other,-1.81
IFI44L,other,-1.35
IFI6,other,0.838
IFIH1,other,-1.46
IFIT1,other,0.899
IFIT1B,other,0.209
IFIT2,other,1.19
IFIT3,other,1.46
IFIT5,other,0.704
IFITM1,other,1.08
IFITM10,other,0.328
IFITM2,other,0.543
IFITM3,other,0.683
IFITM5,other,-1.34
IFNA1,in_trials,2.58
IFNA10,in_trials,-0.964
IFNA13,in_trials,1.57
IFNA14,in_trials,-3.55
IFNA16,in_trials,-3.46
IFNA17,in_trials,-2.11
IFNA2,in_trials,-1.46
IFNA21,in_trials,-1.73
IFNA4,in_trials,-0.295
IFNA5,in_trials,-1.55
IFNA6,in_trials,-0.66
IFNA7,in_trials,-1.79
IFNA8,in_trials,-0.986
IFNAR1,approved,0.274
IFNAR2,approved,0.388
IFNB1,in_trials,-1.66
IFNE,other,-1.22
IFNG,approved,1.92
IFNGR1,approved,0.891
IFNGR2,approved,1.12
IFNK,other,-0.304
IFNL1,other,-0.34
IFNL2,other,0.858
IFNL3,other,-0.0128
IFNL4,other,-0.996
IFNLR1,in_trials,0.6
IFNW1,other,-1.84
IFRD1,other,0.614
IFRD2,other,0.537
IFT122,other,2.13
IFT140,other,-0.698
IFT172,other,2.21
IFT20,other,-0.152
IFT22,other,0.055
IFT27,other,0.64
IFT43,other,-0.212
IFT46,other,0.688
IFT52,other,1.33
IFT57,other,0.972
IFT74,other,-1.82
IFT80,other,1.65
IFT81,other,0.978
IFT88,other,0.228
IFTAP,other,0.364
IGBP1,other,1.94
IGBP1C,other,-1.94
IGDCC3,other,0.688
IGDCC4,other,1.69
IGF1,other,2.0
IGF1R,approved,4.77
IGF2,other,1.48
IGF2BP1,other,4.92
IGF2BP2,other,3.93
IGF2BP3,other,2.75
IGF2R,other,2.9
IGFALS,other,-2.16
IGFBP1,other,0.212
IGFBP2,other,2.3
IGFBP3,other,0.966
IGFBP4,other,1.12
IGFBP5,other,0.821
IGFBP6,other,-0.147
IGFBP7,other,0.0545
IGFBPL1,other,-1.24
IGFL1,other,-0.263
IGFL2,other,0.343
IGFL3,other,-0.0493
IGFL4,other,0.763
IGFLR1,other,-1.93
IGFN1,other,1.35
IGHA1,other,-1.77
IGHA2,other,-1.84
IGHD,other,-7.89
IGHD1-1,other,-0.378
IGHD1-14,other,-0.942
IGHD1-20,other,-1.22
IGHD1-26,other,-0.287
IGHD1-7,other,-1.51
IGHD1OR15-1A,other,0.374
IGHD2-15,other,-0.902
IGHD2-2,other,-3.66
IGHD2-21,other,-1.03
IGHD2-8,other,-1.43
IGHD2OR15-2A,other,0.529
IGHD3-10,other,-2.2
IGHD3-16,other,-3.57
IGHD3-22,other,-2.42
IGHD3-3,other,-3.27
IGHD3-9,other,-5.29
IGHD4-11,other,-1.51
IGHD4-17,other,-1.54
IGHD4-23,other,-2.3
IGHD4-4,other,-1.58
IGHD5-12,other,-1.07
IGHD5-18,other,-0.0647
IGHD5-24,other,-1.89
IGHD5-5,other,-0.0418
IGHD5OR15-5A,other,0.102
IGHD6-13,other,-4.59
IGHD6-19,other,-4.01
IGHD6-25,other,-4.37
IGHD6-6,other,-3.57
IGHD7-27,other,-2.53
IGHE,in_trials,-3.32
IGHG1,other,-1.59
IGHG2,other,-5.64
IGHG3,other,-5.71
IGHG4,other,-5.78
IGHJ1,other,-5.1
IGHJ2,other,-7.05
IGHJ3,other,-11.8
IGHJ4,other,-11.0
IGHJ5,other,-11.9
IGHJ6,other,-12.5
IGHM,other,-2.79
IGHMBP2,other,0.936
IGHV1-18,other,-6.82
IGHV1-2,other,-7.45
IGHV1-24,other,-8.92
IGHV1-3,other,-7.95
IGHV1-45,other,-2.91
IGHV1-46,other,-3.79
IGHV1-58,other,-4.32
IGHV1-69,other,1.68
IGHV1-69D,other,2.72
IGHV1OR15-9,other,-3.42
IGHV1OR21-1,other,-0.767
IGHV2-26,other,-4.23
IGHV2-5,other,-9.78
IGHV2-70,other,-1.67
IGHV2-70D,other,-9.12
IGHV2OR16-5,other,2.63
IGHV3-11,other,-4.81
IGHV3-13,other,-7.06
IGHV3-15,other,-5.74
IGHV3-16,other,-2.13
IGHV3-20,other,-3.18
IGHV3-21,other,-3.92
IGHV3-23,other,-0.962
IGHV3-30,other,1.03
IGHV3-33,other,-2.72
IGHV3-35,other,-2.77
IGHV3-38,other,-2.08
IGHV3-43,other,-1.1
IGHV3-48,other,-1.52
IGHV3-49,other,-5.52
IGHV3-53,other,-1.73
IGHV3-64,other,-2.69
IGHV3-64D,other,-4.2
IGHV3-66,other,-0.822
IGHV3-7,other,-6.18
IGHV3-72,other,-3.6
IGHV3-73,other,-3.14
IGHV3-74,other,-2.57
IGHV3OR15-7,other,-2.98
IGHV3OR16-12,other,1.23
IGHV3OR16-13,other,-2.22
IGHV3OR16-17,other,-2.25
IGHV3OR16-8,other,-5.18
IGHV3OR16-9,other,-2.21
IGHV4-28,other,-0.152
IGHV4-31,other,1.2
IGHV4-34,other,-3.48
IGHV4-39,other,-0.859
IGHV4-4,other,-1.02
IGHV4-59,other,2.66
IGHV4-61,other,1.4
IGHV5-10-1,other,-8.58
IGHV5-51,other,-4.47
IGHV6-1,other,-13.5
IGHV7-4-1,other,-7.55
IGHV7-81,other,-3.68
IGIP,other,0.256
IGKC,other,-2.33
IGKJ1,other,-4.66
IGKJ2,other,-10.6
IGKJ3,other,-10.2
IGKJ4,other,-9.92
IGKJ5,other,-9.42
IGKV1-12,other,2.09
IGKV1-16,other,-4.96
IGKV1-17,other,-3.65
IGKV1-27,other,-2.12
IGKV1-33,other,-1.42
IGKV1-37,other,2.21
IGKV1-5,other,-13.1
IGKV1-6,other,-4.98
IGKV1-8,other,-7.19
IGKV1-9,other,-6.35
IGKV1D-13,other,1.77
IGKV1D-16,other,-4.92
IGKV1D-17,other,-5.91
IGKV1D-33,other,-0.187
IGKV1D-37,other,2.39
IGKV1D-42,other,-4.29
IGKV1D-43,other,-7.42
IGKV1D-8,other,-5.22
IGKV1OR2-108,other,-1.85
IGKV2-24,other,-3.53
IGKV2-28,other,2.09
IGKV2-30,other,-1.52
IGKV2D-24,other,-2.97
IGKV2D-26,other,-4.17
IGKV2D-28,other,2.86
IGKV2D-29,other,-3.86
IGKV2D-30,other,-3.08
IGKV2D-40,other,-0.0924
IGKV3-11,other,-8.27
IGKV3-15,other,-0.151
IGKV3-20,other,-5.24
IGKV3-7,other,-5.13
IGKV3D-11,other,-5.47
IGKV3D-15,other,-0.245
IGKV3D-20,other,-2.46
IGKV3D-7,other,-2.11
IGKV3OR2-268,other,0.262
IGKV4-1,other,-23.3
IGKV5-2,other,-11.5
IGKV6-21,other,-0.153
IGKV6D-21,other,-0.866
IGKV6D-41,other,-3.59
IGLC1,other,-0.338
IGLC2,other,2.99
IGLC3,other,2.5
IGLC7,other,-0.151
IGLJ1,other,-0.261
IGLJ2,other,-0.987
IGLJ3,other,-0.877
IGLJ4,other,-0.218
IGLJ5,other,-0.901
IGLJ6,other,-0.655
IGLJ7,other,-0.493
IGLL1,other,-0.136
IGLL5,other,-5.3
IGLON5,other,2.28
IGLV1-36,other,-3.19
IGLV1-40,other,-5.8
IGLV1-44,other,-5.46
IGLV1-47,other,-4.13
IGLV1-50,other,-2.34
IGLV1-51,other,-6.2
IGLV10-54,other,-7.89
IGLV11-55,other,-2.6
IGLV2-11,other,-4.89
IGLV2-14,other,-5.94
IGLV2-18,other,-3.21
IGLV2-23,other,-3.77
IGLV2-33,other,-2.12
IGLV2-8,other,-6.71
IGLV3-1,other,-24.1
IGLV3-10,other,-7.64
IGLV3-12,other,-4.86
IGLV3-16,other,-3.45
IGLV3-19,other,-10.3
IGLV3-21,other,-10.1
IGLV3-22,other,-4.31
IGLV3-25,other,-7.07
IGLV3-27,other,-5.4
IGLV3-32,other,-2.47
IGLV3-9,other,-5.82
IGLV4-3,other,-7.68
IGLV4-60,other,-10.4
IGLV4-69,other,-10.0
IGLV5-37,other,-3.49
IGLV5-45,other,-3.62
IGLV5-48,other,-1.48
IGLV5-52,other,-1.75
IGLV6-57,other,-11.0
IGLV7-43,other,-6.64
IGLV7-46,other,-7.06
IGLV8-61,other,-6.2
IGLV9-49,other,-7.14
IGSF1,other,1.59
IGSF10,other,-1.1
IGSF11,other,1.61
IGSF21,other,0.686
IGSF22,other,2.04
IGSF23,other,0.759
IGSF3,other,4.48
IGSF5,other,0.145
IGSF6,other,-0.0351
IGSF8,other,1.5
IGSF9,other,1.11
IGSF9B,other,2.63
IHH,other,2.2
IHO1,other,1.44
IK,other,5.19
IKBIP,other,-0.226
IKBKB,in_trials,3.71
IKBKE,other,3.25
IKBKG,other,3.39
IKZF1,other,3.58
IKZF2,other,1.61
IKZF3,other,2.76
IKZF4,other,3.47
IKZF5,other,3.3
IL10,other,1.52
IL10RA,other,1.32
IL10RB,in_trials,1.48
IL11,other,-1.22
IL11RA,in_trials,0.76
IL12A,approved,0.78
IL12B,approved,0.997
IL12RB1,other,0.607
IL12RB2,other,0.915
IL13,approved,0.0475
IL13RA1,other,0.329
IL13RA2,other,-0.408
IL15,in_trials,-0.328
IL15RA,in_trials,0.0549
IL16,other,1.15
IL17A,approved,0.185
IL17B,other,0.53
IL17C,other,-2.01
IL17D,other,-1.53
IL17F,approved,0.165
IL17RA,approved,-1.32
IL17RB,other,0.0108
IL17RC,other,-0.236
IL17RD,other,-0.951
IL17RE,other,0.626
IL17REL,other,-0.322
IL18,in_trials,1.83
IL18BP,other,0.0455
IL18R1,in_trials,0.638
IL18RAP,in_trials,0.607
IL19,other,0.411
IL1A,in_trials,0.114
IL1B,approved,1.71
IL1F10,other,-0.218
IL1R1,approved,2.74
IL1R2,other,-0.666
IL1RAP,approved,1.97
IL1RAPL1,other,3.36
IL1RAPL2,other,2.02
IL1RL1,in_trials,-1.82
IL1RL2,approved,-0.316
IL1RN,other,0.259
IL2,other,1.5
IL20,in_trials,-0.0631
IL20RA,other,0.27
IL20RB,other,0.865
IL21,in_trials,1.81
IL21R,other,1.53
IL22,in_trials,-0.278
IL22RA1,in_trials,0.291
IL22RA2,other,-0.0547
IL23A,approved,1.53
IL23R,other,1.5
IL24,other,-0.084
IL25,other,-0.0724
IL26,other,-0.242
IL27,other,0.276
IL27RA,other,1.1
IL2RA,approved,0.676
IL2RB,approved,1.0
IL2RG,approved,1.75
IL3,other,0.929
IL31,other,1.3
IL31RA,approved,1.71
IL32,other,-0.117
IL33,in_trials,-2.29
IL34,other,-1.33
IL36A,other,-0.0654
IL36B,other,-0.496
IL36G,other,0.119
IL36RN,other,0.00825
IL37,other,-0.192
IL3RA,approved,-3.03
IL4,in_trials,0.427
IL4I1,other,1.52
IL4R,approved,0.912
IL5,approved,-0.175
IL5RA,in_trials,-1.9
IL6,approved,-0.403
IL6R,approved,1.45
IL6ST,approved,2.14
IL7,other,0.76
IL7R,other,-1.81
IL9,other,0.0997
IL9R,other,1.44
ILDR1,other,-0.406
ILDR2,other,0.717
ILF2,other,4.09
ILF3,other,3.02
ILK,other,1.18
ILKAP,other,2.79
ILRUN,other,3.64
HACL2,other,0.983
IMMP1L,other,0.173
IMMP2L,other,-0.427
IMMT,other,1.14
IMP3,other,-0.788
IMP4,other,0.618
IMPA1,in_trials,0.87
IMPA2,other,1.16
IMPACT,other,0.469
IMPDH1,approved,2.67
IMPDH2,approved,3.54
IMPG1,other,-0.91
IMPG2,other,0.353
INA,other,1.51
INAFM1,other,-2.76
INAFM2,other,0.911
INAVA,other,0.462
INCA1,other,-0.454
INCENP,other,1.95
INF2,other,2.39
ING1,other,2.96
ING2,other,2.24
ING3,other,3.46
ING4,other,1.63
ING5,other,1.91
INHA,other,0.589
INHBA,in_trials,3.09
INHBB,other,1.72
INHBC,other,1.17
INHBE,other,0.734
INIP,other,1.72
INKA1,other,0.569
INKA2,other,-0.166
INMT,other,0.469
INMT-MINDY4,other,0.7
INO80,other,4.83
INO80B,other,0.125
INO80B-WBP1,other,0.182
INO80C,other,0.0266
INO80D,other,3.56
INO80E,other,-0.811
INPP1,other,0.663
INPP4A,other,3.97
INPP4B,other,1.26
INPP5A,other,2.09
INPP5B,other,1.8
INPP5D,in_trials,4.08
INPP5E,other,-0.517
INPP5F,other,1.16
INPP5J,other,1.31
INPP5K,other,0.638
INPPL1,other,2.66
INS,other,1.07
INS-IGF2,other,0.618
INSC,other,-0.357
INSIG1,other,2.15
INSIG2,other,2.39
INSL3,other,0.21
INSL4,other,-2.09
INSL5,other,-0.24
INSL6,other,-3.56
INSM1,other,-1.28
INSM2,other,0.688
INSR,approved,5.83
INSRR,other,0.801
INSYN1,other,1.31
INSYN2A,other,0.614
INSYN2B,other,0.645
INTS1,other,-0.316
INTS10,other,1.04
INTS11,other,-0.729
INTS12,other,2.01
INTS13,other,3.66
INTS14,other,1.95
INTS2,other,2.71
INTS3,other,6.46
INTS4,other,3.81
INTS5,other,2.11
INTS6,other,6.26
INTS6L,other,2.12
INTS7,other,2.58
INTS8,other,2.2
INTS9,other,1.64
INTU,other,0.558
INVS,other,1.52
IP6K1,other,3.53
IP6K2,other,3.79
IP6K3,other,1.05
IPCEF1,other,1.05
IPMK,other,1.89
IPO11,other,1.45
IPO13,other,5.16
IPO4,other,1.23
IPO5,other,3.78
IPO7,other,4.65
IPO8,other,3.22
IPO9,other,4.26
IPP,other,0.869
IPPK,other,1.68
IQANK1,other,-1.11
IQCA1,other,0.554
IQCB1,other,0.867
IQCC,other,0.185
IQCD,other,1.04
IQCE,other,-1.87
IQCF1,other,0.143
IQCF2,other,0.911
IQCF3,other,0.227
IQCF5,other,0.759
IQCF6,other,0.862
DRC9,other,0.553
IQCH,other,1.72
IQCJ,other,-0.471
IQCJ-SCHIP1,other,1.13
IQCK,other,-1.07
IQCM,other,0.822
IQCN,other,1.03
IQGAP1,other,2.72
IQGAP2,other,1.76
IQGAP3,other,2.19
IQSEC1,other,2.02
IQSEC2,other,6.75
IQSEC3,other,2.27
IQUB,other,-0.41
IRAG1,other,0.969
IRAG2,other,1.18
IRAK1,approved,3.18
IRAK1BP1,other,-0.463
IRAK2,other,0.0665
IRAK3,other,0.254
IRAK4,in_trials,0.937
IREB2,other,3.11
IRF1,other,3.65
IRF2,other,2.77
IRF2BP1,other,2.94
IRF2BP2,other,-2.21
IRF2BPL,other,-1.26
IRF3,other,0.976
IRF4,other,3.45
IRF5,other,2.65
IRF6,other,4.18
IRF7,other,-2.76
IRF8,other,1.55
IRF9,other,2.36
IRGC,other,1.24
IRGM,other,-1.96
IRGQ,other,1.23
IRS1,in_trials,0.814
IRS2,other,-0.539
IRS4,other,0.486
IRX1,other,-1.28
IRX2,other,-1.09
IRX3,other,0.239
IRX4,other,-1.5
IRX5,other,0.974
IRX6,other,-2.36
ISCA1,other,1.67
ISCA2,other,0.33
ISCU,other,-0.598
ISG15,other,0.125
ISG20,other,0.194
ISG20L2,other,0.86
ISL1,other,2.6
ISL2,other,0.868
ISLR,other,1.18
ISLR2,other,1.96
ISM1,other,1.52
ISM2,other,0.344
ISOC1,other,0.347
ISOC2,other,-0.326
IST1,other,-0.86
ISX,other,-0.241
ISY1,other,1.39
ISY1-RAB43,other,1.69
ISYNA1,other,1.02
ITCH,other,5.33
ITFG1,other,1.29
ITFG2,other,0.936
ITGA1,other,0.767
ITGA10,other,1.43
ITGA11,other,1.86
ITGA2,in_trials,1.39
ITGA2B,other,1.39
ITGA3,other,3.33
ITGA4,approved,2.13
ITGA5,other,2.32
ITGA6,other,2.85
ITGA7,other,0.93
ITGA8,other,-0.917
ITGA9,other,1.76
ITGAD,other,1.14
ITGAE,other,0.749
ITGAL,approved,2.47
ITGAM,other,1.56
ITGAV,in_trials,0.976
ITGAX,other,0.421
ITGB1,approved,5.42
ITGB1BP1,other,0.398
ITGB1BP2,other,0.452
ITGB2,approved,1.48
ITGB3,in_trials,2.11
ITGB3BP,other,0.246
ITGB4,other,2.27
ITGB5,in_trials,1.72
ITGB6,in_trials,-0.521
ITGB7,approved,1.66
ITGB8,in_trials,1.36
ITGBL1,other,-0.0277
ITIH1,other,-0.145
ITIH2,other,0.681
ITIH3,other,1.04
ITIH4,other,1.61
ITIH5,other,0.0626
ITIH6,other,-3.59
ITK,in_trials,2.48
ITLN1,other,1.0
ITLN2,other,0.0987
ITM2A,other,-1.07
ITM2B,other,0.775
ITM2C,other,0.131
ITPA,other,0.283
ITPK1,other,1.77
ITPKA,other,1.83
ITPKB,other,0.127
ITPKC,other,1.03
ITPR1,other,7.4
ITPR2,other,4.99
ITPR3,other,5.66
ITPRID1,other,-1.04
ITPRID2,other,-0.448
ITPRIP,other,1.3
ITPRIPL1,other,0.969
ITPRIPL2,other,0.676
ITSN1,other,5.07
ITSN2,other,1.86
IVD,other,1.4
IVL,other,-1.66
IVNS1ABP,other,4.23
IWS1,other,2.34
IYD,other,0.134
IZUMO1,other,1.41
IZUMO1R,other,0.167
IZUMO2,other,-0.102
IZUMO3,other,-2.77
IZUMO4,other,-1.59
JADE1,other,4.71
JADE2,other,3.45
JADE3,other,2.7
JAG1,other,5.92
JAG2,other,3.18
JAGN1,other,-0.608
JAK1,approved,6.62
JAK2,approved,-0.702
JAK3,approved,2.72
JAKMIP1,other,3.47
JAKMIP2,other,4.35
JAKMIP3,other,2.04
JAM2,other,0.886
JAM3,other,-1.37
JAML,other,0.907
JARID2,other,3.55
JAZF1,other,2.92
JCAD,other,0.338
JCHAIN,other,0.85
JDP2,other,1.18
JHY,other,-0.227
JKAMP,other,2.14
JMJD1C,other,2.41
JMJD4,other,-0.449
JMJD6,other,0.891
JMJD7,other,-1.23
JMJD7-PLA2G4B,other,-2.46
JMJD8,other,-4.01
JMY,other,0.208
JOSD1,other,1.86
JOSD2,other,0.954
JPH1,other,1.38
JPH2,other,0.975
JPH3,other,-1.24
JPH4,other,2.6
JPT1,other,0.936
JPT2,other,-0.401
JRK,other,-3.98
JRKL,other,2.07
JSRP1,other,-1.38
JTB,other,1.38
JUN,other,1.57
JUNB,other,2.0
JUND,other,0.75
JUP,other,2.14
KAAG1,other,-0.0851
KALRN,other,6.72
KANK1,other,-7.1
KANK2,other,0.597
KANK3,other,-0.101
KANK4,other,0.534
KANSL1,other,0.716
KANSL1L,other,-0.143
KANSL2,other,1.86
KANSL3,other,2.96
KARS1,other,-0.955
KASH5,other,0.822
KAT14,other,1.4
KAT2A,other,4.35
KAT2B,other,2.69
KAT5,other,4.35
KAT6A,other,3.69
KAT6B,other,5.12
KAT7,other,5.92
KAT8,other,3.92
KATNA1,other,1.97
KATNAL1,other,2.35
KATNAL2,other,0.148
KATNB1,other,2.35
KATNBL1,other,1.79
KATNIP,other,1.41
KAZALD1,other,-0.741
KAZN,other,2.29
KBTBD11,other,-5.23
KBTBD11-OT1,other,-1.46
KBTBD12,other,0.736
KBTBD13,other,-3.57
KBTBD2,other,3.67
KBTBD3,other,0.815
KBTBD4,other,1.55
KBTBD6,other,4.36
KBTBD7,other,3.13
KBTBD8,other,1.48
KCMF1,other,3.91
KCNA1,approved,4.0
KCNA10,approved,-0.467
KCNA2,approved,5.66
KCNA3,approved,3.24
KCNA4,approved,2.74
KCNA5,approved,-1.07
KCNA6,approved,4.07
KCNA7,approved,0.194
KCNAB1,other,2.11
KCNAB2,other,3.68
KCNAB3,other,0.166
KCNB1,approved,6.07
KCNB2,approved,3.78
KCNC1,approved,6.14
KCNC2,approved,3.52
KCNC3,approved,3.19
KCNC4,approved,2.1
KCND1,approved,2.2
KCND2,approved,5.02
KCND3,approved,5.36
KCNE1,other,3.67
KCNE1B,other,2.72
KCNE2,other,0.499
KCNE3,other,0.319
KCNE4,other,0.192
KCNE5,other,0.0692
KCNF1,approved,3.64
KCNG1,approved,4.63
KCNG2,approved,0.364
KCNG3,approved,1.62
KCNG4,approved,-2.66
KCNH1,approved,5.57
KCNH2,approved,4.43
KCNH3,approved,5.03
KCNH4,approved,3.93
KCNH5,approved,3.88
KCNH6,approved,1.04
KCNH7,approved,3.92
KCNH8,approved,1.32
KCNIP1,other,0.871
KCNIP2,other,1.95
KCNIP3,other,1.01
KCNIP4,other,1.78
KCNJ1,other,-0.0324
KCNJ10,other,2.83
KCNJ11,in_trials,3.05
KCNJ12,other,8.11
KCNJ13,other,2.16
KCNJ14,other,-0.17
KCNJ15,other,1.46
KCNJ16,other,0.0497
KCNJ18,other,2.81
KCNJ2,other,4.2
KCNJ3,other,6.08
KCNJ4,other,6.29
KCNJ5,other,1.96
KCNJ6,other,5.46
KCNJ8,other,4.73
KCNJ9,other,4.22
KCNK1,other,0.893
KCNK10,other,2.42
KCNK12,other,3.61
KCNK13,other,1.69
KCNK15,other,0.191
KCNK16,other,0.865
KCNK17,other,-0.273
KCNK18,other,0.462
KCNK2,other,2.45
KCNK3,other,3.31
KCNK4,other,1.15
KCNK5,other,2.41
KCNK6,other,0.37
KCNK7,other,0.0502
KCNK9,other,3.98
KCNMA1,other,7.7
KCNMB1,other,0.0115
KCNMB2,other,1.47
KCNMB3,other,1.94
KCNMB4,other,2.56
KCNN1,other,2.33
KCNN2,other,1.45
KCNN3,other,4.85
KCNN4,in_trials,1.98
KCNQ1,approved,2.15
KCNQ2,approved,5.61
KCNQ3,approved,2.87
KCNQ4,approved,1.29
KCNQ5,approved,4.31
KCNRG,other,0.241
KCNS1,approved,0.783
KCNS2,approved,1.99
KCNS3,approved,1.32
KCNT1,other,3.38
KCNT2,other,4.4
KCNU1,other,0.428
KCNV1,approved,5.42
KCNV2,approved,-7.17
KCP,other,0.757
KCTD1,other,3.22
KCTD10,other,3.42
KCTD11,other,0.229
KCTD12,other,0.339
KCTD13,other,2.32
KCTD14,other,-0.23
KCTD15,other,1.25
KCTD16,other,1.57
KCTD17,other,2.27
KCTD18,other,0.34
KCTD19,other,1.98
KCTD2,other,1.56
KCTD20,other,1.87
KCTD21,other,0.78
KCTD3,other,3.6
KCTD4,other,1.31
KCTD5,other,1.26
KCTD6,other,3.33
KCTD7,other,2.13
KCTD8,other,-0.173
KCTD9,other,5.66
KDELR1,other,2.78
KDELR2,other,-0.464
KDELR3,other,-1.02
KDF1,other,1.33
KDM1A,in_trials,5.73
KDM1B,other,3.63
KDM2A,other,8.48
KDM2B,other,5.52
KDM3A,other,2.74
KDM3B,other,7.29
KDM4A,other,5.14
KDM4B,other,4.16
KDM4C,other,-1.81
KDM4D,other,4.07
KDM4E,other,1.12
KDM4F,other,-1.71
KDM5A,other,3.42
KDM5B,other,0.53
KDM5C,other,7.33
KDM5D,other,-0.564
KDM6A,other,3.62
KDM6B,other,2.26
KDM7A,other,2.53
KDM8,other,1.14
KDR,approved,2.06
KDSR,other,1.37
KEAP1,approved,4.8
KEL,other,-0.0256
KERA,other,-0.528
KHDC1,other,0.605
KHDC1L,other,-0.0712
KHDC3L,other,-0.0663
KHDC4,other,1.9
KHDRBS1,other,2.49
KHDRBS2,other,-0.879
KHDRBS3,other,1.51
KHK,other,-0.0668
KHNYN,other,0.65
KHSRP,other,4.03
KIAA0040,other,0.786
BLTP2,other,3.28
KIAA0232,other,0.877
KIAA0319,other,1.49
KIAA0319L,other,2.48
KIAA0408,other,0.693
KIAA0513,other,-1.03
KIAA0586,other,-0.309
KIAA0753,other,0.204
KIAA0825,other,1.02
MATCAP2,other,1.92
MATCAP1,other,2.06
KIAA0930,other,2.02
BLTP1,other,8.44
KIAA1143,other,0.67
KIAA1191,other,1.49
KIAA1210,other,-0.102
KIAA1217,other,0.883
KIAA1328,other,0.601
NHSL3,other,-0.261
KIAA1549,other,0.955
KIAA1549L,other,1.55
KIAA1586,other,-0.299
KIAA1614,other,0.317
KIAA1671,other,0.0364
KIAA1755,other,-0.448
KIAA1958,other,1.5
KIAA2012,other,1.58
KIAA2013,other,3.92
BRD10,other,-6.64
KICS2,other,1.65
KIDINS220,other,3.65
KIF11,in_trials,4.54
KIF12,other,0.672
KIF13A,other,2.79
KIF13B,other,1.8
KIF14,other,1.65
KIF15,other,2.28
KIF16B,other,1.97
KIF17,other,1.07
KIF18A,other,0.399
KIF18B,other,1.7
KIF19,other,0.468
KIF1A,other,6.87
KIF1B,other,5.81
KIF1C,other,1.93
KIF20A,other,1.96
KIF20B,other,-0.923
KIF21A,other,3.04
KIF21B,other,4.36
KIF22,other,0.233
KIF23,other,3.38
KIF24,other,1.06
KIF25,other,0.416
KIF26A,other,-1.79
KIF26B,other,0.795
KIF27,other,3.41
KIF2A,other,5.74
KIF2B,other,-1.13
KIF2C,other,2.23
KIF3A,other,4.21
KIF3B,other,3.95
KIF3C,other,3.55
KIF4A,other,5.19
KIF4B,other,1.06
KIF5A,other,5.33
KIF5B,in_trials,4.59
KIF5C,other,5.01
KIF6,other,0.481
KIF7,other,-1.65
KIF9,other,1.37
KIFAP3,other,2.25
KIFBP,other,1.58
KIFC1,other,2.02
KIFC2,other,-3.26
KIFC3,other,2.16
KIN,other,1.05
KIR2DL1,in_trials,-1.99
KIR2DL3,in_trials,-0.739
KIR2DL4,other,-1.91
KIR2DS4,other,0.138
KIR3DL1,other,-1.82
KIR3DL2,in_trials,-2.68
KIR3DL3,other,-2.83
KIRREL1,other,2.92
KIRREL2,other,0.545
KIRREL3,other,2.53
KISS1,other,0.0214
KISS1R,other,-1.26
KIT,approved,4.36
KITLG,other,0.644
KIZ,other,0.0516
KL,other,0.527
KLB,other,1.98
KLC1,other,4.6
KLC2,other,3.28
KLC3,other,-2.54
KLC4,other,1.89
KLF1,other,0.134
KLF10,other,1.27
KLF11,other,-1.86
KLF12,other,1.97
KLF13,other,0.105
KLF14,other,-1.49
KLF15,other,1.16
KLF16,other,0.198
KLF17,other,0.517
KLF2,other,1.12
KLF3,other,2.25
KLF4,other,-1.1
KLF5,other,1.31
KLF6,other,2.85
KLF7,other,3.72
KLF8,other,0.355
KLF9,other,2.51
KLHDC1,other,0.428
KLHDC10,other,3.91
KLHDC2,other,1.25
KLHDC3,other,5.03
KLHDC4,other,-5.25
KLHDC7A,other,-0.926
KLHDC7B,other,-1.4
KLHDC8A,other,0.937
KLHDC8B,other,1.49
KLHDC9,other,0.606
KLHL1,other,-0.201
KLHL10,other,4.78
KLHL11,other,4.11
KLHL12,other,4.04
KLHL13,other,2.82
KLHL14,other,1.94
KLHL15,other,5.14
KLHL17,other,-2.86
KLHL18,other,2.36
KLHL2,other,5.64
KLHL20,other,5.47
KLHL21,other,-0.413
KLHL22,other,3.74
KLHL23,other,1.02
KLHL24,other,3.75
KLHL25,other,-2.18
KLHL26,other,0.401
KLHL28,other,2.85
KLHL29,other,4.35
KLHL3,other,3.98
KLHL30,other,0.383
KLHL31,other,0.333
KLHL32,other,2.76
KLHL33,other,-0.741
KLHL34,other,-0.994
KLHL35,other,-2.31
KLHL36,other,0.478
KLHL38,other,-0.856
KLHL4,other,0.0161
KLHL40,other,-0.61
KLHL41,other,1.01
KLHL42,other,1.26
KLHL5,other,1.99
KLHL6,other,1.38
KLHL7,other,5.67
KLHL8,other,2.9
KLHL9,other,1.89
KLK1,other,0.877
KLK10,other,-0.354
KLK11,other,1.01
KLK12,other,-0.287
KLK13,other,0.843
KLK14,other,0.438
KLK15,other,0.0826
KLK2,other,-0.0976
KLK3,other,0.374
KLK4,other,-0.391
KLK5,other,0.115
KLK6,other,0.7
KLK7,other,-0.17
KLK8,other,0.718
KLK9,other,-0.287
KLKB1,other,0.413
KLLN,other,-2.71
KLRB1,other,0.349
KLRC1,in_trials,0.832
KLRC2,other,2.65
KLRC3,other,0.649
KLRC4,other,0.682
KLRC4-KLRK1,other,0.865
KLRD1,other,0.755
KLRF1,other,0.353
KLRF2,other,-0.522
KLRG1,other,1.31
KLRG2,other,-1.09
KLRK1,other,0.238
KMO,other,1.85
KMT2A,in_trials,9.62
KMT2B,other,4.1
KMT2C,other,5.55
KMT2D,other,5.39
KMT2E,other,1.93
KMT5A,other,3.01
KMT5B,other,4.1
KMT5C,other,1.11
KNCN,other,-0.161
KNDC1,other,0.606
KNG1,other,0.427
KNL1,other,-1.02
KNOP1,other,0.395
KNSTRN,other,-0.665
KNTC1,other,0.823
KPNA1,other,4.07
KPNA2,other,2.11
KPNA3,other,4.43
KPNA4,other,4.67
KPNA5,other,1.38
KPNA6,other,4.69
KPNA7,other,0.0748
KPNB1,other,8.6
KPRP,other,-1.15
KPTN,other,0.838
KRAS,other,3.29
KRABD3,other,-0.0513
KRABD2,other,0.989
KRABD1,other,-0.113
KRABD4,other,1.1
KRCC1,other,0.588
KREMEN1,other,1.11
KREMEN2,other,-0.336
KRI1,other,0.174
KRIT1,other,1.29
KRR1,other,0.475
KRT1,other,0.486
KRT10,other,0.469
KRT12,other,0.642
KRT13,other,0.111
KRT14,other,1.78
KRT15,other,-0.054
KRT16,other,1.12
KRT17,other,0.741
KRT18,other,3.04
KRT19,other,0.579
KRT2,other,-0.968
KRT20,other,-0.22
KRT222,other,0.168
KRT23,other,0.492
KRT24,other,0.235
KRT25,other,0.151
KRT26,other,-0.394
KRT27,other,-0.821
KRT28,other,0.0551
KRT3,other,-0.11
KRT31,other,0.623
KRT32,other,0.153
KRT33A,other,-0.328
KRT33B,other,-0.149
KRT34,other,-0.433
KRT35,other,0.073
KRT36,other,-0.555
KRT37,other,-0.0795
KRT38,other,-0.718
KRT39,other,0.322
KRT4,other,-0.0889
KRT40,other,-0.92
KRT5,other,0.738
KRT6A,other,0.591
KRT6B,other,1.97
KRT6C,other,2.91
KRT7,other,0.838
KRT71,other,-0.493
KRT72,other,-1.14
KRT73,other,-0.136
KRT74,other,-0.762
KRT75,other,-1.06
KRT76,other,-1.29
KRT77,other,-0.299
KRT78,other,-0.0428
KRT79,other,-0.651
KRT8,other,2.47
KRT80,other,0.451
KRT81,other,0.824
KRT82,other,-0.488
KRT83,other,0.207
KRT84,other,-1.08
KRT85,other,0.292
KRT86,other,0.186
KRT9,other,0.566
KRTAP1-1,other,1.46
KRTAP1-3,other,1.19
KRTAP1-4,other,0.124
KRTAP1-5,other,-0.301
KRTAP10-1,other,0.116
KRTAP10-10,other,-0.0981
KRTAP10-11,other,-0.486
KRTAP10-12,other,0.317
KRTAP10-2,other,0.585
KRTAP10-3,other,-1.19
KRTAP10-4,other,2.53
KRTAP10-5,other,-0.427
KRTAP10-6,other,2.52
KRTAP10-7,other,1.57
KRTAP10-8,other,0.149
KRTAP10-9,other,-0.322
KRTAP11-1,other,0.6
KRTAP12-1,other,0.687
KRTAP12-2,other,0.572
KRTAP12-3,other,0.46
KRTAP12-4,other,-0.243
KRTAP13-1,other,0.144
KRTAP13-2,other,-0.545
KRTAP13-3,other,-1.2
KRTAP13-4,other,-0.259
KRTAP15-1,other,-0.826
KRTAP16-1,other,-0.288
KRTAP17-1,other,-0.228
KRTAP19-1,other,-0.0955
KRTAP19-2,other,0.00365
KRTAP19-3,other,-0.187
KRTAP19-4,other,-0.038
KRTAP19-5,other,0.224
KRTAP19-6,other,0.0172
KRTAP19-7,other,0.123
KRTAP19-8,other,0.465
KRTAP2-1,other,4.67
KRTAP2-2,other,3.65
KRTAP2-3,other,2.69
KRTAP2-4,other,2.84
KRTAP20-1,other,-0.063
KRTAP20-2,other,-0.00228
KRTAP20-3,other,-0.0182
KRTAP20-4,other,-0.722
KRTAP21-1,other,0.925
KRTAP21-2,other,-0.0784
KRTAP21-3,other,0.27
KRTAP22-1,other,0.493
KRTAP22-2,other,-0.0498
KRTAP23-1,other,0.134
KRTAP24-1,other,-1.0
KRTAP25-1,other,-0.617
KRTAP26-1,other,-0.318
KRTAP27-1,other,-0.542
KRTAP29-1,other,-0.145
KRTAP3-1,other,-0.089
KRTAP3-2,other,0.349
KRTAP3-3,other,0.909
KRTAP4-1,other,0.835
KRTAP4-11,other,0.285
KRTAP4-12,other,0.67
KRTAP4-16,other,-4.03
KRTAP4-2,other,-0.0234
KRTAP4-3,other,1.67
KRTAP4-4,other,0.621
KRTAP4-5,other,0.969
KRTAP4-6,other,0.135
KRTAP4-7,other,0.299
KRTAP4-8,other,1.37
KRTAP4-9,other,-0.474
KRTAP5-1,other,1.09
KRTAP5-10,other,0.968
KRTAP5-11,other,-0.414
KRTAP5-2,other,0.726
KRTAP5-3,other,1.56
KRTAP5-4,other,2.1
KRTAP5-5,other,3.55
KRTAP5-6,other,-0.591
KRTAP5-7,other,1.2
KRTAP5-8,other,1.25
KRTAP5-9,other,0.632
KRTAP6-1,other,0.443
KRTAP6-2,other,-0.234
KRTAP6-3,other,0.447
KRTAP7-1,other,0.303
KRTAP8-1,other,0.0611
KRTAP9-1,other,0.0144
KRTAP9-2,other,0.908
KRTAP9-3,other,-1.12
KRTAP9-4,other,0.035
KRTAP9-6,other,2.65
KRTAP9-7,other,1.25
KRTAP9-8,other,0.000416
KRTAP9-9,other,0.372
KRTCAP2,other,0.258
KRTCAP3,other,-0.886
KRTDAP,other,0.284
KSR1,other,2.34
KSR2,other,4.57
KTI12,other,0.0398
KTN1,other,-0.0837
KXD1,other,1.41
KY,other,1.58
KYAT1,other,1.41
KYAT3,other,0.67
KYNU,other,-0.228
L1CAM,other,3.86
L1TD1,other,-2.12
L2HGDH,other,0.247
L3HYPDH,other,-1.52
L3MBTL1,other,0.73
L3MBTL2,other,2.37
L3MBTL3,other,2.17
L3MBTL4,other,0.617
LACC1,other,1.61
LACRT,other,0.195
LACTB,other,0.451
LACTB2,other,0.574
LACTBL1,other,0.585
LAD1,other,0.272
LAG3,in_trials,0.0354
LAGE3,other,-0.506
LAIR1,other,-0.171
LAIR2,other,0.281
LALBA,other,0.692
LAMA1,other,0.985
LAMA2,other,0.454
LAMA3,other,2.47
LAMA4,other,1.38
LAMA5,other,-0.703
LAMB1,other,0.62
LAMB2,other,2.49
LAMB3,other,0.475
LAMB4,other,0.834
LAMC1,other,2.14
LAMC2,other,0.822
LAMC3,other,1.23
LAMP1,other,0.287
LAMP2,other,0.723
LAMP3,other,0.54
LAMP5,other,-0.501
LAMTOR1,other,2.11
LAMTOR2,other,2.05
LAMTOR3,other,0.665
LAMTOR4,other,-0.0685
LAMTOR5,other,0.114
LANCL1,other,-0.999
LANCL2,other,0.322
LANCL3,other,1.0
LAP3,in_trials,0.732
LAPTM4A,other,-0.113
LAPTM4B,other,-0.0562
LAPTM5,other,0.198
LARGE1,other,2.67
LARGE2,other,0.757
LARP1,other,4.14
LARP1B,other,0.804
LARP4,other,1.86
LARP4B,other,2.64
LARP6,other,1.08
LARP7,other,-0.986
LARS1,other,1.71
LARS2,other,1.87
LAS1L,other,3.73
LASP1,other,2.92
LAT,other,1.34
LAT2,other,0.635
LATS1,other,3.93
LATS2,other,2.16
LAX1,other,0.329
LAYN,other,-0.302
LBH,other,0.72
LBHD1,other,-0.64
LBP,other,-0.0477
LBR,other,0.67
LBX1,other,1.07
LBX2,other,0.0261
LCA5,other,-0.234
LCA5L,other,1.45
LCAT,other,2.55
LCE1A,other,0.0729
LCE1B,other,-0.135
LCE1C,other,0.475
LCE1D,other,2.61
LCE1E,other,0.0114
LCE1F,other,-0.0165
LCE2A,other,-0.342
LCE2B,other,-1.2
LCE2C,other,-1.35
LCE2D,other,-0.647
LCE3A,other,-0.642
LCE3B,other,1.06
LCE3C,other,1.42
LCE3D,other,-0.113
LCE3E,other,-0.508
LCE4A,other,0.0536
LCE5A,other,0.287
LCE6A,other,-0.424
LCK,approved,3.86
LCLAT1,other,1.13
LCMT1,other,0.841
LCMT2,other,-2.88
LCN1,other,0.462
LCN10,other,0.0513
LCN12,other,0.825
LCN15,other,-0.0425
LCN2,other,0.376
LCN6,other,-0.307
LCN8,other,0.428
LCN9,other,-0.02
LCNL1,other,-0.0278
LCOR,other,0.805
LCORL,other,2.61
LCP1,other,2.76
LCP2,other,0.519
LCT,other,4.91
LCTL,other,0.677
LDAF1,other,1.39
LDAH,other,0.938
LDB1,other,3.97
LDB2,other,2.54
LDB3,other,0.629
LDHA,other,2.94
LDHAL6A,other,0.569
LDHAL6B,other,-0.962
LDHB,other,1.33
LDHC,other,0.706
LDHD,other,-1.3
LDLR,other,-0.0505
LDLRAD1,other,-0.156
LDLRAD2,other,-0.553
LDLRAD3,other,0.687
LDLRAD4,other,1.75
LDLRAP1,other,0.567
LDOC1,other,1.96
LEAP2,other,-0.175
LECT2,other,0.353
LEF1,other,2.37
LEFTY1,other,1.56
LEFTY2,other,1.81
LEKR1,other,0.482
LELP1,other,-0.131
LEMD1,other,0.454
LEMD2,other,1.42
LEMD3,other,-0.213
LENEP,other,0.679
LENG1,other,-1.26
LENG8,other,1.17
LENG9,other,-3.66
LEO1,other,2.74
LEP,other,1.94
LEPR,in_trials,1.75
LEPROT,other,0.844
LEPROTL1,other,1.02
LETM1,other,1.97
LETM2,other,0.0662
LETMD1,other,0.7
LEUTX,other,0.176
CIMAP2,other,0.218
LFNG,other,0.469
LGALS1,other,0.362
LGALS12,other,0.607
LGALS13,other,-0.28
LGALS14,other,-0.261
LGALS16,other,-0.625
LGALS2,other,-0.114
LGALS3,in_trials,-0.00753
LGALS3BP,other,0.528
LGALS4,other,0.742
LGALS7,other,3.04
LGALS7B,other,3.77
LGALS8,other,0.492
LGALS9,other,1.99
LGALS9B,other,6.35
LGALS9C,other,7.06
LGALSL,other,0.874
LGI1,other,3.98
LGI2,other,1.94
LGI3,other,0.985
LGI4,other,0.491
LGMN,other,1.99
LGR4,other,1.26
LGR5,other,-0.0613
LGR6,other,1.68
LGSN,other,-1.12
LHB,other,0.405
LHCGR,in_trials,-0.383
LHFPL1,other,1.07
LHFPL2,other,1.34
LHFPL3,other,1.42
LHFPL4,other,2.72
LHFPL5,other,0.827
LHFPL6,other,0.951
LHPP,other,0.25
LHX1,other,2.04
LHX2,other,2.54
LHX3,other,-1.19
LHX4,other,1.37
LHX5,other,2.01
LHX6,other,2.49
LHX8,other,1.84
LHX9,other,1.16
LIAS,other,1.14
LIF,other,0.698
LIFR,other,0.207
LIG1,other,1.35
LIG3,other,2.15
LIG4,other,0.823
LILRA1,other,-0.832
LILRA2,other,-0.92
LILRA4,in_trials,0.0275
LILRA5,other,0.644
LILRA6,other,5.36
LILRB1,other,0.276
LILRB2,other,-0.0345
LILRB3,other,4.39
LILRB4,other,-0.63
LILRB5,other,-0.302
LIM2,other,0.368
LIMA1,other,1.74
LIMCH1,other,1.41
LIMD1,other,0.255
LIMD2,other,-0.0713
LIME1,other,-0.562
LIMK1,other,2.92
LIMK2,other,3.08
LIMS1,other,4.59
LIMS2,other,-0.322
LIN28A,other,1.55
LIN28B,other,1.58
LIN37,other,1.52
LIN52,other,1.35
LIN54,other,4.53
LIN7A,other,1.21
LIN7B,other,-0.0625
LIN7C,other,0.967
LIN9,other,3.25
SMIM45,other,-4.74
LINC02203,other,5.36
LINC02210-CRHR1,other,2.73
LINGO1,in_trials,4.22
LINGO2,other,0.354
LINGO3,other,1.7
LINGO4,other,0.523
LINS1,other,-1.02
LIPA,other,0.479
LIPC,other,-0.817
LIPE,other,0.999
LIPF,other,1.18
LIPG,other,1.21
LIPH,other,0.814
LIPI,other,-0.915
LIPJ,other,0.122
LIPK,other,-0.556
LIPM,other,-0.072
LIPN,other,-0.411
LIPT1,other,0.692
LIPT2,other,-1.75
LITAF,other,0.215
LIX1,other,0.654
LIX1L,other,1.01
LKAAEAR1,other,0.284
SOFU1,other,-0.492
LLGL1,other,2.6
LLGL2,other,1.61
LLPH,other,0.797
LMAN1,other,-0.065
LMAN1L,other,0.739
LMAN2,other,0.215
LMAN2L,other,0.346
LMBR1,other,0.723
LMBR1L,other,1.15
LMBRD1,other,-0.102
LMBRD2,other,2.84
LMCD1,other,0.486
LMF1,other,-2.78
LMF2,other,-4.28
LMLN,other,1.85
CIROP,other,-5.07
LMNA,other,3.73
LMNB1,other,1.76
LMNB2,other,1.36
LMNTD1,other,0.107
LMNTD2,other,-3.5
LMO1,other,0.676
LMO2,other,1.09
LMO3,other,3.04
LMO4,other,2.84
LMO7,other,-0.0111
LMOD1,other,1.88
LMOD2,other,0.724
LMOD3,other,-1.23
LMTK2,other,2.2
LMTK3,other,2.86
LMX1A,other,2.03
LMX1B,other,2.25
LNP1,other,0.379
LNPEP,in_trials,1.76
LNPK,other,0.532
LNX1,other,0.285
LNX2,other,0.874
LONP1,other,0.17
LONP2,other,2.66
LONRF1,other,-0.791
LONRF2,other,1.35
LONRF3,other,1.76
LORICRIN,other,-1.27
LOX,other,1.07
LOXHD1,other,0.326
LOXL1,other,1.0
LOXL2,in_trials,1.08
LOXL3,other,1.7
LOXL4,other,0.448
LPA,other,-0.678
LPAR1,in_trials,3.34
LPAR2,other,1.39
LPAR3,other,1.25
LPAR4,other,0.546
LPAR5,other,-0.414
LPAR6,other,0.484
LPCAT1,other,1.61
LPCAT2,other,1.5
LPCAT3,other,2.45
LPCAT4,other,1.66
LPGAT1,other,2.97
LPIN1,other,1.47
LPIN2,other,1.54
LPIN3,other,1.22
LPL,other,-0.946
LPO,other,0.501
LPP,other,-1.8
LPXN,other,0.314
LRAT,other,0.459
LRATD1,other,0.509
LRATD2,other,-0.18
LRBA,other,1.35
LRCH1,other,2.16
LRCH2,other,0.8
LRCH3,other,0.0395
LRCH4,other,0.39
LRCOL1,other,0.13
LRFN1,other,2.76
LRFN2,other,0.716
LRFN3,other,2.78
LRFN4,other,0.82
LRFN5,other,1.24
LRG1,other,0.242
LRGUK,other,-0.398
LRIF1,other,0.0721
LRIG1,other,-2.38
LRIG2,other,0.83
LRIG3,other,1.65
LRIT1,other,-0.597
LRIT2,other,-1.96
LRIT3,other,0.3
LRMDA,other,0.0218
LRP1,other,13.3
LRP10,other,0.947
LRP11,other,0.696
LRP12,other,2.16
LRP1B,other,3.23
LRP2,other,3.9
LRP2BP,other,0.706
LRP3,other,1.46
LRP4,other,5.4
LRP5,other,3.72
LRP6,other,4.14
LRP8,other,4.01
LRPAP1,other,-1.61
LRPPRC,other,-3.72
LRR1,other,0.0427
LRRC1,other,1.92
LRRC10,other,0.803
LRRC10B,other,0.969
LRRC14,other,1.1
LRRC14B,other,-0.968
LRRC15,other,-0.344
LRRC17,other,0.529
LRRC18,other,-1.02
LRRC19,other,-0.953
LRRC2,other,0.764
LRRC20,other,0.867
LRRC23,other,0.76
LRRC24,other,-3.01
LRRC25,other,1.05
LRRC26,other,-1.37
LRRC27,other,-1.16
LRRC28,other,0.0717
LRRC3,other,0.237
LRRC30,other,-0.642
LRRC31,other,0.223
LRRC32,other,0.747
LRRC34,other,1.1
LRRC36,other,1.73
LRRC37A,other,8.94
LRRC37A2,other,10.8
LRRC37A3,other,9.81
LRRC37B,other,3.03
LRRC38,other,1.29
LRRC39,other,0.625
LRRC3B,other,3.11
LRRC3C,other,0.176
LRRC4,other,1.84
LRRC40,other,0.241
LRRC41,other,4.0
LRRC42,other,-0.584
LRRC43,other,-0.337
LRRC45,other,-0.771
LRRC46,other,1.62
LRRC47,other,1.06
LRRC49,other,1.58
LRRC4B,other,4.12
LRRC4C,other,3.58
LRRC51,other,0.175
LRRC52,other,-0.267
LRRC53,other,-6.45
LRRC55,other,0.71
LRRC56,other,-0.88
LRRC57,other,1.22
LRRC58,other,0.954
LRRC59,other,1.33
LRRC61,other,-0.197
LRRC63,other,0.449
LRRC66,other,-0.865
LRRC69,other,0.956
LRRC7,other,5.38
LRRC70,other,1.03
LRRC71,other,-0.0952
LRRC72,other,-1.37
LRRC73,other,1.51
LRRC74A,other,0.0352
LRRC74B,other,-3.71
LRRC75A,other,1.48
LRRC75B,other,0.23
LRRC8A,other,5.38
LRRC8B,other,3.37
LRRC8C,other,4.04
LRRC8D,other,5.05
LRRC8E,other,0.0446
LRRC9,other,-7.55
LRRCC1,other,0.0465
LRRD1,other,1.42
LRRFIP1,other,0.423
LRRFIP2,other,0.179
LRRIQ1,other,-1.9
LRRIQ3,other,-1.94
LRRIQ4,other,0.0833
LRRK1,other,2.89
LRRK2,other,0.95
LRRN1,other,1.23
LRRN2,other,2.91
LRRN3,other,1.35
LRRN4,other,-0.825
LRRN4CL,other,-0.271
LRRTM1,other,2.17
LRRTM2,other,2.67
LRRTM3,other,1.85
LRRTM4,other,1.2
LRSAM1,other,1.57
LRTM1,other,-1.06
LRTM2,other,1.17
LRTOMT,other,0.5
LRWD1,other,-0.8
LSAMP,other,2.23
LSG1,other,-0.017
LSM1,other,0.195
LSM10,other,0.703
LSM11,other,0.295
LSM12,other,3.61
LSM14A,other,2.91
LSM14B,other,2.21
LSM2,other,2.01
LSM3,other,1.5
LSM4,other,2.15
LSM5,other,1.15
LSM6,other,1.67
LSM7,other,1.18
LSM8,other,1.01
LSMEM1,other,0.0641
LSMEM2,other,0.214
LSP1,other,0.297
LSR,other,-1.19
LSS,other,0.853
LST1,other,-0.155
LTA,in_trials,2.06
LTA4H,in_trials,1.74
LTB,in_trials,0.859
LTB4R,in_trials,0.302
LTB4R2,in_trials,-0.718
LTBP1,other,-0.578
LTBP2,other,1.55
LTBP3,other,2.77
LTBP4,other,1.26
LTBR,other,2.07
LTC4S,other,-0.666
LTF,other,0.0468
LTK,other,-1.09
LTN1,other,2.71
LTO1,other,-0.232
LTV1,other,1.02
LUC7L,other,2.05
LUC7L2,other,3.25
LUC7L3,other,3.52
LUM,other,1.51
LURAP1,other,0.875
LURAP1L,other,-2.04
LUZP1,other,1.88
LUZP2,other,-0.871
LUZP4,other,-1.3
LVRN,in_trials,-2.54
LXN,other,0.915
LY6D,other,0.557
LY6E,other,0.396
LY6G5B,other,0.258
LY6G5C,other,0.8
LY6G6C,other,1.05
LY6G6D,other,0.535
LY6G6E,other,-1.62
LY6G6F,other,1.22
LY6G6F-LY6G6D,other,1.46
LY6H,other,0.679
LY6K,other,-0.154
LY6L,other,0.873
LY75,other,0.972
LY75-CD302,other,0.725
LY86,other,-0.25
LY9,other,0.123
LY96,other,0.233
LYAR,other,-0.843
LYG1,other,0.748
LYG2,other,0.0908
LYL1,other,0.89
LYN,approved,4.16
LYNX1,other,0.0556
LYNX1-SLURP2,other,0.274
LYPD1,other,0.344
LYPD2,other,-0.197
LYPD3,other,-0.082
LYPD4,other,0.55
LYPD5,other,1.0
LYPD6,other,0.573
LYPD6B,other,0.989
LYPD8,other,-0.41
LYPLA1,other,2.15
LYPLA2,other,2.48
LYPLAL1,other,-1.93
LYRM1,other,-0.109
LYRM2,other,-0.591
LYRM4,other,-0.822
LYRM7,other,0.159
LYRM9,other,0.0417
LYSMD1,other,0.454
LYSMD2,other,1.25
LYSMD3,other,0.706
LYSMD4,other,-0.233
LYST,other,4.35
LYVE1,other,0.0925
LYZ,other,1.38
LYZL1,other,1.22
LYZL2,other,0.72
LYZL4,other,0.442
LYZL6,other,0.239
LZIC,other,1.21
LZTFL1,other,1.27
LZTR1,other,-0.588
LZTS1,other,-0.487
LZTS2,other,1.56
LZTS3,other,1.61
M1AP,other,1.62
M6PR,other,0.953
MAB21L1,other,1.55
MAB21L2,other,3.1
MAB21L3,other,0.349
MAB21L4,other,-0.466
MACC1,other,-1.74
MACF1,other,5.45
MACIR,other,0.785
MACO1,other,4.5
MACROD1,other,-0.259
MACROD2,other,0.779
MACROH2A1,other,4.78
MACROH2A2,other,3.79
MAD1L1,other,-0.727
MAD2L1,other,1.8
MAD2L1BP,other,0.581
MAD2L2,other,1.65
MADCAM1,in_trials,0.514
MADD,other,1.24
MAEA,other,2.98
MAEL,other,0.554
MAF,other,0.0801
MAF1,other,2.42
MAFA,other,-0.165
MAFB,other,2.11
MAFF,other,1.54
MAFG,other,2.29
MAFK,other,0.806
MAG,other,0.829
MAGEA1,other,1.44
MAGEA10,other,-0.49
MAGEA11,other,2.59
MAGEA12,other,0.14
MAGEA3,in_trials,0.886
MAGEA4,other,-1.82
MAGEA6,other,-1.39
MAGEA8,other,0.595
MAGEB1,other,-0.0841
MAGEB10,other,1.89
MAGEB16,other,0.474
MAGEB17,other,0.772
MAGEB18,other,0.98
MAGEB2,other,-3.33
MAGEB3,other,1.88
MAGEB4,other,0.839
MAGEB5,other,0.245
MAGEB6,other,0.0641
MAGEB6B,other,-0.687
MAGEC1,other,-2.74
MAGEC2,other,-1.26
MAGEC3,other,-1.5
MAGED1,other,2.36
MAGED2,other,2.77
MAGEE1,other,0.663
MAGEE2,other,-2.52
MAGEF1,other,-0.394
MAGEH1,other,0.976
MAGEL2,other,-1.35
MAGI1,other,0.27
MAGI2,other,2.25
MAGI3,other,2.52
MAGIX,other,0.277
MAGOH,other,3.58
MAGOHB,other,0.499
MAGT1,other,1.88
MAIP1,other,0.384
MAJIN,other,0.192
MAK,other,1.18
MAK16,other,1.6
MAL,other,-0.188
MAL2,other,0.277
MALL,other,3.03
MALRD1,other,-3.86
MALSU1,other,-1.72
MALT1,other,3.62
MAMDC2,other,0.306
MAMDC4,other,-1.72
MAML1,other,1.3
MAML2,other,0.291
MAML3,other,1.45
MAMLD1,other,1.05
MAMSTR,other,-0.17
MAN1A1,other,1.39
MAN1A2,other,3.27
MAN1B1,other,-0.855
MAN1C1,other,1.36
MAN2A1,other,0.624
MAN2A2,other,1.43
MAN2B1,other,0.926
MAN2B2,other,0.636
MAN2C1,other,0.0162
MANBA,other,0.43
MANBAL,other,0.318
MANEA,other,-0.113
MANEAL,other,0.911
MANF,other,0.0479
MANSC1,other,0.48
MANSC4,other,1.07
MAOA,in_trials,3.33
MAOB,in_trials,1.15
MAP10,other,-1.33
MAP1A,other,3.31
MAP1B,other,3.65
MAP1LC3A,other,0.967
MAP1LC3B,other,0.153
MAP1LC3B2,other,-0.0126
MAP1LC3C,other,0.272
MAP1S,other,-1.34
MAP2,other,0.943
MAP2K1,in_trials,4.48
MAP2K2,in_trials,1.73
MAP2K3,other,1.67
MAP2K4,other,4.52
MAP2K5,other,1.82
MAP2K6,other,4.37
MAP2K7,other,3.23
MAP3K1,in_trials,2.28
MAP3K10,other,2.47
MAP3K11,other,1.79
MAP3K12,other,4.27
MAP3K13,other,3.72
MAP3K14,other,5.21
MAP3K15,other,-2.11
MAP3K19,other,1.1
MAP3K2,other,2.21
MAP3K20,other,1.99
MAP3K21,other,1.7
MAP3K3,other,3.52
MAP3K4,other,4.24
MAP3K5,other,3.97
MAP3K6,other,1.5
MAP3K7,other,3.82
MAP3K7CL,other,0.368
MAP3K8,in_trials,2.93
MAP3K9,other,1.98
MAP4,other,1.97
MAP4K1,other,3.67
MAP4K2,other,1.75
MAP4K3,other,-0.117
MAP4K4,other,6.91
MAP4K5,other,1.39
MAP6,other,1.71
MAP6D1,other,-0.0105
MAP7,other,0.337
MAP7D1,other,-0.056
MAP7D2,other,-0.381
MAP7D3,other,-0.455
MAP9,other,-0.526
MAPK1,in_trials,5.17
MAPK10,in_trials,3.9
MAPK11,in_trials,1.13
MAPK12,other,-0.981
MAPK13,other,0.231
MAPK14,in_trials,4.9
MAPK15,other,-1.05
MAPK1IP1L,other,1.39
MAPK3,in_trials,1.83
MAPK4,other,1.42
MAPK6,other,1.81
MAPK7,other,2.03
MAPK8,in_trials,4.1
MAPK8IP1,other,2.96
MAPK8IP2,other,1.5
MAPK8IP3,other,4.04
MAPK9,in_trials,2.97
MAPKAP1,other,3.77
MAPKAPK2,other,3.2
MAPKAPK3,other,1.83
MAPKAPK5,in_trials,2.63
MAPKBP1,other,3.25
MAPRE1,other,2.79
MAPRE2,other,5.1
MAPRE3,other,3.36
MAPT,other,2.99
MARCHF1,other,1.17
MARCHF10,other,1.14
MARCHF11,other,0.948
MARCHF2,other,0.8
MARCHF3,other,1.16
MARCHF4,other,1.27
MARCHF5,other,3.66
MARCHF6,other,5.08
MARCHF7,other,0.238
MARCHF8,other,0.379
MARCHF9,other,1.8
MARCKS,other,-2.91
MARCKSL1,other,-0.604
MARCO,other,-0.61
MARF1,other,3.68
MARK1,other,3.61
MARK2,other,5.65
MARK3,other,1.79
MARK4,other,3.76
MARS1,other,2.19
MARS2,other,0.664
MARVELD1,other,0.761
MARVELD2,other,1.53
MARVELD3,other,-0.626
MAS1,in_trials,0.478
MAS1L,other,0.38
MASP1,other,0.393
MASP2,in_trials,-0.363
MAST1,other,5.7
MAST2,other,1.98
MAST3,other,5.15
MAST4,other,1.62
MASTL,other,1.29
MAT1A,other,2.48
MAT2A,other,5.5
MAT2B,other,1.42
MATK,other,2.01
MATN1,other,1.0
MATN2,other,2.31
MATN3,other,0.494
MATN4,other,0.135
MAU2,other,5.69
MAVS,other,1.24
MAX,other,2.66
MAZ,other,-1.58
MB,other,0.727
MB21D2,other,1.44
MBD1,other,2.87
MBD2,other,1.38
MBD3,other,-0.279
MBD3L1,other,0.763
MBD3L2,other,0.604
MBD3L2B,other,-2.32
MBD3L3,other,4.35
MBD3L5,other,1.82
MBD4,other,0.904
MBD5,other,2.0
MBD6,other,-0.418
MBIP,other,0.518
MBL2,other,-0.293
MBLAC1,other,0.298
MBLAC2,other,0.267
MBNL1,other,3.57
MBNL2,other,3.22
MBNL3,other,1.58
MBOAT1,other,0.721
MBOAT2,other,2.35
MBOAT4,other,0.858
MBOAT7,other,-0.407
MBP,other,0.523
MBTD1,other,5.02
MBTPS1,other,-3.28
MBTPS2,other,3.09
MC1R,in_trials,-2.3
MC2R,approved,0.412
MC3R,other,0.0335
MC4R,other,-0.0966
MC5R,other,0.234
MCAM,other,1.4
MCAT,other,-0.00734
MCC,other,-2.4
MCCC1,other,1.39
MCCC2,other,0.341
MCCD1,other,-1.3
MCEE,other,-0.0543
MCEMP1,other,0.143
MCF2,other,0.664
MCF2L,other,1.64
MCF2L2,other,1.34
MCFD2,other,-0.395
MCHR1,other,0.0972
MCHR2,other,0.48
MCIDAS,other,0.957
MCL1,in_trials,-0.948
MCM10,other,-0.207
MCM2,other,2.67
MCM3,other,1.54
MCM3AP,other,-0.144
MCM4,other,-0.558
MCM5,other,1.79
MCM6,other,2.04
MCM7,other,-1.79
MCM8,other,0.631
MCM9,other,1.13
MCMBP,other,1.95
MCMDC2,other,1.9
MCOLN1,other,3.09
MCOLN2,other,0.962
MCOLN3,other,1.54
MCPH1,other,-6.62
MCRIP1,other,0.603
MCRIP2,other,-0.307
MCRS1,other,2.52
MCTP1,other,0.553
MCTP2,other,-1.5
MCTS1,other,2.77
MCTS2,other,0.754
MCU,other,2.3
MCUB,other,0.0401
MCUR1,other,-0.0126
MDC1,other,3.62
MDFI,other,0.285
MDFIC,other,-0.945
MDGA1,other,2.82
MDGA2,other,1.54
MDH1,other,0.787
MDH1B,other,0.764
MDH2,other,0.263
MDK,other,0.198
SAXO6,other,0.389
MDM2,in_trials,3.36
MDM4,other,2.32
MDN1,other,4.22
MDP1,other,0.334
ME1,other,-0.905
ME2,other,1.79
ME3,other,1.85
MEA1,other,-0.0704
MEAF6,other,1.65
MEAK7,other,-5.98
MECOM,other,2.31
MECP2,other,-2.97
MECR,other,0.187
MED1,other,3.52
MED10,other,1.19
MED11,other,0.565
MED12,other,9.24
MED12L,other,4.41
MED13,other,3.33
MED13L,other,6.46
MED14,other,5.44
MED15,other,3.8
MED16,other,-4.1
MED17,other,1.05
MED18,other,1.61
MED19,other,0.375
MED20,other,1.24
MED21,other,0.683
MED22,other,0.421
MED23,other,6.25
MED24,other,2.84
MED25,other,1.35
MED26,other,0.833
MED27,other,2.32
MED28,other,-1.21
MED29,other,0.341
MED30,other,0.711
MED31,other,1.14
MED4,other,0.462
MED6,other,1.39
MED7,other,1.17
MED8,other,1.57
MED9,other,0.412
MEDAG,other,-0.555
MEF2A,other,1.67
MEF2B,other,1.33
MEF2C,other,5.7
MEF2D,other,3.09
MEFV,other,-2.21
MEGF10,other,1.75
MEGF11,other,0.133
MEGF6,other,-0.719
MEGF8,other,4.2
MEGF9,other,1.66
MEI1,other,0.0433
MEI4,other,1.49
MEIG1,other,-0.587
MEIOB,other,-0.00341
MEIOC,other,2.94
MEIOSIN,other,-5.07
MEIS1,other,3.74
MEIS2,other,3.52
MEIS3,other,0.887
MELK,other,0.359
MELTF,other,0.445
MEMO1,other,4.13
MEN1,in_trials,4.87
MEOX1,other,-0.0181
MEOX2,other,-1.1
MEP1A,other,0.463
MEP1B,other,1.3
MEPCE,other,1.49
MEPE,other,0.0885
MERTK,in_trials,1.5
MESD,other,-1.12
MESP1,other,-1.51
MESP2,other,-1.84
MEST,other,2.96
MET,in_trials,2.63
METAP1,in_trials,1.77
METAP1D,in_trials,0.203
METAP2,in_trials,3.81
METRN,other,-0.655
METRNL,other,0.466
METTL1,other,0.599
METTL13,other,0.924
METTL14,other,3.85
METTL15,other,1.15
METTL16,other,4.18
METTL17,other,0.414
METTL18,other,0.558
METTL21A,other,-0.109
METTL21C,other,0.0749
METTL22,other,-2.81
METTL23,other,-1.57
METTL24,other,0.573
METTL25,other,-1.6
METTL25B,other,1.16
METTL26,other,-1.6
METTL27,other,-0.396
METTL2A,other,2.01
METTL2B,other,2.93
METTL3,other,4.56
METTL4,other,0.437
METTL5,other,0.509
METTL6,other,0.492
TMT1A,other,0.49
TMT1B,other,-0.254
METTL8,other,0.204
METTL9,other,3.0
MEX3A,other,2.86
MEX3B,other,-0.566
MEX3C,other,1.94
MEX3D,other,-0.59
MFAP1,other,3.69
MFAP2,other,0.736
MFAP3,other,0.942
MFAP3L,other,2.2
MFAP4,other,1.47
MFAP5,other,0.325
MFF,other,0.415
MFGE8,other,0.13
MFHAS1,other,-5.2
MFN1,other,1.26
MFN2,other,3.14
MFNG,other,0.849
MFRP,other,-1.6
MFSD1,other,0.254
SLC75A1,other,-2.44
MFSD11,other,0.255
MFSD12,other,-4.08
SLC68A1,other,1.12
SLC71A1,other,3.41
SLC71A2,other,2.28
MFSD2A,other,3.36
MFSD2B,other,0.373
SLC33A2,other,-3.18
SLC60A1,other,2.23
SLC60A2,other,0.678
SLC61A1,other,1.08
MFSD6,other,3.21
MFSD6L,other,-0.259
MFSD8,other,1.32
SLC67A2,other,-0.622
MGA,other,1.65
MGAM,in_trials,2.57
MGAM2,other,-10.8
MGARP,other,0.365
MGAT1,other,1.18
MGAT2,other,0.451
MGAT3,other,3.27
MGAT4A,other,2.54
MGAT4B,other,0.775
MGAT4C,other,1.3
MGAT4D,other,-6.73
MGAT5,other,3.04
MGAT5B,other,1.99
MGLL,in_trials,1.21
MGME1,other,0.316
MGMT,other,-0.363
MGP,other,0.209
MGRN1,other,-3.05
MGST1,other,0.167
MGST2,other,0.519
MGST3,other,1.15
MIA,other,0.467
MIA-RAB4B,other,0.443
MIA2,other,-0.691
MIA3,other,1.31
MIB1,other,3.58
MIB2,other,-1.35
MICA,other,1.61
MICAL1,other,1.02
MICAL2,other,0.939
MICAL3,other,2.22
MICALL1,other,1.08
MICALL2,other,-3.88
MICB,other,1.11
MICOS10,other,-0.282
MICOS10-NBL1,other,0.234
MICOS13,other,-0.308
MICU1,other,1.46
MICU2,other,-0.702
MICU3,other,-1.9
MID1,other,3.46
MID1IP1,other,1.06
MID2,other,2.57
MIDEAS,other,2.3
MIDN,other,-1.2
MIEF1,other,1.26
MIEF2,other,0.938
MIEN1,other,-0.289
MIER1,other,1.74
MIER2,other,0.673
MIER3,other,2.55
MIF,approved,-2.11
MIF4GD,other,0.449
MIGA1,other,-0.0302
MIGA2,other,1.94
MIIP,other,0.297
MILR1,other,-3.39
MINAR1,other,0.252
MINAR2,other,-0.821
MINDY1,other,1.68
MINDY2,other,-1.65
MINDY3,other,-0.056
MINDY4,other,0.129
MINDY4B,other,-5.21
MINK1,other,4.49
MINPP1,other,0.121
MIOS,other,0.629
MIOX,other,-0.3
MIP,other,1.72
MIPEP,other,-0.488
MIPOL1,other,-0.743
MIS12,other,1.12
MIS18A,other,-0.0307
MIS18BP1,other,-0.706
MISP,other,-2.08
MISP3,other,-3.16
MITD1,other,0.712
MITF,other,1.0
MIX23,other,0.886
MIXL1,other,0.0403
MKI67,other,-0.375
MKLN1,other,3.67
MKNK1,in_trials,1.89
MKNK2,in_trials,-0.897
MKRN1,other,2.36
MKRN2,other,0.197
MKRN2OS,other,-1.37
MKRN3,other,-1.35
MKS1,other,0.726
MKX,other,-0.0311
MLANA,other,-0.717
MLC1,other,0.638
MLEC,other,3.32
MLF1,other,0.416
MLF2,other,1.97
MLH1,other,0.688
MLH3,other,1.81
MLIP,other,-1.21
MLKL,other,-2.14
MLLT1,other,3.47
MLLT10,other,1.79
MLLT11,other,0.835
MLLT3,other,1.87
MLLT6,other,2.73
MLN,other,0.747
MLNR,in_trials,-0.66
MLPH,other,0.262
MLST8,in_trials,0.646
MLX,other,0.519
MLXIP,other,2.88
MLXIPL,other,1.42
MLYCD,other,-4.17
MMAA,other,0.685
MMAB,other,0.482
MMACHC,other,-0.615
MMADHC,other,0.412
MMD,other,1.64
MMD2,other,-0.914
MME,other,0.855
MMEL1,other,0.463
MMGT1,other,1.43
MMP1,in_trials,-0.97
MMP10,other,-0.884
MMP11,other,0.777
MMP12,other,0.729
MMP13,in_trials,0.138
MMP14,other,2.89
MMP15,other,1.6
MMP16,other,4.48
MMP17,other,0.243
MMP19,other,0.916
MMP2,other,1.08
MMP20,other,-1.07
MMP21,other,0.434
MMP23B,other,2.51
MMP24,other,3.21
MMP25,other,-2.26
MMP26,other,-0.742
MMP27,other,-1.35
MMP28,other,0.821
MMP3,other,0.135
MMP7,in_trials,-0.957
MMP8,in_trials,-1.73
MMP9,in_trials,0.41
MMRN1,other,-1.88
MMRN2,other,-0.0787
MMS19,other,1.18
MMS22L,other,0.805
MMUT,other,0.806
MN1,other,0.208
MNAT1,other,1.01
MND1,other,0.732
MNDA,other,-1.17
MNS1,other,-0.749
MNT,other,0.53
MNX1,other,0.157
MOAP1,other,0.701
MOB1A,other,2.11
MOB1B,other,0.439
MOB2,other,1.15
MOB3A,other,-0.538
MOB3B,other,0.719
MOB3C,other,0.267
MOB4,other,2.93
MOBP,other,1.85
MOCOS,other,0.088
MOCS1,other,0.535
MOCS2,other,-0.25
MOCS3,other,0.326
MOG,other,1.23
MOGAT1,other,-0.511
MOGAT2,other,-0.0563
MOGAT3,other,-0.00121
MOGS,other,0.966
MOK,other,0.172
MON1A,other,2.24
MON1B,other,0.273
MON2,other,3.84
MORC1,other,2.37
MORC2,other,4.8
MORC3,other,3.4
MORC4,other,1.27
MORF4L1,other,3.81
MORF4L2,other,2.65
MORN1,other,-0.987
MORN2,other,-1.23
MORN3,other,0.255
MORN4,other,0.755
MORN5,other,0.119
MOS,other,0.807
MOSMO,other,2.16
MOSPD1,other,1.71
MOSPD2,other,2.05
MOSPD3,other,0.209
MOV10,other,4.09
MOV10L1,other,1.32
MOXD1,other,-1.44
MPC1,other,1.01
MPC1L,other,0.505
MPC2,other,1.07
MPDU1,other,0.455
MPDZ,other,-5.66
MPEG1,other,0.0612
MPG,other,-0.827
MPHOSPH10,other,1.1
MPHOSPH6,other,-2.76
MPHOSPH8,other,1.83
MPHOSPH9,other,1.7
MPI,other,0.189
MPIG6B,other,0.419
MPL,approved,1.89
MPLKIP,other,-1.23
MPND,other,0.0814
MPO,other,0.577
MPP1,other,1.69
MPP2,other,1.99
MPP3,other,2.21
MPP4,other,0.741
MPP7,other,0.858
MPPE1,other,1.23
MPPED1,other,2.93
MPPED2,other,2.15
MPRIP,other,4.89
MPST,other,-0.411
MPV17,other,0.529
MPV17L,other,0.407
MPV17L2,other,0.134
MPZ,other,1.47
MPZL1,other,1.26
MPZL2,other,-0.748
MPZL3,other,0.444
MR1,other,0.69
MRAP,other,-0.576
MRAP2,other,0.0547
MRAS,other,3.16
MRC1,other,-5.43
MRC2,other,3.1
MRE11,other,0.831
MREG,other,0.0368
MRFAP1,other,-0.044
MRFAP1L1,other,-0.181
MRGBP,other,1.29
MRGPRD,other,0.45
MRGPRE,other,-0.669
MRGPRF,other,-0.47
MRGPRG,other,-0.00721
MRGPRX1,other,-0.369
MRGPRX2,other,0.329
MRGPRX3,other,-0.756
MRGPRX4,other,0.128
MRI1,other,0.151
MRM1,other,0.655
MRM2,other,-0.16
MRM3,other,-0.693
MRNIP,other,-0.736
MRO,other,-1.07
MROH1,other,-6.23
MROH2A,other,0.872
MROH2B,other,-1.21
MROH5,other,-0.342
MROH6,other,-1.94
MROH7,other,0.733
MROH7-TTC4,other,0.791
MROH8,other,2.74
MROH9,other,-0.565
MRPL1,other,0.687
MRPL10,other,0.5
MRPL11,other,0.0518
MRPL12,other,0.459
MRPL13,other,-0.298
MRPL14,other,0.473
MRPL15,other,0.651
MRPL16,other,0.298
MRPL17,other,-0.796
MRPL18,other,-0.0687
MRPL19,other,-0.365
MRPL2,other,0.111
MRPL20,other,-2.08
MRPL21,other,0.0644
MRPL22,other,0.559
MRPL23,other,2.66
MRPL24,other,1.03
MRPL27,other,-0.0973
MRPL28,other,-2.47
MRPL3,other,0.446
MRPL30,other,0.614
MRPL32,other,0.692
MRPL33,other,-0.0448
MRPL34,other,-0.781
MRPL35,other,0.00715
MRPL36,other,-0.567
MRPL37,other,0.213
MRPL38,other,-0.157
MRPL39,other,-0.41
MRPL4,other,0.668
MRPL40,other,-0.334
MRPL41,other,0.958
MRPL42,other,-0.0581
MRPL43,other,0.512
MRPL44,other,-0.238
MRPL45,other,1.26
MRPL46,other,-1.27
MRPL47,other,-1.07
MRPL48,other,1.07
MRPL49,other,0.803
MRPL50,other,-0.806
MRPL51,other,0.376
MRPL52,other,-0.138
MRPL53,other,-0.879
MRPL54,other,0.275
MRPL55,other,1.03
MRPL57,other,-0.739
MRPL58,other,0.493
MRPL9,other,-0.556
MRPS10,other,0.0861
MRPS11,other,-0.546
MRPS12,other,-0.182
MRPS14,other,0.476
MRPS15,other,0.206
MRPS16,other,-0.148
MRPS17,other,0.503
MRPS18A,other,-0.826
MRPS18B,other,-0.165
MRPS18C,other,0.635
MRPS2,other,0.68
MRPS21,other,0.7
MRPS22,other,0.0158
MRPS23,other,-0.146
MRPS24,other,-0.142
MRPS25,other,-0.185
MRPS26,other,-0.0834
MRPS27,other,0.182
MRPS28,other,-0.897
MRPS30,other,-1.22
MRPS31,other,0.586
MRPS33,other,0.709
MRPS34,other,-1.95
MRPS35,other,0.235
KGD4,other,0.764
MRPS5,other,-0.444
MRPS6,other,-0.289
MRPS7,other,-0.141
MRPS9,other,0.158
MRRF,other,-0.0874
MRS2,other,1.12
MRTFA,other,0.301
MRTFB,other,0.834
MRTO4,other,-0.0918
MS4A1,approved,0.068
MS4A10,other,-0.316
MS4A12,other,-0.355
MS4A13,other,0.123
MS4A14,other,-0.563
MS4A15,other,0.262
MS4A18,other,-3.37
MS4A2,other,0.0147
MS4A3,other,-0.815
MS4A4A,other,0.076
MS4A4E,other,-0.476
MS4A5,other,-0.179
MS4A6A,other,-0.287
MS4A6E,other,-0.193
MS4A7,other,0.288
MS4A8,other,0.252
MSANTD1,other,0.511
MSANTD2,other,2.52
MSANTD3,other,2.01
MSANTD3-TMEFF1,other,1.23
MSANTD4,other,0.932
MSC,other,-0.801
MSGN1,other,0.0136
MSH2,other,-4.31
MSH3,other,-1.29
MSH4,other,0.422
MSH5,other,2.08
MSH5-SAPCD1,other,2.1
MSH6,other,-5.32
MSI1,other,3.83
MSI2,other,3.06
MSL1,other,1.96
MSL2,other,2.95
MSL3,other,1.97
MSLN,other,-2.3
MSLNL,other,-13.6
MSMB,other,0.417
MSMO1,other,1.31
MSMP,other,0.109
MSN,other,3.99
MSR1,other,-4.36
MSRA,other,-5.07
MSRB1,other,-0.617
MSRB2,other,0.82
MSRB3,other,0.879
MSS51,other,0.91
MST1,other,1.9
MST1R,in_trials,1.56
MSTN,other,0.951
MSTO1,other,4.48
MSX1,other,-0.749
MSX2,other,0.56
MT1A,other,0.219
MT1B,other,-0.0382
MT1E,other,0.16
MT1F,other,-0.245
MT1G,other,-0.0817
MT1H,other,-0.431
MT1HL1,other,-0.0954
MT1M,other,-0.363
MT1X,other,0.112
MT2A,other,1.02
MT3,other,0.413
MT4,other,-0.445
MTA1,other,4.1
MTA2,other,4.54
MTA3,other,-0.547
MTAP,other,-0.156
MTARC1,other,0.579
MTARC2,other,0.421
MTBP,other,0.809
MTCH1,other,2.5
MTCH2,other,2.42
MTCL1,other,-0.585
MTCP1,other,2.61
MTDH,other,0.361
MTERF1,other,-0.608
MTERF2,other,-0.219
MTERF3,other,0.511
MTERF4,other,0.924
MTF1,other,3.83
MTF2,other,3.6
MTFMT,other,-0.578
MTFP1,other,0.147
MTFR1,other,0.805
MTFR1L,other,1.09
MTFR2,other,0.149
MTG1,other,-1.32
MTG2,other,0.236
MTHFD1,other,3.29
MTHFD1L,other,1.55
MTHFD2,other,1.25
MTHFD2L,other,-0.695
MTHFR,other,1.83
MTHFS,other,0.162
MTHFSD,other,-2.91
MTIF2,other,-1.62
MTIF3,other,0.699
MTM1,other,3.81
MTMR1,other,2.62
MTMR10,other,0.585
MTMR11,other,0.933
MTMR12,other,2.49
MTMR14,other,0.806
MTMR2,other,1.74
MTMR3,other,3.02
MTMR4,other,5.18
MTMR6,other,1.61
MTMR7,other,-3.34
MTMR8,other,-4.37
MTMR9,other,-3.77
MTNR1A,in_trials,0.462
MTNR1B,in_trials,0.165
MTO1,other,1.37
MTOR,in_trials,10.3
MTPAP,other,1.3
MTPN,other,2.14
MTR,other,3.18
MTRES1,other,0.211
MTREX,other,4.11
MTRF1,other,1.56
MTRF1L,other,1.04
MTRFR,other,0.0567
MTRNR2L1,other,1.45
MTRNR2L10,other,0.11
MTRNR2L12,other,-0.212
MTRNR2L13,other,-2.57
MTRNR2L3,other,-0.694
MTRNR2L4,other,-0.67
MTRNR2L5,other,-0.135
MTRNR2L6,other,0.048
MTRNR2L7,other,-0.448
MTRNR2L8,other,0.884
MTRR,other,-0.815
MTSS1,other,2.33
MTSS2,other,-1.35
MTTP,other,1.6
MTURN,other,0.746
MTUS1,other,-8.01
MTUS2,other,0.272
MTX1,other,0.0956
MTX2,other,-0.0715
MTX3,other,-0.245
MUC1,in_trials,-1.11
MUC12,other,13.4
MUC13,other,0.885
MUC15,other,-0.285
MUC16,other,-8.21
MUC17,other,-5.08
MUC19,other,0.312
MUC2,other,0.492
MUC20,other,4.85
MUC21,other,3.5
MUC22,other,1.89
MUC3A,other,-9.16
MUC4,other,2.84
MUC5AC,other,-9.74
MUC5B,other,2.93
MUC6,other,4.12
MUC7,other,0.952
MUCL1,other,-1.34
MUCL3,other,2.52
MUL1,other,0.633
MUS81,other,0.245
MUSK,other,0.772
MUSTN1,other,-0.0894
MUTYH,other,0.626
MVB12A,other,0.315
MVB12B,other,2.32
MVD,other,-1.62
MVK,other,2.07
MVP,other,2.5
MX1,other,0.698
MX2,other,1.09
MXD1,other,1.63
MXD3,other,-0.168
MXD4,other,0.0117
MXI1,other,1.64
MXRA5,other,0.908
MXRA7,other,2.01
MXRA8,other,-2.13
MYADM,other,0.556
MYADML2,other,0.32
MYB,other,3.5
MYBBP1A,other,-3.41
MYBL1,other,2.61
MYBL2,other,2.27
MYBPC1,other,2.39
MYBPC2,other,0.375
MYBPC3,other,1.33
MYBPH,other,1.13
MYBPHL,other,0.0828
MYC,other,1.42
MYCBP,other,0.727
MYCBP2,other,8.55
MYCBPAP,other,1.31
MYCL,other,1.14
MYCN,other,1.33
MYCT1,other,-0.203
MYD88,other,1.72
MYDGF,other,-0.285
MYEF2,other,2.11
MYEOV,other,0.101
MYF5,other,-0.521
MYF6,other,-0.388
MYG1,other,-0.65
MYH1,other,2.17
MYH10,other,7.42
MYH11,other,3.29
MYH13,other,1.39
MYH14,other,3.06
MYH15,other,0.274
MYH2,other,4.82
MYH3,other,4.57
MYH4,other,1.63
MYH6,other,4.2
MYH7,other,7.38
MYH7B,other,-0.154
MYH8,other,2.94
MYH9,other,6.63
MYL1,other,-0.136
MYL10,other,0.151
MYL12A,other,1.94
MYL12B,other,2.77
MYL2,other,1.02
MYL3,other,1.27
MYL4,other,0.105
MYL5,other,-1.32
MYL6,other,0.833
MYL6B,other,0.888
MYL7,other,0.505
MYL9,other,1.44
MYLIP,other,1.11
MYLK,other,3.2
MYLK2,other,1.36
MYLK3,other,1.06
MYLK4,other,0.68
MYL11,other,0.578
MYMK,other,1.13
MYNN,other,2.49
MYO10,other,1.97
MYO15A,other,1.19
MYO15B,other,-13.0
MYO16,other,0.633
MYO18A,other,3.98
MYO18B,other,0.563
MYO19,other,0.0822
MYO1A,other,0.924
MYO1B,other,3.5
MYO1C,other,-0.777
MYO1D,other,1.35
MYO1E,other,0.301
MYO1F,other,2.83
MYO1G,other,2.16
MYO1H,other,0.818
MYO3A,other,0.0882
MYO3B,other,0.0781
MYO5A,other,5.44
MYO5B,other,0.088
MYO5C,other,0.824
MYO6,other,2.36
MYO7A,other,1.16
MYO7B,other,0.655
MYO9A,other,2.69
MYO9B,other,5.25
MYOC,other,0.883
MYOCD,other,0.832
MYOD1,other,-0.9
MYOF,other,0.545
MYOG,other,0.736
MYOM1,other,1.08
MYOM2,other,-8.48
MYOM3,other,0.0157
MYORG,other,-1.11
MYOT,other,1.53
MYOZ1,other,0.0317
MYOZ2,other,1.15
MYOZ3,other,0.351
MYPN,other,0.416
MYPOP,other,0.392
MYRF,other,4.8
MYRFL,other,-0.0284
MYRIP,other,0.711
MYSM1,other,1.02
MYT1,other,3.86
MYT1L,other,6.49
MYZAP,other,-0.991
MZB1,other,-0.235
MZF1,other,-1.86
MZT1,other,0.637
MZT2A,other,1.22
MZT2B,other,0.527
N4BP1,other,1.74
N4BP2,other,1.28
N4BP2L1,other,1.25
N4BP2L2,other,0.0783
N4BP3,other,-0.184
HEMK2,other,-1.75
NAA10,other,2.95
NAA11,other,-0.167
NAA15,other,4.66
NAA16,other,-0.16
NAA20,other,1.63
NAA25,other,4.77
NAA30,other,1.21
NAA35,other,4.09
NAA38,other,-0.369
NAA40,other,1.69
NAA50,other,2.66
NAA60,other,0.514
NAA80,other,0.192
NAAA,other,0.154
NAALAD2,other,-0.312
NAALADL1,other,0.111
NAALADL2,other,-1.99
NAB1,other,1.54
NAB2,other,3.12
NABP1,other,-0.386
NABP2,other,2.04
NACA,other,2.8
NACA2,other,-0.0131
NACAD,other,3.43
NACC1,other,5.09
NACC2,other,0.104
NADK,other,2.96
NADK2,other,2.2
NADSYN1,other,1.24
NAE1,in_trials,1.34
NAF1,other,0.0714
NAGA,other,0.946
NAGK,other,-0.000452
NAGLU,other,1.13
NAGPA,other,-2.41
NAGS,other,1.28
NAIF1,other,1.75
NAIP,other,0.353
NALCN,other,7.49
NALF1,other,0.811
NALF2,other,-1.02
NAMPT,in_trials,5.31
NANOG,other,4.22
NANOGNB,other,-0.371
NANOGP8,other,3.03
NANOS1,other,-1.58
NANOS2,other,0.431
NANOS3,other,1.12
NANP,other,0.331
NANS,other,1.33
NAP1L1,other,3.12
NAP1L2,other,-0.869
NAP1L3,other,-0.18
NAP1L4,other,1.35
NAP1L5,other,-0.0709
NAPA,other,1.52
NAPB,other,0.935
NAPEPLD,other,1.28
NAPG,other,0.299
NAPRT,other,-1.36
NAPSA,other,0.215
NARF,other,-0.401
NARS1,other,0.407
NARS2,other,-0.757
NASP,other,1.03
NAT1,other,-1.41
NAT10,other,0.953
NAT14,other,-0.897
NAT16,other,-1.2
NAT2,other,-2.06
NAT8,other,-1.76
NAT8B,other,-2.19
ASPNAT,other,2.1
NAT9,other,0.121
NATD1,other,0.0176
NAV1,other,6.1
NAV2,other,2.6
NAV3,other,1.83
NAXD,other,0.197
NAXE,other,0.31
NBAS,other,-0.723
NBEA,other,7.62
NBEAL1,other,1.81
NBEAL2,other,3.79
NBL1,other,1.29
NBN,other,-0.353
NBPF1,other,10.9
NBPF10,other,2.58
NBPF11,other,1.46
NBPF12,other,1.43
NBPF14,other,-1.91
NBPF15,other,-4.36
NBPF19,other,-0.456
NBPF20,other,-3.74
NBPF26,other,4.91
NBPF3,other,3.27
NBPF4,other,4.64
NBPF6,other,4.63
NBPF9,other,-0.73
NBR1,other,1.35
NCALD,other,1.72
NCAM1,in_trials,4.3
NCAM2,other,1.87
NCAN,other,2.6
NCAPD2,other,1.93
NCAPD3,other,-1.07
NCAPG,other,1.48
NCAPG2,other,3.46
NCAPH,other,1.8
NCAPH2,other,-0.0302
NCBP1,in_trials,4.83
NCBP2,in_trials,2.37
NCBP2AS2,other,-3.93
NCBP2L,other,-2.45
NCBP3,other,1.8
NCCRP1,other,0.427
NCDN,other,5.42
NCEH1,other,1.7
NCF1,other,5.39
NCF2,other,1.86
NCF4,other,0.574
NCK1,other,1.77
NCK2,other,2.19
NCKAP1,other,4.86
NCKAP1L,other,2.65
NCKAP5,other,-0.558
NCKAP5L,other,0.179
NCKIPSD,other,1.18
NUCLEOLIN,other,1.42
NCLN,other,1.42
NCMAP,other,0.721
NCOA1,other,2.63
NCOA2,other,3.64
NCOA3,other,2.41
NCOA4,other,1.9
NCOA5,other,1.72
NCOA6,other,2.59
NCOA7,other,1.0
NCOR1,other,4.83
NCOR2,other,1.68
NCR1,other,0.256
NCR2,other,0.304
NCR3,other,1.46
NCR3LG1,other,-0.595
NCS1,other,3.03
NCSTN,in_trials,2.73
NDC1,other,1.05
NDC80,other,2.3
NDE1,other,-0.142
NDEL1,other,2.12
NDFIP1,other,1.95
NDFIP2,other,-0.208
NDN,other,-0.5
NDNF,other,0.83
NDOR1,other,-1.13
NDP,other,1.18
NDRG1,other,0.707
NDRG2,other,0.73
NDRG3,other,1.46
NDRG4,other,0.268
NDST1,other,4.47
NDST2,other,2.48
NDST3,other,3.27
NDST4,other,1.01
NDUFA1,in_trials,0.799
NDUFA10,in_trials,0.764
NDUFA11,in_trials,-0.112
NDUFA12,in_trials,-0.23
NDUFA13,in_trials,-0.633
NDUFA2,in_trials,-0.701
NDUFA3,in_trials,-0.181
COXFA4,in_trials,-0.481
COXFA4L2,in_trials,-0.502
NDUFA5,in_trials,0.928
NDUFA6,in_trials,-0.114
NDUFA7,in_trials,-0.866
NDUFA8,in_trials,0.419
NDUFA9,in_trials,0.429
NDUFAB1,in_trials,0.545
NDUFAF1,in_trials,-0.122
NDUFAF2,in_trials,1.01
NDUFAF3,in_trials,-0.069
NDUFAF4,in_trials,0.127
NDUFAF5,other,-0.0103
NDUFAF6,other,-0.345
NDUFAF7,other,-1.79
NDUFAF8,other,-0.0062
NDUFB1,in_trials,0.757
NDUFB10,in_trials,-2.29
NDUFB11,in_trials,0.95
NDUFB2,in_trials,-0.373
NDUFB3,in_trials,0.89
NDUFB4,in_trials,-0.133
NDUFB5,in_trials,0.0975
NDUFB6,in_trials,-0.455
NDUFB7,in_trials,-0.734
NDUFB8,in_trials,0.455
NDUFB9,in_trials,0.625
NDUFC1,in_trials,-0.841
NDUFC2,in_trials,0.123
NDUFC2-KCTD14,other,-0.0177
NDUFS1,in_trials,-0.015
NDUFS2,in_trials,2.22
NDUFS3,in_trials,0.254
NDUFS4,in_trials,-0.446
NDUFS5,in_trials,-0.264
NDUFS6,in_trials,-1.15
NDUFS7,in_trials,1.45
NDUFS8,in_trials,1.08
NDUFV1,in_trials,1.1
NDUFV2,in_trials,-0.255
NDUFV3,in_trials,0.00787
NEB,other,3.56
NEBL,other,-1.62
NECAB1,other,0.875
NECAB2,other,-7.0
NECAB3,other,0.993
NECAP1,other,1.73
NECAP2,other,0.431
NECTIN1,other,1.9
NECTIN2,other,2.09
NECTIN3,other,1.23
NECTIN4,other,0.718
NEDD1,other,0.467
NEDD4,other,1.06
NEDD4L,other,4.59
NEDD8,other,3.73
NEDD8-MDP1,other,2.1
NEDD9,other,1.59
NEFH,other,1.02
NEFL,other,0.81
NEFM,other,0.367
NEGR1,other,1.77
NEIL1,other,-0.63
NEIL2,other,-3.78
NEIL3,other,0.347
NEK1,other,1.14
NEK10,other,-0.221
NEK11,other,-0.00543
NEK2,other,2.3
NEK3,other,0.173
NEK4,other,0.724
NEK5,other,1.22
NEK6,other,2.02
NEK7,other,2.46
NEK8,other,1.73
NEK9,other,3.21
NELFA,other,1.38
NELFB,other,0.911
NELFCD,other,2.94
NELFE,other,1.97
NELL1,other,-0.249
NELL2,other,1.45
NEMF,other,1.55
NEMP1,other,0.958
NEMP2,other,1.06
NENF,other,0.839
NEO1,other,2.15
RMP64,other,0.392
NES,other,1.12
NET1,other,1.46
NETO1,other,2.18
NETO2,other,1.6
NEU1,other,2.15
NEU2,other,-0.0944
NEU3,other,0.933
NEU4,other,-0.0696
NEURL1,other,1.59
NEURL1B,other,1.28
NEURL2,other,0.313
NEURL3,other,0.823
NEURL4,other,3.39
NEUROD1,other,0.686
NEUROD2,other,3.15
NEUROD4,other,-0.864
NEUROD6,other,1.78
NEUROG1,other,-1.32
NEUROG2,other,-0.0924
NEUROG3,other,-0.225
NEXMIF,other,1.75
NEXN,other,-0.106
NF1,other,9.31
NF2,other,3.31
NFAM1,other,0.474
NFASC,other,3.83
NFAT5,other,3.72
NFATC1,other,-0.225
NFATC2,other,1.32
NFATC2IP,other,0.0474
NFATC3,other,0.467
NFATC4,other,0.905
NFE2,other,1.89
NFE2L1,other,2.0
NFE2L2,in_trials,2.17
NFE2L3,other,-3.96
NFIA,other,3.91
NFIB,other,2.38
NFIC,other,2.28
NFIL3,other,2.03
NFIX,other,5.99
NFKB1,other,4.59
NFKB2,other,4.7
NFKBIA,other,0.945
NFKBIB,other,1.46
NFKBID,other,2.08
NFKBIE,other,2.21
NFKBIL1,other,1.49
NFKBIZ,other,1.16
NFRKB,other,1.22
NFS1,other,1.75
NFU1,other,0.015
NFX1,other,2.56
NFXL1,other,2.31
NFYA,other,3.98
NFYB,other,2.86
NFYC,other,3.38
NGB,other,-0.102
NGDN,other,-0.0454
NGEF,other,3.04
NGF,other,1.12
NGFR,other,1.28
NGLY1,other,-0.135
NGRN,other,-0.902
NHEJ1,other,0.633
NHLH1,other,0.388
NHLH2,other,1.19
NHLRC1,other,-0.0587
NHLRC2,other,1.36
NHLRC3,other,-0.00503
NHLRC4,other,-0.0883
NHP2,other,0.434
NHS,other,3.29
NHSL1,other,0.999
NHSL2,other,1.2
NIBAN1,other,-0.0618
NIBAN2,other,1.57
NIBAN3,other,0.0408
NICN1,other,1.0
NID1,other,1.54
NID2,other,-0.419
NIF3L1,other,0.342
NIFK,other,0.214
NIM1K,other,-0.291
NIN,other,0.53
NINJ1,other,1.26
NINJ2,other,-0.164
NINL,other,-0.66
NIP7,other,0.0176
NIPA1,other,1.39
NIPA2,other,0.242
NIPAL1,other,1.21
NIPAL2,other,0.305
NIPAL3,other,1.5
NIPAL4,other,1.32
NIPBL,other,8.26
NIPSNAP1,other,1.5
NIPSNAP2,other,0.762
NIPSNAP3A,other,0.476
NIPSNAP3B,other,0.78
NISCH,other,3.45
NIT1,other,-0.576
NIT2,other,0.773
NKAIN1,other,1.82
NKAIN2,other,1.6
NKAIN3,other,0.78
NKAIN4,other,-0.301
NKAP,other,1.99
NKAPD1,other,0.769
NKAPL,other,0.539
NKD1,other,1.09
NKD2,other,-0.816
NKG7,other,-0.113
NKIRAS1,other,1.04
NKIRAS2,other,1.45
NKPD1,other,0.767
NKRF,other,4.03
NKTR,other,1.3
NKX1-1,other,-9.17
NKX1-2,other,-0.759
NKX2-1,other,1.41
NKX2-2,other,-0.156
NKX2-3,other,0.0648
NKX2-4,other,-0.958
NKX2-5,other,0.468
NKX2-6,other,-1.08
NKX2-8,other,-1.25
NKX3-1,other,-1.29
NKX3-2,other,-1.42
NKX6-1,other,0.303
NKX6-2,other,-1.35
NKX6-3,other,-0.091
NLE1,other,1.4
NLGN1,other,3.46
NLGN2,other,5.17
NLGN3,other,5.67
NLGN4X,other,5.23
NLGN4Y,other,3.15
NLK,other,4.16
NLN,other,0.345
NLRC3,other,-1.79
NLRC4,other,1.73
NLRC5,other,2.64
NLRP1,other,2.29
NLRP10,other,-0.577
NLRP11,other,-0.108
NLRP12,other,-2.06
NLRP13,other,-2.37
NLRP14,other,-1.3
NLRP2,other,-1.93
NLRP2B,other,-3.0
NLRP3,other,3.52
NLRP4,other,-0.496
NLRP5,other,-3.22
NLRP6,other,-0.0333
NLRP7,other,-0.287
NLRP8,other,-0.66
NLRP9,other,-1.6
NLRX1,other,1.35
NMB,other,-0.548
NMBR,other,-1.58
NMD3,other,1.01
NME1,other,0.983
NME1-NME2,other,1.49
NME2,other,1.05
NME3,other,-3.03
NME4,other,-1.44
NME5,other,0.864
NME6,other,0.276
NME7,other,0.801
NME8,other,-0.434
NME9,other,1.7
NMI,other,0.431
NMNAT1,other,1.22
NMNAT2,other,2.53
NMNAT3,other,1.01
NMRAL1,other,-0.604
NMRK1,other,0.423
NMRK2,other,-0.625
NMS,other,-0.116
NMT1,other,3.43
NMT2,other,2.11
NMU,other,0.214
NMUR1,other,0.908
NMUR2,other,-0.38
NNAT,other,0.588
NNMT,other,-1.47
NNT,other,2.33
NOA1,other,-0.00542
NOB1,other,-0.278
NOBOX,other,-0.211
NOC2L,other,-1.31
NOC3L,other,0.521
NOC4L,other,-3.62
NOCT,other,1.14
NOD1,other,-0.0611
NOD2,other,0.545
NODAL,other,1.1
NOG,other,1.26
NOL10,other,0.665
NOL11,other,0.981
NOL12,other,0.0414
NOL3,other,-0.0132
NOL4,other,2.72
NOL4L,other,3.94
NOL6,other,2.18
NOL7,other,-0.839
NOL8,other,1.05
NOL9,other,1.71
NOLC1,other,-1.21
NOM1,other,-1.19
NOMO1,other,10.8
NOMO2,other,9.01
NOMO3,other,8.39
NONO,other,5.66
NOP10,other,0.298
NOP14,other,-0.761
NOP16,other,1.05
NOP2,other,0.813
NOP53,other,-0.603
NOP56,other,1.11
NOP58,other,1.41
NOP9,other,0.677
NOPCHAP1,other,-0.0871
NOS1,in_trials,5.14
NOS1AP,other,2.26
NOS2,in_trials,2.87
NOS3,in_trials,2.01
NOSIP,other,1.21
NOSTRIN,other,-0.763
NOTCH1,other,5.16
NOTCH2,other,6.57
NOTCH2NLB,other,4.93
NOTCH2NLC,other,4.45
NOTCH2NLR,other,1.93
NOTCH3,other,3.65
NOTCH4,other,2.67
NOTO,other,-0.764
NOTUM,other,0.569
NOVA1,other,2.68
NOVA2,other,4.89
NOX1,other,0.392
NOX3,other,0.133
NOX4,other,0.024
NOX5,other,0.357
NOXA1,other,-0.157
NOXO1,other,-2.75
NOXRED1,other,1.11
NPAP1,other,-0.318
NPAS1,other,0.154
NPAS2,other,3.79
NPAS3,other,1.86
NPAS4,other,1.44
NPAT,other,-0.256
NPB,other,-0.272
NPBWR1,other,-1.64
NPBWR2,other,1.36
NPC1,other,1.27
NPC1L1,in_trials,1.75
NPC2,other,0.518
NPDC1,other,-1.3
NPEPL1,in_trials,0.238
NPEPPS,in_trials,7.52
NPFF,other,-0.158
NPFFR1,other,0.0426
NPFFR2,other,-1.3
NPHP1,other,0.482
NPHP3,other,0.919
NPHP3-ACAD11,other,0.945
NPHP4,other,-0.294
NPHS1,other,0.778
NPHS2,other,0.794
NPIPA1,other,5.88
NPIPA2,other,4.89
NPIPA3,other,2.53
NPIPA5,other,5.24
NPIPB11,other,6.25
NPIPB15,other,7.7
NPIPB2,other,0.126
NPIPB4,other,7.69
NPIPB5,other,8.48
NPIPB6,other,4.92
NPIPB7,other,6.2
NPIPB8,other,0.00987
NPIPB9,other,2.46
NPL,other,1.26
NPLOC4,other,3.74
NPM1,in_trials,3.45
NPM2,other,-0.584
NPM3,other,-1.17
NPNT,other,0.683
NPPA,other,-0.414
NPPB,other,-0.361
NPPC,other,-0.264
NPR1,other,3.56
NPR2,in_trials,4.99
NPR3,other,0.743
NPRL2,other,2.08
NPRL3,other,1.17
NPS,other,-1.09
NPSR1,other,-0.0107
NPTN,other,4.06
NPTX1,other,2.42
NPTX2,other,1.07
NPTXR,other,1.16
NPVF,other,-1.27
NPW,other,-1.28
NPY,other,0.614
NPY1R,other,2.15
NPY2R,other,0.866
NPY4R,other,6.48
NPY4R2,other,6.81
NPY5R,other,0.753
NQO1,other,1.3
NQO2,other,0.501
NR0B1,other,1.12
NR0B2,other,0.497
NR1D1,other,2.71
NR1D2,other,0.42
NR1H2,in_trials,0.808
NR1H3,in_trials,1.92
NR1H4,in_trials,1.6
NR1I2,other,0.139
NR1I3,other,0.975
NR2C1,other,2.35
NR2C2,other,4.38
NR2C2AP,other,-0.269
NR2E1,other,4.01
NR2E3,other,-0.0598
NR2F1,other,5.5
NR2F2,other,4.96
NR2F6,other,1.62
NR3C1,approved,3.04
NR3C2,in_trials,2.91
NR4A1,other,1.82
NR4A2,other,2.51
NR4A3,other,2.63
NR5A1,other,3.14
NR5A2,other,2.11
NR6A1,other,2.48
NRAP,other,-0.0669
NRARP,other,2.62
NRAS,other,2.48
NRBF2,other,1.39
NRBP1,other,5.07
NRBP2,other,1.25
NRCAM,other,1.92
NRDC,other,3.33
NRDE2,other,1.17
NREP,other,-0.167
NRF1,other,6.15
NRG1,other,0.787
NRG2,other,1.03
NRG3,other,-0.447
NRG4,other,0.0422
NRGN,other,1.58
NRIP1,other,-1.06
NRIP2,other,-0.737
NRIP3,other,-0.397
NRK,other,-0.385
NRL,other,0.278
NRM,other,2.3
NRN1,other,1.51
NRN1L,other,-0.94
NRP1,other,1.83
NRP2,other,1.89
NRROS,other,0.447
NRSN1,other,0.746
NRSN2,other,0.353
NRTN,other,-0.0726
NRXN1,other,1.3
NRXN2,other,4.92
NRXN3,other,4.59
NSA2,other,3.05
NSD1,other,5.8
NSD2,other,6.02
NSD3,other,5.93
NSDHL,other,1.57
NSF,other,5.44
NSFL1C,other,1.31
NSG1,other,0.175
NSG2,other,1.21
NSL1,other,0.293
NSMAF,other,1.39
NSMCE1,other,0.681
NSMCE2,other,0.31
NSMCE3,other,-1.12
NSMCE4A,other,0.132
NSMF,other,1.06
NSRP1,other,0.922
NSUN2,other,-0.331
NSUN3,other,0.254
NSUN4,other,0.715
NSUN5,other,1.51
NSUN6,other,-2.74
NSUN7,other,1.16
NT5C,other,-1.27
NT5C1A,other,0.671
NT5C1B,other,-0.357
NT5C1B-RDH14,other,-0.483
NT5C2,other,3.45
NT5C3A,other,1.59
NT5C3B,other,0.118
NT5DC1,other,0.664
NT5DC2,other,1.19
NT5DC3,other,2.04
NT5DC4,other,-4.83
NT5E,other,0.654
NT5M,other,-0.173
NTAN1,other,0.0103
NTAQ1,other,-0.196
NTF3,other,1.75
NTF4,other,0.823
NTHL1,other,-1.82
NTM,other,1.6
NTMT1,other,2.02
NTMT2,other,0.363
NTN1,other,2.18
NTN3,other,-0.36
NTN4,other,2.18
NTN5,other,0.932
NTNG1,other,2.43
NTNG2,other,2.88
NTPCR,other,0.947
NTRK1,approved,1.45
NTRK2,approved,5.63
NTRK3,approved,2.46
NTS,other,-0.672
NTSR1,in_trials,-1.78
NTSR2,other,0.00653
NUAK1,other,2.15
NUAK2,other,1.71
NUB1,other,1.58
NUBP1,other,-1.68
NUBP2,other,-0.357
NUBPL,other,-0.05
NUCB1,other,0.387
NUCB2,other,0.669
NUCKS1,other,2.31
NUDC,other,2.13
NUDCD1,other,0.841
NUDCD2,other,-0.157
NUDCD3,other,0.102
NUDT1,other,-0.755
NUDT10,other,2.6
NUDT11,other,3.36
NUDT12,other,-1.05
NUDT13,other,0.547
NUDT14,other,-0.00871
NUDT15,other,-0.607
NUDT16,other,-0.888
NUDT16L1,other,-1.22
NUDT17,other,-0.979
NUDT18,other,-0.34
NUDT19,other,-4.47
NUDT2,other,0.311
NUDT21,other,5.13
NUDT22,other,0.635
NUDT3,other,1.34
NUDT4,other,3.39
NUDT5,other,0.664
NUDT6,other,0.104
NUDT7,other,-1.71
NUDT8,other,-0.441
NUDT9,other,1.06
NUF2,other,1.73
NUFIP1,other,0.673
NUFIP2,other,-0.0184
NUGGC,other,0.545
NUMA1,other,1.1
NUMB,other,1.47
NUMBL,other,2.73
NUP107,other,2.08
NUP133,other,1.12
NUP153,other,-0.919
NUP155,other,1.01
NUP160,other,1.13
NUP188,other,2.09
NUP205,other,2.28
NUP210,other,1.53
NUP210L,other,3.98
NUP214,other,0.601
NUP35,other,0.0137
NUP37,other,0.534
NUP42,other,-0.419
NUP43,other,0.199
NUP50,other,1.97
NUP54,other,1.93
NUP58,other,0.926
NUP62,other,0.688
NUP62CL,other,0.284
NUP85,other,0.949
NUP88,other,-0.142
NUP93,other,1.42
NUP98,other,2.17
NUPR1,other,0.632
NUPR2,other,-0.651
NUS1,other,1.98
NUSAP1,other,0.435
NUTF2,other,3.93
NUTM1,other,0.732
NUTM2A,other,10.1
NUTM2B,other,12.4
NUTM2D,other,10.2
NUTM2E,other,6.97
NUTM2F,other,6.15
NUTM2G,other,6.16
NVL,other,2.04
NWD1,other,1.1
NWD2,other,4.91
NXF1,other,3.29
NXF3,other,0.997
NXN,other,1.97
NXNL1,other,-0.579
NXNL2,other,-0.444
NXPE1,other,-0.0892
NXPE2,other,0.386
NXPE3,other,1.07
NXPE4,other,-1.03
NXPH1,other,-0.056
NXPH2,other,0.803
NXPH3,other,1.3
NXPH4,other,-0.0251
NXT1,other,2.79
NXT2,other,2.23
NYAP1,other,0.55
NYAP2,other,-0.349
NYNRIN,other,1.63
NYX,other,0.086
OAF,other,0.76
OARD1,other,-0.197
OAS1,other,0.229
OAS2,other,0.498
OAS3,other,1.5
OASL,other,0.258
OAT,other,1.84
OAZ1,other,-2.75
OAZ2,other,0.673
OAZ3,other,0.633
OBI1,other,-0.653
OBP2A,other,0.808
OBP2B,other,1.87
OBSCN,other,0.526
OBSL1,other,0.282
OC90,other,-1.84
OCA2,other,0.35
OCEL1,other,-1.13
OCIAD1,other,0.0391
OCIAD2,other,-0.275
OCLN,other,3.77
OCM,other,-0.0879
OCM2,other,0.684
OCRL,other,3.92
OCSTAMP,other,0.496
ODAD1,other,0.783
ODAD2,other,0.855
ODAD3,other,-0.511
ODAD4,other,-0.0616
ODAM,other,-0.698
ODAPH,other,0.142
ODC1,in_trials,1.49
ODF1,other,0.629
ODF2,other,3.19
ODF2L,other,-0.488
CIMAP1A,other,-0.535
CIMAP1B,other,-0.572
CIMAP1C,other,0.588
CIMAP1D,other,-0.462
ODF4,other,0.708
ODR4,other,0.793
OFD1,other,0.77
OGA,other,4.39
OGDH,other,6.16
OGDHL,other,1.01
OGFOD1,other,0.683
OGFOD2,other,-2.11
OGFOD3,other,0.33
OGFR,other,1.09
OGFRL1,other,0.463
OGG1,other,-0.752
OGN,other,1.52
OGT,other,8.38
OIP5,other,-1.24
OIT3,other,1.3
OLA1,other,2.8
OLAH,other,-1.17
OLFM1,other,4.85
OLFM2,other,3.83
OLFM3,other,1.96
OLFM4,other,0.436
OLFML1,other,-1.19
OLFML2A,other,-0.607
OLFML2B,other,-0.211
OLFML3,other,0.306
OLIG1,other,0.651
OLIG2,other,1.41
OLIG3,other,-0.692
OLR1,other,0.713
OMA1,other,-2.55
OMD,other,0.823
OMG,other,2.1
OMP,other,-0.342
ONECUT1,other,0.522
ONECUT2,other,0.555
ONECUT3,other,-0.121
OOEP,other,-0.0588
OOSP1,other,-1.67
OOSP2,other,0.14
OPA1,other,2.55
OPA3,other,0.565
OPALIN,other,0.193
OPCML,other,1.93
OPHN1,other,2.8
OPLAH,other,-0.652
OPN1LW,other,1.97
OPN1MW,other,4.11
OPN1SW,other,0.484
OPN3,other,1.45
OPN4,other,-0.22
OPN5,other,2.38
OPRD1,in_trials,1.17
OPRK1,in_trials,0.536
OPRL1,other,2.05
OPRM1,in_trials,-0.47
OPRPN,other,-0.214
OPTC,other,0.17
OPTN,other,0.809
OR10A2,other,0.406
OR10A3,other,-0.629
OR10A4,other,-1.83
OR10A5,other,0.2
OR10A6,other,-2.74
OR10A7,other,-1.1
OR10AC1,other,-6.01
OR10AD1,other,-3.57
OR10AG1,other,-1.24
OR10C1,other,0.0885
OR10D3,other,-4.55
OR10G2,other,-0.181
OR10G3,other,-0.138
OR10G4,other,1.53
OR10G7,other,0.962
OR10G8,other,-0.0242
OR10G9,other,0.692
OR10H1,other,1.05
OR10H2,other,1.08
OR10H3,other,-0.247
OR10H4,other,-0.118
OR10H5,other,1.38
OR10J1,other,-2.14
OR10J3,other,-1.57
OR10J4,other,-3.9
OR10J5,other,-0.374
OR10K1,other,-0.677
OR10K2,other,-0.756
OR10P1,other,-0.332
OR10Q1,other,-0.441
OR10R2,other,-1.01
OR10S1,other,-0.149
OR10T2,other,-0.966
OR10V1,other,-0.267
OR10W1,other,-0.897
OR10X1,other,-1.34
OR10Z1,other,-2.15
OR11A1,other,-0.0402
OR11G2,other,-0.524
OR11H1,other,6.85
OR11H12,other,5.68
OR11H2,other,6.39
OR11H4,other,-1.97
OR11H6,other,0.214
OR11H7,other,-5.73
OR11L1,other,-0.0934
OR12D1,other,-1.56
OR12D2,other,0.589
OR12D3,other,1.16
OR13A1,other,-1.87
OR13C2,other,1.17
OR13C3,other,-0.274
OR13C4,other,-0.0279
OR13C5,other,0.295
OR13C7,other,-2.78
OR13C8,other,0.132
OR13C9,other,0.31
OR13D1,other,0.418
OR13F1,other,-0.033
OR13G1,other,0.362
OR13H1,other,0.0772
OR13J1,other,0.291
OR14A16,other,0.569
OR14A2,other,-2.9
OR14C36,other,-0.417
OR14I1,other,-3.07
OR14J1,other,0.33
OR14K1,other,-2.54
OR1A1,other,-0.242
OR1A2,other,0.416
OR1B1,other,-0.253
OR1C1,other,-0.493
OR1D2,other,0.419
OR1D5,other,4.86
OR1E1,other,1.11
OR1E2,other,1.02
OR1F1,other,-2.57
OR1G1,other,0.627
OR1I1,other,-0.149
OR1J1,other,0.0407
OR1J2,other,-1.57
OR1J4,other,0.468
OR1K1,other,-0.0239
OR1L1,other,0.0897
OR1L3,other,0.27
OR1L4,other,1.92
OR1L6,other,1.63
OR1L8,other,1.04
OR1M1,other,0.101
OR1N1,other,0.084
OR1N2,other,0.486
OR1Q1,other,0.629
OR1S1,other,-0.968
OR1S2,other,-0.429
OR2A1,other,6.19
OR2A12,other,-0.166
OR2A14,other,-0.231
OR2A2,other,0.104
OR2A25,other,0.14
OR2A4,other,3.88
OR2A42,other,4.23
OR2A5,other,-0.332
OR2A7,other,7.3
OR2AE1,other,-0.0938
OR2AG1,other,-0.111
OR2AG2,other,0.0405
OR2AJ1,other,-3.9
OR2AK2,other,-0.171
OR2AP1,other,-2.91
OR2AT4,other,0.855
OR2B11,other,-0.468
OR2B2,other,1.25
OR2B3,other,0.744
OR2B6,other,0.42
OR2C1,other,-1.73
OR2C3,other,-0.501
OR2D2,other,-0.881
OR2D3,other,-0.436
OR2F1,other,-0.236
OR2F2,other,0.114
OR2G2,other,-1.52
OR2G3,other,-0.236
OR2G6,other,-1.42
OR2H1,other,-0.282
OR2H2,other,0.45
OR2J1,other,1.37
OR2J2,other,0.836
OR2J3,other,1.12
OR2K2,other,-0.165
OR2L13,other,0.452
OR2L2,other,-0.0618
OR2L3,other,0.166
OR2L5,other,-0.686
OR2L8,other,1.14
OR2M2,other,-0.763
OR2M3,other,-0.422
OR2M4,other,0.166
OR2M5,other,-0.512
OR2M7,other,-0.0692
OR2S2,other,0.53
OR2T1,other,-1.07
OR2T10,other,1.04
OR2T11,other,-0.439
OR2T12,other,1.47
OR2T2,other,5.72
OR2T27,other,5.25
OR2T29,other,4.44
OR2T3,other,5.08
OR2T33,other,2.75
OR2T34,other,4.01
OR2T35,other,5.92
OR2T4,other,0.463
OR2T5,other,5.05
OR2T6,other,-0.699
OR2T7,other,4.0
OR2T8,other,4.94
OR2V1,other,0.729
OR2V2,other,0.00364
OR2W1,other,0.398
OR2W3,other,-1.09
OR2Y1,other,-0.512
OR2Z1,other,-1.0
OR3A1,other,-0.177
OR3A2,other,1.61
OR3A3,other,2.51
OR4A15,other,-6.22
OR4A16,other,-4.38
OR4A47,other,-2.22
OR4A5,other,-6.6
OR4A8,other,-13.3
OR4B1,other,-3.31
OR4C11,other,-1.96
OR4C12,other,-1.08
OR4C13,other,-3.01
OR4C15,other,-7.01
OR4C16,other,-6.92
OR4C3,other,-1.76
OR4C45,other,0.833
OR4C46,other,-5.17
OR4C5,other,-4.86
OR4C6,other,-3.8
OR4D1,other,0.695
OR4D10,other,-0.372
OR4D11,other,-0.222
OR4D2,other,0.189
OR4D5,other,-0.0509
OR4D6,other,0.314
OR4D9,other,-0.312
OR4E2,other,-1.29
OR4F15,other,-1.48
OR4F17,other,7.65
OR4F21,other,5.18
OR4F4,other,6.81
OR4F5,other,4.14
OR4F6,other,-1.31
OR4K1,other,-3.76
OR4K13,other,-0.825
OR4K14,other,-0.716
OR4K15,other,-0.039
OR4K17,other,-2.53
OR4K2,other,-3.67
OR4K5,other,-3.14
OR4L1,other,-1.72
OR4M1,other,1.08
OR4M2B,other,6.57
OR4N2,other,1.55
OR4N4,other,4.64
OR4N4C,other,5.36
OR4N5,other,-1.29
OR4P4,other,0.0327
OR4Q2,other,-6.0
OR4Q3,other,-0.103
OR4S1,other,-3.23
OR4S2,other,0.384
OR4X1,other,-3.13
OR4X2,other,-4.38
OR51A2,other,5.68
OR51A4,other,2.7
OR51A7,other,-0.761
OR51B2,other,-1.81
OR51B4,other,-0.485
OR51B5,other,-1.79
OR51B6,other,-2.61
OR51C1,other,-8.91
OR51D1,other,-1.2
OR51E1,other,0.278
OR51E2,other,-1.45
OR51F1,other,-1.14
OR51F2,other,-0.716
OR51G1,other,-1.24
OR51G2,other,-1.71
OR51I1,other,-1.66
OR51I2,other,-1.98
OR51L1,other,0.043
OR51M1,other,-2.22
OR51Q1,other,-2.22
OR51S1,other,-1.83
OR51T1,other,-0.866
OR51V1,other,-1.94
OR52A1,other,-0.517
OR52A5,other,-0.762
OR52B2,other,-1.21
OR52B4,other,-1.36
OR52B6,other,-0.338
OR52D1,other,-0.712
OR52E2,other,-0.831
OR52E4,other,-1.31
OR52E6,other,-0.818
OR52E8,other,-1.46
OR52H1,other,0.286
OR52I1,other,1.22
OR52I2,other,1.11
OR52J3,other,-1.24
OR52K1,other,-0.722
OR52K2,other,-1.54
OR52L1,other,-0.0791
OR52M1,other,-3.85
OR52N1,other,-0.349
OR52N2,other,-3.94
OR52N4,other,-0.58
OR52N5,other,0.896
OR52R1,other,-0.792
OR52W1,other,-0.564
OR56A1,other,0.458
OR56A3,other,0.309
OR56A4,other,-0.0903
OR56A5,other,-0.135
OR56B1,other,-1.2
OR56B4,other,-1.36
OR5A1,other,0.0802
OR5A2,other,-0.152
OR5AC1,other,-3.76
OR5AC2,other,-1.6
OR5AK2,other,-1.6
OR5AK3P,other,-4.56
OR5AN1,other,-2.38
OR5AP2,other,-0.658
OR5AR1,other,-1.18
OR5AS1,other,-2.5
OR5AU1,other,-0.9
OR5B12,other,-0.901
OR5B17,other,-1.43
OR5B2,other,-0.979
OR5B21,other,0.0821
OR5B3,other,-1.2
OR5C1,other,-0.134
OR5D13,other,-2.16
OR5D14,other,-1.99
OR5D16,other,-1.99
OR5D18,other,-0.594
OR5D3,other,-3.27
OR5F1,other,-1.31
OR5H1,other,-0.25
OR5H14,other,-0.629
OR5H15,other,-0.866
OR5H2,other,-0.595
OR5H6,other,-1.6
OR5H8,other,-2.62
OR5I1,other,-1.28
OR5J2,other,-1.08
OR5K1,other,-1.53
OR5K2,other,-0.715
OR5K3,other,-2.5
OR5K4,other,-1.19
OR5L1,other,-0.719
OR5L2,other,-1.32
OR5M1,other,0.274
OR5M10,other,-0.233
OR5M11,other,-0.774
OR5M3,other,-0.119
OR5M8,other,-1.44
OR5M9,other,-1.75
OR5P2,other,-1.59
OR5P3,other,-0.867
OR5T1,other,-1.68
OR5T2,other,-2.28
OR5T3,other,-0.79
OR5V1,other,0.145
OR5W2,other,-1.96
OR6A2,other,-0.706
OR6B1,other,0.0225
OR6B2,other,2.42
OR6B3,other,2.32
OR6C1,other,-0.445
OR6C2,other,-1.54
OR6C3,other,-2.73
OR6C4,other,-2.86
OR6C6,other,-0.984
OR6C65,other,-0.286
OR6C68,other,-1.59
OR6C70,other,-1.79
OR6C74,other,0.0428
OR6C75,other,-0.267
OR6C76,other,0.12
OR6F1,other,0.661
OR6J1,other,-4.53
OR6K2,other,-1.01
OR6K3,other,-0.293
OR6K6,other,-0.368
OR6M1,other,0.304
OR6N1,other,-0.494
OR6N2,other,-0.422
OR6P1,other,-1.48
OR6Q1,other,-0.116
OR6S1,other,-0.879
OR6T1,other,0.0329
OR6V1,other,0.666
OR6X1,other,0.401
OR6Y1,other,-1.71
OR7A10,other,0.268
OR7A17,other,-0.0111
OR7A5,other,1.29
OR7C1,other,1.29
OR7C2,other,0.291
OR7D2,other,0.307
OR7D4,other,1.28
OR7E24,other,0.532
OR7G1,other,-0.434
OR7G2,other,0.479
OR7G3,other,0.444
OR8A1,other,0.459
OR8B12,other,-0.144
OR8B2,other,1.65
OR8B3,other,2.19
OR8B4,other,0.198
OR8B8,other,-0.209
OR8D1,other,-0.382
OR8D2,other,0.44
OR8D4,other,0.3
OR8G1,other,-0.357
OR8G2P,other,1.06
OR8G3,other,1.03
OR8G5,other,0.551
OR8H1,other,-0.307
OR8H2,other,-0.0648
OR8H3,other,-0.226
OR8I2,other,-1.39
OR8J1,other,-0.596
OR8J2,other,-3.4
OR8J3,other,-0.835
OR8K1,other,-0.948
OR8K3,other,-1.79
OR8K5,other,-1.54
OR8S1,other,0.224
OR8U1,other,-0.191
OR8U3,other,-0.875
OR9A1P,other,-0.668
OR9A2,other,0.436
OR9A4,other,-0.216
OR9G1,other,-2.5
OR9G4,other,-1.28
OR9I1,other,-1.12
OR9K2,other,-1.26
OR9Q1,other,0.105
OR9Q2,other,-0.178
ORAI1,other,0.359
ORAI2,other,2.66
ORAI3,other,-0.178
ORC1,other,1.21
ORC2,other,1.74
ORC3,other,0.518
ORC4,other,-0.125
ORC5,other,0.253
ORC6,other,-0.872
ORM1,other,1.57
ORM2,other,-0.385
ORMDL1,other,0.49
ORMDL2,other,0.959
ORMDL3,other,1.38
OS9,other,1.33
OSBP,other,5.01
OSBP2,other,2.25
OSBPL10,other,0.879
OSBPL11,other,2.35
OSBPL1A,other,2.02
OSBPL2,other,2.67
OSBPL3,other,1.01
OSBPL5,other,-0.257
OSBPL6,other,1.89
OSBPL7,other,2.84
OSBPL8,other,3.82
OSBPL9,other,3.98
OSCAR,other,0.0259
OSCP1,other,1.39
OSER1,other,0.927
OSGEP,other,0.812
OSGEPL1,other,1.6
OSGIN1,other,-2.79
OSGIN2,other,2.36
OSM,other,0.301
OSMR,in_trials,0.684
OSR1,other,1.82
OSR2,other,2.15
OST4,other,-0.304
OSTC,other,1.48
OSTF1,other,0.583
OSTM1,other,0.919
OSTN,other,0.149
OTC,other,1.75
OTOA,other,2.06
OTOF,other,0.858
OTOG,other,-0.742
OTOGL,other,-0.427
OTOL1,other,-1.17
OTOP1,other,0.601
OTOP2,other,0.486
OTOP3,other,-0.421
OTOR,other,-0.847
OTOS,other,-1.13
OTP,other,0.564
OTUB1,other,1.99
OTUB2,other,0.371
OTUD1,other,-1.59
OTUD3,other,1.27
OTUD4,other,3.49
OTUD5,other,5.26
OTUD6A,other,1.54
OTUD6B,other,-0.257
OTUD7A,other,1.85
OTUD7B,other,1.55
OTULIN,other,2.56
OTULINL,other,0.319
OTX1,other,1.35
OTX2,other,1.51
OVCA2,other,-1.86
OVCH1,other,-0.105
OVCH2,other,-0.518
OVGP1,other,0.441
OVOL1,other,1.87
OVOL2,other,1.05
OVOL3,other,-0.24
OXA1L,other,-0.308
OXCT1,other,3.57
OXCT2,other,6.12
OXER1,other,-0.641
OXGR1,other,0.202
OXLD1,other,-1.05
OXNAD1,other,-0.604
OXR1,other,1.02
OXSM,other,-0.0486
OXSR1,other,3.23
OXT,other,0.118
OXTR,other,0.921
P2RX1,other,1.48
P2RX2,other,-0.421
P2RX3,in_trials,1.18
P2RX4,other,0.381
P2RX5,other,-0.295
P2RX5-TAX1BP3,other,-0.294
P2RX6,other,0.453
P2RX7,in_trials,0.974
P2RY1,other,1.48
P2RY10,other,0.828
P2RY11,other,-2.63
P2RY12,in_trials,1.09
P2RY13,other,0.134
P2RY14,other,0.471
P2RY2,in_trials,-0.963
P2RY4,other,0.424
P2RY6,other,1.33
P2RY8,other,1.58
P3H1,other,1.17
P3H2,other,-1.08
P3H3,other,0.0982
P3H4,other,0.449
P3R3URF,other,-0.144
P3R3URF-PIK3R3,other,-0.936
P4HA1,other,3.28
P4HA2,other,1.42
P4HA3,other,0.0453
P4HB,other,1.12
P4HTM,other,2.5
PA2G4,other,5.39
PAAF1,other,1.04
PABIR1,other,1.86
PABIR2,other,1.49
PABIR3,other,0.196
PABPC1,other,8.19
PABPC1L,other,1.86
PABPC1L2B,other,1.2
PABPC3,other,0.212
PABPC4,other,3.55
PABPC4L,other,-0.0123
PABPC5,other,1.44
PABPN1,other,2.35
PABPN1L,other,-2.03
PACC1,other,1.17
PACRG,other,0.892
PACRGL,other,-0.599
PACS1,other,4.98
PACS2,other,2.72
PACSIN1,other,2.84
PACSIN2,other,2.16
PACSIN3,other,1.01
PADI1,other,-1.3
PADI2,other,0.528
PADI3,other,0.68
PADI4,other,0.081
PADI6,other,0.176
PAEP,other,0.492
PAF1,other,4.18
PAFAH1B1,other,4.81
PAFAH1B2,other,2.35
PAFAH1B3,other,1.12
PAFAH2,other,-0.0229
PAG1,other,1.24
PAGE1,other,-0.4
PAGE2,other,0.214
PAGE2B,other,0.406
PAGE3,other,-2.44
PAGE4,other,-0.485
PAGE5,other,0.659
PAGR1,other,0.128
PAH,in_trials,-0.663
PAICS,other,1.92
PAIP1,other,3.22
PAIP2,other,1.12
PAIP2B,other,0.976
PAK1,other,5.5
PAK1IP1,other,1.12
PAK2,other,5.36
PAK3,other,4.32
PAK4,other,0.391
PAK5,other,1.69
PAK6,other,0.838
PALB2,other,0.0672
PALD1,other,1.02
PALLD,other,1.2
PALM,other,0.478
PALM2AKAP2,other,-0.398
PALM3,other,0.802
PALMD,other,-0.273
PALS1,other,1.82
PALS2,other,1.44
PAM,other,0.964
PAM16,other,-1.11
PAMR1,other,-0.215
PAN2,other,5.05
PAN3,other,2.9
PANK1,other,2.48
PANK2,other,0.302
PANK3,other,3.51
PANK4,other,1.9
PANX1,other,-0.633
PANX2,other,1.35
PANX3,other,1.15
PAOX,other,0.304
PAPLN,other,0.244
PAPOLA,other,5.04
PAPOLB,other,-0.691
PAPOLG,other,3.0
PAPPA,other,2.85
PAPPA2,other,1.65
PAPSS1,other,1.91
PAPSS2,other,1.24
PAQR3,other,0.425
PAQR4,other,-0.435
PAQR5,other,0.729
PAQR6,other,0.296
PAQR7,other,1.88
PAQR8,other,1.14
PAQR9,other,1.92
PARD3,other,0.82
PARD3B,other,-1.21
PARD6A,other,1.38
PARD6B,other,1.47
PARD6G,other,0.425
PARG,other,4.64
PARK7,other,0.113
PARL,other,0.561
PARM1,other,0.403
PARN,other,-0.327
PARP1,in_trials,2.06
PARP10,other,1.75
PARP11,other,1.01
PARP12,other,0.889
PARP14,other,3.67
PARP15,other,0.0969
PARP16,other,-0.269
PARP2,in_trials,0.618
PARP3,in_trials,0.341
PARP4,other,2.2
PARP6,other,4.32
PARP8,other,2.12
PARP9,other,2.24
PARPBP,other,-0.411
PARS2,other,0.298
PARVA,other,1.56
PARVB,other,-0.0282
PARVG,other,0.00795
PASD1,other,-2.96
PASK,other,0.613
PATE1,other,-0.659
PATE2,other,0.0886
PATE3,other,0.21
PATE4,other,-0.458
PATJ,other,1.34
PATL1,other,2.81
PATL2,other,0.623
PATZ1,other,4.08
PAWR,other,-0.394
PAX1,other,-1.63
PAX2,other,2.1
PAX3,other,1.73
PAX4,other,-0.334
PAX5,other,2.77
PAX6,other,3.62
PAX7,other,0.948
PAX8,other,0.843
PAX9,other,0.704
PAXBP1,other,2.99
PAXIP1,other,3.54
PAXX,other,-0.376
PBDC1,other,0.201
PBK,other,0.162
PBLD,other,1.02
PBOV1,other,0.153
PBRM1,other,5.72
PBX1,other,5.46
PBX2,other,3.34
PBX3,other,2.93
PBX4,other,1.07
PBXIP1,other,1.32
PC,other,4.23
PCARE,other,-1.88
PCBD1,other,1.65
PCBD2,other,0.639
PCBP1,other,4.51
PCBP2,other,6.14
PCBP3,other,1.91
PCBP4,other,2.39
PCCA,other,0.227
PCCB,other,-1.02
PCDH1,other,4.5
PCDH10,other,1.49
PCDH11X,other,6.14
PCDH11Y,other,6.05
PCDH12,other,1.34
PCDH15,other,-1.21
PCDH17,other,1.01
PCDH18,other,0.58
PCDH19,other,3.18
PCDH20,other,0.0801
PCDH7,other,1.88
PCDH8,other,0.805
PCDH9,other,2.45
PCDHA1,other,-0.251
PCDHA10,other,-0.507
PCDHA11,other,-1.05
PCDHA12,other,-0.44
PCDHA13,other,0.0758
PCDHA2,other,-0.299
PCDHA3,other,-0.76
PCDHA4,other,-0.221
PCDHA5,other,-0.918
PCDHA6,other,-0.848
PCDHA7,other,0.651
PCDHA8,other,-0.581
PCDHA9,other,0.541
PCDHAC1,other,0.76
PCDHAC2,other,1.12
PCDHB1,other,1.21
PCDHB10,other,-0.555
PCDHB11,other,-1.99
PCDHB12,other,-2.62
PCDHB13,other,-0.646
PCDHB14,other,-1.73
PCDHB15,other,-0.546
PCDHB16,other,-0.489
PCDHB2,other,1.45
PCDHB3,other,0.605
PCDHB4,other,-0.752
PCDHB5,other,-1.27
PCDHB6,other,-1.7
PCDHB7,other,-1.83
PCDHB8,other,2.26
PCDHB9,other,-1.04
PCDHGA1,other,-0.282
PCDHGA10,other,1.07
PCDHGA11,other,0.403
PCDHGA12,other,-0.101
PCDHGA2,other,-0.27
PCDHGA3,other,-0.334
PCDHGA4,other,-0.941
PCDHGA5,other,-1.27
PCDHGA6,other,-1.34
PCDHGA7,other,-0.956
PCDHGA8,other,-0.749
PCDHGA9,other,0.352
PCDHGB1,other,-0.902
PCDHGB2,other,-0.363
PCDHGB3,other,-1.5
PCDHGB4,other,1.23
PCDHGB5,other,0.993
PCDHGB6,other,0.701
PCDHGB7,other,0.449
PCDHGC3,other,1.73
PCDHGC4,other,2.15
PCDHGC5,other,1.71
PCED1A,other,1.81
PCED1B,other,0.0167
PCF11,other,2.88
PCGF1,other,2.38
PCGF2,other,0.78
PCGF3,other,2.46
PCGF5,other,3.89
PCGF6,other,1.77
PCID2,other,1.95
PCIF1,other,3.46
PCK1,other,0.374
PCK2,other,0.292
PCLAF,other,0.556
PCLO,other,-0.671
PCM1,other,-9.81
PCMT1,other,2.49
PCMTD1,other,3.87
PCMTD2,other,1.53
PCNA,other,3.83
PCNP,other,1.58
PCNT,other,-0.946
PCNX1,other,2.2
PCNX2,other,1.39
PCNX3,other,2.95
PCNX4,other,-1.71
PCOLCE,other,0.0225
PCOLCE2,other,0.486
PCP2,other,-0.00472
PCP4,other,1.01
PCP4L1,other,-0.0115
PCSK1,other,1.84
PCSK1N,other,-0.845
PCSK2,other,4.39
PCSK4,other,-1.54
PCSK5,other,3.06
PCSK6,other,1.09
PCSK7,other,4.06
PCSK9,in_trials,1.24
PCTP,other,-0.489
PCYOX1,other,-0.506
PCYOX1L,other,0.806
PCYT1A,other,1.04
PCYT1B,other,3.28
PCYT2,other,1.68
PDAP1,other,2.25
PDC,other,0.323
PDCD1,approved,1.81
PDCD10,other,1.99
PDCD11,other,1.87
PDCD1LG2,other,-1.45
PDCD2,other,-0.762
PDCD2L,other,-0.326
PDCD4,other,-0.436
PDCD5,other,-0.153
PDCD6,other,1.14
PDCD6-AHRR,other,0.644
PDCD6IP,other,2.2
PDCD7,other,0.311
PDCL,other,0.921
PDCL2,other,0.997
PDCL3,other,1.2
PDE10A,approved,4.17
PDE11A,other,0.146
PDE12,other,1.85
PDE1A,in_trials,0.571
PDE1B,in_trials,3.22
PDE1C,in_trials,2.04
PDE2A,in_trials,5.3
PDE3A,approved,0.154
PDE3B,approved,-0.183
PDE4A,approved,3.11
PDE4B,approved,3.57
PDE4C,approved,1.74
PDE4D,approved,4.32
PDE4DIP,other,10.3
PDE5A,approved,2.42
PDE6A,in_trials,0.426
PDE6B,in_trials,-0.469
PDE6C,in_trials,1.67
PDE6D,in_trials,1.44
PDE6G,in_trials,0.33
PDE6H,in_trials,0.149
PDE7A,in_trials,1.99
PDE7B,in_trials,1.35
PDE8A,in_trials,0.42
PDE8B,in_trials,4.42
PDE9A,in_trials,1.74
PDF,other,-1.89
PDGFA,other,0.794
PDGFB,other,0.987
PDGFC,other,1.9
PDGFD,other,0.254
PDGFRA,approved,3.92
PDGFRB,approved,3.63
PDGFRL,other,-4.43
PDHA1,other,3.72
PDHA2,other,-0.712
PDHB,other,2.6
PDHX,other,-0.0359
PDIA2,other,-3.84
PDIA3,other,2.33
PDIA4,other,0.144
PDIA5,other,0.296
PDIA6,other,1.29
PDIK1L,other,4.14
PDILT,other,-0.236
PDK1,other,0.251
PDK2,other,3.06
PDK3,other,3.09
PDK4,other,0.105
PDLIM1,other,1.09
PDLIM2,other,-0.548
PDLIM3,other,0.6
PDLIM4,other,0.378
PDLIM5,other,0.797
PDLIM7,other,0.363
PDP1,other,1.85
PDP2,other,1.47
PDPK1,in_trials,4.41
PDPN,other,0.387
PDPR,other,6.09
PDRG1,other,-0.57
PDS5A,other,6.1
PDS5B,other,5.58
PDSS1,other,1.67
PDSS2,other,0.587
PDX1,other,-0.775
PDXDC1,other,4.68
PDXK,other,1.54
PDXP,other,0.302
PDYN,other,-0.471
PDZD11,other,2.73
PDZD2,other,3.08
NHERF4,other,0.673
PDZD4,other,1.75
PDZD7,other,-0.874
PDZD8,other,2.57
PDZD9,other,0.555
PDZK1,other,3.94
PDZK1IP1,other,-0.114
PDZRN3,other,-1.35
PDZRN4,other,-1.67
PEA15,other,2.83
PEAK1,other,0.817
PEAK3,other,-0.792
PEAR1,other,-0.193
PEBP1,other,1.05
PEBP4,other,-1.07
PECAM1,other,-5.84
PECR,other,-0.47
PEDS1,other,2.4
PEDS1-UBE2V1,other,3.19
PEF1,other,0.156
PEG10,other,0.0162
PEG3,other,0.242
PELI1,other,2.28
PELI2,other,1.64
PELI3,other,2.84
PELO,other,-0.127
PELP1,other,0.974
PEMT,other,0.0744
PENK,other,-0.35
PEPD,other,0.0142
PER1,other,-0.536
PER2,other,1.2
PER3,other,-0.373
PERM1,other,-1.05
PERP,other,0.686
PES1,other,1.75
PET100,other,0.0552
PET117,other,0.0937
PEX1,other,1.74
PEX10,other,-0.505
PEX11A,other,0.313
PEX11B,other,0.352
PEX11G,other,-0.367
PEX12,other,1.25
PEX13,other,-1.13
PEX14,other,1.86
PEX16,other,0.759
PEX19,other,-0.62
PEX2,other,0.0815
PEX26,other,0.151
PEX3,other,1.68
PEX5,other,1.44
PEX5L,other,3.44
PEX6,other,1.94
PEX7,other,0.135
PF4,other,0.457
PF4V1,other,0.0599
PFAS,other,1.26
PFDN1,other,1.17
PFDN2,other,0.547
PFDN4,other,1.33
PFDN5,other,-0.056
PFDN6,other,1.69
PFKFB1,other,-0.367
PFKFB2,other,3.22
PFKFB3,other,2.02
PFKFB4,other,2.59
PFKL,other,1.13
PFKM,other,4.4
PFKP,other,-0.535
PFN1,other,2.84
PFN2,other,2.25
PFN3,other,-1.23
PFN4,other,0.607
PGA3,other,4.87
PGA4,other,1.26
PGA5,other,0.609
PGAM1,other,2.43
PGAM2,other,0.163
PGAM4,other,1.98
PGAM5,other,0.518
PGAP1,other,1.16
PGAP2,other,1.64
PGAP3,other,0.208
PGAP4,other,1.67
PGAP6,other,-1.56
PGBD1,other,1.78
PGBD2,other,-0.988
PGBD4,other,1.52
PGBD5,other,1.29
PGC,other,0.312
PGD,other,2.34
PGF,in_trials,0.137
PGGHG,other,-0.715
PGGT1B,other,1.6
PGK1,other,1.07
PGK2,other,-1.54
PGLS,other,-1.27
PGLYRP1,other,0.197
PGLYRP2,other,0.665
PGLYRP3,other,0.43
PGLYRP4,other,-0.126
PGM1,other,0.0833
PGM2,other,0.562
PGM2L1,other,2.69
PGM3,other,1.79
PGM5,other,2.72
PGP,other,1.5
PGPEP1,other,0.81
PGPEP1L,other,-0.507
PGR,approved,0.65
PGRMC1,other,0.788
PGRMC2,other,0.206
PGS1,other,0.743
PHACTR1,other,3.54
PHACTR2,other,1.3
PHACTR3,other,1.16
PHACTR4,other,1.9
PHAF1,other,1.69
PHAX,other,0.391
PHB1,other,3.54
PHB2,other,1.7
PHC1,other,6.51
PHC2,other,3.54
PHC3,other,2.68
PHETA1,other,0.562
PHETA2,other,0.468
PHEX,other,1.7
PHF1,other,3.43
PHF10,other,2.48
PHF11,other,0.504
PHF12,other,4.09
PHF13,other,2.06
PHF14,other,1.84
PHF19,other,4.68
PHF2,other,4.63
PHF20,other,3.38
PHF20L1,other,2.51
PHF21A,other,3.81
PHF21B,other,0.11
PHF23,other,0.726
PHF24,other,1.25
PHF3,other,0.453
PHF5A,other,4.19
PHF6,other,3.55
PHF7,other,1.91
PHF8,other,5.05
PHGDH,other,0.891
PHGR1,other,1.48
PHIP,other,7.48
PHKA1,other,1.97
PHKA2,other,2.2
PHKB,other,0.285
PHKG1,other,0.608
PHKG2,other,0.901
PHLDA1,other,-0.844
PHLDA2,other,0.349
PHLDA3,other,-0.0454
PHLDB1,other,2.14
PHLDB2,other,0.804
PHLDB3,other,-1.76
PHLPP1,other,1.42
PHLPP2,other,-0.902
PHOSPHO1,other,1.34
PHOSPHO2,other,0.926
PHOX2A,other,1.22
PHOX2B,other,2.5
PHPT1,other,-1.86
PHRF1,other,-1.95
PHTF1,other,1.35
PHTF2,other,2.29
PHYH,other,0.18
PHYHD1,other,0.638
PHYHIP,other,4.45
PHYHIPL,other,1.9
PHYKPL,other,-1.2
PI15,other,1.09
PI16,other,0.381
PI3,other,-0.0482
PI4K2A,other,2.94
PI4K2B,other,0.894
PI4KA,other,6.48
PI4KB,other,5.11
PIANP,other,1.1
PIAS1,other,3.61
PIAS2,other,2.06
PIAS3,other,1.49
PIAS4,other,2.55
PIBF1,other,-0.915
PICALM,other,1.57
PICK1,other,2.42
PID1,other,0.943
PIDD1,other,-1.23
PIEZO1,other,-11.3
PIEZO2,other,2.66
PIF1,other,-0.288
CIMAP3,other,0.317
PIGA,other,3.16
PIGB,other,0.363
PIGC,other,1.14
PIGF,other,-0.758
PIGG,other,-0.284
PIGH,other,1.24
PIGK,other,0.785
PIGL,other,0.333
PIGM,other,0.191
PIGN,other,0.257
PIGO,other,1.82
PIGP,other,-0.189
PIGQ,other,-0.0836
PIGR,other,1.22
PIGS,other,1.31
PIGT,other,0.241
PIGU,other,0.788
PIGV,other,1.12
PIGW,other,0.217
PIGX,other,0.305
PIGY,other,0.108
PIGZ,other,-0.483
PIH1D1,other,0.596
PIH1D2,other,1.05
PIK3AP1,other,2.75
PIK3C2A,other,2.25
PIK3C2B,other,3.5
PIK3C2G,other,-1.4
PIK3C3,other,3.06
PIK3CA,approved,8.75
PIK3CB,in_trials,4.87
PIK3CD,approved,7.04
PIK3CG,approved,1.53
PIK3IP1,other,0.303
PIK3R1,in_trials,3.99
PIK3R2,in_trials,1.95
PIK3R3,in_trials,-0.944
PIK3R4,other,3.35
PIK3R5,in_trials,3.68
PIK3R6,other,-0.148
PIKFYVE,in_trials,3.19
PILRA,other,1.41
PILRB,other,0.495
PIM1,in_trials,2.88
PIM2,in_trials,2.11
PIM3,in_trials,-0.0988
PIMREG,other,0.579
PIN1,other,1.18
PIN4,other,1.09
PINK1,other,0.503
PINLYP,other,-0.363
PIP,other,0.24
PIP4K2A,other,1.61
PIP4K2B,other,4.14
PIP4K2C,other,1.59
PIP4P1,other,1.69
PIP4P2,other,1.29
PIP5K1A,other,3.98
PIP5K1B,other,3.14
PIP5K1C,other,2.78
PIP5KL1,other,-0.536
PIPOX,other,0.771
PIR,other,0.00953
PIRT,other,0.0946
PISD,other,0.462
PITHD1,other,1.29
PITPNA,other,2.95
PITPNB,other,3.34
PITPNC1,other,2.68
PITPNM1,other,3.49
PITPNM2,other,5.66
PITPNM3,other,3.06
PITRM1,other,-1.79
PITX1,other,1.09
PITX2,other,2.49
PITX3,other,1.42
PIWIL1,other,4.45
PIWIL2,other,-0.731
PIWIL3,other,0.541
PIWIL4,other,2.06
PJA1,other,1.72
PJA2,other,0.314
PJVK,other,0.0804
PKD1,other,-1.53
PKD1L1,other,1.35
PKD1L2,other,-7.55
PKD1L3,other,-5.56
PKD2,other,2.13
PKD2L1,other,0.188
PKD2L2,other,1.36
PKDCC,other,-1.07
PKDREJ,other,2.42
PKHD1,other,0.762
PKHD1L1,other,-0.633
PKIA,other,0.607
PKIB,other,-0.0634
PKIG,other,1.13
PKLR,other,1.3
PKM,other,3.28
PKMYT1,other,-0.0645
PKN1,other,1.13
PKN2,other,3.94
PKN3,other,1.85
PKNOX1,other,1.56
PKNOX2,other,1.85
PKP1,other,-0.122
PKP2,other,1.3
PKP3,other,-2.49
PKP4,other,1.58
PLA1A,other,0.052
PLA2G10,in_trials,0.656
PLA2G12A,other,0.645
PLA2G12B,other,1.51
PLA2G15,other,1.3
PLA2G1B,other,-0.0724
PLA2G2A,in_trials,1.41
PLA2G2C,other,0.364
PLA2G2D,other,-0.488
PLA2G2E,other,0.517
PLA2G2F,other,-0.532
PLA2G3,other,-0.247
PLA2G4A,other,2.69
PLA2G4B,other,-2.19
PLA2G4C,other,0.718
PLA2G4D,other,-0.203
PLA2G4E,other,0.255
PLA2G4F,other,-1.03
PLA2G5,in_trials,0.258
PLA2G6,other,2.03
PLA2G7,other,-1.4
PLA2R1,other,1.41
PLAA,other,0.713
PLAAT1,other,-0.301
PLAAT2,other,1.24
PLAAT3,other,-0.156
PLAAT4,other,1.43
PLAAT5,other,-0.556
PLAC1,other,0.907
PLAC8,other,1.06
PLAC8L1,other,1.04
PLAC9,other,-0.0567
PLAG1,other,2.58
PLAGL1,other,1.9
PLAGL2,other,3.25
PLAT,in_trials,0.993
PLAU,other,1.65
PLAUR,other,0.547
PLB1,other,-0.418
PLBD1,other,1.31
PLBD2,other,0.958
PLCB1,other,5.07
PLCB2,other,1.5
PLCB3,other,4.56
PLCB4,other,4.8
PLCD1,other,1.81
PLCD3,other,1.03
PLCD4,other,1.74
PLCE1,other,2.81
PLCG1,other,4.42
PLCG2,other,-1.54
PLCH1,other,2.99
PLCH2,other,-0.0707
PLCL1,other,1.87
PLCL2,other,4.7
PLCXD1,other,-1.69
PLCXD2,other,0.17
PLCXD3,other,-0.496
PLCZ1,other,-0.596
PLD1,other,0.245
PLD2,other,0.765
PLD3,other,1.08
PLD4,other,-0.986
PLD5,other,2.17
PLD5P1,other,0.315
PLD6,other,0.311
PLEC,other,-1.58
PLEK,other,0.363
PLEK2,other,1.01
PLEKHA1,other,0.137
PLEKHA2,other,2.06
PLEKHA3,other,2.4
PLEKHA4,other,0.0668
PLEKHA5,other,1.27
PLEKHA6,other,0.957
PLEKHA7,other,0.591
PLEKHA8,other,1.9
PLEKHB1,other,0.416
PLEKHB2,other,0.827
PLEKHD1,other,0.96
PLEKHF1,other,-0.605
PLEKHF2,other,2.6
PLEKHG1,other,1.81
PLEKHG2,other,0.796
PLEKHG3,other,1.68
PLEKHG4,other,2.3
PLEKHG4B,other,-0.744
PLEKHG5,other,1.66
PLEKHG6,other,-0.173
PLEKHG7,other,0.411
PLEKHH1,other,3.05
PLEKHH2,other,-3.31
PLEKHH3,other,0.119
PLEKHJ1,other,-1.17
PLEKHM1,other,5.23
PLEKHM2,other,1.99
PLEKHM3,other,1.91
PLEKHN1,other,-2.57
PLEKHO1,other,0.568
PLEKHO2,other,0.91
PLEKHS1,other,0.519
PLET1,other,-0.26
PLG,in_trials,1.52
PLGLB2,other,1.85
PLGRKT,other,-1.96
PLIN1,other,-0.948
PLIN2,other,-1.45
PLIN3,other,-0.107
PLIN4,other,0.135
PLIN5,other,-0.854
PLK1,in_trials,4.01
PLK2,other,4.04
PLK3,other,1.22
PLK4,in_trials,1.22
PLK5,other,-0.606
PLLP,other,0.0868
PLN,other,0.198
PLOD1,other,0.926
PLOD2,other,0.0791
PLOD3,other,0.00365
PLP1,other,3.03
PLP2,other,-0.136
PLPBP,other,1.05
PLPP1,other,0.546
PLPP2,other,0.489
PLPP3,other,2.11
PLPP4,other,2.18
PLPP5,other,0.401
PLPP6,other,-2.47
PLPP7,other,0.836
PLPPR1,other,2.2
PLPPR2,other,2.42
PLPPR3,other,-3.02
PLPPR4,other,3.32
PLPPR5,other,2.23
PLRG1,other,3.17
PLS1,other,1.68
PLS3,other,3.05
PLSCR1,other,0.742
PLSCR2,other,0.688
PLSCR3,other,0.733
PLSCR4,other,0.14
PLSCR5,other,-1.34
PLTP,other,0.704
PLVAP,other,0.339
PLXDC1,other,1.17
PLXDC2,other,0.296
PLXNA1,other,4.55
PLXNA2,other,4.33
PLXNA3,other,0.726
PLXNA4,other,5.89
PLXNB1,other,3.96
PLXNB2,other,4.39
PLXNB3,other,-1.09
PLXNC1,other,4.61
PLXND1,other,4.7
PM20D1,other,0.906
PM20D2,other,0.164
PMAIP1,other,-0.516
PMCH,other,0.524
PMEL,other,1.48
PMEPA1,other,0.299
PMF1,other,-0.297
PMF1-BGLAP,other,-0.279
PMFBP1,other,-0.293
PML,other,2.24
PMM1,other,0.664
PMM2,other,-1.95
PMP2,other,0.102
PMP22,other,0.996
PMPCA,other,-0.345
PMPCB,other,0.216
PMS1,other,0.276
PMS2,other,0.981
PMVK,other,0.784
PNCK,other,1.19
PNISR,other,1.25
PNKD,other,-0.0837
PNKP,other,-3.21
PNLDC1,other,0.5
PNLIP,other,1.2
PNLIPRP1,other,0.0264
PNLIPRP2,other,0.612
PNLIPRP3,other,-0.565
PNMA1,other,0.047
PNMA2,other,-0.0421
PNMA3,other,1.22
PNMA5,other,0.51
PNMA6A,other,4.0
PNMA6E,other,-1.63
PNMA6F,other,-5.98
PNMA8A,other,-0.841
PNMA8B,other,-0.0175
PNMT,other,0.196
PNN,other,0.016
PNO1,other,0.198
PNOC,other,0.111
PNP,in_trials,0.962
PNPLA1,other,0.401
PNPLA2,other,-1.13
PNPLA3,other,-0.438
PNPLA4,other,-0.98
PNPLA5,other,-0.7
PNPLA6,other,4.83
PNPLA7,other,1.16
PNPLA8,other,0.437
PNPO,other,1.2
PNPT1,other,-0.132
PNRC1,other,-1.19
PNRC2,other,1.47
POC1A,other,1.16
POC1B,other,0.308
POC1B-GALNT4,other,-0.886
POC5,other,-0.27
PODN,other,1.42
PODNL1,other,0.0802
PODXL,other,1.13
PODXL2,other,1.35
POF1B,other,-1.2
POFUT1,other,0.658
POFUT2,other,0.695
POGK,other,4.24
POGLUT1,other,1.16
POGLUT2,other,0.856
POGLUT3,other,-0.177
POGZ,other,4.7
POLA1,approved,2.79
POLA2,approved,1.49
POLB,other,1.87
POLD1,approved,2.75
POLD2,approved,2.68
POLD3,approved,0.758
POLD4,approved,0.386
POLDIP2,other,2.07
POLDIP3,other,0.511
POLE,approved,2.44
POLE2,approved,0.69
POLE3,approved,0.501
POLE4,other,-1.84
POLG,other,-0.608
POLG2,other,-0.0116
POLH,other,1.41
POLI,other,-0.718
POLK,other,0.753
POLL,other,1.65
POLM,other,0.0604
POLN,other,-0.259
POLQ,other,1.39
POLR1A,other,5.08
POLR1B,other,5.17
POLR1C,other,-1.14
POLR1D,other,0.324
POLR1E,other,1.73
POLR1F,other,-0.48
POLR1G,other,0.263
POLR1H,other,2.11
POLR2A,other,11.6
POLR2B,other,9.71
POLR2C,other,2.06
POLR2D,other,1.62
POLR2E,other,0.0407
POLR2F,other,1.48
POLR2G,other,2.76
POLR2H,other,2.56
POLR2I,other,1.74
POLR2J,other,2.75
POLR2J2,other,1.52
POLR2K,other,0.949
POLR2L,other,-0.288
POLR2M,other,0.336
POLR3A,other,3.66
POLR3B,other,4.28
POLR3C,other,1.29
POLR3D,other,-0.034
POLR3E,other,1.43
POLR3F,other,1.63
POLR3G,other,0.277
POLR3GL,other,1.3
POLR3H,other,-0.236
POLR3K,other,0.0463
POLRMT,other,-2.81
POM121,other,5.06
POM121C,other,7.87
POM121L12,other,-3.03
POM121L2,other,1.12
POMC,other,-1.58
POMGNT1,other,1.99
POMGNT2,other,1.15
POMK,other,0.437
POMP,other,0.842
POMT1,other,1.03
POMT2,other,0.209
POMZP3,other,2.15
PON1,other,0.346
PON2,other,1.21
PON3,other,0.237
POP1,other,1.81
POP4,other,-0.0834
POP5,other,0.0969
POP7,other,0.594
POPDC2,other,0.767
POPDC3,other,0.686
POR,other,0.087
PORCN,other,3.28
POSTN,other,0.777
POT1,other,1.62
POTEA,other,-3.5
POTEB2,other,2.22
POTEB3,other,8.83
POTEC,other,3.06
POTED,other,5.74
POTEE,other,7.94
POTEF,other,8.03
POTEG,other,9.48
POTEH,other,7.73
POTEI,other,8.47
POTEJ,other,9.48
POTEM,other,7.35
POU1F1,other,0.429
POU2AF1,other,0.875
POU2F1,other,2.84
POU2F2,other,3.11
POU2F3,other,1.31
POU3F1,other,2.85
POU3F2,other,2.81
POU3F3,other,1.84
POU3F4,other,1.91
POU4F1,other,1.95
POU4F2,other,-0.342
POU4F3,other,0.205
POU5F1,other,3.5
POU5F1B,other,0.00973
POU5F2,other,0.529
POU6F1,other,1.82
POU6F2,other,1.07
PP2D1,other,-0.275
PPA1,other,0.932
PPA2,other,-0.397
PPAN,other,-1.23
PPAN-P2RY11,other,-2.54
PPARA,in_trials,2.48
PPARD,in_trials,3.49
PPARG,approved,3.17
PPARGC1A,other,1.22
PPARGC1B,other,0.982
PPAT,approved,4.77
PPBP,other,-0.693
PPCDC,other,0.467
PPCS,other,0.91
PPDPF,other,-1.44
PPDPFL,other,-0.783
PPEF1,other,3.01
PPEF2,other,0.188
PPFIA1,other,1.59
PPFIA2,other,3.6
PPFIA3,other,6.21
PPFIA4,other,1.85
PPFIBP1,other,1.4
PPFIBP2,other,-1.59
PPHLN1,other,0.0494
PPIA,approved,3.16
PPIAL4A,other,-0.0756
PPIAL4C,other,5.56
PPIAL4G,other,2.23
PPIAL4H,other,2.83
PPIB,other,0.126
PPIC,other,0.0166
PPID,other,0.293
PPIE,other,1.39
PPIF,other,0.115
PPIG,other,2.26
PPIH,other,1.97
PPIL1,other,0.751
PPIL2,other,1.55
PPIL3,other,0.77
PPIL4,other,1.9
PPIL6,other,0.244
PPIP5K1,other,4.08
PPIP5K2,other,5.64
PPL,other,-5.25
PPM1A,other,4.51
PPM1B,other,-0.844
PPM1D,other,3.26
PPM1E,other,3.32
PPM1F,other,1.59
PPM1G,other,4.73
PPM1H,other,1.19
PPM1J,other,0.829
PPM1K,other,1.97
PPM1L,other,2.56
PPM1M,other,0.655
PPM1N,other,-0.717
PPME1,other,2.45
PPOX,other,1.55
PPP1CA,other,3.23
PPP1CB,other,6.71
PPP1CC,other,4.77
PPP1R10,other,3.75
PPP1R11,other,2.07
PPP1R12A,other,3.51
PPP1R12B,other,1.88
PPP1R12C,other,0.341
PPP1R13B,other,2.12
PPP1R13L,other,0.0722
PPP1R14A,other,-0.22
PPP1R14B,other,1.91
PPP1R14C,other,0.26
PPP1R14D,other,0.199
PPP1R15A,other,-0.304
PPP1R15B,other,-1.15
PPP1R16A,other,-0.982
PPP1R16B,other,3.19
PPP1R17,other,-0.739
PPP1R18,other,1.39
PPP1R1A,other,0.48
PPP1R1B,other,0.55
PPP1R1C,other,-0.485
PPP1R2,other,1.49
PPP1R21,other,-4.23
PPP1R26,other,0.518
PPP1R27,other,-0.893
PPP1R2B,other,0.603
PPP1R2C,other,-2.95
SAXO4,other,0.181
PPP1R35,other,-1.36
PPP1R36,other,1.09
PPP1R37,other,0.59
PPP1R3A,other,-0.707
PPP1R3B,other,-2.07
PPP1R3C,other,1.41
PPP1R3D,other,-0.687
PPP1R3E,other,-0.751
PPP1R3F,other,-1.48
PPP1R3G,other,-1.46
PPP1R42,other,0.857
PPP1R7,other,2.83
PPP1R8,other,3.78
PPP1R9A,other,1.78
PPP1R9B,other,3.96
PPP2CA,in_trials,6.52
PPP2CB,in_trials,3.66
PPP2R1A,other,6.22
PPP2R1B,other,0.608
PPP2R2A,other,5.53
PPP2R2B,other,3.7
PPP2R2C,other,5.34
PPP2R2D,other,1.48
PPP2R3A,other,-0.413
PPP2R3B,other,-2.59
PPP2R3C,other,1.82
PPP2R5A,other,2.69
PPP2R5B,other,3.36
PPP2R5C,other,4.94
PPP2R5D,other,5.28
PPP2R5E,other,5.1
PPP3CA,approved,5.44
PPP3CB,other,5.44
PPP3CC,other,1.0
PPP3R1,other,4.25
PPP3R2,other,-0.218
PPP4C,other,4.71
PPP4R1,other,1.87
PPP4R2,other,1.35
PPP4R3A,other,5.07
PPP4R3B,other,0.0384
PPP4R3C,other,-3.73
PPP4R4,other,2.1
PPP5C,in_trials,3.48
PPP6C,other,3.59
PPP6R1,other,-0.317
PPP6R2,other,1.6
PPP6R3,other,2.52
PPRC1,other,0.776
PPT1,other,0.828
PPT2,other,2.59
PPT2-EGFL8,other,2.39
PPTC7,other,3.96
PPWD1,other,2.0
PPY,other,0.396
PQBP1,other,2.16
PRAC1,other,-0.271
PRAC2,other,0.896
PRADC1,other,1.36
PRAF2,other,0.863
PRAG1,other,-6.81
PRAM1,other,-0.0757
PRAME,other,-0.491
PRAMEF1,other,1.23
PRAMEF10,other,7.1
PRAMEF11,other,-0.0181
PRAMEF12,other,-1.16
PRAMEF13,other,5.76
PRAMEF14,other,1.67
PRAMEF15,other,3.81
PRAMEF17,other,-1.41
PRAMEF18,other,4.08
PRAMEF19,other,1.84
PRAMEF2,other,-0.148
PRAMEF20,other,-0.345
PRAMEF25,other,2.62
PRAMEF27,other,7.39
PRAMEF33,other,8.04
PRAMEF4,other,1.56
PRAMEF5,other,6.26
PRAMEF6,other,7.31
PRAMEF7,other,6.72
PRAMEF8,other,7.5
PRAMEF9,other,5.55
PRAP1,other,1.03
PRB1,other,-1.25
PRB2,other,0.701
PRB3,other,2.18
PRB4,other,-2.02
PRC1,other,0.3
PRCC,other,0.882
PRCD,other,0.562
PRCP,other,-0.284
PRDM1,other,2.15
PRDM10,other,4.07
PRDM11,other,4.5
PRDM12,other,1.68
PRDM13,other,-0.408
PRDM14,other,2.44
PRDM15,other,3.52
PRDM16,other,1.81
PRDM2,other,0.904
PRDM4,other,1.88
PRDM5,other,1.12
PRDM6,other,-0.263
PRDM7,other,0.402
PRDM8,other,-0.593
PRDM9,other,2.29
PRDX1,other,0.384
PRDX2,other,0.902
PRDX3,other,-0.0874
PRDX4,other,0.808
PRDX5,other,0.248
PRDX6,other,1.89
PREB,other,0.639
PRELID1,other,2.28
PRELID2,other,0.391
PRELID3A,other,0.0103
PRELID3B,other,1.3
PRELP,other,0.991
PREP,other,2.74
PREPL,other,-3.42
PREX1,other,5.28
PREX2,other,1.72
PRF1,other,0.342
PRG2,other,0.252
PRG3,other,-0.4
PRG4,other,1.55
PRH1,other,3.27
PRH2,other,2.81
PRICKLE1,other,2.73
PRICKLE2,other,2.16
PRICKLE3,other,0.0657
PRICKLE4,other,-0.689
PRIM1,approved,2.24
PRIM2,approved,3.5
PRIMA1,other,0.0526
PRIMPOL,other,0.642
PRKAA1,in_trials,4.36
PRKAA2,in_trials,2.36
PRKAB1,in_trials,2.03
PRKAB2,in_trials,1.71
PRKACA,other,4.39
PRKACB,other,3.08
PRKACG,other,-0.358
PRKAG1,in_trials,2.38
PRKAG2,in_trials,2.87
PRKAG3,in_trials,-0.00914
PRKAR1A,other,4.63
PRKAR1B,other,1.67
PRKAR2A,other,1.27
PRKAR2B,other,2.67
PRKCA,approved,4.88
PRKCB,approved,5.29
PRKCD,approved,4.15
PRKCE,approved,5.49
PRKCG,approved,4.32
PRKCH,approved,2.54
PRKCI,approved,4.48
PRKCQ,approved,3.18
PRKCSH,other,0.369
PRKCZ,approved,3.52
PRKD1,approved,1.47
PRKD2,other,4.7
PRKD3,approved,0.897
PRKDC,in_trials,3.21
PRKG1,other,4.41
PRKG2,other,3.73
PRKN,other,-1.06
PRKRA,other,1.25
PRKRIP1,other,-0.283
PRKX,other,2.21
PRL,other,1.1
PRLH,other,-0.864
PRLHR,other,-1.45
PRLR,other,1.42
PRM1,other,-0.606
PRM2,other,-1.62
PRM3,other,-0.995
PRMT1,other,5.05
PRMT2,other,1.66
PRMT3,other,-0.335
PRMT5,in_trials,4.83
PRMT6,other,-0.258
PRMT7,other,0.666
PRMT8,other,5.09
PRMT9,other,0.999
PRND,other,-0.107
PRNP,other,1.29
PROB1,other,0.362
PROC,other,1.76
PROCA1,other,-0.182
PROCR,other,0.479
PRODH,other,1.83
PRODH2,other,0.24
PROK1,other,-0.0106
PROK2,other,0.217
PROKR1,other,-0.636
PROKR2,other,1.1
PROM1,other,-1.01
PROM2,other,0.856
PROP1,other,0.426
PRORP,other,0.719
PROS1,other,1.95
PROSER1,other,0.354
PROSER2,other,-3.28
PROSER3,other,-0.177
PROX1,other,3.54
PROX2,other,0.897
PROZ,other,-0.179
PRPF18,other,3.1
PRPF19,other,5.62
PRPF3,other,5.42
PRPF31,other,4.17
PRPF38A,other,3.1
PRPF38B,other,2.3
PRPF39,other,3.26
PRPF4,other,2.93
PRPF40A,other,2.33
PRPF40B,other,1.45
PRP4K,other,5.25
PRPF6,other,7.15
PRPF8,other,12.4
PRPH,other,0.96
PRPH2,other,0.198
PRPS1,other,5.54
PRPS1L1,other,-0.261
PRPS2,other,4.34
PRPSAP1,other,1.54
PRPSAP2,other,3.43
PRR11,other,1.07
PRR12,other,1.35
PRR13,other,1.21
PRR14,other,1.1
PRR14L,other,0.668
PRR15,other,-0.653
PRR15L,other,0.0646
PRR16,other,-0.778
PRR18,other,-1.62
PRR19,other,0.178
PRR22,other,-0.897
PRR23A,other,0.678
PRR23B,other,-0.0724
PRR23C,other,0.208
PRR27,other,-0.0959
PRR29,other,0.233
PRR3,other,0.532
PRR30,other,-0.386
PRR32,other,-0.238
PRR33,other,-8.07
PRR35,other,-0.603
PRR36,other,1.14
PRR4,other,-0.875
PRR5,other,-0.964
PRR5-ARHGAP8,other,-5.58
PRR5L,other,1.81
PRR7,other,0.151
PRR9,other,-0.333
PRRC1,other,-0.45
PRRC2A,other,-1.7
PRRC2B,other,0.94
PRRC2C,other,2.8
PRRG1,other,0.367
PRRG2,other,-0.566
PRRG3,other,-1.53
PRRG4,other,1.73
PRRT1,other,2.62
PRRT2,other,-0.511
PRRT3,other,-0.196
PRRT4,other,0.0613
PRRX1,other,0.983
PRRX2,other,-0.82
PRSS1,other,-1.51
PRSS12,other,-0.0226
PRSS16,other,1.13
PRSS2,other,0.16
PRSS21,other,-1.14
PRSS22,other,-0.456
PRSS23,other,0.599
PRSS27,other,-0.13
PRSS3,other,1.69
PRSS33,other,-1.15
PRSS35,other,-0.9
PRSS36,other,-0.291
PRSS37,other,0.255
PRSS38,other,-0.0885
PRSS41,other,-0.645
PRSS45P,other,0.255
PRSS48,other,0.561
PRSS50,other,0.554
PRSS53,other,0.637
PRSS54,other,0.974
PRSS55,other,-4.68
PRSS56,other,-0.468
PRSS57,other,-0.771
PRSS58,other,-0.906
PRSS8,other,1.65
PRTFDC1,other,0.33
PRTG,other,-0.222
PRTN3,other,-0.414
PRUNE1,other,1.77
PRUNE2,other,1.51
PRX,other,0.859
PRXL2A,other,0.719
PRXL2B,other,-0.111
PRXL2C,other,-0.0781
PSAP,other,0.326
PSAPL1,other,-2.03
PSAT1,other,0.995
PSCA,other,-0.107
PSD,other,3.16
PSD2,other,0.958
PSD3,other,-3.57
PSD4,other,0.992
PSEN1,in_trials,3.29
PSEN2,in_trials,1.14
PSENEN,in_trials,0.321
PSG1,other,-5.42
PSG11,other,-3.28
PSG2,other,-4.18
PSG3,other,-4.32
PSG4,other,-3.12
PSG5,other,-3.0
PSG6,other,-4.62
PSG7,other,-5.44
PSG8,other,-4.95
PSG9,other,-2.26
PSIP1,other,0.228
PSKH1,other,2.87
PSKH2,other,-0.445
PSMA1,approved,2.32
PSMA2,approved,3.9
PSMA3,approved,2.22
PSMA4,approved,3.32
PSMA5,approved,4.19
PSMA6,approved,3.1
PSMA7,approved,2.6
PSMA8,approved,0.0664
PSMB1,approved,0.448
PSMB10,approved,0.936
PSMB11,approved,-0.059
PSMB2,approved,1.51
PSMB3,approved,2.2
PSMB4,approved,0.427
PSMB5,approved,1.72
PSMB6,approved,1.23
PSMB7,approved,1.63
PSMB8,approved,0.522
PSMB9,approved,0.979
PSMC1,approved,6.54
PSMC2,approved,5.54
PSMC3,approved,5.89
PSMC3IP,other,0.344
PSMC4,approved,5.32
PSMC5,approved,5.45
PSMC6,approved,5.24
PSMD1,approved,5.72
PSMD10,other,1.56
PSMD11,approved,3.82
PSMD12,approved,2.29
PSMD13,approved,1.22
PSMD14,approved,5.21
PSMD2,approved,4.58
PSMD3,approved,3.03
PSMD4,approved,4.14
PSMD5,other,0.523
PSMD6,approved,1.21
PSMD7,approved,2.06
PSMD8,approved,0.0572
PSMD9,other,-0.0921
PSME1,other,1.38
PSME2,other,1.52
PSME3,other,2.81
PSME3IP1,other,1.58
PSME4,other,1.65
PSMF1,other,0.305
PSMG1,other,0.0957
PSMG2,other,0.0753
PSMG3,other,0.218
PSMG4,other,-1.25
PSORS1C1,other,1.02
PSORS1C2,other,-0.409
PSPC1,other,4.75
PSPH,other,1.31
PSPN,other,-0.046
PSRC1,other,-0.161
PSTK,other,-0.178
PSTPIP1,other,-0.824
PSTPIP2,other,1.89
PTAFR,approved,2.29
PTAR1,other,1.67
PTBP1,other,1.25
PTBP2,other,4.0
PTBP3,other,2.17
PTCD1,other,-0.187
PTCD2,other,-0.424
PTCD3,other,-0.619
PTCH1,other,3.14
PTCH2,other,1.98
PTCHD1,other,2.96
PTCHD3,other,-1.52
PTCHD4,other,-0.411
PTCRA,other,0.153
PTDSS1,other,2.98
PTDSS2,other,2.76
PTEN,other,5.21
PTER,other,-1.12
PTF1A,other,-0.0789
PTGDR,in_trials,-0.856
PTGDR2,in_trials,0.578
PTGDS,other,0.127
PTGER1,other,0.632
PTGER2,other,0.336
PTGER3,approved,0.962
PTGER4,in_trials,2.83
PTGES,other,0.964
PTGES2,other,0.0821
PTGES3,other,1.92
PTGES3L,other,-0.135
PTGES3L-AARSD1,other,0.28
PTGFR,in_trials,1.2
PTGFRN,other,1.6
PTGIR,in_trials,0.303
PTGIS,other,-0.112
PTGR1,other,0.93
PTGR2,other,0.978
PTGS1,approved,1.18
PTGS2,approved,3.23
PTH,other,0.333
PTH1R,in_trials,2.52
PTH2,other,-0.483
PTH2R,other,-1.08
PTHLH,other,0.482
PTK2,in_trials,4.58
PTK2B,in_trials,2.53
PTK6,in_trials,0.125
PTK7,other,2.9
PTMA,other,0.643
PTMS,other,1.21
PTN,other,1.08
PTOV1,other,-0.495
PTP4A1,other,2.36
PTP4A2,other,3.04
PTP4A3,other,0.487
PTPA,other,1.74
PTPDC1,other,0.993
PTPMT1,other,0.104
PTPN1,other,3.52
PTPN11,other,5.61
PTPN12,other,1.5
PTPN13,other,1.12
PTPN14,other,3.2
PTPN18,other,0.512
PTPN2,other,2.73
PTPN20,other,4.86
PTPN21,other,-0.271
PTPN22,other,1.0
PTPN23,other,1.81
PTPN3,other,0.433
PTPN4,other,3.1
PTPN5,other,1.55
PTPN6,other,4.45
PTPN7,other,1.24
PTPN9,other,3.0
PTPRA,other,3.35
PTPRB,other,3.21
PTPRC,other,1.76
PTPRCAP,other,-0.216
PTPRD,other,-1.27
PTPRE,other,2.3
PTPRF,other,4.59
PTPRG,other,-0.0453
PTPRH,other,-0.0563
PTPRJ,other,0.819
PTPRK,other,3.59
PTPRM,other,3.66
PTPRN,other,1.89
PTPRN2,other,-0.989
PTPRO,other,1.53
PTPRQ,other,-0.811
PTPRR,other,0.832
PTPRS,other,4.56
PTPRT,other,3.6
PTPRU,other,3.39
PTPRZ1,other,1.19
PTRH1,other,-0.564
PTRH2,other,1.11
PTRHD1,other,-0.575
PTS,other,-0.112
PTTG1,other,1.08
PTTG1IP,other,0.132
PTTG2,other,0.234
PTX3,other,-0.238
PTX4,other,-1.17
PUDP,other,0.0527
PUF60,other,5.95
PUM1,other,6.05
PUM2,other,2.68
PUM3,other,-4.61
PURA,other,5.28
PURB,other,1.99
PURG,other,1.39
PUS1,other,0.264
PUS10,other,-0.613
PUS3,other,0.806
PUS7,other,1.04
PUS7L,other,-0.11
PUSL1,other,-3.74
PVALB,other,0.189
PVALEF,other,-1.75
PVR,other,1.27
PVRIG,other,0.216
PWP1,other,1.0
PWP2,other,3.16
PWWP2A,other,1.49
PWWP2B,other,0.0188
PWWP3A,other,-0.346
PWWP3B,other,-0.498
PXDC1,other,-0.841
PXDN,other,1.9
PXDNL,other,-2.1
PXK,other,1.06
PXMP2,other,-0.867
PXMP4,other,0.964
PXN,other,2.08
PXT1,other,0.495
PXYLP1,other,1.74
PYCARD,other,0.561
PYCR1,other,0.0475
PYCR2,other,0.902
PYCR3,other,0.357
PYDC1,other,-0.162
PYDC2,other,-0.434
PYGB,other,0.329
PYGL,other,0.546
PYGM,other,1.61
PYGO1,other,-0.00266
PYGO2,other,0.424
PYHIN1,other,0.0269
PYM1,other,1.51
PYROXD1,other,1.94
PYROXD2,other,0.0608
PYURF,other,0.95
PYY,other,-0.258
PZP,other,0.761
QARS1,other,0.422
QDPR,other,-0.00488
QKI,other,4.33
QPCT,other,-1.83
QPCTL,other,0.64
QPRT,other,1.46
QRFP,other,-0.582
QRFPR,other,-0.176
QRICH1,other,4.21
QRICH2,other,2.14
QRSL1,other,2.01
QSER1,other,2.44
QSOX1,other,0.592
QSOX2,other,0.562
QTRT1,other,0.601
QTRT2,other,0.8
R3HCC1,other,-0.408
R3HCC1L,other,-0.446
R3HDM1,other,2.12
R3HDM2,other,4.46
R3HDM4,other,-1.74
R3HDML,other,0.909
RAB10,other,3.89
RAB11A,other,4.2
RAB11B,other,3.12
RAB11FIP1,other,0.669
RAB11FIP2,other,1.28
RAB11FIP3,other,0.0832
RAB11FIP4,other,3.39
RAB11FIP5,other,2.04
RAB12,other,1.71
RAB13,other,1.85
RAB14,other,3.94
RAB15,other,1.47
RAB17,other,0.189
RAB18,other,1.53
RAB19,other,0.247
RAB1A,other,3.99
RAB1B,other,3.04
RAB20,other,0.868
RAB21,other,1.15
RAB22A,other,1.89
RAB23,other,0.834
RAB24,other,1.79
RAB25,other,0.853
RAB26,other,-2.35
RAB27A,other,-0.269
RAB27B,other,0.151
RAB28,other,0.119
RAB29,other,1.44
RAB2A,other,4.03
RAB2B,other,1.4
RAB30,other,2.83
RAB31,other,1.46
RAB32,other,-0.0926
RAB33A,other,2.55
RAB33B,other,0.976
RAB34,other,0.875
RAB35,other,3.76
RAB36,other,1.07
RAB37,other,0.0518
RAB38,other,-0.695
RAB39A,other,0.947
RAB39B,other,3.37
RAB3A,other,2.85
RAB3B,other,1.42
RAB3C,other,1.01
RAB3D,other,1.88
RAB3GAP1,other,1.75
RAB3GAP2,other,1.54
RAB3IL1,other,0.545
RAB3IP,other,0.461
RAB40A,other,2.4
RAB40AL,other,1.58
RAB40B,other,0.917
RAB40C,other,2.5
RAB41,other,0.0854
RAB42,other,1.86
RAB43,other,2.36
RAB44,other,2.37
RAB4A,other,1.2
RAB4B,other,1.12
RAB4B-EGLN2,other,1.12
RAB5A,other,1.79
RAB5B,other,2.53
RAB5C,other,2.15
RAB5IF,other,0.389
RAB6A,other,3.93
RAB6B,other,3.35
RAB6C,other,3.79
RAB6D,other,3.65
RAB7A,other,3.67
RAB8A,other,2.62
RAB8B,other,1.82
RAB9A,other,2.03
RAB9B,other,2.45
RABAC1,other,0.531
RABEP1,other,1.46
RABEP2,other,0.998
RABEPK,other,0.269
RABGAP1,other,4.42
RABGAP1L,other,1.8
RABGEF1,other,2.48
RABGGTA,other,0.506
RABGGTB,other,2.06
RABIF,other,0.17
RABL2A,other,3.04
RABL2B,other,2.75
RABL3,other,0.425
RABL6,other,-0.276
RAC1,other,5.16
RAC2,other,3.42
RAC3,other,1.53
RACGAP1,other,2.91
RACK1,other,5.46
RAD1,other,0.000858
RAD17,other,1.53
RAD18,other,-0.818
RAD21,other,4.25
RAD21L1,other,1.08
RAD23A,other,2.0
RAD23B,other,2.53
RAD50,other,2.04
RAD51,other,3.9
RAD51AP1,other,0.844
RAD51AP2,other,0.296
RAD51B,other,0.59
RAD51C,other,-0.437
RAD51D,other,0.503
RAD52,other,1.02
RAD54B,other,1.31
RAD54L,other,0.815
RAD54L2,other,4.85
RAD9A,other,0.0798
RAD9B,other,0.796
RADIL,other,-2.93
RADX,other,2.58
RAE1,other,3.93
RAET1E,other,0.0309
RAET1G,other,-0.216
RAET1L,other,1.74
RAF1,in_trials,3.38
RAG1,other,1.31
RAG2,other,0.111
RAI1,other,2.45
RAI14,other,2.44
RAI2,other,0.0141
RALA,other,4.01
RALB,other,2.54
RALBP1,other,3.36
RALGAPA1,other,8.52
RALGAPA2,other,1.01
RALGAPB,other,4.25
RALGDS,other,2.23
RALGPS1,other,3.81
RALGPS2,other,2.57
RALY,other,1.58
RALYL,other,0.0303
RAMAC,other,1.25
RAMACL,other,0.629
RAMP1,in_trials,0.313
RAMP2,in_trials,1.01
RAMP3,in_trials,0.144
RAN,other,5.47
RANBP1,other,2.17
RANBP10,other,2.07
RANBP17,other,-1.75
RANBP2,other,4.46
RANBP3,other,2.59
RANBP3L,other,0.727
RANBP6,other,-0.994
RANBP9,other,1.46
RANGAP1,other,1.73
RANGRF,other,0.293
RAP1A,other,2.78
RAP1B,other,3.81
RAP1GAP,other,2.35
RAP1GAP2,other,2.72
RAP1GDS1,other,0.691
RAP2A,other,3.56
RAP2B,other,3.01
RAP2C,other,2.13
RAPGEF1,other,4.69
RAPGEF2,other,4.84
RAPGEF3,other,1.11
RAPGEF4,other,2.24
RAPGEF5,other,1.19
RAPGEF6,other,2.41
RAPGEFL1,other,-0.0751
RAPH1,other,1.03
RAPSN,other,0.728
RARA,approved,3.86
RARB,approved,3.3
RARG,approved,4.4
RARRES1,other,0.293
RARRES2,other,-0.292
RARS1,other,0.00693
RARS2,other,0.329
RASA1,other,3.97
RASA2,other,-0.0862
RASA3,other,1.75
RASA4,other,6.35
RASA4B,other,6.9
RASAL1,other,0.736
RASAL2,other,2.57
RASAL3,other,0.457
RASD1,other,0.221
RASD2,other,2.37
RASEF,other,-0.164
RASGEF1A,other,3.49
RASGEF1B,other,1.51
RASGEF1C,other,1.79
RASGRF1,other,5.69
RASGRF2,other,4.49
RASGRP1,other,3.49
RASGRP2,other,2.25
RASGRP3,other,-0.476
RASGRP4,other,1.82
RASIP1,other,2.53
RASL10A,other,0.0807
RASL10B,other,1.6
RASL11A,other,0.708
RASL11B,other,1.45
RASL12,other,1.07
RASSF1,other,0.526
RASSF10,other,-1.03
RASSF2,other,1.38
RASSF3,other,-0.406
RASSF4,other,0.112
RASSF5,other,0.924
RASSF6,other,-1.52
RASSF7,other,-2.39
RASSF8,other,1.37
RASSF9,other,0.441
RAVER1,other,1.16
RAVER2,other,0.656
RAX,other,-0.493
RAX2,other,-0.0928
RB1,other,3.1
RB1CC1,other,1.13
RBAK,other,-0.422
RBAK-RBAKDN,other,-0.612
RBBP4,other,7.73
RBBP5,other,5.51
RBBP6,other,2.46
RBBP7,other,4.07
RBBP8,other,0.342
RBBP8NL,other,0.0494
RBBP9,other,-0.0127
RBCK1,other,1.89
RBFA,other,-0.491
RBFOX1,other,-1.14
RBFOX2,other,3.17
RBFOX3,other,2.21
RBIS,other,0.514
RBKS,other,0.679
RBL1,other,1.52
RBL2,other,1.93
RBM10,other,5.9
RBM11,other,0.888
RBM12,other,1.52
RBM12B,other,1.48
RBM14,other,2.05
RBM14-RBM4,other,2.17
RBM15,other,1.69
RBM15B,other,1.38
RBM17,other,4.59
RBM18,other,1.13
RBM19,other,0.729
RBM20,other,0.676
RBM22,other,4.92
RBM23,other,-0.908
RBM24,other,1.51
RBM25,other,5.77
RBM26,other,3.15
RBM27,other,3.24
RBM28,other,1.06
RBM3,other,0.975
RBM33,other,2.49
RBM34,other,-1.01
RBM38,other,0.497
RBM39,other,6.85
RBM4,other,2.19
RBM41,other,1.19
RBM42,other,2.31
RBM43,other,1.11
RBM44,other,1.05
RBM45,other,1.78
RBM46,other,3.83
RBM47,other,2.35
RBM48,other,0.124
RBM4B,other,1.77
RBM5,other,5.94
RBM6,other,2.84
RBM7,other,1.92
RBM8A,other,3.4
RBMS1,other,3.24
RBMS2,other,2.6
RBMS3,other,0.665
RBMX,other,4.96
RBMX2,other,1.73
RBMXL1,other,1.78
RBMXL2,other,-0.855
RBMXL3,other,-0.77
RBMY1E,other,2.43
RBMY1F,other,0.646
RBP1,other,-0.077
RBP2,other,0.335
RBP3,other,-0.539
RBP4,other,0.707
RBP5,other,-0.0859
RBP7,other,0.489
RBPJ,other,5.08
RBPJL,other,0.157
RBPMS,other,1.73
RBPMS2,other,0.796
RBSN,other,1.92
RBX1,approved,3.42
RC3H1,other,4.09
RC3H2,other,2.95
RCAN1,other,1.09
RCAN2,other,0.718
RCAN3,other,1.48
RCBTB1,other,1.5
RCBTB2,other,1.33
RCC1,other,2.94
RCC1L,other,-0.212
RCC2,other,3.24
RCCD1,other,-1.12
RCE1,other,-0.021
RCHY1,other,1.43
RCL1,other,-2.17
RCN1,other,2.05
RCN2,other,0.204
RCN3,other,0.399
RCOR1,other,2.04
RCOR2,other,1.89
RCOR3,other,3.42
RCSD1,other,-0.793
RCVRN,other,0.00397
RD3,other,-0.173
RD3L,other,-0.153
RDH10,other,3.58
RDH11,other,0.779
RDH12,other,0.0983
RDH13,other,-1.37
RDH14,other,-1.71
RDH16,other,-0.389
RDH5,other,0.87
RDH8,other,0.439
RDM1,other,1.4
RDX,other,1.46
REC114,other,-0.404
REC8,other,2.15
RECK,other,1.93
RECQL,other,1.12
RECQL4,other,-6.75
RECQL5,other,0.622
REELD1,other,-3.49
REEP1,other,1.82
REEP2,other,2.37
REEP3,other,0.916
REEP4,other,0.403
REEP5,other,-0.531
REEP6,other,-0.566
REG1A,other,0.263
REG1B,other,-1.51
REG3A,other,-0.319
REG3G,other,-0.893
REG4,other,-0.615
REL,other,1.82
RELA,other,2.79
RELB,other,2.39
RELCH,other,4.18
RELL1,other,1.1
RELL2,other,0.588
RELN,other,3.82
RELT,other,0.67
REM1,other,0.0428
REM2,other,0.766
REN,in_trials,1.57
RENBP,other,0.712
REP15,other,0.67
REPIN1,other,0.668
REPS1,other,2.02
REPS2,other,1.64
RER1,other,2.52
RERE,other,1.9
RERG,other,-0.0793
RERGL,other,-0.66
RESF1,other,-2.59
RESP18,other,-0.906
REST,other,0.824
RET,approved,3.12
RETN,other,-0.913
RETNLB,other,-0.376
RETREG1,other,0.886
RETREG2,other,-0.47
RETREG3,other,0.908
RETSAT,other,1.38
REV1,other,2.3
REV3L,other,3.97
REX1BD,other,-0.195
REXO1,other,-0.887
REXO2,other,1.0
REXO4,other,0.411
REXO5,other,2.3
RFC1,other,1.78
RFC2,other,1.07
RFC3,other,0.104
RFC4,other,-1.13
RFC5,other,1.89
RFESD,other,1.06
RFFL,other,1.7
RFK,other,-0.0393
RFLNA,other,0.671
RFLNB,other,0.221
RFNG,other,-1.78
RFPL1,other,0.991
RFPL2,other,0.941
RFPL3,other,1.16
RFPL4A,other,5.58
RFPL4AL1,other,6.68
RFPL4B,other,0.324
RFT1,other,0.752
RFTN1,other,0.409
RFTN2,other,1.12
RFWD3,other,-1.94
RFX1,other,2.88
RFX2,other,3.29
RFX3,other,4.03
RFX4,other,3.96
RFX5,other,0.899
RFX6,other,1.74
RFX7,other,2.02
RFX8,other,0.474
RFXANK,other,1.12
RFXAP,other,0.672
RGCC,other,0.425
RGL1,other,3.08
RGL2,other,2.07
RGL3,other,-1.32
RGL4,other,-0.318
RGMA,in_trials,1.42
RGMB,other,1.09
RGN,other,-1.94
RGP1,other,1.42
RGPD1,other,8.29
RGPD2,other,8.4
RGPD3,other,8.21
RGPD4,other,7.46
RGPD5,other,0.862
RGPD6,other,1.32
RGPD8,other,12.4
RGR,other,-0.625
RGS1,other,-0.252
RGS10,other,1.31
RGS11,other,-1.67
RGS12,other,0.951
RGS13,other,-0.557
RGS14,other,0.0609
RGS16,other,0.303
RGS17,other,1.27
RGS18,other,-0.764
RGS19,other,1.24
RGS2,other,-0.0147
RGS20,other,0.579
RGS21,other,-0.552
RGS22,other,1.05
RGS3,other,1.62
RGS4,other,0.0556
RGS5,other,0.315
RGS6,other,1.98
RGS7,other,3.66
RGS7BP,other,1.14
RGS8,other,1.76
RGS9,other,0.479
RGS9BP,other,-0.43
RGSL1,other,0.658
RHAG,other,0.41
RHBDD1,other,-0.338
RHBDD2,other,0.115
RHBDD3,other,0.204
RHBDF1,other,1.01
RHBDF2,other,3.47
RHBDL1,other,1.49
RHBDL2,other,0.634
RHBDL3,other,1.44
RHBG,other,0.687
RHCE,other,2.61
RHCG,other,-0.121
RHD,in_trials,4.18
RHEB,other,4.14
RHEBL1,other,1.15
RHEX,other,0.649
RHNO1,other,-0.19
RHO,other,1.28
RHOA,other,5.1
RHOB,other,3.48
RHOBTB1,other,1.38
RHOBTB2,other,3.29
RHOBTB3,other,1.85
RHOC,other,2.23
RHOD,other,0.516
RHOF,other,0.217
RHOG,other,3.98
RHOH,other,2.66
RHOJ,other,0.502
RHOQ,other,2.53
RHOT1,other,3.17
RHOT2,other,-2.53
RHOU,other,2.04
RHOV,other,1.06
RHOXF1,other,-0.363
RHOXF2,other,4.07
RHOXF2B,other,4.04
RHPN1,other,-0.765
RHPN2,other,2.83
RIBC1,other,1.68
RIBC2,other,0.514
RIC1,other,-1.56
RIC3,other,-1.14
RIC8A,other,0.255
RIC8B,other,3.21
RICTOR,other,3.98
RIDA,other,0.124
RIF1,other,-0.833
RIIAD1,other,-0.352
RILP,other,-1.35
RILPL1,other,2.28
RILPL2,other,0.542
RIMBP2,other,2.2
RIMBP3,other,16.2
RIMBP3B,other,6.54
RIMKLA,other,2.04
RIMKLB,other,4.0
RIMS1,other,1.03
RIMS2,other,0.484
RIMS3,other,1.65
RIMS4,other,3.85
RIN1,other,0.321
RIN2,other,0.91
RIN3,other,0.776
RING1,other,3.72
RINL,other,0.596
RINT1,other,0.465
RIOK1,other,0.674
RIOK2,other,1.4
RIOK3,other,1.35
RIOX1,other,0.732
RIOX2,other,-0.0778
RIPK1,in_trials,1.42
RIPK2,other,2.16
RIPK3,other,-0.0599
RIPK4,other,2.66
RIPOR1,other,2.29
RIPOR2,other,2.99
RIPOR3,other,0.179
RIPPLY1,other,-0.381
RIPPLY2,other,-1.41
RIPPLY3,other,-0.679
RIT1,other,1.65
RIT2,other,0.807
RITA1,other,0.755
RLBP1,other,-0.162
RLF,other,5.23
RLIM,other,3.77
RLN1,other,-2.06
RLN2,other,-2.32
RLN3,other,-0.117
RMC1,other,1.71
RMDN1,other,-0.984
RMDN2,other,-2.28
RMDN3,other,0.499
RMI1,other,0.601
RMI2,other,-1.35
RMND1,other,1.39
RMND5A,other,4.25
RMND5B,other,0.861
RNASE1,other,-0.061
RNASE10,other,-0.331
RNASE11,other,-0.392
RNASE12,other,0.532
RNASE13,other,0.147
RNASE2,other,0.847
RNASE3,other,0.396
RNASE4,other,-0.0356
RNASE6,other,-0.476
RNASE7,other,0.231
RNASE8,other,0.277
RNASE9,other,-0.432
RNASEH1,other,0.543
RNASEH2A,other,-0.232
RNASEH2B,other,-0.0166
RNASEH2C,other,-1.67
RNASEK,other,0.972
RNASEK-C17orf49,other,0.608
RNASEL,other,0.491
RNASET2,other,-0.242
RND1,other,0.977
RND2,other,0.719
RND3,other,2.35
RNF10,other,0.899
RNF103,other,1.27
RNF103-CHMP3,other,1.65
RNF11,other,1.7
RNF111,other,0.263
RNF112,other,1.7
RNF113A,other,2.66
RNF113B,other,0.268
RNF114,other,1.51
RNF115,other,-0.05
RNF121,other,1.46
RNF122,other,0.913
RNF123,other,3.19
RNF125,other,0.724
RNF126,other,0.549
RNF128,other,0.791
RNF13,other,1.56
RNF130,other,1.47
RNF133,other,-0.372
RNF135,other,0.196
RNF138,other,2.66
RNF139,other,2.81
RNF14,other,2.82
RNF141,other,1.26
RNF144A,other,1.34
RNF144B,other,0.192
RNF145,other,5.58
RNF146,other,1.97
RNF148,other,-1.1
RNF149,other,0.773
RNF150,other,1.51
RNF151,other,-0.669
RNF152,other,0.51
RNF157,other,1.06
ARK2C,other,2.49
RNF166,other,-0.591
RNF167,other,-0.343
RNF168,other,-0.693
RNF169,other,0.329
RNF17,other,2.71
RNF170,other,2.4
RNF175,other,0.456
RNF180,other,-0.0657
RNF181,other,0.742
RNF182,other,0.666
RNF183,other,0.713
RNF185,other,1.65
RNF186,other,0.0133
RNF187,other,-0.272
RNF19A,other,3.37
RNF19B,other,2.53
RNF2,other,3.25
RNF20,other,3.95
RNF207,other,-1.17
RNF208,other,0.494
RNF212,other,-0.331
RNF212B,other,1.4
RNF213,other,4.45
RNF214,other,1.93
RNF215,other,0.846
RNF216,other,-2.54
RNF217,other,0.197
RNF220,other,2.75
RNF222,other,-0.0552
RNF223,other,0.0227
RNF224,other,-0.921
RNF225,other,-0.00374
RNF227,other,-3.72
RNF24,other,1.71
RNF25,other,1.62
RNF26,other,1.49
RNF31,other,3.15
RNF32,other,0.484
RNF34,other,2.17
RNF38,other,1.95
RNF39,other,-0.0754
RNF4,other,1.07
RNF40,other,3.72
RNF41,other,4.19
RNF43,other,3.14
RNF44,other,0.254
RNF5,other,1.43
RNF6,other,2.07
RNF7,other,2.08
RNF8,other,2.97
RNFT1,other,1.77
RNFT2,other,1.26
RNGTT,other,3.8
RNH1,other,0.241
RNLS,other,0.0686
RNMT,other,0.601
RNPC3,other,-0.186
RNPEP,in_trials,0.955
RNPEPL1,in_trials,1.67
RNPS1,other,2.63
RO60,other,1.49
ROBO1,other,1.27
ROBO2,other,1.49
ROBO3,other,-0.114
ROBO4,other,-0.327
ROCK1,approved,6.93
ROCK2,approved,5.57
ROGDI,other,-2.92
ROM1,other,0.0753
ROMO1,other,0.985
ROPN1,other,2.02
ROPN1B,other,1.79
ROPN1L,other,0.512
ROR1,in_trials,3.24
ROR2,other,1.15
RORA,other,3.41
RORB,other,4.33
RORC,other,3.32
ROS1,in_trials,-0.666
RP1,other,-0.813
RP1L1,other,-13.2
RP2,other,0.924
RP9,other,1.02
RPA1,other,1.27
RPA2,other,1.19
RPA3,other,-1.11
RPA4,other,-0.392
RPAIN,other,0.464
RPAP1,other,2.1
RPAP2,other,1.67
RPAP3,other,0.205
RPE,other,1.35
RPE65,other,-0.223
RPEL1,other,1.31
RPF1,other,0.208
RPF2,other,0.994
RPGR,other,0.928
RPGRIP1,other,0.648
RPGRIP1L,other,0.151
RPH3A,other,1.83
RPH3AL,other,-0.805
RPIA,other,0.6
RPL10,in_trials,4.08
RPL10A,in_trials,3.54
RPL10L,other,-0.756
RPL11,in_trials,2.26
RPL12,in_trials,2.03
RPL13,in_trials,0.342
RPL13A,in_trials,1.98
RPL14,in_trials,1.31
RPL15,in_trials,2.87
RPL17,in_trials,2.7
RPL17-C18orf32,other,2.26
RPL18,in_trials,2.32
RPL18A,in_trials,2.44
RPL19,in_trials,3.85
RPL21,in_trials,2.61
RPL22,in_trials,2.49
RPL22L1,other,0.193
RPL23,in_trials,3.18
RPL23A,in_trials,1.91
RPL24,in_trials,2.62
RPL26,in_trials,2.58
RPL26L1,other,1.39
RPL27,in_trials,1.4
RPL27A,in_trials,2.21
RPL28,in_trials,-0.494
RPL29,in_trials,1.8
RPL3,in_trials,2.69
RPL30,in_trials,2.83
RPL31,in_trials,2.3
RPL32,in_trials,1.83
RPL34,in_trials,2.34
RPL35,in_trials,1.79
RPL35A,in_trials,1.73
RPL36,in_trials,0.491
RPL36A,in_trials,2.89
RPL36A-HNRNPH2,other,2.35
RPL36AL,other,1.93
RPL37,in_trials,1.06
RPL37A,in_trials,1.67
RPL38,in_trials,1.33
RPL39,in_trials,2.18
RPL39L,other,0.606
RPL3L,other,-1.11
RPL4,in_trials,2.51
RPL41,in_trials,1.35
RPL5,in_trials,2.89
RPL6,in_trials,1.8
RPL7,in_trials,2.38
RPL7A,in_trials,1.09
RPL7L1,other,1.05
RPL8,in_trials,2.63
RPL9,in_trials,2.43
RPLP0,in_trials,2.7
RPLP1,in_trials,0.348
RPLP2,other,-1.11
RPN1,other,1.27
RPN2,other,0.738
RPP14,other,0.569
RPP21,other,-0.445
RPP25,other,-0.626
RPP25L,other,0.732
RPP30,other,0.0157
RPP38,other,-0.414
RPP40,other,0.153
RPRD1A,other,2.57
RPRD1B,other,3.07
RPRD2,other,2.49
RPRM,other,0.669
RPRML,other,-0.105
RPS10,in_trials,2.44
RPS10-NUDT3,other,2.82
RPS11,in_trials,2.48
RPS12,in_trials,0.54
RPS13,in_trials,3.1
RPS14,in_trials,4.06
RPS15,in_trials,3.05
RPS15A,in_trials,3.38
RPS16,in_trials,2.11
RPS17,in_trials,3.61
RPS18,in_trials,4.57
RPS19,in_trials,2.51
RPS19BP1,other,-0.301
RPS2,in_trials,3.78
RPS20,in_trials,2.79
RPS21,in_trials,1.19
RPS23,in_trials,3.28
RPS24,in_trials,2.09
RPS25,in_trials,2.82
RPS26,in_trials,3.22
RPS27,in_trials,2.39
RPS27A,in_trials,2.01
RPS27AP5,other,1.18
RPS27L,other,0.707
RPS28,in_trials,2.63
RPS29,in_trials,0.769
RPS3,in_trials,4.87
RPS3A,in_trials,4.43
RPS4X,in_trials,3.72
RPS4Y1,in_trials,1.69
RPS4Y2,other,-1.13
RPS5,in_trials,4.16
RPS6,in_trials,1.44
RPS6KA1,other,3.32
RPS6KA2,other,2.46
RPS6KA3,other,6.4
RPS6KA4,other,2.9
RPS6KA5,other,2.31
RPS6KA6,other,1.26
RPS6KB1,other,6.32
RPS6KB2,other,-0.254
RPS6KC1,other,1.24
RPS6KL1,other,0.485
RPS7,in_trials,2.97
RPS8,in_trials,3.34
RPS9,in_trials,3.51
RPSA,in_trials,5.14
RPSA2,other,1.1
RPTN,other,0.798
RPTOR,in_trials,7.16
RPUSD1,other,-3.12
RPUSD2,other,-0.384
RPUSD3,other,-0.895
RPUSD4,other,-0.428
RRAD,other,0.285
RRAGA,other,3.98
RRAGB,other,2.29
RRAGC,other,2.98
RRAGD,other,3.2
RRAS,other,0.624
RRAS2,other,2.08
RRBP1,other,0.884
RREB1,other,-1.74
RRH,other,0.565
RRM1,approved,6.36
RRM2,approved,2.82
RRM2B,approved,1.98
RRN3,other,1.02
RRP1,other,-0.456
RRP12,other,1.65
RRP15,other,-0.491
RRP1B,other,1.85
RRP36,other,0.152
RRP7A,other,1.07
RRP8,other,-1.5
RRP9,other,1.7
RRS1,other,-0.0138
RS1,other,1.2
RSAD1,other,-0.748
RSAD2,other,0.193
RSBN1,other,2.84
RSBN1L,other,0.527
RSF1,other,2.07
RSKR,other,-0.0597
RSL1D1,other,-3.56
RSL24D1,other,0.797
RSPH1,other,0.164
RSPH10B,other,8.3
RSPH10B2,other,8.69
RSPH14,other,0.164
RSPH3,other,0.544
RSPH4A,other,0.907
RSPH6A,other,-0.398
RSPH9,other,0.236
RSPO1,other,0.984
RSPO2,other,0.931
RSPO3,other,0.677
RSPO4,other,-0.395
RSPRY1,other,4.05
RSRC1,other,0.306
RSRC2,other,2.58
RSRP1,other,-0.363
RSU1,other,0.443
RTBDN,other,-0.235
RTCA,other,0.41
RTCB,other,1.96
RTEL1,other,-1.95
RTEL1-TNFRSF6B,other,1.51
RTF1,other,6.02
RTF2,other,1.5
RTKN,other,0.875
RTKN2,other,-0.0677
RTL1,other,0.878
RTL10,other,-0.124
RTL3,other,-2.91
RTL4,other,-0.931
RTL5,other,0.309
RTL6,other,0.931
RTL8A,other,0.657
RTL8B,other,0.738
RTL8C,other,2.58
RTL9,other,-0.316
RTN1,other,0.565
RTN2,other,0.516
RTN3,other,-0.295
RTN4,in_trials,-3.11
RTN4IP1,other,1.2
RTN4R,other,1.93
RTN4RL1,other,1.99
RTN4RL2,other,2.81
RTP1,other,0.309
RTP2,other,-0.777
RTP3,other,0.732
RTP4,other,0.57
RTP5,other,-0.347
RTRAF,other,-0.065
RTTN,other,0.531
RUBCN,other,1.72
RUBCNL,other,0.455
RUFY1,other,0.0135
RUFY2,other,2.46
RUFY3,other,3.61
RUFY4,other,-1.03
RUNDC1,other,1.38
RUNDC3A,other,1.85
RUNDC3B,other,0.64
RUNX1,other,2.37
RUNX1T1,other,3.82
RUNX2,other,2.1
RUNX3,other,2.73
RUSC1,other,1.0
RUSC2,other,1.98
RUSF1,other,-0.708
RUVBL1,other,4.9
RUVBL2,other,3.52
RWDD1,other,1.82
RWDD2A,other,0.732
RWDD2B,other,0.296
RWDD3,other,0.317
RWDD4,other,1.54
RXFP1,in_trials,1.46
RXFP2,in_trials,1.47
RXFP3,other,-0.705
RXFP4,other,1.28
RXRA,approved,3.93
RXRB,approved,3.92
RXRG,approved,2.46
RXYLT1,other,0.332
RYBP,other,2.44
RYK,other,2.32
RYR1,approved,4.54
RYR2,other,8.21
RYR3,approved,2.59
S100A1,other,-0.436
S100A10,other,0.671
S100A11,other,1.11
S100A12,other,-0.617
S100A13,other,-0.0162
S100A14,other,0.29
S100A16,other,-0.206
S100A2,other,0.467
S100A3,other,0.119
S100A4,other,0.495
S100A5,other,-0.736
S100A6,other,-0.362
S100A7,other,-0.141
S100A7A,other,-1.29
S100A7L2,other,-0.642
S100A8,other,0.638
S100A9,other,0.513
S100B,other,0.517
S100G,other,0.108
S100P,other,-0.0553
S100PBP,other,-0.322
S100Z,other,-0.32
S1PR1,approved,3.05
S1PR2,approved,2.46
S1PR3,approved,0.987
S1PR4,approved,-0.671
S1PR5,approved,-0.201
SAA1,other,1.42
SAA2,other,2.06
SAA2-SAA4,other,1.45
SAA4,other,-0.225
SAAL1,other,0.345
SAC3D1,other,0.91
SACM1L,other,2.65
SACS,other,2.11
SAE1,other,1.12
SAFB,other,2.23
SAFB2,other,-0.27
SAG,other,1.08
SAGE1,other,-0.09
SALL1,other,1.84
SALL2,other,0.813
SALL3,other,-2.7
SALL4,other,2.48
SAMD1,other,-1.1
SAMD10,other,1.38
SAMD11,other,-6.37
SAMD12,other,0.116
SAMD13,other,1.39
SAMD14,other,0.41
SAMD15,other,-0.08
SAMD3,other,0.0765
SAMD4A,other,1.34
SAMD4B,other,4.41
SAMD5,other,-0.439
SAMD7,other,-0.427
SAMD8,other,3.46
SAMD9,other,2.24
SAMD9L,other,2.2
SAMHD1,other,1.82
SAMM50,other,1.05
SAMSN1,other,-0.501
SANBR,other,-0.321
SAP130,other,4.28
SAP18,other,1.6
SAP25,other,0.871
SAP30,other,0.876
SAP30BP,other,1.7
SAP30L,other,0.881
SAPCD1,other,1.09
SAPCD2,other,0.225
SAR1A,other,2.73
SAR1B,other,1.03
SARAF,other,0.72
SARDH,other,0.247
SARM1,other,1.37
SARNP,other,1.75
SARS1,other,3.89
SARS2,other,0.534
SART1,other,2.72
SART3,other,1.56
SASH1,other,2.0
SASH3,other,2.09
SASS6,other,0.569
SAT1,other,1.96
SAT2,other,0.608
SATB1,other,5.39
SATB2,other,6.75
SATL1,other,0.12
SAV1,other,0.188
SAXO1,other,-4.32
SAXO2,other,1.38
SAYSD1,other,-0.556
SBDS,other,1.5
SBF1,other,0.279
SBF2,other,1.91
SBK1,other,2.63
SBK2,other,-1.32
SBK3,other,0.385
SBNO1,other,4.52
SBNO2,other,-0.841
SBSN,other,1.72
SBSPON,other,-0.142
SC5D,other,1.25
SCAF1,other,-0.206
SCAF11,other,0.62
SCAF4,other,2.36
SCAF8,other,1.72
SCAI,other,4.5
SCAMP1,other,1.5
SCAMP2,other,1.18
SCAMP3,other,0.935
SCAMP4,other,0.169
SCAMP5,other,2.91
SCAND1,other,-1.17
SCAP,other,3.24
SCAPER,other,2.68
SCARA3,other,1.04
SCARA5,other,0.146
SCARB1,other,2.11
SCARB2,other,1.6
SCARF1,other,0.579
SCARF2,other,1.84
SCART1,other,-9.18
SCCPDH,other,1.17
SCD,other,3.55
SCD5,other,1.26
SCEL,other,0.387
SCFD1,other,1.89
SCFD2,other,0.466
SCG2,other,-0.0285
SCG3,other,0.306
SCG5,other,1.42
SCGB1A1,other,-0.334
SCGB1C1,other,3.52
SCGB1C2,other,2.14
SCGB1D1,other,0.462
SCGB1D2,other,-0.384
SCGB1D4,other,0.087
SCGB2A1,other,-0.831
SCGB2A2,other,-0.127
SCGB2B2,other,0.452
SCGB3A1,other,0.376
SCGB3A2,other,-0.225
SCGN,other,-0.083
SCHIP1,other,2.52
SCIMP,other,0.529
SCIN,other,-3.24
SCLT1,other,0.359
SCLY,other,0.342
SCMH1,other,3.27
SCML1,other,3.22
SCML2,other,2.81
SCML4,other,0.224
SCN10A,in_trials,-0.778
SCN11A,in_trials,1.52
SCN1A,in_trials,8.78
SCN1B,other,1.69
SCN2A,in_trials,10.1
SCN2B,other,0.627
SCN3A,in_trials,7.16
SCN3B,other,1.54
SCN4A,in_trials,2.29
SCN4B,other,0.416
SCN5A,in_trials,5.13
SCN7A,in_trials,-0.683
SCN8A,in_trials,12.3
SCN9A,in_trials,1.26
SCNM1,other,0.21
SCNN1A,in_trials,-0.205
SCNN1B,in_trials,1.18
SCNN1D,other,-2.97
SCNN1G,in_trials,1.19
SCO1,other,-0.488
SCO2,other,-1.83
SCOC,other,1.07
SCP2,other,1.59
SCP2D1,other,-0.379
SCPEP1,other,1.01
SCRG1,other,0.282
SCRIB,other,-1.2
SCRN1,other,1.44
SCRN2,other,0.698
SCRN3,other,0.268
SCRT1,other,2.72
SCRT2,other,0.247
SCT,other,-2.12
SCTR,other,-0.211
SCUBE1,other,2.55
SCUBE2,other,0.553
SCUBE3,other,3.72
SCX,other,-0.11
SCYL1,other,1.49
SCYL2,other,2.36
SCYL3,other,1.31
SDAD1,other,0.314
SDC1,in_trials,-0.121
SDC2,other,0.321
SDC3,other,0.239
SDC4,other,0.304
SDCBP,other,1.46
SDCBP2,other,-0.438
SDCCAG8,other,0.529
SDE2,other,0.403
SDF2,other,0.659
SDF2L1,other,1.35
SDF4,other,1.01
SDHA,other,3.04
SDHAF1,other,-0.607
SDHAF2,other,0.16
SDHAF3,other,-1.57
SDHAF4,other,-0.441
SDHB,other,0.18
SDHC,other,1.52
SDHD,other,1.0
SDK1,other,-4.52
SDK2,other,3.07
SDR16C5,other,-0.171
SDR39U1,other,-0.538
SDR42E1,other,-2.29
SDR42E2,other,-2.42
SDR9C7,other,0.424
SDS,other,1.32
SDSL,other,-0.156
SEBOX,other,-0.0142
SEC11A,other,2.0
SEC11C,other,2.71
SEC13,other,0.722
SEC14L1,other,3.36
SEC14L2,other,1.65
SEC14L3,other,0.503
SEC14L4,other,1.27
SEC14L5,other,-3.91
SEC14L6,other,0.521
SEC16A,other,-0.515
SEC16B,other,0.251
SEC22A,other,0.189
SEC22B,other,3.5
SEC22C,other,0.71
SEC23A,other,2.12
SEC23B,other,0.892
SEC23IP,other,0.552
SEC24A,other,0.512
SEC24B,other,1.29
SEC24C,other,2.53
SEC24D,other,1.6
SEC31A,other,1.57
SEC31B,other,1.42
SEC61A1,other,5.53
SEC61A2,other,4.33
SEC61B,other,0.863
SEC61G,other,1.46
SEC62,other,2.71
SEC63,other,3.3
SECISBP2,other,-0.308
SECISBP2L,other,1.95
SECTM1,other,0.608
SEH1L,other,2.31
SEL1L,other,2.93
SEL1L2,other,0.359
SEL1L3,other,1.37
SELE,in_trials,-0.336
SELENBP1,other,0.762
SELENOF,other,-0.635
SELENOH,other,-1.72
SELENOI,other,2.17
SELENOK,other,-0.444
SELENOM,other,-0.758
SELENON,other,0.752
SELENOO,other,-2.45
SELENOP,other,0.285
SELENOS,other,-1.6
SELENOT,other,2.21
SELENOV,other,-0.259
SELENOW,other,-0.528
SELL,in_trials,-0.236
SELP,in_trials,-0.0623
SELPLG,in_trials,0.869
SEM1,approved,1.06
SEMA3A,other,2.6
SEMA3B,other,1.17
SEMA3C,other,1.26
SEMA3D,other,0.824
SEMA3E,other,0.807
SEMA3F,other,3.23
SEMA3G,other,0.917
SEMA4A,other,0.464
SEMA4B,other,0.639
SEMA4C,other,3.79
SEMA4D,in_trials,2.31
SEMA4F,other,1.02
SEMA4G,other,1.93
SEMA5A,other,1.47
SEMA5B,other,0.704
SEMA6A,other,-0.468
SEMA6B,other,0.681
SEMA6C,other,0.895
SEMA6D,other,1.87
SEMA7A,other,1.9
SEMG1,other,-0.857
SEMG2,other,-0.902
SENP1,other,2.6
SENP2,other,2.43
SENP3,other,3.06
SENP3-EIF4A1,other,3.17
SENP5,other,2.46
SENP6,other,0.759
SENP7,other,2.29
SENP8,other,1.28
SEPHS1,other,4.92
SEPHS2,other,0.903
SEPSECS,other,0.356
SEPTIN1,other,0.687
SEPTIN10,other,-1.36
SEPTIN11,other,2.61
SEPTIN12,other,-2.61
SEPTIN14,other,0.705
SEPTIN2,other,2.04
SEPTIN3,other,3.35
SEPTIN4,other,2.36
SEPTIN5,other,2.37
SEPTIN6,other,2.1
SEPTIN7,other,3.94
SEPTIN8,other,1.73
SEPTIN9,other,2.57
SERAC1,other,2.53
SERBP1,other,3.33
SERF1B,other,2.18
SERF2,other,1.54
SERGEF,other,0.651
SERHL2,other,0.331
SERINC1,other,1.16
SERINC2,other,-0.115
SERINC3,other,0.363
SERINC4,other,-1.53
SERINC5,other,0.89
SERP1,other,1.57
SERP2,other,1.13
SERPINA1,other,-0.7
SERPINA10,other,0.308
SERPINA11,other,-0.431
SERPINA12,other,-1.02
SERPINA2,other,-4.91
SERPINA3,other,-2.14
SERPINA4,other,-0.316
SERPINA5,other,-1.69
SERPINA6,other,0.589
SERPINA7,other,-0.951
SERPINA9,other,-1.85
SERPINB1,other,1.28
SERPINB10,other,-1.7
SERPINB11,other,-1.39
SERPINB12,other,-0.65
SERPINB13,other,-0.799
SERPINB2,other,-0.981
SERPINB3,other,-1.12
SERPINB4,other,-2.17
SERPINB5,other,0.987
SERPINB6,other,1.13
SERPINB7,other,-1.31
SERPINB8,other,-0.756
SERPINB9,other,-0.317
SERPINC1,in_trials,2.76
SERPIND1,other,0.079
SERPINE1,other,1.36
SERPINE2,other,1.56
SERPINE3,other,0.994
SERPINF1,other,-0.384
SERPINF2,other,2.02
SERPING1,other,1.81
SERPINH1,other,0.594
SERPINI1,other,0.374
SERPINI2,other,0.178
SERTAD1,other,0.648
SERTAD2,other,1.62
SERTAD3,other,-0.551
SERTAD4,other,0.888
SERTM1,other,1.21
SESN1,other,1.76
SESN2,other,2.38
SESN3,other,3.41
SESTD1,other,2.51
SET,other,4.53
SETBP1,other,1.66
SETD1A,other,2.15
SETD1B,other,4.69
SETD2,other,4.37
SETD3,other,2.24
SETD4,other,0.621
SETD5,other,2.27
SETD6,other,-1.81
SETD7,other,2.26
SETD9,other,0.685
SETDB1,other,5.48
SETDB2,other,2.08
SETMAR,other,-0.923
SETSIP,other,0.635
SETX,other,0.979
SEZ6,other,2.23
SEZ6L,other,1.88
SEZ6L2,other,1.79
SF1,other,4.39
SF3A1,other,5.58
SF3A2,other,1.13
SF3A3,other,5.03
SF3B1,other,11.6
SF3B2,other,4.83
SF3B3,other,7.59
SF3B4,other,5.09
SF3B5,other,1.63
SF3B6,other,2.86
SFI1,other,-0.492
SFMBT1,other,3.19
SFMBT2,other,1.08
SFN,other,1.01
SFPQ,other,1.98
SFR1,other,-0.151
SFRP1,other,1.51
SFRP2,other,1.06
SFRP4,other,-0.544
SFRP5,other,0.625
SFSWAP,other,3.09
SFT2D1,other,0.306
SFT2D2,other,0.22
SFT2D3,other,-1.64
SFTA2,other,0.0694
SFTA3,other,0.836
SFTPA1,other,1.38
SFTPA2,other,0.308
SFTPB,other,1.16
SFTPC,other,0.893
SFTPD,other,0.706
SFXN1,other,0.108
SFXN2,other,0.811
SFXN3,other,0.891
SFXN4,other,0.552
SFXN5,other,-0.178
SGCA,other,0.91
SGCB,other,-0.722
SGCD,other,-0.922
SGCE,other,1.47
SGCG,other,0.0675
SGCZ,other,-4.04
SGF29,other,4.52
SGIP1,other,1.21
SGK1,other,2.13
SGK2,other,1.25
SGK3,other,1.72
SGMS1,other,3.66
SGMS2,other,1.2
SGO1,other,-0.554
SGO2,other,0.975
SGPL1,other,2.47
SGPP1,other,0.814
SGPP2,other,1.37
SGSH,other,0.888
SGSM1,other,2.64
SGSM2,other,0.143
SGSM3,other,0.199
SGTA,other,1.94
SGTB,other,1.24
SH2B1,other,1.21
SH2B2,other,-0.512
SH2B3,other,-1.74
SH2D1A,other,2.01
SH2D1B,other,1.04
SH2D2A,other,0.23
SH2D3A,other,0.0491
SH2D3C,other,2.9
SH2D4A,other,-3.04
SH2D4B,other,0.04
SH2D5,other,0.813
SH2D6,other,0.7
SH2D7,other,0.137
SH3BGR,other,1.3
SH3BGRL,other,0.529
SH3BGRL2,other,-0.605
SH3BGRL3,other,0.0424
SH3BP1,other,0.879
SH3BP2,other,0.225
SH3BP4,other,1.53
SH3BP5,other,1.02
SH3BP5L,other,1.35
SH3D19,other,2.08
MNMIP1,other,-0.246
SH3GL1,other,0.932
SH3GL2,other,0.232
SH3GL3,other,1.14
SH3GLB1,other,1.47
SH3GLB2,other,1.71
SH3KBP1,other,2.92
SH3PXD2A,other,1.88
SH3PXD2B,other,1.78
SH3RF1,other,2.24
SH3RF2,other,0.141
SH3RF3,other,-0.0381
SH3TC1,other,-3.0
SH3TC2,other,0.328
SH3YL1,other,0.435
SHANK1,other,2.75
SHANK2,other,2.18
SHANK3,other,1.83
SHARPIN,other,-0.655
SHB,other,-1.61
SHBG,other,0.647
SHC1,other,1.56
SHC2,other,-0.756
SHC3,other,1.66
SHC4,other,0.104
SHCBP1,other,1.5
SHCBP1L,other,-0.198
SHD,other,-1.33
SHE,other,0.524
SHF,other,0.609
SHFL,other,2.8
SHH,other,2.75
SHISA2,other,-0.809
SHISA3,other,-0.27
SHISA4,other,0.555
SHISA5,other,0.518
SHISA6,other,1.3
SHISA7,other,1.96
SHISA8,other,1.12
SHISA9,other,0.671
SHISAL1,other,0.637
SHISAL2A,other,-0.273
SHISAL2B,other,0.325
SHKBP1,other,2.16
SHLD1,other,0.939
SHLD2,other,4.08
SHLD3,other,0.331
SHMT1,other,1.23
SHMT2,other,2.1
SHOC1,other,1.68
SHOC2,other,4.64
SHOX,other,-1.25
SHOX2,other,-0.607
SHPK,other,-0.45
SHPRH,other,2.94
SHQ1,other,-0.895
SHROOM1,other,-0.197
SHROOM2,other,0.303
SHROOM3,other,0.883
SHROOM4,other,1.86
SHTN1,other,1.82
SI,other,-2.09
SIAE,other,1.16
SIAH1,other,5.35
SIAH2,other,3.69
SIAH3,other,-0.549
SIDT1,other,-0.233
SIDT2,other,2.31
SIGIRR,other,-1.09
SIGLEC1,other,0.165
SIGLEC10,other,1.35
SIGLEC11,other,3.76
SIGLEC12,other,-1.05
SIGLEC14,other,3.56
SIGLEC15,other,-0.243
SIGLEC16,other,3.74
SIGLEC6,other,0.0644
SIGLEC7,other,1.12
SIGLEC8,in_trials,-0.0137
SIGLEC9,other,0.523
SIGLECL1,other,0.81
SIGMAR1,approved,1.29
SIK1,other,0.637
SIK1B,other,3.03
SIK2,other,3.64
SIK3,other,4.62
SIKE1,other,0.816
SIL1,other,1.29
SIM1,other,0.493
SIM2,other,0.353
SIMC1,other,2.46
SIN3A,other,5.89
SIN3B,other,5.38
SINHCAF,other,3.72
SIPA1,other,1.33
SIPA1L1,other,3.31
SIPA1L2,other,2.0
SIPA1L3,other,2.38
SIRPA,other,3.11
SIRPB1,other,0.152
SIRPB2,other,-0.0554
SIRPD,other,-1.56
SIRPG,other,-0.699
SIRT1,in_trials,0.895
SIRT2,other,1.35
SIRT3,other,-1.02
SIRT4,other,0.941
SIRT5,other,0.0306
SIRT6,other,0.124
SIRT7,other,0.342
SIT1,other,1.12
SIVA1,other,0.114
SIX1,other,0.734
SIX2,other,0.853
SIX3,other,2.6
SIX4,other,1.59
SIX5,other,-1.49
SIX6,other,0.441
SKA1,other,1.12
SKA2,other,1.18
SKA3,other,-0.488
SKAP1,other,0.924
SKAP2,other,1.41
SKI,other,0.29
SKIDA1,other,0.951
SKIL,other,0.581
SKIC2,other,2.35
SKOR1,other,0.271
SKOR2,other,0.758
SKP1,other,3.76
SKP2,other,2.43
SLA,other,0.808
SLA2,other,0.433
SLAIN1,other,1.57
SLAIN2,other,-0.354
SLAMF1,other,0.441
SLAMF6,other,0.962
SLAMF7,approved,0.0736
SLAMF8,other,-0.634
SLAMF9,other,0.0493
SLBP,other,-0.907
SLC10A1,other,-2.16
SLC10A2,other,-1.73
SLC10A3,other,1.74
SLC10A4,other,0.635
SLC10A5,other,0.489
SLC10A6,other,0.359
SLC10A7,other,2.3
SLC11A1,other,0.674
SLC11A2,other,2.82
SLC12A1,in_trials,0.308
SLC12A2,other,2.32
SLC12A3,in_trials,0.327
SLC12A4,other,1.98
SLC12A5,other,6.78
SLC12A6,other,4.41
SLC12A7,other,1.9
SLC12A8,other,0.28
SLC12A9,other,2.19
SLC13A1,other,-0.131
SLC13A2,other,1.21
SLC13A3,other,1.28
SLC13A4,other,2.05
SLC13A5,other,1.39
SLC14A1,other,0.189
SLC14A2,other,-0.414
SLC15A1,other,0.333
SLC15A2,other,-0.269
SLC15A3,other,0.557
SLC15A4,other,0.0731
SLC15A5,other,-0.146
SLC16A1,other,3.1
SLC16A10,other,2.15
SLC16A11,other,-0.704
SLC16A12,other,1.35
SLC16A13,other,0.921
SLC16A14,other,2.03
SLC16A2,other,3.26
SLC16A3,other,-1.06
SLC16A4,other,0.887
SLC16A5,other,1.18
SLC16A6,other,3.49
SLC16A7,other,0.0898
SLC16A8,other,-1.2
SLC16A9,other,0.642
SLC17A1,other,0.54
SLC17A2,other,1.34
SLC17A3,other,-0.509
SLC17A4,other,0.211
SLC17A5,other,1.28
SLC17A6,other,2.15
SLC17A7,other,4.1
SLC17A8,other,1.15
SLC17A9,other,0.775
SLC18A1,other,-4.35
SLC18A2,in_trials,1.64
SLC18A3,other,0.104
SLC18B1,other,-0.925
SLC19A1,other,-0.0615
SLC19A2,other,0.822
SLC19A3,other,0.082
SLC1A1,other,-1.37
SLC1A2,other,3.61
SLC1A3,other,2.32
SLC1A4,other,2.28
SLC1A5,other,1.61
SLC1A6,other,3.54
SLC1A7,other,0.362
SLC20A1,other,2.44
SLC20A2,other,3.48
SLC22A1,other,0.649
SLC22A10,other,-1.69
SLC22A11,other,0.735
SLC22A12,other,0.917
SLC22A13,other,0.301
SLC22A14,other,1.0
SLC22A15,other,0.721
SLC22A16,other,-0.354
SLC22A17,other,1.32
SLC67A1,other,-0.4
SLC67A1-AS,other,-0.377
SLC22A2,other,0.0894
SLC22A23,other,1.94
SLC22A24,other,-1.81
SLC22A25,other,-2.21
SLC22A3,other,0.242
SLC22A31,other,-2.2
SLC22A4,other,1.66
SLC22A5,other,0.761
SLC22A6,other,1.72
SLC22A7,other,1.97
SLC22A8,other,1.5
SLC22A9,other,-1.33
SLC23A1,other,2.18
SLC23A2,other,4.92
SLC23A3,other,1.36
SLC24A1,other,2.2
SLC24A2,other,-0.42
SLC24A3,other,2.71
SLC24A4,other,1.35
SLC24A5,other,0.401
SLC25A1,other,1.0
SLC25A10,other,0.182
SLC25A11,other,2.71
SLC25A12,other,3.31
SLC25A13,other,0.816
SLC25A14,other,3.38
SLC25A15,other,1.27
SLC25A16,other,0.121
SLC25A17,other,0.878
SLC25A18,other,0.99
SLC25A19,other,0.987
SLC25A2,other,0.467
SLC25A20,other,1.03
SLC25A21,other,-0.0402
SLC25A22,other,1.23
SLC25A23,other,1.28
SLC25A24,other,0.394
SLC25A25,other,2.34
SLC25A26,other,-1.38
SLC25A27,other,1.24
SLC25A28,other,4.51
SLC25A29,other,-0.553
SLC25A3,other,1.46
SLC25A30,other,1.34
SLC25A31,other,1.01
SLC25A32,other,0.606
SLC25A33,other,3.02
SLC25A34,other,0.543
SLC25A35,other,0.411
SLC25A36,other,1.9
SLC25A37,other,1.22
SLC25A38,other,0.969
SLC25A39,other,-0.275
SLC25A4,other,2.48
SLC25A40,other,0.164
SLC25A41,other,-0.0428
SLC25A42,other,1.57
SLC25A43,other,1.18
SLC25A44,other,2.06
SLC25A45,other,0.62
SLC25A46,other,-0.454
SLC25A47,other,0.241
SLC25A48,other,0.492
SLC25A5,other,4.33
SLC25A51,other,3.67
SLC25A52,other,1.49
SLC25A53,other,0.703
SLC25A6,other,0.742
SLC26A1,other,-0.387
SLC26A11,other,0.065
SLC26A2,other,1.07
SLC26A3,other,0.0741
SLC26A4,other,-2.51
SLC26A5,other,1.91
SLC26A6,other,0.97
SLC26A7,other,-0.408
SLC26A8,other,2.28
SLC26A9,other,1.22
SLC27A1,other,0.406
SLC27A2,other,0.59
SLC27A3,other,-2.09
SLC27A4,other,0.854
SLC27A5,other,-0.267
SLC27A6,other,-0.963
SLC28A1,other,-0.0768
SLC28A2,other,0.699
SLC28A3,other,1.9
SLC29A1,in_trials,1.5
SLC29A2,other,0.809
SLC29A3,other,0.398
SLC29A4,other,-1.77
SLC2A1,other,5.2
SLC2A10,other,0.221
SLC2A11,other,1.2
SLC2A12,other,1.43
SLC2A13,other,1.28
SLC2A14,other,3.29
SLC2A2,other,1.39
SLC2A3,other,2.12
SLC2A4,other,1.96
SLC2A4RG,other,-0.261
SLC2A5,other,1.41
SLC2A6,other,0.924
SLC2A7,other,-0.0641
SLC2A8,other,-0.269
SLC2A9,other,-0.138
SLC30A1,other,3.38
SLC30A10,other,2.05
SLC30A2,other,1.8
SLC30A3,other,2.4
SLC30A4,other,1.64
SLC30A5,other,1.96
SLC30A6,other,-0.688
SLC30A7,other,-0.259
SLC30A8,other,0.26
SLC30A9,other,2.0
SLC31A1,other,2.21
SLC31A2,other,1.1
SLC32A1,other,3.64
SLC33A1,other,3.01
SLC34A1,other,0.584
SLC34A2,other,-0.0328
SLC34A3,other,-2.16
SLC35A1,other,1.86
SLC35A2,other,3.43
SLC35A3,other,1.61
SLC35A4,other,0.242
SLC35A5,other,-0.415
SLC35B1,other,1.35
SLC35B2,other,-1.56
SLC35B3,other,1.22
SLC35B4,other,1.68
SLC35C1,other,1.1
SLC35H1,other,1.12
SLC35D1,other,0.604
SLC35D2,other,0.598
SLC35D3,other,0.17
SLC35E1,other,2.55
SLC35E2B,other,4.06
SLC35E3,other,0.228
SLC35E4,other,1.3
SLC35F1,other,1.83
SLC35F2,other,0.879
SLC35F3,other,1.94
SLC35F4,other,0.425
SLC35F5,other,1.02
SLC35F6,other,1.15
SLC35G1,other,0.698
SLC35G2,other,1.48
SLC35G3,other,1.02
SLC35G4,other,0.666
SLC35G5,other,-2.28
SLC35G6,other,1.26
SLC36A1,other,1.54
SLC36A2,other,0.409
SLC36A3,other,0.686
SLC36A4,other,-0.0458
SLC37A1,other,2.09
SLC37A2,other,1.3
SLC37A3,other,1.65
SLC37A4,other,0.122
SLC38A1,other,2.45
SLC38A10,other,0.803
SLC38A11,other,-0.321
SLC38A2,other,1.36
SLC38A3,other,3.33
SLC38A4,other,2.28
SLC38A5,other,3.04
SLC38A6,other,-0.553
SLC38A7,other,2.2
SLC38A8,other,-7.7
SLC38A9,other,2.27
SLC39A1,other,1.21
SLC39A10,other,2.5
SLC39A11,other,-0.0349
SLC39A12,other,-1.19
SLC39A13,other,1.84
SLC39A14,other,2.91
SLC39A2,other,-0.0979
SLC39A3,other,0.499
SLC39A4,other,-1.87
SLC39A5,other,0.16
SLC39A6,other,1.72
SLC39A7,other,1.6
SLC39A8,other,1.57
SLC39A9,other,2.14
SLC3A1,other,-4.56
SLC3A2,other,1.53
SLC40A1,other,2.43
SLC41A1,other,2.79
SLC41A2,other,2.72
SLC41A3,other,0.88
SLC43A1,other,1.91
SLC43A2,other,1.74
SLC43A3,other,1.38
SLC44A1,other,1.66
SLC44A2,other,1.77
SLC44A3,other,1.2
SLC44A4,other,1.48
SLC44A5,other,1.7
SLC45A1,other,3.01
SLC45A2,other,-0.79
SLC45A3,other,2.12
SLC45A4,other,1.64
SLC46A1,other,1.25
SLC46A2,other,-0.00498
SLC46A3,other,0.628
SLC47A1,other,0.211
SLC47A2,other,0.579
SLC48A1,other,1.19
SLC49A3,other,-2.02
SLC49A4,other,1.78
SLC4A1,other,2.78
SLC4A10,other,4.98
SLC4A11,other,1.38
SLC4A1AP,other,0.467
SLC4A2,other,4.68
SLC4A3,other,3.72
SLC4A4,other,4.78
SLC4A5,other,2.24
SLC4A7,other,3.04
SLC4A8,other,5.7
SLC4A9,other,1.27
SLC50A1,other,1.04
SLC51A,other,0.917
SLC51B,other,-0.0105
SLC52A1,other,0.524
SLC52A2,other,-0.641
SLC52A3,other,1.12
SLC5A1,approved,3.23
SLC5A10,other,1.3
SLC5A11,other,1.19
SLC5A12,other,0.904
SLC5A2,approved,-1.12
SLC5A3,other,4.07
SLC5A4,other,1.53
SLC5A5,other,0.768
SLC5A6,other,2.09
SLC5A7,other,3.2
SLC5A8,other,0.692
SLC5A9,other,0.706
SLC66A1,other,1.06
SLC66A2,other,-0.505
SLC66A3,other,0.424
SLC6A1,other,5.92
SLC6A11,other,3.88
SLC6A12,other,1.92
SLC6A13,other,0.394
SLC6A14,other,2.0
SLC6A15,other,1.84
SLC6A16,other,1.38
SLC6A17,other,3.86
SLC6A18,other,0.644
SLC6A19,other,0.563
SLC6A2,approved,3.35
SLC6A20,other,0.733
SLC6A3,in_trials,3.32
SLC6A4,in_trials,3.23
SLC6A5,other,0.0346
SLC6A6,other,4.95
SLC6A7,other,0.716
SLC6A8,other,5.29
SLC6A9,other,3.14
SLC7A1,other,4.48
SLC7A10,other,1.9
SLC7A11,other,0.603
SLC7A13,other,-1.57
SLC7A14,other,1.32
SLC7A2,other,-3.13
SLC7A3,other,2.48
SLC7A4,other,0.0613
SLC7A5,other,1.73
SLC7A6,other,2.02
SLC7A6OS,other,-0.555
SLC7A7,other,0.746
SLC7A8,other,1.03
SLC7A9,other,1.68
SLC8A1,other,2.15
SLC8A2,other,6.35
SLC8A3,other,0.749
SLC8B1,other,1.33
SLC9A1,other,5.27
SLC9A2,other,2.52
SLC9A3,other,2.0
NHERF1,other,-0.619
NHERF2,other,0.0419
SLC9A4,other,-1.38
SLC9A5,other,3.61
SLC9A6,other,4.29
SLC9A7,other,2.49
SLC9A8,other,2.31
SLC9A9,other,-0.000924
SLC9B1,other,3.57
SLC9B2,other,0.194
SLC9C1,other,0.565
SLC9C2,other,3.01
SLCO1A2,other,0.102
SLCO1B1,other,-1.44
SLCO1B3,other,-1.36
SLCO1B3-SLCO1B7,other,-1.51
SLCO1C1,other,-1.31
SLCO2A1,other,1.02
SLCO2B1,other,1.17
SLCO3A1,other,2.4
SLCO4A1,other,0.838
SLCO4C1,other,-0.584
SLCO5A1,other,0.527
SLCO6A1,other,-0.0196
SLF1,other,-0.195
SLF2,other,1.47
SLFN11,other,1.16
SLFN12,other,0.103
SLFN12L,other,-0.111
SLFN13,other,2.48
SLFN14,other,1.45
SLFN5,other,0.851
SLFNL1,other,-0.119
SLIRP,other,-0.81
SLIT1,other,3.77
SLIT2,other,3.3
SLIT3,other,3.02
SLITRK1,other,1.04
SLITRK2,other,2.76
SLITRK3,other,0.799
SLITRK4,other,2.3
SLITRK5,other,-0.76
SLITRK6,other,0.128
SLK,other,3.41
SLMAP,other,2.69
SLN,other,0.236
SLPI,other,-0.323
SLTM,other,2.78
SLU7,other,2.92
SLURP1,other,1.04
SLURP2,other,0.32
SLX4,other,-1.49
SLX4IP,other,0.682
SLX9,other,0.55
SMAD1,other,3.6
SMAD2,other,4.9
SMAD3,other,4.87
SMAD4,other,6.18
SMAD5,other,4.02
SMAD6,other,-5.65
SMAD7,in_trials,1.79
SMAD9,other,0.484
SMAGP,other,0.139
SMAP1,other,0.0596
SMAP2,other,2.88
SMARCA1,other,2.82
SMARCA2,other,6.35
SMARCA4,other,10.2
SMARCA5,other,8.01
SMARCAD1,other,4.9
SMARCAL1,other,1.58
SMARCB1,other,5.35
SMARCC1,other,3.01
SMARCC2,other,6.06
SMARCD1,other,4.11
SMARCD2,other,2.77
SMARCD3,other,3.87
SMARCE1,other,4.26
SMC1A,other,9.29
SMC1B,other,2.95
SMC2,other,1.25
SMC3,other,9.93
SMC4,other,0.98
SMC5,other,1.86
SMC6,other,2.52
SMCHD1,other,4.94
SMCO1,other,0.915
SMCO2,other,-0.0814
SMCO3,other,-0.366
SMCO4,other,0.51
SMCP,other,0.0052
SMCR8,other,-0.514
SMDT1,other,-0.473
SMG1,other,7.49
SMG5,other,1.58
SMG6,other,0.389
SMG7,other,3.35
SMG8,other,2.47
SMG9,other,2.08
SMIM1,other,0.33
SMIM10,other,0.554
SMIM10L1,other,0.927
SMIM10L2A,other,0.391
SMIM10L2B,other,1.04
SMIM12,other,0.713
SMIM13,other,1.01
SMIM14,other,1.29
SMIM15,other,0.175
SMIM17,other,-0.698
SMIM18,other,0.842
SMIM19,other,-0.262
SMIM2,other,1.36
SMIM20,other,-0.00709
SMIM21,other,-0.346
SMIM22,other,-2.12
SMIM23,other,0.429
SMIM24,other,0.083
SMIM26,other,-1.94
TZMP1,other,-1.83
SMIM29,other,0.584
SMIM3,other,-0.0637
SMIM30,other,-1.25
SMIM32,other,-2.11
SMIM39,other,0.378
UQCC5,other,0.917
SMIM5,other,-0.335
ERLN,other,-0.128
SMIM7,other,-0.841
SMIM8,other,-0.242
SMIM9,other,-0.344
SMKR1,other,1.22
SMLR1,other,-0.0473
SMN1,other,0.215
SMN2,other,0.51
SMNDC1,other,3.29
SMO,approved,1.9
SMOC1,other,1.01
SMOC2,other,0.646
SMOX,other,3.24
SMPD1,other,0.166
SMPD2,other,0.0884
SMPD3,other,0.819
SMPD4,other,2.95
SMPDL3A,other,0.631
SMPDL3B,other,1.27
SMPX,other,0.356
SMR3A,other,-0.836
SMR3B,other,-0.6
SMS,other,4.31
SMTN,other,0.686
SMTNL1,other,0.598
SMTNL2,other,0.399
SMU1,other,6.76
SMUG1,other,0.614
SMURF1,other,3.5
SMURF2,other,4.72
SMYD1,other,-0.225
SMYD2,other,0.926
SMYD3,other,0.438
SMYD4,other,0.266
SMYD5,other,1.06
SNAI1,other,1.25
SNAI2,other,1.95
SNAI3,other,-1.86
SNAP23,other,0.907
SNAP25,in_trials,4.13
SNAP29,other,-0.732
SNAP47,other,0.677
SNAP91,other,1.75
SNAPC1,other,-1.02
SNAPC2,other,-2.43
SNAPC3,other,-2.9
SNAPC4,other,-2.43
SNAPC5,other,-0.702
SNAPIN,other,-0.186
SNCA,other,0.959
SNCAIP,other,1.57
SNCB,other,1.41
SNCG,other,0.477
SND1,other,3.92
SNED1,other,3.78
SNF8,other,1.3
SNIP1,other,1.49
SNN,other,-0.21
SNORC,other,-0.774
SNPH,other,1.91
SNRK,other,4.76
SNRNP200,other,9.47
SNRNP25,other,-0.106
SNRNP27,other,1.57
SNRNP35,other,0.831
SNRNP40,other,1.94
SNRNP48,other,0.543
SNRNP70,other,2.23
SNRPA,other,2.4
SNRPA1,other,2.74
SNRPB,other,2.44
SNRPB2,other,2.32
SNRPC,other,3.19
SNRPD1,other,3.33
SNRPD2,other,2.67
SNRPD3,other,3.11
SNRPE,other,2.36
SNRPF,other,2.04
SNRPG,other,2.7
SNRPN,other,3.0
SNTA1,other,1.91
SNTB1,other,-1.33
SNTB2,other,2.03
SNTG1,other,-1.3
SNTG2,other,-0.427
SNTN,other,-0.63
SNU13,other,3.12
SNUPN,other,1.07
SNURF,other,0.199
SNW1,other,4.31
SNX1,other,0.582
SNX10,other,0.536
SNX11,other,0.583
SNX12,other,2.84
SNX13,other,1.43
SNX14,other,1.93
SNX15,other,1.03
SNX16,other,0.572
SNX17,other,1.24
SNX18,other,0.679
SNX19,other,0.205
SNX2,other,1.07
SNX20,other,-0.0445
SNX21,other,0.16
SNX22,other,-0.3
SNX24,other,-0.6
SNX25,other,1.84
SNX27,other,2.7
SNX29,other,-2.86
SNX3,other,2.22
SNX30,other,0.411
SNX31,other,0.124
SNX32,other,-0.877
SNX33,other,2.07
SNX4,other,0.307
SNX5,other,0.151
SNX6,other,1.44
SNX7,other,-0.0747
SNX8,other,-1.21
SNX9,other,2.49
SOAT1,other,1.47
SOAT2,other,-0.0629
SOBP,other,1.43
SOCS1,other,-1.02
SOCS2,other,0.439
SOCS3,other,2.43
SOCS4,other,0.988
SOCS5,other,0.434
SOCS6,other,1.51
SOCS7,other,2.51
SOD1,other,1.76
SOD2,other,0.63
SOD3,other,-0.191
MTCL2,other,3.16
MTCL3,other,1.99
SOHLH1,other,-1.71
SOHLH2,other,1.76
SON,other,3.31
SORBS1,other,2.14
SORBS2,other,-0.401
SORBS3,other,-0.643
SORCS1,other,1.5
SORCS2,other,-0.927
SORCS3,other,2.52
SORD,other,3.03
SORL1,other,2.81
SORT1,other,2.15
SOS1,other,3.86
SOS2,other,2.67
SOST,other,0.477
SOSTDC1,other,0.456
SOWAHA,other,-0.687
SOWAHB,other,-1.22
SOWAHC,other,-0.283
SOWAHD,other,0.0657
SOX1,other,-0.547
SOX10,other,3.65
SOX11,other,2.52
SOX12,other,1.6
SOX13,other,2.75
SOX14,other,1.4
SOX15,other,0.119
SOX17,other,-0.403
SOX18,other,0.454
SOX2,other,3.3
SOX21,other,0.408
SOX3,other,2.35
SOX30,other,0.203
SOX4,other,0.531
SOX5,other,4.2
SOX6,other,3.04
SOX7,other,-3.08
SOX8,other,-0.558
SOX9,other,2.3
SP1,other,1.6
SP100,other,0.975
SP110,other,1.03
SP140,other,2.37
SP140L,other,1.05
SP2,other,3.39
SP3,other,1.26
SP4,other,-1.14
SP5,other,-1.23
SP6,other,0.778
SP7,other,0.596
SP8,other,0.085
SP9,other,2.88
SPA17,other,0.298
SPAAR,other,-1.29
SPACA1,other,0.23
SPACA3,other,-0.0631
SPACA4,other,1.29
SPACA5B,other,2.26
SPACA6,other,-1.34
SPACA7,other,0.533
SPACA9,other,-0.00153
SPAG1,other,2.26
SPAG11A,other,3.8
SPAG11B,other,3.82
SPAG16,other,-1.61
SPAG17,other,0.589
SPAG4,other,0.368
SPAG5,other,2.54
SPAG6,other,0.886
SPAG7,other,0.377
SPAG8,other,0.626
SPAG9,other,3.92
SPAM1,other,1.21
SPANXB1,other,0.798
SPANXC,other,2.22
SPANXD,other,0.0748
SPANXN1,other,-0.187
SPANXN2,other,1.13
SPANXN3,other,-0.728
SPANXN4,other,-1.98
SPANXN5,other,0.559
SPARC,other,1.66
SPARCL1,other,0.997
SPART,other,0.854
SPAST,other,0.821
SPATA1,other,0.635
SPATA12,other,0.209
SPATA13,other,1.73
SPATA16,other,0.544
SPATA17,other,-0.837
SPATA18,other,-0.701
SPATA19,other,-0.31
SPATA2,other,0.786
SPATA20,other,0.702
SPATA21,other,-0.0464
SPATA22,other,0.242
SPATA24,other,0.765
SPATA25,other,0.106
SPATA2L,other,-1.4
SPATA3,other,-0.92
SPATA31A1,other,9.96
SPATA31A3,other,12.4
SPATA31A6,other,6.82
SPATA31A7,other,9.73
SPATA31C2,other,0.18
SPATA31D1,other,-5.5
SPATA31D3,other,5.11
SPATA31D4,other,5.26
SPATA31E1,other,-1.62
SPATA32,other,1.31
SPATA33,other,-2.0
SPATA4,other,-0.693
SPATA45,other,0.156
SPATA46,other,0.368
SPMIP7,other,0.24
AFG2A,other,0.787
AFG2B,other,0.238
SPATA6,other,0.0844
SPATA6L,other,-4.03
SPATA7,other,0.295
SPATA9,other,0.384
SPATC1,other,0.257
SPATC1L,other,-0.395
SPATS1,other,0.764
SPATS2,other,1.29
SPATS2L,other,1.37
SPC24,other,-0.845
SPC25,other,0.687
SPCS1,other,0.224
SPCS2,other,2.85
SPCS3,other,2.27
SPDEF,other,1.37
SPDL1,other,-0.0847
SPDYA,other,1.86
SPDYC,other,0.739
SPDYE1,other,2.63
SPDYE10,other,4.09
SPDYE12,other,4.97
SPDYE16,other,6.57
SPDYE17,other,2.15
SPDYE18,other,6.78
SPDYE2,other,4.65
SPDYE21,other,3.97
SPDYE3,other,6.05
SPDYE4,other,0.192
SPDYE5,other,3.97
SPDYE6,other,7.16
SPECC1,other,0.0527
SPECC1L,other,3.03
SPECC1L-ADORA2A,other,2.21
SPEF1,other,0.282
SPEF2,other,-0.318
SPEG,other,2.43
SPEGNB,other,1.32
SPEM1,other,0.16
SPEM2,other,0.194
SPEN,other,5.07
SPESP1,other,0.255
SPG11,other,-1.92
SPG21,other,0.957
SPG7,other,-1.99
SPHK1,other,-0.514
SPHK2,in_trials,0.831
SPHKAP,other,-0.26
SPI1,other,2.45
SPIB,other,0.745
SPIC,other,1.13
SPICE1,other,0.548
SPIDR,other,-0.547
SPIN1,other,4.84
SPIN2A,other,3.11
SPIN2B,other,4.59
SPIN3,other,0.622
SPIN4,other,2.2
SPINDOC,other,1.5
SPINK1,other,0.21
SPINK13,other,0.185
SPINK14,other,0.913
SPINK2,other,1.03
SPINK4,other,0.734
SPINK5,other,1.16
SPINK6,other,-0.19
SPINK7,other,-0.585
SPINK8,other,0.552
SPINK9,other,0.0914
SPINT1,other,0.776
SPINT2,other,1.36
SPINT3,other,0.307
SPINT4,other,0.375
SPIRE1,other,1.87
SPIRE2,other,-2.42
SPN,other,0.252
SPNS1,other,2.41
SPNS2,other,-0.793
SPNS3,other,0.137
SPO11,other,0.83
SPOCD1,other,1.99
SPOCK1,other,0.97
SPOCK2,other,0.795
SPOCK3,other,0.0558
SPON1,other,1.46
SPON2,other,-1.71
SPOP,other,6.2
SPOPL,other,0.491
SPOUT1,other,1.19
SPP1,in_trials,0.561
SPP2,other,-0.134
SPPL2A,other,1.19
SPPL2B,other,-0.234
SPPL2C,other,0.0762
SPPL3,other,4.9
SPR,other,0.47
SPRED1,other,1.2
SPRED2,other,0.448
SPRED3,other,0.593
SPRING1,other,0.349
SPRN,other,-1.94
SPRR1A,other,-0.732
SPRR1B,other,0.166
SPRR2A,other,0.992
SPRR2B,other,1.62
SPRR2D,other,0.281
SPRR2E,other,0.873
SPRR2F,other,0.265
SPRR2G,other,-0.341
SPRR3,other,0.521
SPRR4,other,-0.643
SPRTN,other,1.9
SPRY1,other,-1.26
SPRY2,other,1.13
SPRY3,other,-0.00272
SPRY4,other,-0.314
SPRYD3,other,3.34
SPRYD4,other,0.00466
SPRYD7,other,1.31
SPSB1,other,2.98
SPSB2,other,-1.56
SPSB3,other,-0.615
SPSB4,other,0.00448
SPTA1,other,-2.21
SPTAN1,other,8.4
SPTB,other,2.52
SPTBN1,other,5.94
SPTBN2,other,5.34
SPTBN4,other,4.19
SPTBN5,other,-2.05
SPTLC1,other,2.21
SPTLC2,other,3.23
SPTLC3,other,0.979
SPTSSA,other,-0.274
SPTSSB,other,0.0893
SPTY2D1,other,1.67
SPX,other,-0.191
SPZ1,other,1.51
SQLE,other,1.29
SQOR,other,-0.0198
SQSTM1,other,-0.171
SRA1,other,-0.414
SRARP,other,0.0482
SRBD1,other,-2.58
SRC,approved,4.4
SRCAP,other,3.21
SRCIN1,other,2.36
SRD5A1,other,1.07
SRD5A2,other,-0.582
SRD5A3,other,0.828
SREBF1,other,2.34
SREBF2,other,1.53
SREK1,other,2.5
SREK1IP1,other,0.807
SRF,other,4.85
SRFBP1,other,-2.64
SRGAP1,other,2.89
SRGAP2,other,2.47
SRGAP2B,other,3.38
SRGAP2C,other,3.16
SRGAP3,other,2.86
SRGN,other,0.689
SRI,other,0.209
SRL,other,0.273
SRM,other,3.48
SRMS,approved,-0.36
SRP14,other,1.44
SRP19,other,0.254
SRP54,other,4.97
SRP68,other,2.83
SRP72,other,0.868
SRP9,other,2.22
SRPK1,other,2.71
SRPK2,other,3.6
SRPK3,other,-0.404
SRPRA,other,1.03
SRPRB,other,0.0915
SRPX,other,-0.838
SRPX2,other,0.955
SRR,other,0.672
SRRD,other,0.0488
SRRM1,other,2.87
SRRM2,other,-8.88
SRRM3,other,1.0
SRRM4,other,0.151
SRRM5,other,0.556
SRRT,other,2.72
SRSF1,other,6.5
SRSF10,other,3.06
SRSF11,other,3.13
SRSF12,other,1.17
SRSF2,other,4.34
SRSF3,other,4.61
SRSF4,other,3.32
SRSF5,other,2.92
SRSF6,other,1.81
SRSF7,other,3.04
SRSF8,other,0.0618
SRSF9,other,3.49
SRXN1,other,-0.504
SRY,other,1.54
SS18,other,0.318
SS18L1,other,2.05
SS18L2,other,-0.167
SSB,other,2.96
SSBP1,other,1.44
SSBP2,other,2.96
SSBP3,other,4.1
SSBP4,other,-0.29
SSC4D,other,0.231
SSC5D,other,1.48
SSH1,other,1.77
SSH2,other,3.63
SSH3,other,0.704
SSMEM1,other,0.828
SSNA1,other,-1.15
SSPN,other,0.553
SSR1,other,1.1
SSR2,other,1.45
SSR3,other,1.13
SSR4,other,0.833
SSRP1,other,5.43
SST,other,-0.152
SSTR1,in_trials,0.844
SSTR2,in_trials,2.06
SSTR3,in_trials,1.75
SSTR4,in_trials,-1.99
SSTR5,in_trials,0.497
SSU72,other,2.67
SSU72L2,other,2.43
SSU72L3,other,-3.31
SSU72L4,other,3.08
SSU72L5,other,3.57
SSU72L1,other,2.87
SSU72L6,other,-3.12
SSUH2,other,-0.853
SSX1,other,-4.6
SSX2IP,other,0.663
SSX3,other,-0.374
SSX4,other,1.75
SSX4B,other,0.743
SSX5,other,-1.7
SSX7,other,-1.1
ST13,other,1.81
ST14,other,1.52
ST18,other,-0.308
ST20,other,0.579
ST20-MTHFS,other,0.628
ST3GAL1,other,1.9
ST3GAL2,other,2.02
ST3GAL3,other,2.63
ST3GAL4,other,2.46
ST3GAL5,other,1.69
ST3GAL6,other,0.778
ST6GAL1,other,1.23
ST6GAL2,other,-0.0372
ST6GALNAC1,other,0.184
ST6GALNAC2,other,-0.472
ST6GALNAC3,other,0.598
ST6GALNAC4,other,1.34
ST6GALNAC5,other,0.52
ST6GALNAC6,other,1.79
ST7,other,4.49
ST7L,other,1.58
ST8SIA1,other,1.41
ST8SIA2,other,1.99
ST8SIA3,other,2.24
ST8SIA4,other,2.21
ST8SIA5,other,0.639
ST8SIA6,other,0.0562
STAB1,other,1.74
STAB2,other,0.52
STAC,other,0.133
STAC2,other,0.308
STAC3,other,0.864
STAG1,other,5.99
STAG2,other,6.96
STAG3,other,3.61
STAM,other,0.351
STAM2,other,0.58
STAMBP,other,0.877
STAMBPL1,other,0.182
STAP1,other,-0.174
STAP2,other,-0.0489
STAR,other,0.0883
STARD10,other,1.32
STARD13,other,0.419
STARD3,other,0.731
STARD3NL,other,1.12
STARD4,other,0.306
STARD5,other,0.436
STARD6,other,-0.0545
STARD7,other,-0.0713
STARD8,other,0.16
STARD9,other,-0.932
STAT1,other,7.92
STAT2,other,3.68
STAT3,in_trials,8.21
STAT4,other,3.66
STAT5A,other,5.24
STAT5B,other,5.95
STAT6,other,3.47
STATH,other,-0.236
STAU1,other,2.25
STAU2,other,2.05
STBD1,other,0.175
STC1,other,2.1
STC2,other,1.48
STEAP1,other,1.58
STEAP1B,other,1.2
STEAP2,other,1.18
STEAP3,other,0.258
STEAP4,other,0.939
STEEP1,other,3.94
STH,other,0.709
STIL,other,1.87
STIM1,other,2.71
STIM2,other,1.21
STIMATE,other,1.98
STIMATE-MUSTN1,other,1.73
STING1,other,2.19
STIP1,other,2.62
STK10,other,2.04
STK11,other,2.25
STK11IP,other,0.81
STK16,other,0.898
STK17A,other,0.671
STK17B,other,1.96
WHR1,other,0.51
STK24,other,2.86
STK25,other,2.65
STK26,other,2.02
STK3,other,2.15
STK31,other,-0.131
STK32A,other,0.538
STK32B,other,-1.59
STK32C,other,2.18
STK33,other,-0.447
STK35,other,2.37
STK36,other,2.07
STK38,other,2.39
STK38L,other,4.37
STK39,other,2.95
STK4,other,2.31
STK40,other,2.36
STKLD1,other,0.218
STMN1,other,2.48
STMN2,other,2.91
STMN3,other,0.0714
STMN4,other,2.15
STMND1,other,0.566
STMP1,other,0.471
STN1,other,1.33
STOM,other,1.63
STOML1,other,1.41
STOML2,other,2.13
STOML3,other,-0.381
STON1,other,-4.47
STON1-GTF2A1L,other,-5.46
STON2,other,0.817
STOX1,other,1.37
STOX2,other,2.03
STPG1,other,0.4
STPG2,other,-0.933
STPG3,other,-2.1
STPG4,other,-2.03
STRA6,other,1.16
STRA8,other,1.13
STRADA,other,1.94
STRADB,other,2.79
STRAP,other,2.64
STRBP,other,4.93
STRC,other,7.62
STRIP1,other,2.83
STRIP2,other,1.94
STRN,other,-0.317
STRN3,other,1.12
STRN4,other,3.31
STS,other,0.625
STT3A,other,4.78
STT3B,other,5.1
STUB1,other,-0.791
STUM,other,1.87
STX10,other,-0.594
STX11,other,-0.679
STX12,other,0.794
STX16,other,1.24
STX16-NPEPL1,other,0.156
STX17,other,0.916
STX18,other,0.12
STX19,other,-0.821
STX1A,other,3.18
STX1B,other,4.04
STX2,other,0.85
STX3,other,0.061
STX4,other,1.6
STX5,other,0.5
STX6,other,0.939
STX7,other,0.638
STX8,other,-0.714
STXBP1,other,6.67
STXBP2,other,1.58
STXBP3,other,2.25
STXBP4,other,0.319
STXBP5,other,2.54
STXBP5L,other,1.22
STXBP6,other,0.688
STYK1,other,-0.11
STYX,other,1.11
STYXL1,other,0.861
STYXL2,other,-1.47
SUB1,other,2.16
SUCLA2,other,1.56
SUCLG1,other,-0.00264
SUCLG2,other,-0.838
SUCNR1,other,0.56
SUCO,other,1.53
SUDS3,other,2.43
SUFU,other,3.2
SUGCT,other,-0.369
SUGP1,other,1.46
SUGP2,other,1.51
SUGT1,other,0.768
SULF1,other,1.98
SULF2,other,2.29
SULT1A1,other,1.61
SULT1A2,other,0.353
SULT1A3,other,2.78
SULT1A4,other,2.45
SULT1B1,other,-0.496
SULT1C2,other,-0.804
SULT1C3,other,-0.892
SULT1C4,other,-0.203
SULT1E1,other,-0.58
SULT2A1,other,0.817
SULT2B1,other,0.114
SULT4A1,other,2.45
SULT6B1,other,-2.0
SUMF1,other,-1.66
SUMF2,other,-0.607
SUMO1,other,2.74
SUMO2,other,3.99
SUMO3,other,2.32
SUMO4,other,0.0251
SUN1,other,-0.23
SUN2,other,1.66
SUN3,other,0.289
SUN5,other,0.985
SUOX,other,0.918
SUPT16H,other,7.74
SUPT20H,other,1.27
SUPT20HL1,other,-2.31
SUPT20HL2,other,-6.07
SUPT3H,other,0.155
SUPT4H1,other,1.19
SUPT5H,other,6.43
SUPT6H,other,7.19
SUPT7L,other,1.65
SUPV3L1,other,2.54
SURF1,other,-1.55
SURF2,other,-1.69
SURF4,other,3.05
SURF6,other,-1.34
SUSD1,other,1.11
SUSD2,other,0.974
SUSD3,other,0.937
SUSD4,other,0.926
SUSD5,other,0.372
SUSD6,other,0.941
SUV39H1,other,4.48
SUV39H2,other,4.28
SUZ12,other,5.45
SV2A,other,3.0
SV2B,other,1.37
SV2C,other,1.13
SVBP,other,0.51
SVEP1,other,1.98
SVIL,other,2.46
SVIP,other,-0.0971
SVOP,other,2.84
SVOPL,other,-0.304
SWAP70,other,1.83
SWI5,other,0.139
SWSAP1,other,-0.817
SWT1,other,1.74
SYAP1,other,1.24
SYBU,other,1.17
SYCE1,other,0.364
SYCE1L,other,-2.96
SYCE2,other,1.48
SYCE3,other,1.1
SYCN,other,-1.4
SYCP1,other,0.684
SYCP2,other,0.214
SYCP2L,other,1.32
SYCP3,other,0.744
SYDE1,other,1.55
SYDE2,other,0.0423
SYF2,other,0.458
SYK,approved,4.27
SYMPK,other,3.37
SYN1,other,3.18
SYN2,other,-0.188
SYN3,other,1.08
SYNC,other,0.029
SYNCRIP,other,5.48
SYNDIG1,other,0.744
SYNDIG1L,other,0.272
SYNE1,other,1.72
SYNE2,other,-0.504
SYNE3,other,0.972
SYNE4,other,0.428
SYNGAP1,other,8.76
SYNGR1,other,0.325
SYNGR2,other,1.17
SYNGR3,other,-0.0516
SYNGR4,other,0.179
SYNJ1,other,3.14
SYNJ2,other,0.599
SYNJ2BP,other,0.77
SYNJ2BP-COX16,other,0.46
SYNM,other,-0.921
SYNPO,other,1.42
SYNPO2,other,-0.444
SYNPO2L,other,0.428
SYNPR,other,0.714
SYNRG,other,2.68
SYP,other,1.32
SYPL1,other,0.901
SYPL2,other,0.407
SYS1,other,1.28
SYS1-DBNDD2,other,0.244
SYT1,other,4.22
SYT10,other,0.525
SYT11,other,2.54
SYT12,other,0.652
SYT13,other,0.977
SYT14,other,2.6
SYT15,other,7.14
SYT16,other,0.0498
SYT17,other,1.62
SYT2,other,2.62
SYT3,other,3.1
SYT4,other,0.155
SYT5,other,0.0757
SYT6,other,0.171
SYT7,other,3.59
SYT8,other,-1.22
SYT9,other,0.77
SYTL1,other,0.626
SYTL2,other,-2.12
SYTL3,other,-1.14
SYTL4,other,1.81
SYTL5,other,-1.65
SYVN1,other,2.74
SZRD1,other,0.714
SZT2,other,3.85
TAAR1,other,-0.833
TAAR2,other,-1.35
TAAR5,other,-1.89
TAAR6,other,-1.78
TAAR8,other,-1.13
TAAR9,other,-0.918
TAB1,other,1.21
TAB2,other,3.2
TAB3,other,2.47
TAC1,other,0.81
TAC3,other,0.701
TAC4,other,0.29
TACC1,other,0.724
TACC2,other,1.57
TACC3,other,-0.646
TACO1,other,0.614
TACR1,in_trials,0.837
TACR2,other,0.696
TACR3,in_trials,0.591
TACSTD2,in_trials,-0.783
TADA1,other,1.18
TADA2A,other,1.7
TADA2B,other,2.37
TADA3,other,2.27
TAF1,other,8.53
TAF10,other,0.339
TAF11,other,1.73
TAF12,other,2.03
TAF13,other,1.46
TAF15,other,1.68
TAF1A,other,1.77
TAF1B,other,0.852
TAF1C,other,-3.61
TAF1D,other,0.547
TAF1L,other,1.39
TAF2,other,3.81
TAF3,other,2.77
TAF4,other,0.227
TAF4B,other,0.527
TAF5,other,2.21
TAF5L,other,2.85
TAF6,other,1.87
TAF6L,other,1.04
TAF7,other,2.1
TAF7L,other,-0.178
TAF8,other,-0.262
TAF9,other,0.743
TAF9B,other,-0.891
TAFA1,other,0.722
TAFA2,other,1.23
TAFA3,other,-0.0385
TAFA4,other,-0.953
TAFA5,other,0.985
TAFAZZIN,other,3.21
TAGAP,other,1.79
TAGLN,other,0.4
TAGLN2,other,1.35
TAGLN3,other,1.01
TAL1,other,0.405
TAL2,other,0.583
TALDO1,other,-1.24
TAMALIN,other,0.11
TAMM41,other,-0.269
TANC1,other,2.98
TANC2,other,4.01
TANGO2,other,0.766
TANGO6,other,0.485
TANK,other,1.56
TAOK1,other,7.02
TAOK2,other,4.01
TAOK3,other,3.72
TAP1,other,2.78
TAP2,other,1.75
TAPBP,other,1.31
TAPBPL,other,1.17
TAPT1,other,1.91
TARBP1,other,-0.526
TARBP2,other,2.27
TARDBP,other,5.97
TARM1,other,0.229
TARS1,other,1.18
TARS2,other,2.82
TARS3,other,0.584
TAS1R1,other,0.168
TAS1R2,other,-0.419
TAS1R3,other,-2.93
TAS2R1,other,-0.376
TAS2R10,other,-0.515
TAS2R13,other,-0.836
TAS2R14,other,-0.243
TAS2R16,other,-0.5
TAS2R19,other,0.147
TAS2R20,other,-0.269
TAS2R3,other,-0.282
TAS2R30,other,-0.518
TAS2R31,other,-0.104
TAS2R38,other,0.681
TAS2R39,other,0.781
TAS2R4,other,0.845
TAS2R40,other,0.779
TAS2R41,other,0.909
TAS2R42,other,0.0215
TAS2R43,other,2.34
TAS2R46,other,-0.312
TAS2R5,other,0.338
TAS2R50,other,-0.573
TAS2R60,other,0.452
TAS2R7,other,-0.825
TAS2R8,other,-0.853
TAS2R9,other,-0.949
TASL,other,1.4
TASOR,other,1.5
TASOR2,other,0.319
TASP1,other,2.24
TAT,other,0.834
TATDN1,other,0.511
TATDN2,other,-0.678
TATDN3,other,0.307
TAX1BP1,other,0.692
TAX1BP3,other,0.739
TBATA,other,-0.00768
TBC1D1,other,1.03
TBC1D10A,other,1.4
TBC1D10B,other,1.4
TBC1D10C,other,1.31
TBC1D12,other,0.209
TBC1D13,other,2.34
TBC1D14,other,1.7
TBC1D15,other,0.928
TBC1D16,other,0.851
TBC1D17,other,-1.39
TBC1D19,other,1.91
TBC1D2,other,1.57
TBC1D20,other,1.81
TBC1D21,other,0.0615
TBC1D22A,other,1.18
TBC1D22B,other,2.87
TBC1D23,other,1.64
TBC1D24,other,1.21
TBC1D25,other,3.97
TBC1D26,other,2.45
TBC1D28,other,1.06
TBC1D2B,other,2.03
TBC1D30,other,1.98
TBC1D31,other,1.48
TBC1D32,other,-0.0769
TBC1D3B,other,8.18
TBC1D3E,other,2.24
TBC1D3F,other,6.96
TBC1D3G,other,4.17
TBC1D3I,other,4.47
TBC1D3K,other,2.28
TBC1D3L,other,5.89
TBC1D4,other,1.4
TBC1D5,other,0.45
TBC1D7,other,0.0738
TBC1D8,other,1.06
TBC1D8B,other,0.0431
TBC1D9,other,3.54
TBC1D9B,other,0.937
TBCA,other,1.53
TBCB,other,0.0359
TBCC,other,-1.21
TBCCD1,other,1.84
TBCD,other,1.66
TBCEL,other,3.55
TBCEL-TECTA,other,3.26
TBCK,other,0.213
TBK1,other,3.3
TBKBP1,other,0.402
TBL1X,other,3.12
TBL1XR1,other,6.58
TBL1Y,other,-1.24
TBL2,other,1.42
TBL3,other,-1.15
TBP,other,3.7
TBPL1,other,3.07
TBPL2,other,-0.0857
TBR1,other,4.47
TBRG1,other,0.175
TBRG4,other,1.2
TBX1,other,-0.419
TBX10,other,0.0866
TBX15,other,0.895
TBX18,other,-0.609
TBX19,other,1.42
TBX2,other,0.168
TBX20,other,2.78
TBX21,other,2.02
TBX22,other,-1.33
TBX3,other,1.28
TBX4,other,1.54
TBX5,other,1.36
TBX6,other,0.595
TBXA2R,in_trials,-0.281
TBXAS1,other,0.0218
TBXT,other,0.813
TC2N,other,0.191
TCAF1,other,3.49
TCAF2,other,8.59
TCAF2C,other,3.01
TCAIM,other,2.01
TCAP,other,0.328
TCEA1,other,2.57
TCEA2,other,2.08
TCEA3,other,0.999
TCEAL1,other,1.67
TCEAL2,other,-0.0795
TCEAL3,other,1.96
TCEAL4,other,0.881
TCEAL5,other,1.6
TCEAL6,other,0.504
TCEAL7,other,0.721
TCEAL8,other,0.624
TCEAL9,other,-0.0914
TCEANC,other,-0.0826
TCEANC2,other,-0.0343
TCERG1,other,4.06
TCERG1L,other,-0.38
TCF12,other,-0.308
TCF15,other,0.034
TCF19,other,1.75
TCF20,other,0.687
TCF21,other,1.59
TCF23,other,0.821
TCF24,other,0.446
TCF25,other,-0.909
TCF3,other,-2.0
TCF4,other,4.89
TCF7,other,-0.805
TCF7L1,other,1.91
TCF7L2,other,2.11
TCFL5,other,0.179
TCHH,other,-4.06
TCHHL1,other,0.0775
TCHP,other,-0.151
TCIM,other,-0.275
TCIRG1,other,0.899
TCL1A,other,0.482
TCL1B,other,-0.026
TCN1,other,-0.397
TCN2,other,-2.34
TCOF1,other,1.12
TCP1,other,2.74
TCP10L,other,0.444
TCP10L2,other,5.47
TCP11,other,1.31
TCP11L1,other,1.87
TCP11L2,other,0.0457
TCP11X1,other,1.45
TCP11X2,other,5.39
TCTA,other,-0.247
DRC5,other,0.37
TCTN1,other,1.18
TCTN2,other,0.934
TCTN3,other,0.379
TDG,other,3.53
CRIPTO,other,0.623
CRIPTO3,other,1.09
TDO2,other,-0.481
TDP1,other,0.326
TDP2,other,0.00698
TDRD1,other,1.71
TDRD10,other,1.16
TDRD12,other,-1.43
TDRD15,other,-7.25
TDRD3,other,1.07
TDRD5,other,2.63
TDRD6,other,-4.75
TDRD7,other,1.82
TDRD9,other,2.42
TDRKH,other,2.34
TDRP,other,-3.49
TEAD1,other,2.74
TEAD2,other,1.58
TEAD3,other,3.01
TEAD4,other,1.34
TEC,in_trials,1.98
TECPR1,other,1.97
TECPR2,other,2.71
TECR,other,2.01
TECRL,other,-1.08
TECTA,other,1.9
TECTB,other,0.12
TEDC1,other,-0.826
TEDC2,other,-1.06
TEDDM1,other,-0.599
TEF,other,2.18
TEFM,other,0.817
TEK,in_trials,2.55
TEKT1,other,0.497
TEKT2,other,0.516
TEKT3,other,0.586
TEKT4,other,-2.86
TEKT5,other,-3.19
TELO2,other,-0.526
TEN1,other,0.31
TEN1-CDK3,other,0.31
TENM1,other,4.59
TENM2,other,4.37
TENM3,other,3.86
TENM4,other,3.77
TENT2,other,0.51
TENT4A,other,2.5
TENT4B,other,4.49
TENT5A,other,2.78
TENT5B,other,1.07
TENT5C,other,2.61
TENT5D,other,2.42
TEP1,other,1.68
SPMIP8,other,-0.101
TEPSIN,other,-0.33
TERB1,other,1.98
TERB2,other,0.744
TERF1,other,1.78
TERF2,other,2.65
TERF2IP,other,-1.08
TERT,in_trials,5.41
TES,other,0.979
TESC,other,1.36
TESK1,other,1.37
TESK2,other,1.36
TESMIN,other,0.46
TESPA1,other,0.253
TET1,other,3.14
TET2,other,-0.349
TET3,other,4.24
TEX10,other,2.11
TEX101,other,0.984
TEX11,other,1.82
TEX12,other,0.538
TEX13A,other,-0.698
TEX13B,other,0.852
TEX13C,other,-4.47
TEX13D,other,0.125
TEX14,other,0.24
TEX15,other,-0.731
TEX19,other,0.319
TEX2,other,1.98
TEX22,other,-0.335
TEX26,other,-0.959
TEX261,other,1.02
TEX264,other,1.41
TEX29,other,0.525
TEX30,other,0.639
CIMIP4,other,-0.5
TEX35,other,-0.116
TEX36,other,0.122
SPMIP9,other,-0.2
TEX38,other,0.811
SPMIP10,other,0.423
TEX44,other,0.428
SAXO5,other,0.469
TEX46,other,0.691
TEX47,other,-0.0697
TEX48,other,0.844
SPMIP11,other,-2.8
TEX50,other,1.07
TEX51,other,-3.13
TEX52,other,-0.523
TEX54,other,-3.7
TEX55,other,-0.0096
TEX9,other,-1.49
TF,other,1.9
TFAM,other,1.56
TFAP2A,other,2.65
TFAP2B,other,1.59
TFAP2C,other,2.27
TFAP2D,other,0.871
TFAP2E,other,1.2
TFAP4,other,1.55
TFB1M,other,0.514
TFB2M,other,-0.112
TFCP2,other,4.37
TFCP2L1,other,2.33
TFDP1,other,3.81
TFDP2,other,2.56
TFDP3,other,-0.748
TFE3,other,2.35
TFEB,other,2.21
TFEC,other,0.0445
TFF1,other,-0.263
TFF2,other,-0.0413
TFF3,other,0.24
TFG,other,1.33
TFIP11,other,2.54
TFPI,other,1.41
TFPI2,other,0.213
TFPT,other,0.186
TFR2,other,1.69
TFRC,other,1.31
TG,other,-0.977
TGDS,other,0.905
TGFA,other,0.965
TGFB1,in_trials,1.57
TGFB1I1,other,0.652
TGFB2,in_trials,2.39
TGFB3,in_trials,2.91
TGFBI,other,0.547
TGFBR1,in_trials,3.99
TGFBR2,other,3.13
TGFBR3,other,2.32
TGFBR3L,other,0.364
TGFBRAP1,other,1.92
TGIF1,other,1.53
TGIF2,other,0.944
TGIF2-RAB5IF,other,0.729
TGIF2LX,other,3.02
TGIF2LY,other,2.53
TGM1,other,1.56
TGM2,other,1.21
TGM3,other,-0.256
TGM4,other,0.723
TGM5,other,0.776
TGM6,other,-0.386
TGM7,other,-0.086
TGOLN2,other,0.347
TGS1,other,-0.819
TH,in_trials,-0.376
THADA,other,-5.72
THAP1,other,2.06
THAP10,other,0.491
THAP11,other,2.97
THAP12,other,4.81
THAP2,other,0.375
THAP3,other,0.693
THAP4,other,1.82
THAP5,other,1.18
THAP6,other,-0.0112
THAP7,other,-0.664
THAP8,other,-0.672
THAP9,other,2.34
THBD,other,-0.495
THBS1,other,3.77
THBS2,other,3.36
THBS3,other,2.3
THBS4,other,1.77
SPMAP2,other,-0.943
SPMAP2L,other,0.279
THEM4,other,0.351
THEM5,other,0.91
THEM6,other,-0.107
THEMIS,other,-0.694
THEMIS2,other,2.02
THG1L,other,-0.116
THNSL1,other,-0.351
THNSL2,other,1.24
THOC1,other,3.6
THOC2,other,7.79
THOC3,other,6.65
THOC5,other,2.79
THOC6,other,-0.811
THOC7,other,1.67
THOP1,other,1.81
THPO,other,1.29
THRA,in_trials,5.03
THRAP3,other,2.63
THRB,in_trials,4.24
THRSP,other,0.347
THSD1,other,0.462
THSD4,other,-0.0217
THSD7A,other,-2.06
THSD7B,other,0.578
THTPA,other,-0.00325
THUMPD1,other,-0.375
THUMPD2,other,-2.0
THUMPD3,other,-0.0475
THY1,other,1.29
THYN1,other,0.351
TIA1,other,2.09
TIAL1,other,4.71
TIAM1,other,2.41
TIAM2,other,1.44
TICAM1,other,0.602
TICAM2,other,-0.645
TICRR,other,-2.23
TIE1,other,1.81
TIFA,other,0.849
TIFAB,other,-0.549
TIGAR,other,1.64
TIGD1,other,-4.68
TIGD2,other,0.469
TIGD3,other,0.518
TIGD4,other,0.439
TIGD5,other,-0.15
TIGD6,other,0.562
TIGD7,other,-0.63
TIGIT,in_trials,0.217
TIMD4,other,-0.127
TIMELESS,other,0.767
TIMM10,other,1.26
TIMM10B,other,-1.17
TIMM13,other,-0.526
TIMM17A,other,0.265
TIMM17B,other,1.32
TIMM21,other,0.268
TIMM22,other,-0.675
TIMM23,other,1.75
TIMM23B,other,1.07
TIMM23B-AGAP6,other,1.87
TIMM29,other,-0.42
TIMM44,other,0.535
TIMM50,other,0.385
TIMM8A,other,2.02
TIMM8B,other,0.214
TIMM9,other,0.585
TIMMDC1,other,0.462
TIMP1,other,1.23
TIMP2,other,1.89
TIMP3,other,2.45
TIMP4,other,-0.543
TINAG,other,-1.93
TINAGL1,other,2.29
TINF2,other,1.01
TIPARP,other,2.71
TIPIN,other,1.13
TIPRL,other,1.84
TIRAP,other,0.23
TJAP1,other,0.236
TJP1,other,1.96
TJP2,other,0.265
TJP3,other,-0.518
TK1,other,1.55
TK2,other,0.708
TKFC,other,0.955
TKT,other,1.84
TKTL1,other,-1.24
TKTL2,other,-0.386
TLCD1,other,-0.322
TLCD2,other,-0.303
TLCD3A,other,0.429
TLCD3B,other,1.43
TLCD4,other,1.32
TLCD4-RWDD3,other,0.944
TLCD5,other,0.406
TLDC2,other,-0.324
TLE1,other,3.14
TLE2,other,-0.394
TLE3,other,4.66
TLE4,other,4.36
TLE5,other,2.74
TLE6,other,-1.49
TLK1,other,4.98
TLK2,other,8.56
TLL1,other,1.44
TLL2,other,0.0551
TLN1,other,6.1
TLN2,other,1.48
TLNRD1,other,-0.686
TLR1,other,-0.156
TLR10,other,0.0541
TLR2,in_trials,1.31
TLR3,in_trials,0.826
TLR4,other,0.499
TLR5,other,0.753
TLR6,other,1.9
TLR7,approved,3.74
TLR8,in_trials,3.49
TLR9,approved,3.61
TLX1,other,1.25
TLX2,other,0.528
TLX3,other,0.91
TM2D1,other,0.504
TM2D2,other,0.507
TM2D3,other,-1.03
TM4SF1,other,-0.267
TM4SF18,other,-0.406
TM4SF19,other,0.969
TM4SF19-DYNLT2B,other,0.969
TM4SF20,other,-0.354
TM4SF4,other,0.00608
TM4SF5,other,0.446
TM6SF1,other,1.19
TM6SF2,other,0.459
TM7SF2,other,0.116
TM7SF3,other,1.01
TM9SF1,other,2.69
TM9SF2,other,3.82
TM9SF3,other,3.59
TM9SF4,other,4.22
TMA16,other,0.23
TMA7,other,0.217
TMBIM1,other,0.603
TMBIM4,other,0.32
TMBIM6,other,0.363
TMC1,other,1.37
TMC2,other,0.523
TMC3,other,0.623
TMC4,other,0.285
TMC5,other,0.961
TMC6,other,0.0667
TMC7,other,1.15
TMC8,other,0.33
TMCC1,other,4.55
TMCC2,other,3.09
TMCC3,other,1.05
TMCO1,other,1.49
TMCO2,other,0.569
SLC9D1,other,0.856
TMCO4,other,0.681
TMCO5A,other,-0.685
TMCO6,other,0.776
TMED1,other,-0.15
TMED10,other,2.9
TMED2,other,2.83
TMED3,other,0.303
TMED4,other,-0.0115
TMED5,other,0.663
TMED6,other,-0.311
TMED7,other,1.2
TMED7-TICAM2,other,0.0547
TMED8,other,0.703
TMED9,other,1.25
TMEFF1,other,1.18
TMEFF2,other,2.04
TMEM100,other,1.02
TMEM101,other,1.22
TMEM102,other,0.459
SLC38A12,other,0.0681
TMEM106A,other,1.03
TMEM106B,other,1.04
TMEM106C,other,0.482
TMEM107,other,0.755
TMEM108,other,1.14
TMEM109,other,1.01
TMEM11,other,2.17
TMEM114,other,-2.02
TMEM115,other,1.62
TMEM116,other,1.01
TMEM117,other,1.27
TMEM119,other,-0.635
TMEM120A,other,0.359
TMEM120B,other,0.548
TMEM121,other,1.21
TMEM121B,other,0.0679
TMEM123,other,-1.47
TMEM125,other,0.794
TMEM126A,other,-0.445
TMEM126B,other,-0.365
TMEM127,other,0.344
TMEM128,other,-1.09
TMEM129,other,0.163
TMEM130,other,0.317
TMEM131,other,2.34
TMEM131L,other,0.815
TMEM132A,other,1.37
TMEM132B,other,2.7
TMEM132C,other,0.764
TMEM132D,other,0.646
TMEM132E,other,0.755
TMEM134,other,-1.98
TMEM135,other,1.47
TMEM138,other,0.0501
TMEM139,other,-0.0611
TMEM140,other,-0.212
TMEM141,other,-0.778
TMEM143,other,-0.114
TMEM144,other,-0.108
TMEM145,other,1.27
TMEM147,other,0.737
TMEM14A,other,0.538
TMEM14B,other,0.556
TMEM14C,other,-0.117
TMEM150A,other,2.25
TMEM150B,other,-0.388
TMEM150C,other,1.29
TMEM151A,other,-0.102
TMEM151B,other,2.52
TMEM154,other,-0.425
TMEM156,other,-0.24
TMEM158,other,0.994
TMEM160,other,-0.0954
TMEM161A,other,0.35
TMEM161B,other,1.85
TMEM163,other,1.71
TMEM164,other,3.63
TMEM165,other,1.61
TMEM167A,other,1.14
TMEM167B,other,0.893
TMEM168,other,0.856
TMEM169,other,1.08
TMEM17,other,-0.0727
TMEM170A,other,-1.28
TMEM170B,other,0.903
TMEM171,other,-0.342
TMEM174,other,-0.426
TMEM175,other,-0.198
TMEM176A,other,0.931
TMEM176B,other,-0.51
TMEM177,other,1.3
TMEM178A,other,1.11
TMEM178B,other,2.67
TMEM179,other,1.17
TMEM179B,other,-1.28
TMEM18,other,-0.483
TMEM181,other,-0.211
TMEM182,other,-0.0394
TMEM183A,other,2.93
TMEM184A,other,-0.612
TMEM184B,other,2.98
TMEM184C,other,3.46
TMEM185A,other,3.72
TMEM185B,other,1.13
TMEM186,other,-1.14
TMEM187,other,0.461
TMEM19,other,-0.0047
TMEM190,other,-0.0279
TMEM191B,other,4.87
TMEM191C,other,1.36
TMEM192,other,0.442
TMEM196,other,-1.26
TMEM198,other,1.0
VMA12,other,-0.485
TMEM200A,other,1.19
TMEM200B,other,-0.169
TMEM200C,other,-4.29
TMEM201,other,1.74
TMEM202,other,0.629
TMEM203,other,1.53
TMEM204,other,0.813
TMEM205,other,0.0947
TMEM207,other,-1.01
TMEM208,other,1.06
TMEM209,other,1.02
TMEM210,other,0.388
LHFPL7,other,0.392
TMEM212,other,0.118
TMEM213,other,0.362
TMEM214,other,1.31
TMEM215,other,0.501
TMEM216,other,0.506
TMEM217,other,1.21
TMEM218,other,1.08
TMEM219,other,0.109
TMEM220,other,0.326
TMEM221,other,0.745
TMEM222,other,-0.0571
TMEM223,other,-1.97
TMEM225,other,0.686
TMEM225B,other,1.3
TMEM229A,other,-0.151
TMEM229B,other,1.83
TMEM230,other,0.87
TMEM231,other,-0.0651
TMEM232,other,-2.17
TMEM233,other,0.628
TMEM234,other,0.989
TMEM235,other,-0.209
TMEM236,other,-0.757
TMEM237,other,0.0642
TMEM238,other,1.12
TMEM239,other,0.35
TMEM240,other,1.17
SLC35D4,other,0.647
TMEM242,other,-0.339
TMEM243,other,-0.496
TMEM244,other,-0.57
TMEM245,other,0.229
TMEM247,other,-1.78
TMEM248,other,1.39
CATSPERQ,other,-0.659
TMEM25,other,0.661
TMEM250,other,0.194
LYSET,other,0.713
TMEM252,other,0.0717
TMEM253,other,0.394
TMEM254,other,-0.209
TMEM255A,other,0.756
TMEM255B,other,0.0239
TMEM256,other,-0.295
TMEM256-PLSCR3,other,-0.439
TMEM258,other,0.8
TMEM259,other,-0.419
TMEM26,other,-1.43
TMEM260,other,-0.709
CATSPERH,other,0.768
TMEM263,other,1.26
TMEM265,other,-0.206
TMEM266,other,0.648
TMEM267,other,0.524
TMEM268,other,0.404
TMEM269,other,0.936
TMEM270,other,-0.144
TMEM272,other,-3.32
TMEM273,other,-1.31
CDC50A,other,1.77
CDC50B,other,-0.559
TMEM31,other,0.0907
TMEM33,other,1.08
TMEM35A,other,1.84
TMEM35B,other,0.177
TMEM37,other,1.3
TMEM38A,other,1.4
TMEM38B,other,-0.663
TMEM39A,other,2.76
TMEM39B,other,1.6
TMEM40,other,-0.403
TMEM41A,other,0.368
TMEM41B,other,0.595
TMEM42,other,0.254
TMEM43,other,-0.289
TMEM44,other,-0.231
TMEM45A,other,0.544
TMEM45B,other,-0.0939
TMEM47,other,1.95
TMEM50A,other,0.451
TMEM50B,other,1.04
TMEM51,other,1.21
TMEM52,other,-0.777
TMEM52B,other,-0.354
TMEM53,other,1.32
TMEM54,other,1.19
TMEM59,other,0.518
TMEM59L,other,0.208
TMEM60,other,0.876
TMEM61,other,0.715
TMEM62,other,1.53
TMEM63A,other,1.78
TMEM63B,other,6.03
TMEM63C,other,2.98
TMEM64,other,0.115
TMEM65,other,1.12
TMEM67,other,0.887
TMEM68,other,1.27
TMEM69,other,1.41
TMEM70,other,-0.287
TMEM71,other,-0.42
TMEM72,other,0.319
TMEM74,other,0.0859
TMEM74B,other,-0.117
TMEM79,other,0.356
TMEM80,other,0.551
TMEM81,other,0.159
TMEM82,other,0.115
TMEM86A,other,1.43
TMEM86B,other,-0.756
TMEM87A,other,1.39
TMEM87B,other,0.811
TMEM88,other,-1.07
TMEM278,other,-1.52
TMEM89,other,-0.154
TMEM8B,other,1.39
TMEM9,other,1.55
TMEM91,other,1.01
TMEM92,other,0.852
TMEM94,other,3.32
TMEM95,other,0.43
TMEM97,other,0.161
TMEM98,other,1.2
TMEM9B,other,1.49
TMF1,other,-0.0701
TMIE,other,0.0575
TMIGD1,other,-0.565
TMIGD2,other,0.377
TMIGD3,other,0.4
TMLHE,other,0.61
TMOD1,other,1.14
TMOD2,other,0.572
TMOD3,other,0.666
TMOD4,other,0.784
TMPO,other,0.67
TMPPE,other,1.03
TMPRSS11A,other,0.12
TMPRSS11B,other,-0.598
TMPRSS11D,other,1.08
TMPRSS11E,other,-0.361
TMPRSS11F,other,0.0736
TMPRSS12,other,-0.0192
TMPRSS13,other,1.8
TMPRSS15,other,-0.861
TMPRSS2,other,-0.426
TMPRSS3,other,-0.293
TMPRSS4,other,0.194
TMPRSS5,other,0.205
TMPRSS6,in_trials,0.707
TMPRSS7,other,0.141
TMPRSS9,other,-3.18
TMSB10,other,0.574
TMSB15A,other,0.467
TMSB4X,other,1.99
TMSB4Y,other,-0.406
TMTC1,other,0.787
TMTC2,other,1.25
TMTC3,other,2.11
TMTC4,other,1.14
TMUB1,other,0.107
TMUB2,other,-0.499
TMX1,other,-0.171
TMX2,other,0.681
TMX3,other,0.693
TMX4,other,1.01
TNC,in_trials,0.619
TNF,approved,2.0
TNFAIP1,other,2.2
TNFAIP2,other,0.924
TNFAIP3,other,2.48
TNFAIP6,other,1.38
TNFAIP8,other,-0.584
TIPE1,other,1.08
TIPE2,other,0.708
TIPE3,other,1.05
TNFRSF10A,in_trials,-1.36
TNFRSF10B,in_trials,-0.568
TNFRSF10C,other,2.18
TNFRSF10D,other,-0.328
TNFRSF11A,other,0.851
TNFRSF11B,other,0.888
TNFRSF12A,other,-0.0136
TNFRSF13B,other,-0.747
TNFRSF13C,in_trials,0.155
TNFRSF14,other,0.603
TNFRSF17,approved,-2.25
TNFRSF18,other,-0.542
TNFRSF19,other,0.367
TNFRSF1A,other,2.25
TNFRSF1B,other,1.35
TNFRSF21,other,1.67
TNFRSF25,other,0.896
TNFRSF4,in_trials,-0.438
TNFRSF6B,other,-2.4
TNFRSF8,in_trials,1.32
TNFRSF9,in_trials,0.289
TNFSF10,other,-0.33
TNFSF11,approved,1.13
TNFSF12,in_trials,0.343
TNFSF12-TNFSF13,other,0.502
TNFSF13,in_trials,0.553
TNFSF13B,approved,2.03
TNFSF14,in_trials,0.925
TNFSF15,other,0.392
TNFSF18,other,-0.272
TNFSF4,in_trials,0.82
TNFSF8,other,1.24
TNFSF9,other,-0.275
TNIK,other,5.66
TNIP1,other,1.66
TNIP2,other,-0.14
TNIP3,other,0.467
TNK1,other,0.595
TNK2,other,-2.01
TNKS,other,-0.99
CNOT12,other,0.696
TNKS2,other,4.1
TNMD,other,0.564
TNN,other,-0.409
TNNC1,other,3.02
TNNC2,in_trials,1.73
TNNI1,other,2.47
TNNI2,in_trials,1.18
TNNI3,other,1.19
TNNI3K,other,-1.58
TNNT1,other,0.736
TNNT2,other,2.33
TNNT3,in_trials,0.951
TNP1,other,0.222
TNP2,other,-1.29
TNPO1,other,6.64
TNPO2,other,8.01
TNPO3,other,3.63
TNR,other,2.19
TNRC18,other,-3.25
TNRC6A,other,1.79
TNRC6B,other,3.24
TNRC6C,other,1.69
TNS1,other,0.876
TNS2,other,1.64
TNS3,other,1.86
TNS4,other,0.623
TNXB,other,4.82
TOB1,other,2.53
TOB2,other,0.782
TOE1,other,1.84
TOGARAM1,other,0.685
TOGARAM2,other,0.671
TOLLIP,other,1.53
TOM1,other,1.14
TOM1L1,other,0.555
TOM1L2,other,0.953
TOMM20,other,1.66
TOMM20L,other,-0.429
TOMM22,other,0.654
TOMM34,other,1.58
TOMM40,other,3.63
TOMM40L,other,2.07
TOMM5,other,0.346
TOMM6,other,-0.379
TOMM7,other,-0.551
TOMM70,other,2.16
TOMT,other,0.405
TONSL,other,-0.182
TOP1,in_trials,6.34
TOP1MT,other,-0.104
TOP2A,approved,6.14
TOP2B,in_trials,5.19
TOP3A,other,2.15
TOP3B,other,5.09
TOPAZ1,other,1.44
TOPBP1,other,2.56
TOPORS,other,1.99
TOR1A,other,0.866
TOR1AIP1,other,-0.334
TOR1AIP2,other,1.77
TOR1B,other,0.693
TOR2A,other,0.446
TOR3A,other,-0.253
TOR4A,other,0.0542
TOX,other,1.56
TOX2,other,0.84
TOX3,other,0.853
TOX4,other,3.95
TP53,in_trials,1.12
TP53AIP1,other,-0.222
TP53BP1,other,2.0
TP53BP2,other,2.14
TP53I11,other,2.28
TP53I13,other,-0.442
TP53I3,other,0.847
TP53INP1,other,0.514
TP53INP2,other,-0.26
TP53RK,other,-0.258
TP53TG3D,other,4.9
TP53TG5,other,0.666
TP63,other,3.52
TP73,other,2.25
TPBG,other,-1.49
TPBGL,other,-1.31
TPCN1,other,3.47
TPCN2,other,-0.203
TPD52,other,0.774
TPD52L1,other,1.39
TPD52L2,other,0.389
TPD52L3,other,-1.64
TPGS1,other,-1.16
TPGS2,other,0.287
TPH1,in_trials,0.682
TPH2,in_trials,1.15
TPI1,other,1.78
TPK1,other,0.104
TPM1,other,4.41
TPM2,other,3.81
TPM3,other,3.74
TPM4,other,1.93
TPMT,other,0.58
TPO,in_trials,0.272
TPP1,other,0.637
TPP2,other,5.4
TPPP,other,0.929
TPPP2,other,0.112
TPPP3,other,1.39
TPR,other,3.92
TPRA1,other,0.807
TPRG1,other,0.187
TPRG1L,other,0.233
TPRKB,other,-0.91
TPRN,other,-1.9
TPRX1,other,1.23
TPSAB1,other,3.03
TPSB2,other,1.69
TPSD1,other,-2.27
TPSG1,other,-3.75
TPST1,other,2.05
TPST2,other,1.45
TPT1,other,2.56
TPTE,other,4.61
TPTE2,other,2.77
TPTEP2-CSNK1E,other,3.66
TPX2,other,1.37
TRA2A,other,1.41
TRA2B,other,4.92
TRABD,other,1.06
TRABD2A,other,0.173
TRABD2B,other,1.8
TRAC,other,-1.53
TRADD,other,0.974
TRAF1,other,0.96
TRAF2,other,2.01
TRAF3,other,4.73
IFT54,other,0.871
TRAF3IP2,approved,2.41
TRAF3IP3,other,1.07
TRAF4,other,2.95
TRAF5,other,1.95
TRAF6,other,4.38
TRAF7,other,3.39
TRAFD1,other,1.3
TRAIP,other,1.74
TRAJ1,other,-0.893
TRAJ10,other,-0.0801
TRAJ11,other,0.00787
TRAJ12,other,-0.498
TRAJ13,other,-0.685
TRAJ14,other,-1.17
TRAJ16,other,-1.05
TRAJ17,other,-1.18
TRAJ18,other,-1.77
TRAJ19,other,-0.572
TRAJ2,other,-0.734
TRAJ20,other,-0.447
TRAJ21,other,-1.61
TRAJ22,other,-0.684
TRAJ23,other,-0.443
TRAJ24,other,-0.0258
TRAJ25,other,-0.752
TRAJ26,other,-1.68
TRAJ27,other,-0.544
TRAJ28,other,-0.481
TRAJ29,other,-0.863
TRAJ3,other,-1.17
TRAJ30,other,-1.75
TRAJ31,other,-0.687
TRAJ32,other,-1.35
TRAJ33,other,-1.34
TRAJ34,other,-0.937
TRAJ35,other,-0.227
TRAJ36,other,0.114
TRAJ37,other,-1.79
TRAJ38,other,-0.62
TRAJ39,other,-1.81
TRAJ4,other,-0.845
TRAJ40,other,-0.366
TRAJ41,other,-1.49
TRAJ42,other,-0.274
TRAJ43,other,-0.179
TRAJ44,other,-1.46
TRAJ45,other,-1.43
TRAJ46,other,-0.961
TRAJ47,other,-1.27
TRAJ48,other,-0.162
TRAJ49,other,-0.694
TRAJ5,other,-0.557
TRAJ50,other,-1.25
TRAJ52,other,-1.63
TRAJ53,other,-0.851
TRAJ54,other,-1.24
TRAJ56,other,-0.226
TRAJ57,other,-0.938
TRAJ58,other,-0.677
TRAJ59,other,-0.792
TRAJ6,other,-1.72
TRAJ61,other,-2.43
TRAJ7,other,-0.927
TRAJ9,other,-0.637
TRAK1,other,1.62
TRAK2,other,1.12
TRAM1,other,1.84
TRAM1L1,other,-0.226
TRAM2,other,2.0
TRANK1,other,2.18
TRAP1,other,-4.31
TRAPPC1,other,0.672
TRAPPC10,other,2.19
TRAPPC11,other,1.39
TRAPPC12,other,-1.13
TRAPPC13,other,1.97
TRAPPC14,other,2.66
TRAPPC2,other,2.32
TRAPPC2B,other,0.397
TRAPPC2L,other,-2.87
TRAPPC3,other,1.41
TRAPPC3L,other,0.138
TRAPPC4,other,0.438
TRAPPC5,other,1.21
TRAPPC6A,other,-0.101
TRAPPC6B,other,-0.656
TRAPPC8,other,1.74
TRAPPC9,other,2.27
TRARG1,other,-0.35
TRAT1,other,-0.369
TRAV1-1,other,-2.35
TRAV1-2,other,-2.06
TRAV10,other,-3.18
TRAV12-1,other,-3.11
TRAV12-2,other,-1.95
TRAV12-3,other,-3.13
TRAV13-1,other,-2.25
TRAV13-2,other,-2.88
TRAV14DV4,other,-2.72
TRAV16,other,-3.71
TRAV17,other,-2.27
TRAV18,other,-2.4
TRAV19,other,-2.03
TRAV2,other,-1.77
TRAV20,other,-3.32
TRAV21,other,-3.0
TRAV22,other,-2.66
TRAV23DV6,other,-3.15
TRAV24,other,-2.34
TRAV25,other,-3.54
TRAV26-1,other,-2.78
TRAV26-2,other,-2.71
TRAV27,other,-2.48
TRAV29DV5,in_trials,-2.19
TRAV3,other,-2.68
TRAV30,other,-3.77
TRAV34,other,-3.3
TRAV36DV7,other,-2.34
TRAV38-1,other,-1.93
TRAV38-2DV8,other,-1.6
TRAV39,other,-2.46
TRAV4,other,-2.87
TRAV40,other,-1.17
TRAV41,other,-2.44
TRAV5,other,-2.26
TRAV6,other,-2.43
TRAV7,other,-1.78
TRAV8-1,other,-2.41
TRAV8-2,other,-1.54
TRAV8-3,other,-1.31
TRAV8-4,other,-1.66
TRAV8-6,other,-1.54
TRAV8-7,other,-3.19
TRAV9-1,other,-2.88
TRAV9-2,other,-2.08
TRBC1,other,-2.38
TRBC2,other,-1.87
TRBJ2-1,other,-1.61
TRBJ2-2,other,-1.41
TRBJ2-2P,other,-1.92
TRBJ2-3,other,-0.708
TRBJ2-4,other,-0.815
TRBJ2-5,other,-0.802
TRBJ2-6,other,-0.899
TRBJ2-7,other,-1.39
TRBV10-1,other,-1.64
TRBV10-2,other,-3.29
TRBV10-3,other,-4.35
TRBV11-1,other,-1.83
TRBV11-3,other,-2.51
TRBV19,other,-2.59
TRBV2,other,-1.63
TRBV20-1,other,-2.32
TRBV20OR9-2,other,-2.5
TRBV23-1,other,-2.89
TRBV24-1,other,-2.29
TRBV25-1,other,-2.84
TRBV27,other,-3.59
TRBV28,other,-2.64
TRBV29-1,other,-2.44
TRBV3-1,other,-1.73
TRBV30,other,-3.13
TRBV4-1,other,-2.06
TRBV4-2,other,-3.51
TRBV5-1,other,-2.67
TRBV5-3,other,-2.36
TRBV5-4,other,-2.04
TRBV5-5,other,-2.84
TRBV5-6,other,-4.04
TRBV5-7,other,-3.1
TRBV6-1,other,-0.947
TRBV6-2,other,-2.21
TRBV6-4,other,-1.9
TRBV6-5,other,-2.25
TRBV6-6,other,-1.95
TRBV6-7,other,-2.7
TRBV6-8,other,-2.29
TRBV7-1,other,-2.9
TRBV7-2,other,-1.94
TRBV7-3,other,-3.0
TRBV7-4,other,-2.59
TRBV7-6,other,-2.94
TRBV7-7,other,-2.58
TRBV7-9,in_trials,-2.84
TRBV9,other,-1.3
TRDC,other,-2.26
TRDD1,other,-1.52
TRDD2,other,-0.178
TRDD3,other,-2.02
TRDJ1,other,-0.842
TRDJ2,other,-1.0
TRDJ3,other,-1.38
TRDJ4,other,-0.852
TRDMT1,other,-1.42
TRDN,other,-1.08
TRDV1,other,-3.79
TRDV2,other,-2.74
TRDV3,other,-1.52
TREH,other,0.0438
TREM1,other,-0.00259
TREM2,other,0.552
TREML1,other,0.567
TREML2,other,0.785
TREML4,other,-0.873
TRERF1,other,3.37
TREX1,other,-0.0982
TREX2,other,-0.186
TRGC1,other,1.16
TRGC2,other,1.63
TRGJ1,other,-0.1
TRGJ2,other,0.473
TRGJP,other,-0.29
TRGJP1,other,-1.1
TRGJP2,other,-1.38
TRGV1,other,-2.43
TRGV10,other,-3.2
TRGV11,other,-2.4
TRGV2,other,-3.78
TRGV3,in_trials,-4.07
TRGV4,other,-1.72
TRGV5,other,-2.51
TRGV8,other,-1.39
TRGV9,other,0.788
TRH,other,-0.126
TRHDE,other,2.54
TRHR,other,0.62
TRIAP1,other,0.3
TRIB1,other,0.766
TRIB2,other,2.88
TRIB3,other,0.0952
TRIL,other,0.319
TRIM10,other,0.127
TRIM11,other,2.78
TRIM13,other,1.38
TRIM14,other,0.071
TRIM15,other,0.0609
TRIM16,other,1.72
TRIM17,other,0.531
TRIM2,other,4.48
TRIM21,other,-1.15
TRIM22,other,-0.44
TRIM23,other,3.41
TRIM24,other,4.31
TRIM25,other,1.35
TRIM26,other,4.04
TRIM27,other,4.22
TRIM28,other,2.08
TRIM29,other,0.332
TRIM3,other,4.13
TRIM31,other,0.813
TRIM32,other,1.44
TRIM33,other,5.58
TRIM34,other,0.274
TRIM35,other,0.879
TRIM36,other,-0.815
TRIM37,other,1.52
TRIM38,other,0.215
TRIM39,other,5.32
TRIM39-RPP21,other,3.48
TRIM4,other,0.694
TRIM40,other,0.46
TRIM41,other,0.323
TRIM42,other,0.721
TRIM43,other,3.85
TRIM43B,other,2.95
TRIM44,other,0.228
TRIM45,other,0.765
TRIM46,other,4.66
TRIM47,other,1.2
TRIM48,other,-2.07
TRIM49,other,5.79
TRIM49B,other,0.821
TRIM49C,other,5.71
TRIM5,other,-0.305
TRIM50,other,0.508
TRIM51,other,-0.969
TRIM51G,other,-2.11
TRIM52,other,0.0834
TRIM54,other,-0.0908
TRIM55,other,-0.234
TRIM56,other,1.7
TRIM58,other,-0.59
TRIM59,other,-0.153
TRIM6,other,-0.857
TRIM6-TRIM34,other,-0.604
TRIM60,other,0.308
TRIM61,other,5.49
TRIM62,other,2.01
TRIM63,other,-0.281
TRIM64,other,4.26
TRIM64B,other,8.83
TRIM64C,other,0.88
TRIM65,other,-0.185
TRIM66,other,0.33
TRIM67,other,1.38
TRIM68,other,-0.466
TRIM69,other,-0.285
TRIM7,other,-0.287
TRIM71,other,2.92
TRIM72,other,0.272
TRIM73,other,6.6
TRIM74,other,4.79
TRIM75,other,-3.89
TRIM77,other,1.71
TRIM8,other,2.83
TRIM9,other,3.3
TRIML1,other,-0.357
TRIML2,other,-0.142
TRIO,other,5.56
TRIOBP,other,2.17
TRIP10,other,0.631
TRIP11,other,1.62
TRIP12,other,6.92
TRIP13,other,2.97
TRIP4,other,0.352
TRIP6,other,-0.148
TRIQK,other,-0.4
TRIR,other,1.25
TRIT1,other,0.895
TRMO,other,-0.0459
TRMT1,other,0.501
TRMT10A,other,0.345
TRMT10B,other,0.174
TRMT10C,other,0.53
TRMT11,other,-0.0465
TRMT112,other,-1.01
TYW2,other,1.05
TRMT13,other,0.913
TRMT1L,other,1.99
TRMT2A,other,-0.261
TRMT2B,other,1.3
TRMT44,other,-1.73
TRMT5,other,0.472
TRMT6,other,0.512
TRMT61A,other,1.54
TRMT61B,other,-1.28
TRMT9B,other,-7.02
TRMU,other,-0.732
TRNAU1AP,other,1.63
TRNP1,other,-0.179
TRNT1,other,-2.44
TRO,other,2.09
TROAP,other,1.48
TRPA1,approved,0.581
TRPC1,other,3.56
TRPC3,other,3.41
TRPC4,other,3.2
TRPC4AP,other,1.44
TRPC5,other,4.36
TRPC5OS,other,0.734
TRPC6,other,1.7
TRPC7,other,2.01
TRPM1,other,0.593
TRPM2,other,-0.179
TRPM3,other,3.98
TRPM4,other,0.14
TRPM5,other,-0.576
TRPM6,other,2.56
TRPM7,other,2.8
TRPM8,approved,1.02
TRPS1,other,2.2
TRPT1,other,0.232
TRPV1,approved,0.384
TRPV2,other,2.23
TRPV3,in_trials,-0.318
TRPV4,other,3.75
TRPV5,other,-0.0787
TRPV6,other,2.66
TRRAP,other,11.6
TRUB1,other,0.918
TRUB2,other,-0.231
TSACC,other,0.244
TSBP1,other,2.34
TSC1,other,3.64
TSC2,other,-0.0781
TSC22D1,other,-1.44
TSC22D2,other,0.167
TSC22D3,other,1.4
TSC22D4,other,1.44
TSEN15,other,1.11
TSEN2,other,-1.06
TSEN34,other,-1.33
TSEN54,other,-1.18
TSFM,other,0.0354
TSG101,other,2.31
TSGA10,other,1.94
TSGA10IP,other,0.466
TSGA13,other,-0.223
TSHB,other,-0.443
TSHR,other,0.914
TSHZ1,other,1.23
TSHZ2,other,0.587
TSHZ3,other,2.03
TSKS,other,-0.459
TSKU,other,1.47
TSLP,in_trials,-1.0
TSN,other,2.94
TSNARE1,other,-0.884
TSNAX,other,1.72
TSNAX-DISC1,other,0.599
TSNAXIP1,other,0.195
TSPAN1,other,0.381
TSPAN10,other,-0.303
TSPAN11,other,1.08
TSPAN12,other,1.03
TSPAN13,other,1.31
TSPAN14,other,2.81
TSPAN15,other,1.59
TSPAN16,other,0.687
TSPAN17,other,1.08
TSPAN18,other,1.32
TSPAN19,other,-0.255
TSPAN2,other,0.0829
TSPAN3,other,1.48
TSPAN31,other,1.15
TSPAN32,other,-0.931
TSPAN33,other,1.25
TSPAN4,other,-0.304
TSPAN5,other,3.11
TSPAN6,other,-0.0674
TSPAN7,other,2.69
TSPAN8,other,0.327
TSPAN9,other,0.977
TSPEAR,other,-1.09
TSPO,other,-0.0691
TSPO2,other,-0.112
TSPOAP1,other,2.06
TSPY2,other,3.25
TSPY8,other,2.65
TSPYL1,other,0.166
TSPYL2,other,-0.877
TSPYL4,other,-0.595
TSPYL5,other,-0.00987
TSPYL6,other,-3.1
TSR1,other,-0.0231
TSR2,other,1.08
TSR3,other,-1.36
TSSC4,other,-1.14
TSSK1B,other,0.136
TSSK2,other,1.0
TSSK3,other,-0.0934
TSSK4,other,1.81
TSSK6,other,1.73
TST,other,0.28
TSTD1,other,-0.173
TSTD2,other,0.516
TSTD3P,other,0.742
TTBK1,other,2.86
TTBK2,other,1.45
TTC1,other,-0.277
TTC12,other,0.397
TTC13,other,2.98
TTC14,other,-0.015
TTC16,other,0.426
TTC17,other,1.37
TTC19,other,0.052
TTC21A,other,1.78
TTC21B,other,-0.0287
TTC22,other,0.345
TTC23,other,0.34
TTC23L,other,0.623
TTC24,other,0.797
IFT56,other,1.81
TTC27,other,-0.824
TTC28,other,3.69
TTC29,other,-0.478
TTC3,other,2.94
IFT70A,other,1.44
IFT70B,other,1.57
TTC31,other,-0.421
TTC32,other,-0.192
TTC33,other,0.59
TTC34,other,-0.678
TTC36,other,-0.822
SKIC3,other,1.14
TTC38,other,0.731
TTC39A,other,2.71
TTC39B,other,-2.18
TTC39C,other,1.71
TTC4,other,1.11
TTC5,other,0.447
TTC6,other,-0.849
TTC7A,other,-2.86
TTC7B,other,2.79
TTC8,other,0.209
TTC9,other,0.294
TTC9B,other,0.67
TTC9C,other,-0.857
TTF1,other,0.818
TTF2,other,0.607
TTI1,other,1.46
TTI2,other,0.511
TTK,other,0.928
TTL,other,1.86
TTLL1,other,1.08
TTLL10,other,-0.223
TTLL11,other,1.97
TTLL12,other,-1.04
TTLL13,other,0.602
TTLL2,other,0.0418
TTLL3,other,0.951
TTLL4,other,1.39
TTLL5,other,0.391
TTLL6,other,0.813
TTLL7,other,3.31
TTLL8,other,1.27
TTLL9,other,0.569
TTN,other,5.4
TTPA,other,0.365
TTPAL,other,1.67
TTR,other,1.58
TTYH1,other,0.671
TTYH2,other,1.12
TTYH3,other,-0.637
TUB,other,0.213
TUBA1A,approved,9.95
TUBA1B,approved,9.35
TUBA1C,approved,4.55
TUBA3C,approved,3.68
TUBA3D,other,4.45
TUBA3E,approved,2.35
TUBA4A,approved,5.58
TUBA4B,other,0.161
TUBA8,other,1.01
TUBAL3,other,-0.582
TUBB,approved,9.57
TUBB1,approved,0.494
TUBB2A,approved,8.99
TUBB2B,approved,9.37
TUBB3,approved,6.58
TUBB4A,approved,5.84
TUBB4B,approved,7.47
TUBB6,approved,2.58
TUBB8,approved,5.69
TUBB8B,other,2.11
TUBD1,other,0.908
TUBE1,other,0.687
TUBG1,other,6.66
TUBG2,other,4.2
TUBGCP2,other,1.19
TUBGCP3,other,3.11
TUBGCP4,other,3.13
TUBGCP5,other,1.15
TUBGCP6,other,-1.2
TUFM,other,2.08
TUFT1,other,0.578
TULP1,other,-0.187
TULP2,other,0.248
TULP3,other,0.322
TULP4,other,2.04
TUSC1,other,-2.79
TUSC2,other,0.789
TUSC3,other,-1.65
TUT1,other,0.636
TUT4,other,4.47
TUT7,other,4.31
TVP23A,other,-0.624
TVP23B,other,2.47
TVP23C,other,1.52
TVP23C-CDRT4,other,1.11
TWF1,other,2.7
TWF2,other,0.907
TWIST1,other,0.78
TWIST2,other,1.66
TWNK,other,2.4
TWSG1,other,0.937
TXK,in_trials,0.967
TXLNA,other,2.01
TXLNB,other,-0.332
TXLNG,other,0.112
TXN,other,1.98
TXN2,other,1.03
TXNDC11,other,-2.04
TXNDC12,other,0.649
TXNDC15,other,1.37
TXNDC16,other,-0.167
TXNDC17,other,-0.29
TXNDC2,other,1.25
TXNDC5,other,-0.619
TXNDC8,other,-0.594
TXNDC9,other,1.47
TXNIP,other,-1.35
TXNL1,other,1.98
TXNL4A,other,3.7
TXNL4B,other,-1.31
TXNRD1,approved,1.1
TXNRD2,other,1.21
TXNRD3,other,0.876
TYK2,approved,2.47
TYMP,other,-2.61
TYMS,in_trials,2.83
TYR,approved,-1.42
TYRO3,other,3.89
TYROBP,other,-0.333
TYRP1,other,-3.08
TYSND1,other,0.17
TYW1,other,3.19
TYW1B,other,2.82
TYW3,other,-0.1
TYW5,other,0.26
U2AF1,other,3.52
U2AF1L4,other,-0.363
U2AF1L5,other,2.52
U2AF2,other,7.46
U2SURP,other,6.12
UACA,other,0.43
UAP1,other,0.934
UAP1L1,other,0.438
UBA1,other,5.53
UBA2,other,4.5
UBA3,in_trials,1.1
UBA5,other,2.01
UBA52,other,2.66
UBA6,other,0.668
UBA7,other,2.09
UBAC1,other,0.187
UBAC2,other,1.88
UBALD1,other,0.88
UBALD2,other,1.58
UBAP1,other,2.04
UBAP1L,other,0.449
UBAP2,other,0.0187
UBAP2L,other,4.29
UBASH3A,other,-0.0153
UBASH3B,other,2.52
UBB,other,5.31
UBC,other,6.65
UBD,other,0.733
UBE2A,other,3.76
UBE2B,other,3.37
UBE2C,other,1.01
UBE2D1,other,2.89
UBE2D2,other,4.28
UBE2D3,other,4.91
UBE2D4,other,1.35
UBE2E1,other,2.62
UBE2E2,other,2.07
UBE2E3,other,4.55
UBE2F,other,2.47
UBE2F-SCLY,other,1.92
UBE2G1,other,3.46
UBE2G2,other,1.97
UBE2H,other,4.52
UBE2I,other,4.04
UBE2J1,other,2.13
UBE2J2,other,2.62
UBE2K,other,4.96
UBE2L3,other,4.69
UBE2L5,other,1.91
UBE2L6,other,0.0742
UBE2M,other,3.63
UBE2N,other,4.07
UBE2NL,other,-0.255
UBE2O,other,4.56
UBE2Q1,other,4.91
UBE2Q2,other,0.18
UBE2QL1,other,3.53
UBE2R2,other,4.78
UBE2S,other,2.48
UBE2T,other,1.05
UBE2U,other,0.605
UBE2V1,other,1.88
UBE2V2,other,1.56
UBE2W,other,2.87
UBE2Z,other,2.68
UBE3A,other,7.69
UBE3B,other,1.92
UBE3C,other,3.17
UBE3D,other,0.324
UBE4A,other,2.72
UBE4B,other,5.15
UBFD1,other,1.55
UBIAD1,other,1.8
UBL3,other,1.21
UBL4A,other,0.491
UBL4B,other,0.47
UBL5,other,1.52
UBL7,other,1.47
UBLCP1,other,2.1
UBN1,other,-2.29
UBN2,other,-0.312
UBOX5,other,1.47
UBP1,other,3.83
UBQLN1,other,2.58
UBQLN2,other,1.12
UBQLN3,other,-1.61
UBQLN4,other,5.72
UBQLNL,other,-0.393
UBR1,other,3.07
UBR2,other,4.64
UBR3,other,5.47
UBR4,other,8.8
UBR5,other,9.15
UBR7,other,2.23
UBTD1,other,0.796
UBTD2,other,1.24
UBTF,other,7.15
UBTFL1,other,5.68
UBXN1,other,0.179
UBXN10,other,0.718
UBXN11,other,0.393
UBXN2A,other,1.11
UBXN2B,other,0.499
UBXN4,other,1.16
UBXN6,other,-1.32
UBXN7,other,4.73
UBXN8,other,0.131
UCHL1,other,1.12
UCHL3,other,1.23
UCHL5,other,2.08
UCK1,other,0.883
UCK2,other,3.0
UCKL1,other,1.24
UCMA,other,-0.448
UCN,other,-0.194
UCN2,other,0.826
UCN3,other,0.0677
UCP1,other,-0.288
UCP2,other,0.765
UCP3,other,0.522
UEVLD,other,0.739
UFC1,other,0.556
UFD1,other,3.7
UFL1,other,0.014
UFM1,other,0.281
UFSP1,other,-2.47
UFSP2,other,0.979
UGCG,approved,3.33
UGDH,other,2.45
UGGT1,other,1.92
UGGT2,other,-0.537
UGP2,other,2.49
UGT1A1,other,-0.376
UGT1A10,other,-1.26
UGT1A3,other,-1.09
UGT1A4,other,-1.16
UGT1A5,other,-0.00252
UGT1A6,other,-0.383
UGT1A7,other,-0.294
UGT1A8,other,-0.895
UGT1A9,other,-0.337
UGT2A1,other,-1.33
UGT2A2,other,-2.17
UGT2A3,other,-1.91
UGT2B10,other,-1.34
UGT2B11,other,-3.21
UGT2B15,other,0.093
UGT2B17,other,4.75
UGT2B28,other,-0.4
UGT2B4,other,-1.73
UGT2B7,other,-1.68
UGT3A1,other,-0.131
UGT3A2,other,0.441
UGT8,other,2.27
UHMK1,other,1.11
UHRF1,other,6.4
BLTP3A,other,2.15
BLTP3B,other,1.3
UHRF2,other,4.04
UIMC1,other,0.331
ULBP1,other,-1.43
ULBP2,other,1.34
ULBP3,other,0.0362
ULK1,other,0.96
ULK2,other,1.8
ULK3,other,1.19
ULK4,other,-0.887
UMAD1,other,-2.49
UMOD,other,1.27
UMODL1,other,-0.414
UMPS,approved,1.03
UNC119,other,0.326
UNC119B,other,0.253
UNC13A,other,7.11
UNC13B,other,2.14
UNC13C,other,-1.89
UNC13D,other,0.784
UNC45A,other,0.387
UNC45B,other,-0.497
UNC50,other,1.45
UNC5A,other,3.67
UNC5B,other,1.08
UNC5C,other,1.3
UNC5CL,other,0.929
UNC5D,other,2.6
UNC79,other,7.07
UNC80,other,5.39
UNC93A,other,-0.487
UNC93B1,other,2.18
UNCX,other,0.575
UNG,other,0.141
UNK,other,4.21
UNKL,other,-1.49
UPB1,other,0.131
UPF1,other,8.05
UPF2,other,3.99
UPF3A,other,0.4
UPF3B,other,2.93
UPK1A,other,0.392
UPK1B,other,-0.0969
UPK2,other,0.111
UPK3A,other,-0.0458
UPK3B,other,1.54
UPK3BL2,other,4.61
UPP1,other,0.894
UPP2,other,0.208
UPRT,other,1.62
UQCC1,other,0.3
UQCC2,other,0.763
UQCC3,other,-0.692
UQCR10,other,-0.737
UQCR11,other,-0.536
UQCRB,other,-0.377
UQCRC1,other,0.604
UQCRC2,other,0.761
UQCRFS1,other,3.65
UQCRH,other,0.922
UQCRHL,other,-0.221
UQCRQ,other,-0.0955
URAD,other,-1.19
URB1,other,1.11
URB2,other,0.712
URGCP,other,3.64
URGCP-MRPS24,other,0.789
URI1,other,-0.415
URM1,other,0.0437
UROC1,other,0.323
UROD,other,1.78
UROS,other,0.526
USB1,other,0.392
USE1,other,0.52
USF1,other,2.4
USF2,other,1.23
USF3,other,2.37
USH1C,other,0.0333
USH1G,other,-0.592
USH2A,other,-1.65
USHBP1,other,-0.226
USO1,other,1.86
USP1,other,1.81
USP10,other,-0.271
USP11,other,4.76
USP12,other,4.15
USP13,other,1.91
USP14,other,2.1
USP15,other,4.44
USP16,other,0.233
USP17L1,other,-1.54
USP17L10,other,1.1
USP17L18,other,3.71
USP17L2,other,1.35
USP17L22,other,2.89
USP17L4,other,2.54
USP17L7,other,-4.52
USP17L8,other,0.286
USP18,other,3.09
USP19,other,3.04
USP2,other,1.61
USP20,other,2.44
USP21,other,2.46
USP22,other,4.25
USP24,other,6.16
USP25,other,0.998
USP26,other,-0.113
USP27X,other,4.16
USP28,other,1.05
USP29,other,-0.43
USP3,other,2.62
USP30,other,2.13
USP31,other,0.894
USP32,other,7.6
USP33,other,2.86
USP34,other,1.65
USP35,other,-1.62
USP36,other,-0.223
USP37,other,3.17
USP38,other,1.23
USP39,other,1.7
USP4,other,1.84
USP40,other,0.395
USP41P,other,2.23
USP42,other,-3.99
USP43,other,2.25
USP44,other,1.42
USP45,other,0.619
USP46,other,3.98
USP47,other,3.52
USP48,other,5.27
USP49,other,2.36
USP5,other,4.7
USP50,other,0.518
USP51,other,1.81
USP53,other,1.29
USP54,other,2.47
USP6,other,2.67
USP6NL,other,-1.06
USP7,other,7.58
USP8,other,3.33
USP9X,other,8.83
USP9Y,other,-0.575
USPL1,other,0.504
UST,other,0.931
UTF1,other,-0.0538
UTP11,other,0.609
UTP14A,other,2.38
UTP14C,other,1.04
UTP15,other,2.11
UTP18,other,-0.957
UTP20,other,1.71
UTP23,other,0.277
UTP25,other,0.923
UTP3,other,1.19
UTP4,other,0.572
UTP6,other,1.12
UTRN,other,1.08
UTS2,other,0.0442
UTS2B,other,-0.287
UTS2R,other,-1.63
UTY,other,-0.0929
UVRAG,other,1.66
UVSSA,other,-2.54
UXS1,other,2.21
UXT,other,0.804
VAC14,other,1.93
VAMP1,other,1.29
VAMP2,other,1.95
VAMP3,other,0.202
VAMP4,other,0.776
VAMP5,other,0.604
VAMP7,other,1.04
VAMP8,other,0.747
VANGL1,other,0.145
VANGL2,other,2.71
VAPA,other,1.43
VAPB,other,0.867
VARS1,other,3.71
VARS2,other,2.36
VASH1,other,0.107
VASH2,other,0.798
VASN,other,0.301
VASP,other,0.748
VAT1,other,1.8
VAT1L,other,-1.4
VAV1,other,4.88
VAV2,other,2.71
VAV3,other,0.859
VAX1,other,1.1
VAX2,other,-1.32
VBP1,other,1.14
VCAM1,other,1.12
VCAN,other,1.77
VCL,other,4.32
VCP,other,9.12
VCPIP1,other,4.61
VCPKMT,other,-2.05
VCX,other,4.13
VCX2,other,1.33
VCX3A,other,3.97
VCX3B,other,4.65
VDAC1,other,2.69
VDAC2,other,2.27
VDAC3,other,1.71
VDR,approved,2.29
VEGFA,in_trials,0.879
VEGFB,other,-0.986
VEGFC,other,0.767
VEGFD,other,-0.532
VENTX,other,-1.34
VEPH1,other,0.347
VEZF1,other,4.78
VEZT,other,0.801
VGF,other,-0.544
VGLL1,other,0.138
VGLL2,other,-0.777
VGLL3,other,-0.562
VGLL4,other,0.656
VHL,other,-0.88
VHLL,other,0.741
VIL1,other,1.45
VILL,other,0.518
VIM,other,1.1
VIP,other,-0.29
VIPAS39,other,1.83
VIPR1,other,-0.404
VIPR2,other,0.433
VIRMA,other,3.73
VIT,other,-3.61
VKORC1,in_trials,-0.223
VKORC1L1,other,2.88
VLDLR,other,-1.77
VMA21,other,0.933
VMAC,other,-0.0785
VMO1,other,-0.695
VMP1,other,3.74
VN1R1,other,0.407
VN1R2,other,0.689
VN1R4,other,1.64
VN1R5,other,1.33
VNN1,other,-0.272
VNN2,other,-0.553
VNN3P,other,-0.955
VOPP1,other,1.77
VPREB1,other,0.22
VPREB3,other,-0.181
VPS11,other,2.97
VPS13A,other,2.27
VPS13B,other,1.51
VPS13C,other,-2.79
VPS13D,other,3.81
VPS16,other,2.1
VPS18,other,1.69
VPS25,other,1.77
VPS26A,other,2.26
VPS26B,other,2.72
VPS26C,other,1.46
VPS28,other,1.57
VPS29,other,2.77
VPS33A,other,1.92
VPS33B,other,0.896
VPS35,other,5.49
VPS35L,other,1.52
VPS36,other,2.49
VPS37A,other,-2.55
VPS37B,other,-0.312
VPS37C,other,-0.124
VPS37D,other,-0.877
VPS39,other,3.07
VPS41,other,1.93
VPS45,other,2.07
VPS4A,other,2.79
VPS4B,other,2.96
VPS50,other,2.69
VPS51,other,2.04
VPS52,other,2.58
VPS53,other,1.74
VPS54,other,0.525
VPS72,other,2.33
VPS8,other,1.59
VPS9D1,other,-3.07
VRK1,other,1.25
VRK2,other,-2.06
VRK3,other,0.64
VRTN,other,2.76
VSIG1,other,0.39
VSIG10,other,0.692
VSIG10L,other,1.58
VSIG10L2,other,1.25
VSIG2,other,-0.43
VSIG4,other,-2.96
VSIG8,other,0.523
VSIR,other,1.26
VSNL1,other,3.75
VSTM1,other,-0.379
VSTM2A,other,0.727
VSTM2B,other,0.363
VSTM2L,other,0.236
VSTM4,other,0.264
VSTM5,other,0.835
VSX1,other,-0.413
VSX2,other,-0.333
VTA1,other,-0.347
VTCN1,other,0.922
VTI1A,other,0.196
VTI1B,other,0.346
VTN,other,0.831
VWA1,other,-2.53
VWA2,other,-0.169
VWA3A,other,1.55
VWA3B,other,0.108
VWA5A,other,-0.137
VWA5B1,other,0.0833
VWA5B2,other,1.32
VWA7,other,1.0
VWA8,other,0.0594
VWC2,other,0.0547
VWC2L,other,1.74
VWCE,other,1.52
VWDE,other,-3.77
VWF,approved,3.55
VXN,other,0.893
WAC,other,0.698
WAPL,other,4.68
WARS1,other,3.01
WARS2,other,0.436
WAS,other,2.47
WASF1,other,3.64
WASF2,other,3.33
WASF3,other,1.55
WASH6P,other,7.86
WASHC1,other,5.1
WASHC2A,other,5.87
WASHC2C,other,6.13
WASHC3,other,0.439
WASHC4,other,1.38
WASHC5,other,2.3
WASL,other,2.03
WBP1,other,0.52
WBP11,other,3.93
WBP1L,other,1.58
WBP2,other,0.112
WBP2NL,other,0.422
WBP4,other,0.473
WDCP,other,0.713
WDFY1,other,1.2
WDFY2,other,1.29
WDFY3,other,8.24
WDFY4,other,0.901
WDHD1,other,-0.172
WDPCP,other,0.622
WDR1,other,1.91
WDR11,other,1.99
WDR12,other,0.491
WDR13,other,4.04
WDR17,other,0.567
WDR18,other,-1.04
WDR19,other,2.01
WDR20,other,2.67
WDR24,other,2.09
WDR25,other,1.14
WDR26,other,4.55
WDR27,other,-0.466
WDR3,other,1.22
WDR31,other,0.747
WDR33,other,6.28
WDR35,other,1.62
WDR36,other,-2.03
WDR37,other,3.05
WDR38,other,0.0748
WDR4,other,-0.988
WDR41,other,-0.157
WDR43,other,0.44
WDR44,other,4.05
WDR45,other,3.31
WDR45B,other,2.2
WDR46,other,1.34
WDR47,other,4.11
WDR48,other,4.08
WDR49,other,-0.238
WDR5,other,4.8
WDR53,other,1.02
WDR54,other,0.425
WDR55,other,1.05
WDR59,other,0.711
WDR5B,other,0.35
WDR6,other,1.85
SKIC8,other,2.83
WDR62,other,1.58
WDR64,other,1.03
WDR7,other,3.22
WDR70,other,3.17
WDR72,other,-1.29
WDR73,other,-0.396
WDR74,other,0.808
WDR75,other,0.894
WDR76,other,0.0656
WDR77,other,0.702
WDR81,other,1.12
WDR82,other,4.59
WDR83,other,-0.64
WDR83OS,other,-0.063
WDR86,other,0.292
WDR87,other,3.59
WDR88,other,0.701
WDR89,other,1.2
WDR90,other,-2.54
WDR91,other,1.8
WDR93,other,1.31
WDR97,other,-11.7
WDSUB1,other,0.863
WDTC1,other,5.63
WEE1,in_trials,2.57
WEE2,other,0.869
WFDC1,other,-1.85
WFDC10A,other,0.346
WFDC10B,other,0.764
WFDC11,other,-0.182
WFDC12,other,-0.796
WFDC13,other,0.228
WFDC2,other,-0.207
WFDC3,other,0.647
WFDC5,other,-0.585
WFDC6,other,-0.00461
WFDC8,other,0.221
WFDC9,other,0.814
WFIKKN1,other,-2.18
WFIKKN2,other,0.624
WFS1,other,-6.49
WHAMM,other,0.397
WHRN,other,0.0201
WIF1,other,0.192
WIPF1,other,1.25
WIPF2,other,0.115
WIPF3,other,-0.977
WIPI1,other,2.06
WIPI2,other,1.68
WIZ,other,3.34
WLS,other,1.33
WNK1,other,4.5
WNK2,other,3.01
WNK3,other,3.88
WNK4,other,1.14
WNT1,other,1.07
WNT10A,other,-0.202
WNT10B,other,1.08
WNT11,other,0.862
WNT16,other,0.0984
WNT2,other,1.84
WNT2B,other,1.62
WNT3,other,4.44
WNT3A,other,1.87
WNT4,other,2.24
WNT5A,other,1.99
WNT5B,other,1.6
WNT6,other,0.762
WNT7A,other,1.52
WNT7B,other,1.61
WNT8A,other,1.31
WNT8B,other,1.35
WNT9A,other,1.23
WNT9B,other,0.837
WRAP53,other,0.709
WRAP73,other,0.279
WRN,other,0.405
WRNIP1,other,-3.21
WSB1,other,0.565
WSB2,other,3.59
WSCD1,other,0.185
WSCD2,other,2.26
WT1,in_trials,2.3
WTAP,other,3.45
WTIP,other,-0.147
WWC1,other,2.2
WWC2,other,-0.00632
WWC3,other,1.96
WWOX,other,-6.89
WWP1,other,3.75
WWP2,other,2.47
WWTR1,other,1.63
XAB2,other,2.38
XAF1,other,-0.289
XAGE2,other,-0.188
XAGE3,other,0.601
XAGE5,other,-0.408
XBP1,other,0.843
XCL1,other,0.587
XCL2,other,0.276
XCR1,other,1.41
XDH,in_trials,-1.71
XG,other,0.206
XIAP,other,2.22
XIRP1,other,-0.287
XIRP2,other,-3.19
XK,other,2.46
XKR3,other,1.21
XKR4,other,0.881
XKR5,other,-4.76
XKR6,other,0.529
XKR7,other,1.39
XKR8,other,1.96
XKR9,other,-2.39
XKRX,other,0.383
XPA,other,-0.26
XPC,other,0.419
XPNPEP1,in_trials,2.95
XPNPEP2,in_trials,-0.515
XPNPEP3,in_trials,0.69
XPO1,approved,9.12
XPO4,other,5.12
XPO5,other,4.17
XPO6,other,4.83
XPO7,other,6.06
XPOT,other,3.65
XPR1,other,4.41
XRCC1,other,0.454
XRCC2,other,0.114
XRCC3,other,0.0906
XRCC4,other,0.58
XRCC5,other,4.02
XRCC6,other,4.57
XRN1,other,2.8
XRN2,other,2.9
XRRA1,other,0.128
XXYLT1,other,0.326
XYLB,other,-0.168
XYLT1,other,0.505
XYLT2,other,3.07
YAE1,other,0.0557
YAF2,other,1.96
YAP1,other,1.88
YARS1,other,1.95
YARS2,other,-0.0379
YBEY,other,-1.05
YBX1,other,3.74
YBX2,other,2.04
YBX3,other,0.195
YDJC,other,0.0749
YEATS2,other,1.85
YEATS4,other,3.29
YES1,approved,2.52
YIF1A,other,0.384
YIF1B,other,1.26
YIPF1,other,0.399
YIPF2,other,0.183
YIPF3,other,0.927
YIPF4,other,0.094
YIPF5,other,0.487
YIPF6,other,1.25
YIPF7,other,-1.33
YJEFN3,other,-0.344
YJU2,other,2.11
YJU2B,other,0.332
YKT6,other,1.52
YLPM1,other,0.949
YME1L1,other,3.64
YOD1,other,0.689
YPEL1,other,2.21
YPEL2,other,2.68
YPEL3,other,1.65
YPEL4,other,1.41
YPEL5,other,3.09
YRDC,other,0.365
YTHDC1,other,3.75
YTHDC2,other,0.757
YTHDF1,other,1.93
YTHDF2,other,3.8
YTHDF3,other,2.89
YWHAB,other,3.69
YWHAE,other,4.68
YWHAG,other,4.35
YWHAH,other,3.29
YWHAQ,other,2.55
YWHAZ,other,5.2
YY1,other,4.48
YY1AP1,other,1.25
YY2,other,1.25
ZACN,other,-0.621
PTGR3,other,-0.498
ZAN,other,1.62
ZAP70,other,2.52
ZAR1,other,-0.315
ZAR1L,other,0.527
ZBBX,other,-0.939
ZBED1,other,2.28
ZBED2,other,-0.102
ZBED3,other,-0.563
ZBED4,other,1.55
ZBED5,other,0.567
ZBED6,other,-0.714
ZBED10P,other,-0.674
ZBED8,other,0.37
SCAND3,other,3.43
ZBP1,other,-0.223
ZBTB1,other,4.22
ZBTB10,other,0.534
ZBTB11,other,2.09
ZBTB12,other,4.65
ZBTB14,other,4.15
ZBTB16,other,3.95
ZBTB17,other,4.65
ZBTB18,other,4.53
ZBTB2,other,4.37
ZBTB20,other,4.69
ZBTB21,other,0.892
ZBTB22,other,2.45
ZBTB24,other,1.7
ZBTB25,other,1.58
ZBTB26,other,3.94
ZBTB3,other,0.888
ZBTB32,other,0.638
ZBTB33,other,3.01
ZBTB34,other,4.18
ZBTB37,other,2.15
ZBTB38,other,4.43
ZBTB39,other,0.265
ZBTB4,other,2.1
ZBTB40,other,2.33
ZBTB41,other,3.63
ZBTB42,other,0.996
ZBTB43,other,3.88
ZBTB44,other,3.53
ZBTB45,other,1.47
ZBTB46,other,2.88
ZBTB47,other,2.7
ZBTB48,other,0.959
ZBTB49,other,0.134
ZBTB5,other,2.17
ZBTB6,other,2.11
ZBTB7A,other,4.25
ZBTB7B,other,3.89
ZBTB7C,other,0.455
ZBTB8A,other,2.65
ZBTB8B,other,2.18
TSLIG1,other,1.12
ZBTB9,other,1.47
ZC2HC1A,other,-0.059
ZC2HC1B,other,0.225
ZC2HC1C,other,0.539
ZC3H10,other,3.84
ZC3H11A,other,3.62
ZC3H11B,other,9.31
ZC3H12A,other,2.75
ZC3H12B,other,3.22
ZC3H12C,other,2.75
ZC3H12D,other,0.426
ZC3H13,other,2.33
ZC3H14,other,1.66
ZC3H15,other,2.18
ZC3H18,other,-0.473
ZC3H3,other,-0.222
ZC3H4,other,1.04
ZC3H6,other,1.63
ZC3H7A,other,2.41
ZC3H7B,other,3.64
ZC3H8,other,1.37
ZC3HAV1,other,2.24
ZC3HAV1L,other,0.253
ZC3HC1,other,1.17
ZC4H2,other,1.19
ZCCHC10,other,0.12
ZCCHC12,other,0.152
ZCCHC13,other,0.108
ZCCHC14,other,1.58
ZCCHC17,other,0.535
ZCCHC18,other,0.321
ZCCHC2,other,0.0882
ZCCHC24,other,2.03
ZCCHC3,other,-0.693
ZCCHC4,other,0.138
ZCCHC7,other,1.26
ZCCHC8,other,2.01
ZCCHC9,other,1.22
ZCRB1,other,1.32
ZCWPW1,other,1.84
ZCWPW2,other,-0.534
ZDBF2,other,0.566
ZDHHC1,other,0.358
ZDHHC11,other,2.53
ZDHHC11B,other,3.99
ZDHHC12,other,0.069
ZDHHC13,other,0.303
ZDHHC14,other,2.44
ZDHHC15,other,1.14
ZDHHC16,other,1.28
ZDHHC17,other,2.55
ZDHHC18,other,2.22
ZDHHC19,other,0.79
ZDHHC2,other,-0.986
ZDHHC20,other,1.02
ZDHHC21,other,-0.384
ZDHHC22,other,0.537
ZDHHC23,other,1.29
ZDHHC24,other,0.581
ZDHHC3,other,3.01
ZDHHC4,other,-0.738
ZDHHC5,other,2.53
ZDHHC6,other,1.29
ZDHHC7,other,0.312
ZDHHC8,other,2.15
ZDHHC9,other,3.73
ZEB1,other,2.65
ZEB2,other,5.87
ZER1,other,5.52
ZFAND1,other,-0.712
ZFAND2A,other,-1.61
ZFAND2B,other,0.669
ZFAND3,other,1.82
ZFAND4,other,-1.01
ZFAND5,other,2.48
ZFAND6,other,1.06
ZFAT,other,1.62
ZFC3H1,other,3.11
ZFHX2,other,2.78
ZFHX3,other,-1.4
ZFHX4,other,0.565
ZFP1,other,-2.63
ZFP14,other,2.83
ZFP2,other,0.534
ZFP28,other,1.63
ZFP3,other,1.81
ZFP30,other,0.884
ZFP36,other,1.78
ZFP36L1,other,2.78
ZFP36L2,other,-4.15
ZFP37,other,0.726
ZFP41,other,-0.981
ZFP42,other,-1.34
ZFP57,other,1.98
ZFP62,other,0.721
ZFP64,other,2.16
ZFP69,other,1.37
ZFP69B,other,0.841
ZFP82,other,2.31
ZFP90,other,0.744
ZFP91,other,1.71
ZFP91-CNTF,other,1.71
ZFP92,other,1.78
ZFPL1,other,0.803
ZFPM1,other,-5.02
ZFPM2,other,0.9
ZFR,other,5.27
ZFR2,other,-0.804
ZFTA,other,0.349
ZFX,other,4.53
ZFY,other,1.89
ZFYVE1,other,4.14
ZFYVE16,other,-0.0637
ZFYVE19,other,-0.488
ZFYVE21,other,0.219
ZFYVE26,other,2.12
ZFYVE27,other,1.43
ZFYVE28,other,-0.955
ZFYVE9,other,2.29
ZG16,other,1.19
ZG16B,other,-0.618
ZGLP1,other,1.37
ZGPAT,other,-0.582
ZGRF1,other,0.783
ZHX1,other,3.11
ZHX1-C8orf76,other,0.167
ZHX2,other,2.36
ZHX3,other,1.91
ZIC1,other,3.34
ZIC2,other,2.93
ZIC3,other,3.16
ZIC4,other,-0.887
ZIC5,other,-0.729
ZIK1,other,1.56
ZIM2,other,0.245
ZIM3,other,-0.846
ZKSCAN1,other,2.86
ZKSCAN2,other,0.438
ZKSCAN3,other,2.35
ZKSCAN4,other,1.81
ZKSCAN5,other,2.04
ZKSCAN7,other,1.39
ZKSCAN8,other,1.6
ZMAT1,other,-0.551
ZMAT2,other,3.27
ZMAT3,other,0.691
ZMAT4,other,1.11
ZMAT5,other,1.16
ZMIZ1,other,4.65
ZMIZ2,other,2.57
ZMPSTE24,other,0.833
ZMYM1,other,1.63
ZMYM2,other,3.67
ZMYM3,other,5.94
ZMYM4,other,5.64
ZMYM5,other,1.23
ZMYM6,other,1.87
ZMYND10,other,1.93
ZMYND11,other,5.44
ZMYND12,other,0.295
ZMYND15,other,0.663
ZMYND19,other,1.09
ZMYND8,other,5.4
ZNF10,other,1.24
ZNF100,other,-0.581
ZNF101,other,1.2
ZNF106,other,1.66
ZNF107,other,0.298
ZNF112,other,1.66
ZNF114,other,0.889
ZNF117,other,0.208
ZNF12,other,1.93
ZNF121,other,1.92
ZNF124,other,-0.452
ZBTB35,other,3.88
ZNF132,other,-0.497
ZNF133,other,2.5
ZNF134,other,-0.422
ZNF135,other,1.4
ZNF136,other,1.11
ZNF138,other,0.239
ZNF14,other,0.816
ZNF140,other,0.324
ZNF141,other,0.344
ZNF142,other,1.53
ZNF143,other,2.37
ZNF146,other,3.46
ZNF148,other,5.05
ZNF154,other,0.859
ZNF155,other,0.626
ZNF157,other,1.5
ZNF16,other,0.354
ZNF160,other,2.04
ZNF165,other,1.12
ZNF169,other,0.343
ZNF17,other,0.927
ZNF174,other,-0.0643
ZNF175,other,1.25
ZNF177,other,-1.28
ZNF18,other,1.75
ZNF180,other,0.132
ZNF181,other,2.12
ZNF182,other,2.03
ZNF184,other,2.97
ZNF185,other,-0.953
ZNF189,other,0.666
ZNF19,other,-0.237
ZNF195,other,2.03
ZNF197,other,1.62
ZNF2,other,1.5
ZNF20,other,1.9
ZNF200,other,-2.39
ZNF202,other,2.43
ZNF205,other,-0.817
ZNF207,other,3.12
ZNF208,other,-1.85
ZNF211,other,0.42
ZNF212,other,1.16
ZNF213,other,0.231
ZNF214,other,-0.0783
ZNF215,other,-1.2
ZNF217,other,1.55
ZNF219,other,0.632
ZNF22,other,0.106
ZNF221,other,0.959
ZNF222,other,1.65
ZNF223,other,1.29
ZNF224,other,1.46
ZNF225,other,1.25
ZNF226,other,-1.4
ZNF227,other,1.13
ZNF229,other,-0.401
ZNF23,other,0.0965
ZNF230,other,0.605
ZNF232,other,0.0361
ZNF233,other,1.13
ZNF234,other,1.85
ZNF235,other,1.39
ZNF236,other,5.43
ZNF239,other,0.452
ZNF24,other,2.95
ZNF248,other,0.377
ZNF25,other,0.536
ZNF250,other,3.61
ZNF251,other,1.05
ZNF253,other,1.79
ZNF254,other,-3.58
ZNF256,other,1.39
ZNF257,other,1.41
ZNF26,other,1.86
ZNF260,other,0.44
ZNF263,other,-0.252
ZNF264,other,0.248
ZNF266,other,-0.794
ZNF267,other,0.26
ZNF268,other,-1.51
ZNF273,other,1.39
ZNF274,other,1.91
ZNF275,other,0.966
ZNF276,other,-3.53
ZNF277,other,0.243
ZNF28,other,-0.18
ZNF280A,other,-0.0327
ZNF280B,other,0.989
ZNF280C,other,2.39
ZNF280D,other,0.746
ZNF281,other,1.49
ZNF282,other,2.13
ZNF283,other,2.0
ZNF284,other,0.646
ZNF285,other,0.221
ZNF286A,other,2.41
ZNF286A-TBC1D26,other,2.41
ZNF287,other,3.79
ZNF292,other,2.05
ZNF296,other,2.16
ZNF3,other,1.48
ZNF30,other,0.48
ZNF300,other,0.834
ZNF302,other,0.198
ZNF304,other,2.04
ZNF311,other,1.03
ZNF316,other,1.63
ZNF317,other,1.78
ZNF318,other,-0.0309
ZNF319,other,2.58
ZNF32,other,2.04
ZNF320,other,2.4
ZNF322,other,7.8
ZNF324,other,0.325
ZNF324B,other,1.92
ZNF326,other,1.77
ZNF329,other,0.015
NOAZFP,other,0.681
ZNF331,other,2.74
ZNF333,other,1.57
ZNF334,other,0.113
ZNF335,other,-0.555
ZNF337,other,0.208
ZNF33A,other,1.37
ZNF33B,other,1.12
ZNF34,other,2.24
ZNF341,other,2.13
ZNF343,other,0.898
ZNF345,other,1.1
ZNF346,other,0.689
ZNF347,other,-0.194
ZNF35,other,1.88
ZNF350,other,1.85
ZNF354A,other,2.08
ZNF354B,other,1.56
ZNF354C,other,0.815
ZNF358,other,2.13
ZNF362,other,3.81
ZNF365,other,0.998
ZNF366,other,-0.146
ZNF367,other,2.54
ZNF37A,other,1.19
ZNF382,other,1.8
ZNF383,other,1.36
ZNF384,other,3.39
ZNF385A,other,1.41
ZNF385B,other,0.818
ZNF385C,other,-0.165
ZNF385D,other,0.395
ZNF391,other,1.04
ZNF394,other,0.411
ZNF395,other,1.07
ZNF396,other,0.932
ZNF397,other,0.00105
ZNF398,other,2.29
ZNF404,other,1.68
ZNF407,other,1.2
ZNF408,other,0.72
ZNF41,other,1.11
ZNF410,other,2.94
ZNF414,other,-0.571
ZNF415,other,0.609
ZNF416,other,0.638
ZNF417,other,4.2
ZNF418,other,0.126
ZNF419,other,0.211
ZNF420,other,2.18
ZNF423,other,4.31
ZNF425,other,1.36
ZNF426,other,0.207
ZNF428,other,0.505
ZNF429,other,-0.921
ZNF43,other,0.52
ZNF430,other,1.44
ZNF431,other,0.993
ZNF432,other,0.049
ZNF433,other,0.92
ZNF436,other,1.43
ZNF438,other,-0.1
ZNF439,other,0.784
ZNF44,other,0.737
ZNF440,other,0.192
ZNF441,other,1.88
ZNF442,other,1.03
ZNF443,other,0.582
ZNF444,other,-0.0989
ZNF445,other,2.42
ZNF446,other,-0.866
ZNF449,other,2.36
ZNF45,other,1.69
ZNF451,other,1.57
ZNF454,other,1.93
ZNF460,other,3.79
ZNF461,other,1.23
ZNF462,other,4.89
ZNF467,other,-1.95
ZNF468,other,0.315
ZNF469,other,-4.33
ZNF470,other,-1.04
ZNF471,other,1.26
ZNF473,other,2.98
ZNF474,other,-1.58
ZNF479,other,1.88
ZNF48,other,1.84
ZNF480,other,0.624
ZNF483,other,2.84
ZNF484,other,2.7
ZNF485,other,0.76
ZNF486,other,-3.53
ZNF487,other,-2.03
ZNF488,other,-0.247
ZNF490,other,1.71
ZNF491,other,-0.505
ZNF492,other,4.42
ZNF493,other,-0.615
ZNF496,other,1.88
ZNF497,other,-3.45
ZNF500,other,-2.65
ZNF501,other,-0.735
ZNF502,other,0.942
ZNF503,other,-1.12
ZNF506,other,1.8
ZNF507,other,0.895
ZNF510,other,1.03
ZNF511,other,-0.299
ZNF511-PRAP1,other,0.759
ZNF512,other,3.4
ZNF512B,other,2.09
ZNF513,other,0.698
ZNF514,other,-0.0305
ZNF516,other,0.0154
ZNF517,other,-1.42
ZNF518A,other,-0.964
ZNF518B,other,-2.25
ZNF519,other,0.634
ZNF521,other,4.19
ZNF524,other,-0.174
ZNF525,other,1.72
ZNF526,other,1.16
ZNF527,other,1.56
ZNF528,other,-1.76
ZNF529,other,0.707
ZNF530,other,0.893
ZNF532,other,5.38
ZNF534,other,0.216
ZNF536,other,2.16
ZNF540,other,1.27
ZNF541,other,1.79
ZNF543,other,-0.42
ZNF544,other,-0.739
ZNF546,other,1.32
ZNF547,other,0.713
ZNF548,other,0.965
ZNF549,other,0.263
ZNF550,other,-0.443
ZNF551,other,0.552
ZNF552,other,1.39
ZNF554,other,-0.469
ZNF555,other,0.232
ZNF556,other,-1.2
ZNF557,other,0.614
ZNF558,other,1.06
ZNF559,other,-1.88
ZNF559-ZNF177,other,-1.28
ZNF560,other,-0.106
ZNF561,other,-0.0362
ZNF562,other,0.334
ZNF563,other,1.03
ZNF564,other,1.1
ZNF565,other,1.66
ZNF566,other,1.7
ZNF567,other,2.25
ZNF568,other,1.99
ZNF569,other,2.15
ZNF57,other,-0.471
ZNF570,other,1.12
ZNF571,other,0.362
ZNF572,other,0.888
ZNF573,other,0.981
ZNF574,other,1.88
ZNF575,other,0.162
ZNF576,other,1.19
ZNF577,other,0.428
ZNF578,other,-0.297
ZNF579,other,2.86
ZNF580,other,0.11
ZNF581,other,0.0416
ZNF582,other,0.85
ZNF583,other,2.66
ZNF584,other,0.763
ZNF585A,other,2.81
ZNF585B,other,2.45
ZNF586,other,0.917
ZNF587,other,3.64
ZNF587B,other,0.186
ZNF589,other,0.552
ZNF592,other,2.26
ZNF593,other,-0.353
ZNF594,other,-0.994
ZNF595,other,0.11
ZNF596,other,-4.32
ZNF597,other,-1.26
ZNF598,other,-1.01
ZNF599,other,0.408
ZNF600,other,0.156
ZNF605,other,1.38
ZNF606,other,1.39
ZNF607,other,0.119
ZNF608,other,1.7
ZNF609,other,2.16
ZNF610,other,0.506
ZNF611,other,-0.48
ZNF613,other,1.35
ZNF614,other,0.718
ZNF615,other,0.683
ZNF616,other,0.488
ZNF618,other,2.8
ZNF619,other,0.345
ZNF620,other,0.748
ZNF621,other,0.932
ZNF622,other,0.813
ZNF623,other,0.701
ZNF624,other,2.79
ZNF625,other,1.99
ZNF625-ZNF20,other,0.968
ZNF626,other,-0.0149
ZNF627,other,1.15
ZNF628,other,-1.02
ZNF629,other,3.9
ZNF630,other,0.312
ZNF638,other,-1.01
ZNF639,other,1.6
ZNF641,other,0.914
ZNF644,other,2.29
ZNF646,other,1.63
ZNF648,other,-1.6
ZNF649,other,1.11
ZNF652,other,2.34
ZNF653,other,1.05
ZNF654,other,3.44
ZNF655,other,0.825
ZNF658,other,5.0
ZNF66,other,-2.25
ZNF660,other,0.51
ZNF662,other,-0.647
ZNF664,other,3.01
ZNF665,other,-0.185
ZNF667,other,1.32
ZNF668,other,2.21
ZNF669,other,-0.562
ZNF670,other,0.251
ZNF670-ZNF695,other,0.409
ZNF671,other,0.378
ZNF672,other,-0.514
ZNF674,other,2.48
ZNF675,other,-0.147
ZNF676,other,0.584
ZNF677,other,0.0138
ZNF678,other,0.209
ZNF679,other,-0.922
ZNF680,other,0.95
ZNF681,other,0.0609
ZNF682,other,0.331
ZNF683,other,0.273
ZNF684,other,1.27
ZNF687,other,2.26
ZNF688,other,0.223
ZNF689,other,2.05
ZNF69,other,-0.687
ZNF691,other,1.12
ZNF692,other,0.00344
ZNF695,other,0.553
ZNF696,other,-2.18
ZNF697,other,-2.06
ZNF699,other,1.44
ZNF7,other,-0.248
ZNF70,other,1.12
ZNF700,other,0.449
ZNF701,other,0.328
ZNF703,other,0.495
ZNF704,other,2.84
ZNF705A,other,2.85
ZNF705B,other,3.26
ZNF705D,other,4.63
ZNF705EP,other,0.942
ZNF705G,other,-2.32
ZNF706,other,2.77
ZNF707,other,-0.327
ZNF708,other,1.65
ZNF709,other,2.84
ZNF71,other,0.641
ZNF710,other,3.01
ZNF711,other,3.33
ZNF713,other,1.37
ZNF714,other,0.189
ZNF716,other,-0.0774
ZNF717,other,0.528
ZNF718,other,-6.69
KRABD5,other,0.284
ZNF721,other,-1.31
ZNF722,other,0.869
ZNF723,other,0.98
ZNF724,other,0.253
ZNF726,other,-2.6
ZNF727,other,0.861
ZNF728,other,0.433
ZNF729,other,-0.931
ZNF730,other,-1.05
ZNF732,other,-0.411
ZNF735,other,-0.299
ZNF736,other,0.996
ZNF737,other,0.0333
ZNF738,other,-1.58
ZNF74,other,1.01
ZNF740,other,1.27
ZNF746,other,1.57
ZNF747,other,-1.05
ZNF749,other,0.48
ZNF750,other,0.291
ZNF75A,other,-0.794
ZNF75D,other,0.656
ZNF76,other,0.484
ZNF761,other,0.794
ZNF763,other,0.908
ZNF764,other,-1.01
ZNF765,other,0.548
ZNF766,other,0.567
ZNF768,other,1.75
ZNF77,other,-0.666
ZNF770,other,1.77
ZNF771,other,1.25
ZNF772,other,1.02
ZNF773,other,0.172
ZNF774,other,-0.211
ZNF775,other,0.0532
ZNF776,other,1.21
ZNF777,other,3.82
ZNF778,other,-5.06
ZNF780A,other,1.7
ZNF780B,other,0.734
ZNF781,other,1.46
ZNF782,other,0.786
ZNF783,other,-0.572
ZNF784,other,-0.394
ZNF785,other,-0.199
ZNF786,other,-2.26
ZNF787,other,0.672
ZNF789,other,0.972
ZNF79,other,-0.00695
ZNF790,other,0.702
ZNF791,other,2.26
ZNF792,other,1.02
ZNF793,other,0.747
ZNF799,other,0.745
ZNF8,other,1.03
ZNF80,other,-1.4
ZNF800,other,2.48
ZNF804A,other,-0.941
ZNF804B,other,-1.2
ZNF805,other,2.57
ZNF808,other,-0.0593
ZNF81,other,1.96
ZNF813,other,0.61
ZNF814,other,0.749
ZNF816,other,1.06
ZNF816-ZNF321P,other,-0.0961
ZNF821,other,2.03
ZNF823,other,2.46
ZNF827,other,2.81
ZNF829,other,1.85
ZNF83,other,1.32
ZNF830,other,0.231
ZNF831,other,-0.376
ZNF835,other,-0.382
ZNF836,other,1.63
ZNF837,other,-2.31
ZNF839,other,1.08
ZNF84,other,0.283
ZNF841,other,0.904
ZNF843,other,-0.247
ZNF844,other,0.102
ZNF845,other,1.59
ZNF846,other,-1.57
ZNF85,other,-0.95
ZNF850,other,3.55
ZNF852,other,0.549
ZNF853,other,1.21
ZNF860,other,1.83
ZNF862,other,0.753
ZNF865,other,3.02
ZNF875,other,0.129
ZNF878,other,1.33
ZNF879,other,0.803
ZNF880,other,1.2
ZNF888,other,2.07
ZNF891,other,0.741
ZNF90,other,-0.855
ZNF91,other,1.93
ZNF92,other,0.964
ZNF93,other,2.31
ZNF98,other,4.74
ZNF99,other,-0.0106
ZNFX1,other,4.01
ZNHIT1,other,1.27
ZNHIT2,other,-1.16
ZNHIT3,other,-0.922
ZNHIT6,other,0.704
ZNRD2,other,-0.267
ZNRF1,other,0.466
ZNRF2,other,-0.716
ZNRF3,other,1.23
ZNRF4,other,0.697
ZP1,other,0.724
ZP2,other,0.0405
ZP3,other,1.83
ZP4,other,-1.97
ZPBP,other,0.512
ZPBP2,other,0.346
ZPLD1,other,-0.118
ZPR1,other,0.937
ZRANB1,other,4.16
ZRANB2,other,1.96
ZRANB3,other,0.555
ZRSR2,other,2.92
ZSCAN1,other,-0.381
ZSCAN10,other,-1.53
ZSCAN12,other,1.34
ZSCAN16,other,1.86
ZSCAN18,other,-0.543
ZSCAN2,other,0.812
ZSCAN20,other,2.08
ZSCAN21,other,-0.103
ZSCAN22,other,0.945
ZSCAN23,other,1.79
ZSCAN25,other,1.11
ZSCAN26,other,0.724
ZSCAN29,other,0.0033
ZSCAN30,other,0.593
ZSCAN31,other,1.15
ZSCAN32,other,-1.66
ZSCAN4,other,0.253
ZSCAN5A,other,0.359
ZSCAN5B,other,-2.1
ZSCAN5C,other,-2.92
ZSCAN9,other,0.0883
ZSWIM1,other,1.49
ZSWIM2,other,-0.723
ZSWIM3,other,2.5
ZSWIM4,other,2.72
ZSWIM5,other,3.51
ZSWIM6,other,4.22
ZSWIM7,other,-0.822
ZSWIM8,other,6.94
ZSWIM9,other,2.68
ZUP1,other,-0.15
ZW10,other,1.21
ZWILCH,other,-0.106
ZWINT,other,-0.922
ZXDA,other,2.82
ZXDB,other,4.36
ZXDC,other,0.2
ZYG11A,other,0.98
ZYG11B,other,4.9
ZYX,other,-0.00687
ZZEF1,other,1.72
ZZZ3,other,2.37
