gene,group,residual
AAAS,non-target,-22.75326261247858
AACS,non-target,45.742711909580144
AAGAB,non-target,-19.229374657316352
AAK1,non-target,1.5752168382219909
AAMDC,non-target,19.68301631328943
AAMP,non-target,-18.328713961385443
AAR2,non-target,-39.05108454689067
AARSD1,non-target,-1.0829107480232285
AASDH,non-target,-32.51972322190695
AASDHPPT,non-target,-25.39698069786833
AASS,non-target,1.3590773296183702
ABAT,non-target,21.88310750574311
ABCA2,non-target,25.172337874221288
ABCA3,non-target,8.275593313306798
ABCA5,non-target,54.59453235281587
ABCA7,non-target,57.444766869982686
ABCB1,in-trial,29.424873989942295
ABCB10,non-target,-32.30298392462287
ABCB6,non-target,39.951965673762025
ABCB7,non-target,-22.495479356461445
ABCB8,non-target,-26.863986362400265
ABCB9,non-target,-5.702633508843317
ABCC1,non-target,2.3088253680328705
ABCC2,non-target,-7.1296350570967055
ABCC4,non-target,20.448720877156855
ABCC5,non-target,-2.747438971705494
ABCD2,non-target,126.25543788007128
ABCD3,non-target,-25.694246433312724
ABCD4,non-target,-2.627271905960495
ABCE1,non-target,24.867832619638065
ABCF2,non-target,2.010750173641656
ABCF3,non-target,-45.515185371459154
ABCG1,non-target,33.36008784424448
ABCG2,non-target,1.001596698642872
ABHD10,non-target,-11.11345666054852
ABHD11,non-target,-19.12291568854848
ABHD12,non-target,-9.021709465998756
ABHD13,non-target,-12.263577535841137
ABHD14A,non-target,5.465234479239501
ABHD14B,non-target,11.64123975333422
ABHD16A,non-target,-9.963500734802338
ABHD17B,non-target,-19.34723688180779
ABHD17C,non-target,-8.02536401335093
ABHD18,non-target,-31.48046424293807
ABHD2,non-target,-19.864709200589292
ABHD3,non-target,1.956699306432597
ABHD4,non-target,37.898336876891086
ABHD5,non-target,-5.130762325081302
ABHD6,non-target,-13.410197160782744
ABHD8,non-target,20.414143564300097
ABI1,non-target,-2.6937580347694356
ABI2,non-target,14.37566030828709
ABI3,non-target,29.34927168364987
ABITRAM,non-target,-24.44879137114758
ABL1,approved,-20.70994543793064
ABL2,non-target,-9.999288988150688
ABR,non-target,15.02650185642952
ABRACL,non-target,21.38052461172241
ABRAXAS1,non-target,-9.844626312148094
ABRAXAS2,non-target,-40.88976117973849
ABTB1,non-target,23.186580202379503
ABTB2,non-target,35.249733140021796
ACAA1,non-target,-7.703485657482697
ACAA2,non-target,-3.420954554784236
ACACA,non-target,1.9474337429805573
ACACB,non-target,-6.092769613304831
ACAD10,non-target,-14.373072163765933
ACAD11,non-target,0.6731194442065677
ACAD8,non-target,-24.20089515816279
ACAD9,non-target,-30.17027659009425
ACADM,non-target,-3.0121316183248723
ACADS,non-target,-16.773671645413792
ACADSB,non-target,-20.54613075803542
ACADVL,non-target,25.74306038281742
ACAP1,non-target,57.14621893931557
ACAP2,non-target,-4.956486433550633
ACAP3,non-target,-7.311170219087205
ACAT1,non-target,-0.5464424364104019
ACAT2,non-target,70.43686791607765
ACBD3,non-target,-32.44217755497546
ACBD4,non-target,-6.763706440106546
ACBD5,non-target,-9.260030398208672
ACBD6,non-target,-4.054673515446154
ACBD7,non-target,-10.554985473364049
ACCS,non-target,0.9868780608023624
ACD,non-target,-4.501437022281114
ACE,in-trial,2.3309109659226315
ACER3,non-target,-2.7319851117383016
ACIN1,non-target,-48.62159529729521
ACKR3,non-target,0.1675944818219387
ACLY,non-target,-29.092240025199676
ACO1,non-target,-4.035423301525651
ACO2,non-target,-40.56344480373525
ACOT13,non-target,0.6827436304961102
ACOT4,non-target,5.8291020972896055
ACOT7,non-target,30.548965076219737
ACOT8,non-target,-21.857968313354984
ACOT9,non-target,-39.01763816248114
ACOX1,non-target,-13.648115073005448
ACOX3,non-target,-11.826971196915103
ACP1,non-target,-18.370949282825876
ACP2,non-target,15.662181433532355
ACP5,non-target,58.22921387975962
ACP6,non-target,3.865050933317105
ACSF2,non-target,-0.3198683955492178
ACSF3,non-target,5.927603870014664
ACSL1,non-target,4.235707039952328
ACSL3,non-target,-0.1210675573187375
ACSL4,non-target,-4.185575298142591
ACSL5,non-target,-7.36686937561402
ACSL6,non-target,39.85682754263778
ACSM3,non-target,-6.446337028613393
ACSS1,non-target,3.939522305932852
ACSS2,non-target,33.24722890105489
ACTA2,non-target,45.21998410752616
ACTG1,non-target,50.1891448898782
ACTL6A,non-target,31.760300568257176
ACTN1,non-target,67.22417770362904
ACTN4,non-target,-16.36698478295732
ACTR10,non-target,-17.99983542079272
ACTR1A,non-target,-12.008054707144026
ACTR1B,non-target,13.00396765635962
ACTR2,non-target,-33.545089955584395
ACTR3,non-target,-9.795498912529268
ACTR3B,non-target,-19.590316774410752
ACTR5,non-target,-20.731853692996193
ACTR6,non-target,-27.24412665195543
ACTR8,non-target,-38.96150593116053
ACVR1,approved,30.13991082215863
ACVR1B,non-target,26.60791572186022
ACVR1C,non-target,18.766166058107512
ACVR2A,non-target,34.93649633343151
ACVR2B,in-trial,3.5040252860840844
ACY1,non-target,5.319385944721854
ACYP1,non-target,-5.001855650110983
ACYP2,non-target,32.05266502606826
ADA,approved,23.063883910086304
ADA2,non-target,120.05474286766167
MAPDA,non-target,-2.1855702904920027
ADAM10,non-target,-29.219227072981926
ADAM15,non-target,5.37929998518383
ADAM17,in-trial,-21.031567964413156
ADAM19,non-target,-20.95859659769781
ADAM22,non-target,19.571041077756657
ADAM8,non-target,112.00043828327462
ADAM9,non-target,7.10036277872545
ADAMTS1,non-target,4.177861528325124
ADAMTS10,non-target,12.541437014555184
ADAMTS17,non-target,1.567713622527381
ADAMTS6,non-target,-3.645578892334119
ADAMTSL5,non-target,-8.835450813416406
ADAP1,non-target,15.64192790808861
ADAR,non-target,-43.957377696708704
ADARB1,non-target,9.824923307240432
ADAT1,non-target,-13.935043786083666
ADAT2,non-target,26.860304696846335
ADCK2,non-target,-3.2970359673060536
ADCK5,non-target,-16.197834887206863
ADCY1,non-target,20.248998806689514
ADCY3,non-target,36.33814068567947
ADCY4,non-target,-6.257251006057605
ADCY7,non-target,-6.902213037948033
ADCY9,non-target,4.367737112738951
ADD1,non-target,9.2336925740671
ADD2,non-target,16.830912497638895
ADD3,non-target,21.492554684972067
ADGRA3,non-target,25.32971612885937
ADGRE1,non-target,-12.721992193617416
ADGRE5,non-target,63.171558498454914
ADGRG1,non-target,66.53439397369199
ADGRG5,non-target,18.95526399288908
ADGRL1,non-target,15.68314066433664
ADH5,non-target,-39.386663020696496
ADHFE1,non-target,0.849978144659976
ADI1,non-target,44.19640734887616
ADIPOR1,non-target,-40.852730410741216
ADIPOR2,non-target,-6.742031094688225
ADK,non-target,8.35743189105157
ADM5,non-target,-13.017748710268483
ADNP,non-target,-36.012793458430444
ADNP2,non-target,-28.206278873952908
ADO,non-target,14.20480240495077
ADORA2A,in-trial,41.47864734486938
ADPGK,non-target,-44.18270955915972
ADPRH,non-target,21.232133155136115
ADPRM,non-target,-17.587231041718777
ADPRS,non-target,-24.949363572817205
ADRB2,approved,30.40032057479554
ADRM1,approved,-10.235888167007738
ADSL,non-target,-4.037981918768996
ADSS2,non-target,-22.630385373073324
ADTRP,non-target,11.02459689905718
AEBP1,non-target,16.43655239135675
AEBP2,non-target,-0.7900411184959305
AEN,non-target,53.40249836087461
AFAP1,non-target,20.38499091185467
AFAP1L2,non-target,15.137393027923467
AFDN,non-target,-14.421127599485828
AFF1,non-target,3.288972033270738
AFF2,non-target,-4.693979939525361
AFF4,non-target,18.03800776141826
AFG3L2,non-target,-2.791797091025567
AFTPH,non-target,-14.273450003938416
AGA,non-target,6.105034620480647
AGAP1,non-target,14.15616180086684
AGAP2,non-target,3.9687410264408953
AGAP3,non-target,-2.719444064022967
AGBL2,non-target,1.8514586200426812
AGBL5,non-target,-6.248613735910458
AGER,non-target,-7.44968523270435
AGFG1,non-target,-22.22444325696532
AGFG2,non-target,1.383236440394801
AGGF1,non-target,-46.05465687464247
AGK,non-target,42.63090098715886
AGL,non-target,-13.589595631199652
AGMAT,non-target,32.094798757242515
AGO1,non-target,-35.48507638263375
AGO2,non-target,28.568818117220545
AGO3,non-target,-24.579047395413667
AGPAT1,non-target,31.656788590333676
AGPAT2,non-target,14.462313963258136
AGPAT3,non-target,-5.593145971944239
AGPAT4,non-target,12.962548872854503
AGPAT5,non-target,-1.5705844027203948
AGPS,non-target,-30.33008497496381
AGRN,non-target,55.29813730274936
AGTPBP1,non-target,-19.758827716092483
AGTRAP,non-target,41.46081961640376
AHCY,non-target,57.58479191900138
AHCYL1,non-target,-45.185970227945894
AHCYL2,non-target,12.759766757908665
AHDC1,non-target,20.626654545671663
AHI1,non-target,50.82671750763404
AHNAK,non-target,45.080665873139566
AHR,approved,-7.51060952224347
AHRR,non-target,1.2051414730944952
AHSA1,non-target,64.84623456312796
AIDA,non-target,-11.461238645768583
AIF1,non-target,35.43254065769216
AIFM1,non-target,-19.627861965462632
AIFM2,non-target,25.201118677131547
AIG1,non-target,8.109057669057934
AIM2,non-target,22.011102067212104
AIMP1,non-target,-32.00743636477966
AIMP2,non-target,29.857927598936815
AIP,non-target,-7.472939294756007
AK1,non-target,24.04330735551355
AK3,non-target,6.870127549435256
AK4,non-target,23.910427248917276
AK9,non-target,-7.73362632686666
AKAP1,non-target,6.928110812887515
AKAP10,non-target,-36.58562821337353
AKAP11,non-target,-16.97180401044068
AKAP12,non-target,-5.45602047930501
AKAP13,non-target,33.69779871824988
AKAP17A,non-target,-14.751520608931246
AKAP5,non-target,64.68389999803081
AKAP7,non-target,28.2751836027778
AKAP8,non-target,-37.90993570912392
AKAP8L,non-target,-21.551148056415837
AKAP9,non-target,-2.501923936231355
AKIP1,non-target,-3.3124132212877737
AKIRIN1,non-target,-31.05417905094304
AKIRIN2,non-target,5.547305162379071
AKNA,non-target,28.544137295253385
AKR1A1,non-target,-4.372247490507685
AKR1B1,non-target,-8.682766189914114
AKR1C3,non-target,19.873395491007884
AKR1E2,non-target,-15.60111977970822
AKR7A2,non-target,-0.521452561341866
AKT1,in-trial,-4.1415792251624355
AKT1S1,non-target,-10.099147571877127
AKT2,in-trial,-47.481421818452134
AKT3,in-trial,35.80083061094689
AKTIP,non-target,7.487980043285066
ALAD,non-target,-10.153314392450149
ALAS1,non-target,-17.010003550767863
ALCAM,non-target,23.448031284680848
ALDH16A1,non-target,1.834818397364143
ALDH18A1,non-target,0.1700225682605035
ALDH1B1,non-target,8.143177192516168
ALDH3A2,non-target,11.942495307967144
ALDH5A1,in-trial,28.64707899879059
ALDH7A1,non-target,10.157926317197314
ALDH8A1,non-target,-2.357783396961917
ALDH9A1,non-target,-19.756638247863822
ALDOC,non-target,54.99614424357562
ALG1,non-target,-17.674344569811883
ALG12,non-target,-23.63756278328242
ALG13,non-target,-63.86499278904193
ALG14,non-target,-3.2641103626808294
ALG2,non-target,5.881529490719688
ALG3,non-target,12.143215115010738
ALG5,non-target,-4.3949835469129015
ALG6,non-target,-35.19942208516424
ALG8,non-target,-16.034336114991174
ALG9,non-target,-21.80521274874992
ALKBH1,non-target,-33.90812799886863
ALKBH2,non-target,-8.701587065995772
ALKBH3,non-target,-10.034559835212072
ALKBH4,non-target,-33.23115243517654
ALKBH5,non-target,-43.84079457318925
ALKBH6,non-target,-14.967022202291218
ALKBH7,non-target,11.961328792456932
ALKBH8,non-target,-14.85045131172569
ALMS1,non-target,-26.34732513642428
ALOX5,approved,27.202803699401887
ALOX5AP,non-target,39.43030423861743
ALPK1,non-target,45.53662317764448
ALS2,non-target,-7.539337836509827
ALYREF,non-target,66.11132761287672
AMBRA1,non-target,-28.96720264799121
AMD1,non-target,19.886370600548343
AMDHD1,non-target,-7.279032790787187
AMDHD2,non-target,12.062829887303565
AMER1,non-target,-12.689427810758366
AMFR,non-target,-1.987080992292628
AMIGO2,non-target,38.51571433757152
AMMECR1,non-target,-24.778336225663903
AMN1,non-target,-6.056564172596147
AMOTL1,non-target,-19.037887298692645
AMPD2,non-target,-17.071585692944325
AMPD3,non-target,24.515513671417523
AMT,non-target,2.703108117605199
AMZ2,non-target,3.2675584421170547
ANAPC10,non-target,-33.848764199599096
ANAPC11,non-target,9.711346114680891
ANAPC13,non-target,0.2090728445149151
ANAPC15,non-target,22.50535471155047
ANAPC16,non-target,50.527430842029766
ANAPC4,non-target,-51.86666224327481
ANAPC5,non-target,-33.64668734173751
ANAPC7,non-target,-22.900173053421213
ANGEL1,non-target,-6.990033317376546
ANGEL2,non-target,-39.284716722058704
ANGPTL6,non-target,5.275745824586228
ANK1,non-target,3.703756384376289
ANK3,non-target,6.718480737785072
ANKAR,non-target,-15.52069791873322
ANKDD1A,non-target,15.7304079302889
ANKEF1,non-target,8.947259652290937
ANKFY1,non-target,-21.956874309955044
ANKH,non-target,17.433562799460457
ANKIB1,non-target,-41.66860571006112
ANKLE1,non-target,4.007499629854002
ANKLE2,non-target,-18.479878553393032
ANKMY1,non-target,-9.147759665848076
ANKMY2,non-target,-10.68235732963374
ANKRD10,non-target,57.9108550458511
ANKRD11,non-target,-9.950267730974206
ANKRD12,non-target,30.695851200660723
ANKRD13A,non-target,21.155764734396673
ANKRD13B,non-target,11.837210124529388
ANKRD13C,non-target,-26.55210057324804
ANKRD13D,non-target,-8.242046029500727
ANKRD16,non-target,-13.997329369772649
ANKRD17,non-target,-57.165616721870265
ANKRD18A,non-target,-5.126564197922423
ANKRD18B,non-target,-7.087872306933306
ANKRD26,non-target,-7.164765579124205
ANKRD27,non-target,-17.324892149953566
ANKRD28,non-target,9.62695942423428
ANKRD31,non-target,-7.667393547470094
ANKRD33B,non-target,24.45399921680717
ANKRD35,non-target,10.32505386002276
ANKRD36,non-target,-8.26826454366257
ANKRD37,non-target,17.359258792936657
ANKRD39,non-target,-16.114593107525625
ANKRD40,non-target,-28.073760484440346
ANKRD42,non-target,10.788606529474285
ANKRD44,non-target,8.762986892828442
ANKRD46,non-target,-8.465714328999974
ANKRD49,non-target,-29.30974697620948
ANKRD50,non-target,9.93530813839432
ANKRD52,non-target,-27.76739420111849
ANKRD54,non-target,-24.36606913681787
ANKRD55,non-target,5.82747678226974
ANKRD6,non-target,6.660965284440841
ANKRD61,non-target,-12.73211116572383
ANKRD9,non-target,-16.017163394047177
ANKS1A,non-target,-28.749530311920314
ANKS3,non-target,-16.022674612264737
ANKS6,non-target,2.6013442608953325
ANKZF1,non-target,-0.0004050499391681
ANLN,non-target,10.855474010426429
ANO10,non-target,26.61796908353406
ANO6,non-target,5.436965403338405
ANO8,non-target,25.164237557530523
ANO9,non-target,27.367394107503273
ANP32A,non-target,-20.44067869413051
ANP32B,non-target,-0.955264979810309
ANP32E,non-target,43.057318656056985
ANPEP,in-trial,12.360800486146758
ANTKMT,non-target,36.11912558517098
ANTXR2,non-target,60.78959689804492
ANXA1,non-target,51.63603855186934
ANXA11,non-target,0.5339323520625024
ANXA2,non-target,-5.586495480108823
ANXA2R,non-target,51.027520190191495
ANXA3,non-target,48.43017943478182
ANXA4,non-target,37.08039284636726
ANXA5,non-target,-2.4510117438029586
ANXA6,non-target,-26.190478771328127
ANXA7,non-target,-20.12830963093336
AOAH,non-target,42.08396591072006
AOC2,non-target,-14.428678449232676
AP1AR,non-target,-7.629530953673782
AP1B1,non-target,-23.372599739888297
AP1G1,non-target,-47.565849628400336
AP1G2,non-target,26.89986887279238
AP1M1,non-target,-38.02538337285646
AP1S1,non-target,0.0026185240456679
AP1S2,non-target,-6.5442863424188475
AP1S3,non-target,-3.2562849827031974
AP2A1,non-target,-20.27940898017476
AP2A2,non-target,-14.767074400806658
AP2B1,non-target,-17.989607712476644
AP2M1,non-target,-45.40511765125208
AP2S1,non-target,-3.2733455245777883
AP3B1,non-target,-58.309202164339034
AP3D1,non-target,-42.51055073255272
AP3M1,non-target,-36.22312551294809
AP3M2,non-target,-17.170791018988044
AP3S1,non-target,-2.319882424884649
AP3S2,non-target,1.355845296038466
AP4B1,non-target,-31.35692029218309
AP4E1,non-target,-29.0146703952234
AP4M1,non-target,-16.02380926780396
AP4S1,non-target,11.813301767023932
AP5M1,non-target,-50.46995805451878
AP5S1,non-target,-29.956037529138214
AP5Z1,non-target,-9.713359795825603
APAF1,non-target,-7.803819153002441
APBA1,non-target,1.3641754122768674
APBA2,non-target,-4.530395987892134
APBB1,non-target,2.315304408939989
APBB1IP,non-target,19.759549401882552
APBB2,non-target,14.472892994094533
APBB3,non-target,-1.704986841354272
APC,non-target,-33.50566196063128
APEH,non-target,-2.102402124470345
APEX1,non-target,14.865468154078746
APEX2,non-target,-37.77358404652993
APH1A,in-trial,-19.274433667045717
APH1B,in-trial,33.93830071987489
API5,non-target,-50.46459732785734
APIP,non-target,-21.822242527224414
APLP1,non-target,17.096718394324117
APLP2,non-target,36.09291395850265
APMAP,non-target,0.5102585978984037
APOA1,non-target,-7.04326818605023
APOBEC3B,non-target,41.653574375276825
APOBEC3C,non-target,37.86007017557117
APOBEC3D,non-target,-11.516939846546473
APOBEC3F,non-target,-6.064565594068969
APOBEC3G,non-target,-11.577671813887497
APOBEC3H,non-target,118.45513929468936
APOBR,non-target,69.498017411249
APOD,non-target,4.3534400875871
APOL1,non-target,64.69397532453978
APOL2,non-target,22.998608792151284
APOL3,non-target,32.90789962374422
APOL4,non-target,20.908211444610274
APOL6,non-target,74.80950416141464
APOLD1,non-target,-3.608204266466045
APOM,non-target,-16.19750094223545
APOO,non-target,-21.022980012753234
APOOL,non-target,-29.48375714763601
APP,non-target,50.34917483102424
APPBP2,non-target,-26.448538432414903
APPL2,non-target,-12.080302711906333
APRT,non-target,11.307224198236648
APTX,non-target,-26.49757231097692
AQP11,non-target,-1.20151622312335
AQP3,non-target,35.53531406609506
AQR,non-target,-52.13402546634337
ARAF,in-trial,-44.08261442491664
ARAP1,non-target,2.102663862517853
ARAP2,non-target,23.900895531391058
ARAP3,non-target,12.155951725975308
ARCN1,non-target,-34.11677899499697
AREL1,non-target,-32.491321995223686
ARF1,non-target,-48.875329971772565
ARF3,non-target,-13.86541426881031
ARF4,non-target,5.895001480210719
ARF5,non-target,-26.12318013763091
ARF6,non-target,-40.130350598650345
ARFGAP1,non-target,-41.69909461447245
ARFGAP2,non-target,-26.764870080135612
ARFGAP3,non-target,19.386392781456426
ARFGEF1,non-target,-43.27277192619084
ARFGEF2,non-target,-30.254903757061623
ARFIP1,non-target,-4.000656671618251
ARFIP2,non-target,-17.993578078537155
ARFRP1,non-target,-31.506224233721053
ARG2,non-target,21.627053292193462
ARGLU1,non-target,-32.12028435832503
ARHGAP1,non-target,-18.29558101250214
ARHGAP10,non-target,5.833177610551455
ARHGAP11A,non-target,2.693313962256198
ARHGAP11B,non-target,-13.615176972743422
ARHGAP12,non-target,26.33453841322553
ARHGAP15,non-target,34.61804175880255
ARHGAP17,non-target,-30.04750563230468
ARHGAP18,non-target,36.17881408851042
ARHGAP19,non-target,-2.4281148494267293
ARHGAP21,non-target,6.7395059163921305
ARHGAP23,non-target,-2.6487010484395026
ARHGAP25,non-target,18.288006171389455
ARHGAP26,non-target,7.7298972947674995
ARHGAP27,non-target,-11.232833961666408
ARHGAP30,non-target,3.407176027316339
ARHGAP31,non-target,21.131608311412915
ARHGAP32,non-target,-7.792325139347237
ARHGAP33,non-target,2.6642299564412917
ARHGAP35,non-target,-9.486673605158993
ARHGAP45,non-target,29.329565873058637
ARHGAP5,non-target,27.856294106110383
ARHGAP9,non-target,29.369451448321175
ARHGDIA,non-target,-0.2048538819861534
ARHGDIB,non-target,-8.819183929872793
ARHGEF1,non-target,22.519123077300417
ARHGEF10,non-target,0.7875116645641859
ARHGEF11,non-target,4.193154540251376
ARHGEF12,non-target,73.06633592086325
ARHGEF18,non-target,0.8295207641825565
ARHGEF19,non-target,-16.579268981945745
ARHGEF2,non-target,-10.02081179713376
ARHGEF39,non-target,11.833294581059464
ARHGEF5,non-target,2.345087597282761
ARHGEF6,non-target,2.33924611427976
ARHGEF7,non-target,-14.960478996300912
ARHGEF9,non-target,22.74884417764557
ARID1A,non-target,-42.747908748773845
ARID1B,non-target,-16.178397416273334
ARID2,non-target,-13.585487773952792
ARID3A,non-target,11.037310458495986
ARID3B,non-target,7.855126894245679
ARID4A,non-target,4.9554101852178745
ARID4B,non-target,29.30409771541187
ARID5A,non-target,82.01313044088387
ARID5B,non-target,41.793281804004565
ARIH1,non-target,-41.23399174390716
ARIH2,non-target,-7.660951922997715
ARL1,non-target,-24.29839729053579
ARL10,non-target,6.101814397476969
ARL13B,non-target,0.7466342614144109
ARL14EP,non-target,-32.48577696818791
ARL15,non-target,-13.30663960582047
ARL16,non-target,-22.717336016072156
ARL2,non-target,22.338761705889137
ARL2BP,non-target,19.699414524324187
ARL3,non-target,37.01695288651798
ARL4A,non-target,1.6116716201218892
ARL4C,non-target,23.502148767534607
ARL4D,non-target,-11.34096757708604
ARL5A,non-target,-4.643786981021584
ARL5B,non-target,-9.924690150530518
ARL6,non-target,-12.392921438197623
ARL6IP1,non-target,20.392866951279085
ARL6IP4,non-target,-32.665815639797266
ARL6IP5,non-target,29.56130927566544
ARL6IP6,non-target,9.33246442452492
ARL8A,non-target,5.925870764085867
ARL8B,non-target,-12.977460570383224
ARL9,non-target,-11.60789460766889
ARMC1,non-target,-47.18687793867995
ARMC10,non-target,-26.15339325930994
ARMC12,non-target,7.449740203431895
ARMC2,non-target,7.23633818790844
ARMC5,non-target,-10.480719579171575
ARMC6,non-target,-4.0025552310018595
ARMC7,non-target,-23.182232759821073
ARMC8,non-target,-45.869284796431494
ARMC9,non-target,23.256864925328177
ARMCX2,non-target,3.992414436030296
ARMCX3,non-target,7.645054938071003
ARMCX4,non-target,-1.2775343763410714
ARMCX5,non-target,-8.86015173897666
ARMCX6,non-target,-9.301417085817592
ARMH1,non-target,-9.28850429039038
ARMH2,non-target,3.9968283280537498
ARMH3,non-target,-22.655960483503573
DCPH1,non-target,-15.608208677487534
ARNT,non-target,0.1958455410063872
BMAL1,non-target,46.36312476080435
BMAL2,non-target,64.17125948560907
ARPC1A,non-target,-16.950341059630926
ARPC1B,non-target,35.76844481577219
ARPC2,non-target,-28.266943790628293
ARPC3,non-target,-35.795982063389175
ARPC4,non-target,33.34980972626686
ARPC5,non-target,36.56357639563693
ARPC5L,non-target,55.89875560588782
ARPP19,non-target,-34.84836153026448
ARRB1,non-target,31.947216030154447
ARRB2,non-target,-13.617429517128116
ARRDC1,non-target,-20.41823955382631
ARRDC2,non-target,52.42797712449528
ARRDC3,non-target,119.07948930859244
ARRDC4,non-target,-0.8825202298637299
ARSA,non-target,44.687088355897345
ARSB,non-target,5.801635806756802
ARSG,non-target,27.411193823652923
ARSK,non-target,-13.422390289605778
ARV1,non-target,1.900212780153397
ASAH1,non-target,-0.2976969275880936
ASAP2,non-target,-5.822206623881304
ASB1,non-target,11.080686406392497
ASB13,non-target,-5.674942963234732
ASB2,non-target,17.969244093058858
ASB3,non-target,-19.12200013794042
ASB7,non-target,-10.797167921970692
ASB8,non-target,-23.73598734005969
ASB9,non-target,-8.95133604820315
ASCC1,non-target,-12.08655090643964
ASCC2,non-target,-50.80939491744937
ASCL2,non-target,6.7384839554612554
ASF1A,non-target,12.820418073620845
ASF1B,non-target,42.36522511043423
ASH1L,non-target,64.55721054538657
ASH2L,non-target,-8.08950990464946
ASIC1,non-target,-6.71789649231066
ASIC3,non-target,-9.342753714162784
ASL,non-target,-3.704312422046245
ASMTL,non-target,-18.664635814617792
ASNSD1,non-target,-35.33864811234447
ASPH,non-target,2.941418688269581
ASPHD2,non-target,-12.487478092571129
ASPM,non-target,11.458730924299688
ASPRV1,non-target,-7.343695901625508
ASPSCR1,non-target,-18.91998681444772
ASRGL1,non-target,-8.330153290700895
ASS1,non-target,93.0960996226534
ASTE1,non-target,-27.412878966251785
ASTL,non-target,5.614308623662154
ASXL1,non-target,-17.887541441872155
ASXL2,non-target,11.066507853273851
ATAD1,non-target,-28.229804752832734
ATAD2,non-target,0.7726325483785482
ATAD2B,non-target,-18.80173551480241
ATAD3A,non-target,24.259086312760008
ATAD3B,non-target,29.69326531321983
ATAD5,non-target,12.857153449420997
ATAT1,non-target,-17.200258499525443
ATE1,non-target,-31.1565696522543
ATF1,non-target,-38.19755605764818
ATF2,non-target,-15.586899921852128
ATF3,non-target,82.46967901048343
ATF4,non-target,60.39049303705963
ATF5,non-target,52.8218322266026
ATF6,non-target,-28.777015941941716
ATF6B,non-target,12.559466061440297
ATF7,non-target,-23.738503034493828
ATF7IP,non-target,53.14756731470419
ATF7IP2,non-target,5.456649420928123
ATG10,non-target,-7.312382120338671
ATG101,non-target,-35.23749542059338
ATG12,non-target,-38.585073295321074
ATG13,non-target,-20.381962580839076
ATG14,non-target,-12.181282778741837
ATG16L1,non-target,-7.463030913759847
ATG16L2,non-target,58.68808707784035
ATG2A,non-target,-10.09755981958221
ATG2B,non-target,-19.213540925244946
ATG3,non-target,-14.753770773804618
ATG4A,non-target,-18.802230395012135
ATG4B,non-target,-28.37915624964855
ATG4C,non-target,-29.83878879427257
ATG4D,non-target,-12.630972973980873
ATG5,non-target,-39.29619976463603
ATG7,non-target,-28.62510143893088
ATG9A,non-target,-19.68401533947875
ATG9B,non-target,-9.062977013806448
ATIC,non-target,21.822179555454564
ATL1,non-target,29.54327673647904
ATL2,non-target,-27.511846008899756
ATL3,non-target,-6.145277610072884
ATM,non-target,76.51877715662725
ATMIN,non-target,-31.064114959762332
ATN1,non-target,49.0728655278127
ATOX1,non-target,-4.889922776241822
ATP10A,non-target,-11.71983316396452
ATP10D,non-target,33.71696617402058
ATP11A,non-target,-26.2369859450296
ATP11B,non-target,-14.393602029117517
ATP12A,non-target,0.5439240701205854
ATP13A1,non-target,-25.94818505581212
ATP13A2,non-target,-18.011944875609405
ATP13A3,non-target,3.484074890628184
ATP1A1,in-trial,-14.097993490508603
ATP1A3,in-trial,2.9236497304523454
ATP1B1,in-trial,24.341400502124905
ATP1B3,in-trial,11.039339981871754
ATP23,non-target,-18.06525082489584
ATP2A2,non-target,37.333357156272
ATP2A3,non-target,31.38578458707281
ATP2B1,non-target,-4.371834454512391
ATP2B4,non-target,63.586154506678895
ATP2C1,non-target,-26.113000829273684
ATP5F1A,non-target,-35.29069799375154
ATP5F1B,non-target,-6.201407853921178
ATP5F1C,non-target,-41.43689583311964
ATP5F1D,non-target,-31.557394946168415
ATP5F1E,non-target,-21.590925331003096
ATP5IF1,non-target,12.681690277487007
ATP5MC1,non-target,-3.065696524881704
ATP5MC2,non-target,-38.9562127602492
ATP5MC3,non-target,6.753141027501793
ATP5ME,non-target,-19.444191749290287
ATP5MF,non-target,-36.69733149271061
ATP5MG,non-target,-37.32914769131806
ATP5MK,non-target,-13.637223317564452
ATP5PB,non-target,-16.330830450663953
ATP5PD,non-target,-25.139747170169315
ATP5PF,non-target,-31.47422880008811
ATP5PO,non-target,-29.157093868943985
ATP6AP2,non-target,-30.389504097905164
ATP6V0A1,non-target,12.472645171829155
ATP6V0A2,non-target,-5.447704496842268
ATP6V0B,non-target,2.4568290798023145
ATP6V0C,non-target,-33.52255293384139
ATP6V0E1,non-target,2.113825765578999
ATP6V0E2,non-target,-17.32690983853654
ATP6V1A,non-target,-26.742510387576345
ATP6V1D,non-target,-6.78053511299301
ATP6V1E1,non-target,-22.65099879882648
ATP6V1E2,non-target,-8.797701461932279
ATP6V1G1,non-target,17.22937372754239
ATP6V1G2,non-target,-6.885342683363542
ATP6V1H,non-target,-13.628430646188836
ATP7A,non-target,18.40363135019596
ATP8A1,non-target,11.401797745883629
ATP8A2,non-target,5.7835413073384485
ATP8B2,non-target,26.1202493983364
ATP8B3,non-target,1.9807875384773268
ATP8B4,non-target,45.41332482900068
ATP9A,non-target,16.33823131349923
ATP9B,non-target,13.394439041093449
ATPAF1,non-target,-30.3070710436585
ATPAF2,non-target,-19.71525228939876
ATPSCKMT,non-target,-15.815545237341263
ATR,in-trial,-32.12322447751581
ATRAID,non-target,-17.107462276694335
ATRN,non-target,-11.05664018160575
ATRX,non-target,12.033830241258563
ATXN1,non-target,40.92815503517934
ATXN10,non-target,-42.98928941304134
ATXN1L,non-target,-30.141294216755472
ATXN2,non-target,-26.981475462049957
ATXN2L,non-target,-29.372216122006368
ATXN3,non-target,-35.45147204268919
ATXN7L1,non-target,-15.582881676652356
ATXN7L2,non-target,-13.325731559406009
ATXN7L3,non-target,-32.79778459076666
ATXN7L3B,non-target,-15.362097035217069
AUH,non-target,47.86530962491464
AUNIP,non-target,-11.463037224335013
AUP1,non-target,-14.786108228435891
AURKA,in-trial,9.226532284052675
AURKAIP1,non-target,-43.17839647155904
AURKB,in-trial,16.63026775526762
AUTS2,non-target,5.671288205701941
AVEN,non-target,-2.297618106551338
AVIL,non-target,-4.579377643397733
AVL9,non-target,-28.91828109018111
AVPI1,non-target,-9.831064498224611
AXIN1,non-target,-30.14665186402845
AXIN2,non-target,1.948553727219431
AZI2,non-target,-14.651784556569831
AZIN1,non-target,15.37002424635738
AZIN2,non-target,15.218510997396097
B3GALNT1,non-target,41.27023453491139
B3GALNT2,non-target,-17.81520839834948
B3GALT2,non-target,35.4165534414301
B3GALT4,non-target,12.175806617337528
B3GALT6,non-target,-10.776671657656811
B3GAT1,non-target,-7.357158081767881
B3GAT3,non-target,-15.763329701823023
B3GLCT,non-target,0.8385862095405615
B3GNT2,non-target,-19.632595796983907
B3GNT5,non-target,25.030170782121363
B3GNT9,non-target,22.69235391077684
QTGAL,non-target,-14.188303240706494
B4GALNT1,non-target,13.45506440090664
B4GALNT3,non-target,-15.166177719051069
B4GALT1,non-target,-15.675685019576092
B4GALT2,non-target,17.339795382050095
B4GALT3,non-target,-34.53097890356151
B4GALT4,non-target,-11.076890445281853
B4GALT5,non-target,40.93406616256328
B4GALT6,non-target,-3.6956382771596448
B4GALT7,non-target,-15.91619415538691
B4GAT1,non-target,0.4734778252890379
B9D2,non-target,-13.674383354480083
BABAM1,non-target,-28.74485473493182
BABAM2,non-target,3.532129245918862
BACH1,non-target,11.58372238705818
BACH2,non-target,73.52222348821043
BAD,non-target,-3.0677401609056214
BAG1,non-target,29.49135355557604
BAG2,non-target,-10.139652524573435
BAG3,non-target,-28.943292214938037
BAG4,non-target,-22.116980435924905
BAG5,non-target,-35.48804425204872
BAG6,non-target,-39.23192080289098
BAHD1,non-target,-37.254455325055375
BAIAP2,non-target,5.923966929841897
BAIAP2L1,non-target,-2.9427537113283955
BAK1,non-target,-0.1177264299086289
BAMBI,non-target,-0.8386283336898668
BANF1,non-target,-6.6135664956976115
BAP1,non-target,-44.96294969965353
BARD1,non-target,-20.27987105162732
BASP1,non-target,-12.156529536605206
BATF,non-target,7.6235076491675455
BATF3,non-target,28.66344633555737
BAX,non-target,71.0119968453345
BAZ1A,non-target,-23.09756811429075
BAZ1B,non-target,-31.771883872031037
BAZ2A,non-target,-5.031457796301368
BAZ2B,non-target,26.266179888838582
BBC3,non-target,156.89033639874904
BBIP1,non-target,-22.615768913268017
BBLN,non-target,0.7678489003196015
BBS1,non-target,2.16121153185885
BBS10,non-target,0.4768124007527727
BBS12,non-target,16.09446491149598
BBS2,non-target,26.541573371512495
BBS4,non-target,-10.017343162841431
BBS7,non-target,-24.3637132154403
BBS9,non-target,11.04724860209649
BBX,non-target,8.363477682785796
BCAP29,non-target,27.59468886639785
BCAP31,non-target,-22.19323968461393
BCAS2,non-target,-27.336075970923225
BCAS3,non-target,31.37118490027109
BCAS4,non-target,37.53254773655567
BCAT1,non-target,60.98398035602505
BCAT2,non-target,-11.564111567419554
BCCIP,non-target,30.60974333281975
BCDIN3D,non-target,-14.436621991388398
BCKDHA,non-target,1.6503894997481297
BCKDHB,non-target,-8.24507503836398
BCKDK,non-target,-5.723499287357716
BCL10,non-target,-25.54172295236806
BCL2,approved,75.24993722236697
BCL2A1,in-trial,74.1108676370553
BCL2L1,in-trial,44.483136099723644
BCL2L11,non-target,75.44993392789816
BCL2L12,non-target,-6.6735445135636455
BCL2L13,non-target,-3.665935626311125
BCL2L2,in-trial,5.595673465132745
BCL3,non-target,46.23821455814857
BCL6,non-target,89.16974039719378
BCL7A,non-target,7.17560829836366
BCL7B,non-target,-36.162239950123315
BCL7C,non-target,-3.200872935657955
BCL9,non-target,-10.387070807707424
BCL9L,non-target,33.00484292735538
BCLAF1,non-target,-36.45781650131601
BCOR,non-target,40.089124934872814
BCORL1,non-target,-3.875882642279336
BCR,approved,-56.89843134485403
BCS1L,non-target,5.042334454971758
BDH1,non-target,-3.3047750045569537
BDH2,non-target,8.768843323535854
BDP1,non-target,-39.76535375387248
BECN1,non-target,-25.96992923296035
BEGAIN,non-target,-7.840949735236649
BEND3,non-target,-4.667695305383313
BEND4,non-target,4.432225982589157
BEND5,non-target,-7.494621246434124
BEST4,non-target,-10.42568141902662
BET1L,non-target,-24.23515400006376
BEX2,non-target,-2.043191657246209
BEX3,non-target,11.013451548091254
BEX4,non-target,13.307521709590697
BEX5,non-target,11.307667271976705
BFAR,non-target,-51.17043351013064
BHLHE40,non-target,21.611808881239387
BICC1,non-target,-10.727588393997031
BICD1,non-target,-6.730170965946496
BICD2,non-target,-27.405370831040557
BICDL1,non-target,53.916279448433976
BICRA,non-target,-19.494129259722516
BICRAL,non-target,-8.490203030217769
BID,non-target,14.364920205920512
BIK,non-target,-0.309960114721959
BIN1,non-target,30.7616924273253
BIN2,non-target,62.37956999129256
BIN3,non-target,-34.17862857177108
BIRC2,in-trial,-10.82350285540822
BIRC3,in-trial,33.22463519894216
BIRC5,in-trial,38.04050196874305
BIRC6,non-target,-44.74173226448254
BIVM,non-target,19.96937282351966
BLCAP,non-target,-5.528634832254203
BLK,approved,-12.271844286401526
BLM,non-target,-21.947220492936207
BLMH,non-target,3.1087764890405793
BLOC1S1,non-target,12.078482402878436
BLOC1S2,non-target,-3.3296685377275614
BLOC1S3,non-target,-19.975253053224943
BLOC1S4,non-target,-24.128679286466763
BLOC1S5,non-target,-28.875693133097787
BLOC1S6,non-target,-35.89977064255909
BLVRA,non-target,2.9145400394209013
BLVRB,non-target,12.395013807429049
BLZF1,non-target,17.81795663739666
BMERB1,non-target,26.573358586631457
BMF,non-target,100.5377993912642
BMI1,non-target,40.81829500621577
BMP1,non-target,-3.921941615871459
BMP2K,non-target,35.526906263957535
BMPR1A,non-target,-14.392427748484437
BMPR2,non-target,30.00869698650318
BMS1,non-target,-11.692302202948676
SAMTOR,non-target,-10.820411822752815
BNIP1,non-target,-24.09450542579806
BNIP2,non-target,-30.86553098590876
BNIP3L,non-target,136.3913844800681
BOD1,non-target,-28.678985063324163
BOLA1,non-target,-26.406467100516352
BOLA3,non-target,-21.008046921136863
BORA,non-target,-20.871309435550145
BORCS5,non-target,-28.157631357488047
BORCS6,non-target,5.57557216264573
BORCS7,non-target,1.2553731422699788
BORCS8,non-target,-19.73877680599053
BPGM,non-target,-4.157480902458744
BPHL,non-target,-9.237900364576817
BPNT1,non-target,-37.38405079406787
BPNT2,non-target,-15.699883046503077
BPTF,non-target,-21.871320562163348
BRAF,in-trial,-19.579706148603172
BRAP,non-target,-34.141329366937974
BRAT1,non-target,-36.19692962469029
BRCA1,non-target,11.780307309227632
BRCA2,non-target,-1.418165976768556
BRCC3,non-target,-30.186376862935475
BRD1,non-target,-2.016438546266618
BRD2,in-trial,7.075290829875655
BRD3,in-trial,-10.475446874590974
BRD4,in-trial,-29.7262060679731
BRD7,non-target,-52.596190929010355
BRD8,non-target,-33.92576012474883
BRD9,non-target,-31.847444341226204
BRF2,non-target,-24.20437896534663
BRI3,non-target,55.66017463628109
BRI3BP,non-target,5.329763048169066
BRIP1,non-target,-4.5620027383194754
BRIX1,non-target,50.15328752665538
BRK1,non-target,1.267722068202275
BRME1,non-target,-7.748871602524197
BRMS1,non-target,-29.24980510887836
BRMS1L,non-target,-10.980112130102656
BROX,non-target,-10.641749629318454
BRPF1,non-target,-35.0119336288112
BRPF3,non-target,-4.5427621417777075
BRSK1,non-target,-0.8648436894830613
BRWD1,non-target,-13.515215931070976
BRWD3,non-target,-5.277161540378806
BSCL2,non-target,-11.356881513153754
BSDC1,non-target,1.007956172742496
BSG,in-trial,-2.2934900841920816
BSPRY,non-target,27.786490668692455
BST1,non-target,-5.56155854463906
BST2,non-target,45.70913342308023
BTAF1,non-target,-15.620284466992745
BTBD1,non-target,-26.48059522547963
BTBD10,non-target,-26.4820193456528
ABTB3,non-target,25.23146386214582
BTBD19,non-target,7.517465480618526
BTBD2,non-target,27.523485840953526
BTBD3,non-target,-10.353619996535423
BTBD6,non-target,-19.356026221543605
BTBD7,non-target,-19.47082400208791
BTBD8,non-target,7.084164463037464
BTD,non-target,-0.3307939518604901
BTF3,non-target,-39.96955790300915
BTF3L4,non-target,-35.00326989293261
BTG1,non-target,125.88309799597982
BTG2,non-target,106.56289112487276
BTG3,non-target,41.58210521159311
BTLA,non-target,12.072046846238845
BTN2A1,non-target,-4.421758765069884
BTN2A2,non-target,20.864183266188984
BTN3A1,non-target,28.876660975590436
BTN3A2,non-target,48.75244343025042
BTN3A3,non-target,34.04490270522434
BTRC,non-target,-24.11071196060948
BUB1,non-target,17.74636519785956
BUB1B,non-target,-6.48169611845547
BUD13,non-target,-43.671692678324774
BUD23,non-target,6.161584186242106
BUD31,non-target,-6.674942520415897
POPDC1,non-target,7.172896781125719
BZW1,non-target,-19.97730032296832
BZW2,non-target,66.16899913447718
C10orf88,non-target,-30.11493553278876
C10orf95,non-target,-7.851167832739279
CFAP68,non-target,-2.3059728174076803
C11orf21,non-target,8.81622924701933
C11orf24,non-target,0.3260869476859795
CSTPP1,non-target,1.3022842598615203
BKGD,non-target,-20.7373241237427
C11orf58,non-target,-64.58699784931514
C11orf65,non-target,-14.23034249605127
C11orf68,non-target,36.20538924640723
C11orf71,non-target,-1.0896191443704126
TOP6BL,non-target,8.182225800568323
C11orf96,non-target,13.985344278202437
RLIG1,non-target,-19.345815024383427
FERRY3,non-target,-29.59796063600472
C12orf43,non-target,-27.262900946221947
C12orf57,non-target,39.88673748179552
UQCC6,non-target,-16.344044268838733
C12orf75,non-target,52.59670429275496
C12orf76,non-target,5.944235104992163
C14orf119,non-target,-16.29370855603213
DORIP1,non-target,8.23307139100926
C14orf93,non-target,-19.88940178395722
PRMT2IP,non-target,20.92187980099786
C15orf40,non-target,-32.25164543498422
COXFA4L3,non-target,85.04749042297875
C15orf61,non-target,-1.8864890729025088
C15orf62,non-target,-9.867046817305182
C16orf46,non-target,-11.439842457469354
C16orf54,non-target,24.361690863293145
HAPSTR1,non-target,-8.399051225060253
C16orf86,non-target,-5.020110415212529
HDIP1,non-target,23.63608727952296
UQCC4,non-target,-20.262184821894973
C16orf95,non-target,-13.565173148367917
BACC1,non-target,49.15483355936427
C17orf58,non-target,6.900170785870881
C17orf67,non-target,-7.661536055255148
C17orf75,non-target,-32.314333750926615
LIAT1,non-target,-9.214370289236149
RMP24,non-target,-43.46775026769808
ARK2N,non-target,2.986268149023521
C18orf32,non-target,4.887668381751401
C18orf54,non-target,5.2504765275156124
C19orf12,non-target,-25.693801133220365
C19orf18,non-target,-5.282688742445043
C19orf38,non-target,-1.3020487269076
C19orf44,non-target,-10.841041020983662
C19orf47,non-target,-36.378242245763666
C19orf53,non-target,-33.66337274286229
ACTMAP,non-target,-6.110147961367683
C19orf73,non-target,-14.044938530115742
C1D,non-target,-24.62293999956145
C1GALT1,non-target,-33.23593492928904
C1GALT1C1,non-target,-11.895240223487647
C1QBP,non-target,61.313656991118386
C1QTNF6,non-target,16.07863130922839
C1R,non-target,-3.4374761629327004
C1RL,non-target,7.472407854668615
AIRIM,non-target,4.862544271433044
FIRRM,non-target,4.965531803155964
C1orf122,non-target,-25.31383838851472
FSAF1,non-target,-34.08430582114175
C1orf159,non-target,-20.88554347466251
C1orf162,non-target,27.43375536885628
C1orf174,non-target,-12.28170005251952
CFAP141,non-target,-12.23403125265977
C1orf198,non-target,19.1480385611457
C1orf21,non-target,-3.473301052937998
C1orf216,non-target,-2.0154516217087095
C1orf35,non-target,-26.473495647896428
LTAP1,non-target,-35.60172583582159
C1orf52,non-target,-44.07209197647734
C1orf54,non-target,2.4052619120186347
C1orf74,non-target,-19.23587267656996
ADISSP,non-target,-16.31962240526735
C20orf96,non-target,-11.157743655745456
C21orf58,non-target,-2.343648093870281
C21orf91,non-target,16.97450685702134
C2CD2L,non-target,-29.725819650776145
C2CD3,non-target,-26.819613243997747
C2CD4D,non-target,-1.9743111875669033
C2CD5,non-target,-32.6283617085895
C2orf15,non-target,-7.764607155595544
C2orf42,non-target,-27.690220626452827
TSLIG2,non-target,-42.85778559908846
C2orf68,non-target,5.536015397069903
C2orf69,non-target,-34.327386009785734
DEMA1,non-target,-12.686328116345363
C2orf76,non-target,-12.623829324554189
C2orf81,non-target,-11.271519182132565
C3AR1,non-target,31.475363119998537
CEP15,non-target,-37.678374463201685
C3orf18,non-target,33.244970961637264
MISO1,non-target,-4.2531959283167575
C3orf38,non-target,-8.69836553385837
C3orf52,non-target,19.904547772632927
C3orf62,non-target,-15.698474568758648
C4BPB,non-target,32.67275127385673
ARLN,non-target,76.79737785111033
C4orf33,non-target,3.2767899733708012
C4orf46,non-target,-12.274815213799975
NICOL1,non-target,-8.40278973054407
C5AR1,approved,-8.087259638297816
C5AR2,non-target,-7.561701110625559
C5orf15,non-target,11.035597396266972
C5orf24,non-target,-17.987433743279166
C5orf34,non-target,-17.420585154798466
RIMOC1,non-target,-22.434864037607024
C5orf63,non-target,-13.947423549942114
C6orf120,non-target,-8.930010614137247
C6orf136,non-target,-42.78887157750366
PEX39,non-target,-0.6592138512818136
C6orf47,non-target,-16.972025462330077
C6orf62,non-target,-32.85038344232041
C6orf89,non-target,-14.466200631088514
INTS15,non-target,-28.35609480939276
SPMIP4,non-target,-5.0473857069611965
CHLSN,non-target,8.476676967656763
SPACDR,non-target,-11.421630654396518
C8orf33,non-target,33.39297127735179
C8orf58,non-target,-11.769639231949553
C8orf76,non-target,-44.6462705757754
C8orf82,non-target,-10.56178985543189
C8orf88,non-target,-0.7956818278753168
CFAP95,non-target,-7.527804812372459
C9orf40,non-target,-4.40848983262829
QNG1,non-target,5.384399651273861
C9orf72,non-target,12.289463707952264
C9orf78,non-target,-28.634285156881564
C9orf85,non-target,-32.343949145477914
CA11,non-target,36.98265586321402
CA2,in-trial,22.495920090433003
CA5B,non-target,-1.987718686894425
CA6,non-target,32.172962318577014
CAAP1,non-target,-30.16054238049883
CAB39,non-target,-6.967189467691227
CAB39L,non-target,19.00177508893437
CABIN1,non-target,-22.60154580198649
CABLES1,non-target,18.374714420826766
CABLES2,non-target,7.165232105825436
CABP4,non-target,4.909716898260374
CACFD1,non-target,-8.285229680359313
CACNA1D,in-trial,9.281683698402864
CACNA2D4,in-trial,-16.147953016690156
CACNB1,in-trial,-11.548047814386797
CACNB3,in-trial,16.941763138173282
CACUL1,non-target,-40.92977114490676
CAD,non-target,7.959835132871064
CADM1,non-target,4.473576555033035
CALCOCO1,non-target,57.04485434683685
CALCOCO2,non-target,57.19916512485151
CALD1,non-target,8.105916203872306
CALHM2,non-target,37.53669192117085
CALHM6,non-target,43.79873686654678
CALM1,non-target,2.2159133085546614
CALM2,non-target,-16.3799591389093
CALM3,non-target,1.9977300816893169
CALML4,non-target,-11.972929612862922
CALR,non-target,39.94821815358144
CALU,non-target,-2.81352028621131
CAMK1,non-target,46.18287589927517
CAMK1D,non-target,19.744809569659097
CAMK2D,non-target,24.78821410093722
CAMK2G,non-target,11.964709995393427
CAMK2N1,non-target,7.716117749149173
CAMK4,non-target,41.265521329093346
CAMKK1,non-target,-7.491193064407798
CAMKMT,non-target,-19.038540420851515
CAMLG,non-target,-24.56999375827316
CAMSAP1,non-target,-11.012534150356393
CAMSAP2,non-target,11.398385117089262
CAMTA1,non-target,-22.259129640449014
CAMTA2,non-target,-27.302543609436643
CAND1,non-target,-52.31838288580726
CANT1,non-target,-30.613934275130163
CANX,non-target,9.808195172127242
CAP1,non-target,-12.5881230428306
CAPG,non-target,75.71703646399993
CAPN1,non-target,19.98778450049055
CAPN12,non-target,8.9682099666595
CAPN15,non-target,-26.532281661125865
CAPN2,non-target,14.049884105795988
CAPN3,non-target,-1.4599408582225408
CAPN7,non-target,-29.33092757398276
CAPNS1,non-target,12.519604629262725
CAPRIN2,non-target,6.878220940860364
CAPZA1,non-target,-54.10759639681195
CAPZA2,non-target,-47.19785883659021
CARD11,non-target,16.15177146129974
CARD16,non-target,4.663351628325366
CARD19,non-target,44.53170679544768
CARD6,non-target,-1.5307043412057226
CARHSP1,non-target,8.200564758900109
CARM1,non-target,26.067755155676537
CARMIL1,non-target,8.274672444655065
CARMIL2,non-target,-10.881792540852254
CARNMT1,non-target,4.783499114952852
CARNS1,non-target,4.375849279271709
CARS2,non-target,-9.598920553306712
CASC3,non-target,-14.293822618740036
CASD1,non-target,11.475407613887436
CASK,non-target,12.3278399725164
CASKIN2,non-target,3.330492016642085
CASP10,in-trial,24.45340787680716
CASP2,in-trial,-34.47951589821339
CASP3,in-trial,-6.568225937998292
CASP4,in-trial,40.55685753972142
CASP6,in-trial,-4.756700649579372
CASP7,in-trial,7.424625829336051
CASP8,in-trial,54.67739662757848
CASP9,in-trial,0.4031996643842343
CASS4,non-target,45.55479995946433
CAST,non-target,26.32025844786294
CASTOR1,non-target,24.6735748546764
CASZ1,non-target,37.91796804037583
CAT,non-target,6.96889438850198
CATSPER2,non-target,-11.851174511259297
CATSPERB,non-target,0.4790282911326802
CATSPERG,non-target,-7.979898659764768
CAV1,non-target,5.501362914815027
CAVIN1,non-target,4.818508867213563
CAVIN3,non-target,30.140707176961445
CBFA2T2,non-target,0.4591670748262514
CBFA2T3,non-target,-0.1262574398736286
CBFB,non-target,-10.620510504768069
CBL,non-target,-16.296494260180367
CBLB,non-target,91.02849758260612
CBLL1,non-target,-33.83066576675888
CBLN3,non-target,5.308476486295762
CBR1,non-target,-37.22065862275865
CBR3,non-target,-4.711332488902735
CBR4,non-target,-17.57923494447226
CBS,non-target,69.82394159867891
CBX1,non-target,-23.661649938196575
CBX2,non-target,-5.039279873560485
CBX3,non-target,79.20887219069357
CBX4,non-target,15.793887093783963
CBX5,non-target,57.0094648411129
CBX6,non-target,-24.212258671669463
CBX7,non-target,3.3315171392954626
CBY1,non-target,4.567498488239878
CC2D1A,non-target,-19.69507927358913
CC2D1B,non-target,-12.23851300654878
CCAR1,non-target,-33.30976341325357
CCAR2,non-target,-48.292345219805384
CCDC102A,non-target,6.738644974424095
CCDC102B,non-target,-3.8694652090366177
CCDC106,non-target,25.236563611936077
CCDC107,non-target,1.2592459005665144
CCDC112,non-target,4.356706002225207
CCDC117,non-target,-20.083991711308155
CCDC12,non-target,-39.004485138123975
CCDC120,non-target,-11.628949471028667
CCDC122,non-target,0.2582649944331106
CCDC124,non-target,-2.3839835480572495
CCDC125,non-target,-27.58031490843106
CCDC126,non-target,-10.627042506421123
CCDC127,non-target,-19.25631309584169
CCDC134,non-target,-16.760389733197012
CCDC136,non-target,14.18597991413816
CCDC137,non-target,-20.83262390029667
CCDC138,non-target,-5.130159868768575
CCDC14,non-target,-19.27097577218347
CCDC141,non-target,50.397548563797976
CCDC142,non-target,-14.984934789824692
CCDC15,non-target,-11.16328884219376
CCDC150,non-target,-19.69965300901853
CCDC152,non-target,-30.54945788470827
CCDC154,non-target,-8.335576701925826
CCDC159,non-target,19.21029222513411
CCDC163,non-target,-8.688601063791355
CCDC167,non-target,6.184211964943013
CCDC171,non-target,-2.0050445232856107
CCDC18,non-target,-13.567562602522578
CCDC180,non-target,-2.586613633178518
CCDC186,non-target,-1.686302765361411
CCDC191,non-target,-4.877077622609292
CCDC22,non-target,-18.348838874495353
CCDC25,non-target,-25.85529411447847
CCDC28A,non-target,34.84015813039363
CCDC28B,non-target,18.962878254813575
CCDC30,non-target,-8.157375365564913
CCDC32,non-target,-37.731165388334496
CCDC34,non-target,10.92021088102054
CCDC43,non-target,-37.51811990856587
CCDC47,non-target,-4.851290492722835
CCDC50,non-target,-53.606037980591424
CCDC51,non-target,-15.762427107467133
CCDC57,non-target,2.6686545292626533
CCDC59,non-target,34.21587116401063
CCDC6,in-trial,22.58520467246088
CCDC61,non-target,-27.867953498880752
CCDC66,non-target,-24.79749754889841
CCDC69,non-target,31.934232937674327
CCDC7,non-target,22.03885933978729
CCDC71,non-target,-29.395759894169917
CCDC71L,non-target,18.77302529833703
CCDC77,non-target,-21.95074650743888
CCDC78,non-target,-11.266589456070982
CCDC82,non-target,-22.167056728057915
CCDC85B,non-target,28.53999079668477
CCDC85C,non-target,11.234647090322904
CCDC88A,non-target,23.661432580837214
CCDC88B,non-target,14.107963667046612
CCDC88C,non-target,-10.279901317149234
CCDC9,non-target,-6.653330446599298
CCDC90B,non-target,3.427885891636118
CCDC91,non-target,11.426923720735273
CCDC92,non-target,70.79458041017291
CCDC93,non-target,-33.028861233648364
CFAP184,non-target,-6.793865399923642
CCDC97,non-target,-18.822136249869015
CCHCR1,non-target,-6.402119542584941
CCL1,non-target,68.1413219858872
CCL28,non-target,13.771002643398395
CCL3,non-target,59.87162582293009
CCL4,non-target,20.44044902395258
CCL4L2,non-target,29.50528869127392
CCL5,non-target,50.2833559910978
CCM2,non-target,-10.435457951058533
CCNA1,non-target,0.8815576838307351
CCNA2,non-target,51.49766172136005
CCNB1,non-target,29.625031414012263
CCNB1IP1,non-target,8.130848672132105
CCNB2,non-target,35.15675599693688
CCNC,non-target,35.371701900123675
CCND2,non-target,13.437535182796012
CCND3,non-target,-18.6010546435864
CCNDBP1,non-target,6.9668720954159795
CCNE1,non-target,-1.4313812101584962
CCNE2,non-target,2.486844120637768
CCNF,non-target,18.652738782428163
CCNG1,non-target,64.235179506051
CCNG2,non-target,85.14307286262566
CCNH,non-target,-41.875701871331565
CCNI,non-target,1.3341162582541604
CCNI2,non-target,43.69972290514253
CCNJ,non-target,-22.76848848191355
CCNK,non-target,-50.48783846763822
CCNL1,non-target,-5.419912785351869
CCNL2,non-target,18.64166319331899
CCNQ,non-target,-29.74906500680339
CCNT1,non-target,-30.406662088868856
CCNT2,non-target,-22.01486606258328
CCNY,non-target,-25.369220719505964
CCNYL1,non-target,-7.135791827751501
CCP110,non-target,-8.062779359862509
CCPG1,non-target,86.2504664854382
CCR1,in-trial,31.822290194463363
CCR2,in-trial,57.761636107032075
CCR3,non-target,5.261947278290327
CCR4,approved,-12.009956000736471
CCR5,in-trial,84.76130620509579
CCR6,non-target,16.7940258267903
CCR7,non-target,40.68406359439032
CCR8,non-target,42.46922753776507
CCS,non-target,-19.612390428415505
CCSAP,non-target,-9.484458121937926
CCSER2,non-target,59.86926007829656
CCT4,non-target,76.65756010203317
CCT5,non-target,43.13097601441742
CCT6A,non-target,60.075581468945984
CCT8,non-target,10.592047982899908
CD101,non-target,8.643375776402499
CD109,non-target,73.08099684453879
CD14,in-trial,-7.148931128243845
CD151,non-target,34.73098347068144
CD164,non-target,-11.735252662352131
CD180,non-target,-2.176794047932187
CD2,approved,-1.2383163127938983
CD200,in-trial,77.36741473023359
CD200R1,non-target,38.71218152611861
CD226,non-target,69.74931297750243
CD247,non-target,-32.68070544397314
CD27,in-trial,50.23927680570736
CD274,in-trial,33.12065933987332
CD276,non-target,26.30749192124341
CD28,in-trial,0.5278026749437282
CD2AP,non-target,-9.867980854389105
CD2BP2,non-target,-42.728229194102845
CD300A,non-target,19.11631593571069
CD302,non-target,-5.714877102346524
CD320,non-target,26.78763150683332
CD33,approved,-4.199546414690147
CD37,in-trial,109.4913323960098
CD38,approved,75.95452146273105
CD3D,approved,47.84757524109796
CD3E,approved,76.62127327142152
CD3G,approved,23.2243967254453
CD4,in-trial,-7.629817019194657
CD40,in-trial,10.32928003579031
CD40LG,in-trial,-28.783611672826822
CD44,non-target,53.93890965072015
CD46,non-target,-5.579415609086245
CD47,in-trial,-0.9048836776937604
CD48,non-target,44.75550994965392
CD5,non-target,-10.078629649774191
CD52,approved,73.07490589992194
CD53,non-target,42.87560014474607
CD55,non-target,29.32747397392315
CD58,non-target,30.752120878379035
CD59,non-target,37.36255110462032
CD6,in-trial,3.9976322316764006
CD63,non-target,44.213728416049285
CD68,non-target,32.573936545058615
CD69,non-target,96.2990246027044
CD7,non-target,101.80932898542908
CD70,in-trial,10.430444866691431
CD72,non-target,7.228393608411481
CD74,in-trial,-56.92952691906876
CD79A,non-target,8.70764499514731
CD79B,approved,22.03198001480814
CD80,approved,34.71671401342744
CD81,non-target,-17.988205111953274
CD83,non-target,53.848465932066865
CD84,non-target,35.55093661179151
CD86,approved,30.853348531746253
CD8A,non-target,0.29034026241907
CD8B2,non-target,-9.313852191682058
CD9,non-target,-5.616896414671629
CD93,non-target,3.961901430567611
CD96,non-target,132.31248965750015
CD99,non-target,16.597856096258155
CD99L2,non-target,1.7593395622400103
CDADC1,non-target,-29.832017326766664
CDC123,non-target,45.07735440465152
CDC14A,non-target,56.41071749091381
CDC14B,non-target,24.749378265822376
CDC20,non-target,32.6291183114785
CDC23,non-target,-40.503369924162335
CDC25A,non-target,23.564359149230707
CDC25B,non-target,12.896630854164064
CDC25C,non-target,-8.740416574088679
CDC26,non-target,-33.14223883261252
CDC27,non-target,-27.23754077047961
CDC34,non-target,-33.75404861421337
CDC37,non-target,-14.25964518369346
CDC37L1,non-target,-6.970925745070829
CDC42BPA,non-target,-8.418600149806828
CDC42BPB,non-target,9.42616841511673
CDC42BPG,non-target,3.5365104996396792
CDC42EP3,non-target,34.2298948776981
CDC42SE1,non-target,8.219176034053541
CDC42SE2,non-target,49.674786421742304
CDC45,non-target,29.713217527516644
CDC5L,non-target,-64.22447217727303
CDC6,non-target,23.093115784339226
CDC7,non-target,-18.899923107439346
CDC73,non-target,-18.610130559728944
CDCA2,non-target,16.332000337823857
CDCA3,non-target,-0.3320368300605452
CDCA4,non-target,-26.694965013485184
CDCA5,non-target,4.5283775402613715
CDCA7,non-target,11.77936697092816
CDCA7L,non-target,8.930186637136643
CDCA8,non-target,7.4957159098501664
CDCP1,non-target,12.94293345240913
CDH13,non-target,-9.712168171937812
CDH2,non-target,-10.133823778638526
CDH23,non-target,3.24490942095887
CDH24,non-target,4.99016241125256
CDIP1,non-target,-17.618384206061233
CDIPT,non-target,-27.80327884576275
CDK1,in-trial,3.033853755070036
CDK11A,non-target,-23.929721765512657
CDK11B,in-trial,-38.1930717595999
CDK13,in-trial,-32.141863793750254
CDK16,in-trial,-32.940201565780725
CDK17,in-trial,-22.27335386885196
CDK19,in-trial,9.593215548645674
CDK2,in-trial,26.29683243947494
CDK20,in-trial,-7.652881923110702
CDK2AP1,non-target,12.317953861896015
CDK2AP2,non-target,38.133127671817235
CDK4,in-trial,38.881104803269295
CDK5,in-trial,-5.903344362551709
CDK5R1,non-target,6.808772092519676
CDK5RAP1,non-target,-34.35130352248594
CDK5RAP2,non-target,-17.242199923263147
CDK5RAP3,non-target,-30.008642786433697
CDK6,in-trial,9.540644457519344
CDK7,in-trial,-38.31018049857405
CDK8,in-trial,-20.158195215029075
CDK9,in-trial,-11.568880347148616
CDKAL1,non-target,-28.5827298549153
CDKL1,non-target,5.275925477114671
CDKL2,non-target,2.9938059726009087
CDKL5,non-target,-0.1879697515702059
CDKN1A,non-target,130.58611225786962
CDKN1B,non-target,43.581048672605455
CDKN1C,non-target,-4.01633178787242
CDKN2A,non-target,27.678421409086223
CDKN2AIP,non-target,-34.813458926687595
XTBD1,non-target,-2.506854686321363
CDKN2C,non-target,38.50605686222089
CDKN2D,non-target,51.32271687286086
CDKN3,non-target,8.363140420284163
CDO1,non-target,-10.02738713391918
CDON,non-target,-12.011833094896026
CDPF1,non-target,-27.313191879398072
CDR2,non-target,-13.165327770977688
CDRT4,non-target,18.806807913735355
CDS2,non-target,-13.326928562701733
CDT1,non-target,17.071459411059113
CDV3,non-target,-14.576758292453404
CDYL,non-target,-18.242971643056688
CDYL2,non-target,45.1846981825413
CEACAM1,non-target,3.81234250558229
CEACAM21,non-target,1.6655870172497391
CEBPB,non-target,48.14603100555261
CEBPD,non-target,28.435327161361553
CEBPG,non-target,23.440677747862875
CELF1,non-target,-51.11281351901406
CELF2,non-target,-22.41117447350528
CELSR2,non-target,-9.771949182618204
CELSR3,non-target,-22.7779145793322
CEMIP2,non-target,31.73956473160737
CEND1,non-target,-2.511293807440754
CENPA,non-target,11.980115127475807
CENPB,non-target,-14.9835253459799
CENPE,non-target,7.773174121099747
CENPF,non-target,8.104681626977614
CENPH,non-target,49.219509634649874
CENPI,non-target,10.704078430219688
CPAP,non-target,-4.258411719442989
CENPL,non-target,-22.208603997372258
CENPM,non-target,18.82053302732885
CENPN,non-target,28.20374255395907
CENPO,non-target,-11.953221658955371
CENPP,non-target,3.0472146603762744
CENPQ,non-target,-23.863175215366443
CENPS,non-target,1.969618983979719
CENPU,non-target,22.614906633603255
CENPV,non-target,61.36652893469989
CENPW,non-target,27.195821250947983
CENPX,non-target,15.10400309940838
CEP104,non-target,-31.962918194995854
CEP112,non-target,-0.3321657677490037
CEP120,non-target,-13.1994495034103
CEP126,non-target,-6.041751855025491
CEP128,non-target,17.100781542067644
CEP131,non-target,-20.285807404390734
CEP135,non-target,-10.05077034499503
CEP152,non-target,-15.97242564590676
CEP162,non-target,-14.824091315806175
CEP164,non-target,-15.912264244256264
CEP170,non-target,-1.397565363586376
CEP170B,non-target,3.0434754159110535
CEP19,non-target,1.6237846771396327
CEP192,non-target,-11.367852147572682
CEP20,non-target,-28.7741703000133
CEP250,non-target,-14.58546074877357
CEP290,non-target,-19.773206985668622
CEP295,non-target,-19.361355769995946
CEP350,non-target,-18.495549783273816
CEP41,non-target,-11.565620686167328
CEP43,non-target,-32.3681560772595
CEP44,non-target,-20.073226595566283
CEP55,non-target,65.912071299735
CEP57,non-target,-8.02354756851712
CEP57L1,non-target,-22.729292798787288
CEP63,non-target,-26.124511613290668
CEP68,non-target,19.229827779627307
CEP70,non-target,24.688063372088752
CEP72,non-target,-22.667923920733728
CEP76,non-target,-31.858365623113254
CEP78,non-target,-15.30401413811022
CEP83,non-target,-4.639813029006855
CEP85,non-target,-15.525573044953813
CEP85L,non-target,38.0520983119693
CEP89,non-target,-15.930048873667928
CEP95,non-target,-27.51151076776076
CEP97,non-target,-19.022147161648345
CEPT1,non-target,-29.83710009874781
CERCAM,non-target,20.874672939460165
CERK,non-target,-13.19193393781697
CERS2,non-target,-35.33507586959434
CERS4,non-target,0.0511584863507366
CERS5,non-target,-10.142615048257593
CERS6,non-target,-4.183848152382454
CERT1,non-target,-15.24656265802118
CES2,non-target,-8.217016761665205
CES4A,non-target,-5.62964839240076
CETN2,non-target,-10.358367976394796
CETN3,non-target,0.4737237870201293
CFAP20,non-target,-19.61571182475936
CFAP298,non-target,23.605878158296814
CFAP36,non-target,-6.4724831837967685
CFAP410,non-target,-19.82233644561207
CFAP418,non-target,-15.915447688841091
CFAP44,non-target,-12.0534896474814
CFAP45,non-target,-11.0805368666161
CFAP97,non-target,8.627186825143335
CFD,non-target,3.466348483242097
CFDP1,non-target,10.93333206341446
CFH,non-target,25.484356224525087
CFL1,non-target,27.5423108644038
CFL2,non-target,2.4608294092079084
CFP,non-target,35.026915767258934
CGAS,non-target,-7.076867327499055
CGGBP1,non-target,-33.67997888226695
CGREF1,non-target,14.311639386544169
CGRRF1,non-target,-19.316268769050833
CHAC1,non-target,110.57654574262614
CHAC2,non-target,4.920461091543544
CHAF1A,non-target,-1.3445446736812887
CHAMP1,non-target,-15.14326982628068
CHCHD1,non-target,-42.73276207383864
CHCHD10,non-target,-15.947193154543276
CHCHD2,non-target,7.25515449394003
CHCHD3,non-target,35.791211068467426
CHCHD5,non-target,-35.97476273081413
CHCHD6,non-target,0.0816087503856266
CHCHD7,non-target,-11.264264068624009
CHD1,non-target,-43.64554860493529
CHD2,non-target,81.41108664323376
CHD3,non-target,47.45342591548757
CHD4,non-target,-36.68286857184935
CHD6,non-target,8.889154269122061
CHD7,non-target,5.194811335592282
CHD8,non-target,-50.58105394871361
CHDH,non-target,33.18066588716136
CHEK1,in-trial,15.166403535318636
CHEK2,in-trial,-9.520655340325634
CHFR,non-target,-11.89585629244975
CHI3L2,non-target,37.805405723931614
CHIC1,non-target,1.944758145681158
CHIC2,non-target,21.050655607410462
CHID1,non-target,-2.8158107953331304
CHIT1,non-target,-8.548856674930546
CHKA,non-target,-7.157404529955613
CHKB,non-target,8.938425440018117
CHM,non-target,-30.704174304433923
CHML,non-target,10.565044071330345
CHMP1A,non-target,-22.587205740846084
CHMP1B,non-target,19.52458980427504
CHMP2A,non-target,3.116432983360454
CHMP2B,non-target,-12.921793393581714
CHMP4A,non-target,-15.081982996401672
CHMP4B,non-target,-32.20881616549108
CHMP5,non-target,1.880339625481379
CHMP7,non-target,22.998915410870392
CHN1,non-target,38.574920510463095
CHORDC1,non-target,25.267346778263985
CHP1,non-target,-15.136048541040807
CHPF,non-target,44.207544118645664
CHPF2,non-target,-15.71583836248307
CHPT1,non-target,16.59313310103589
CHRAC1,non-target,-16.389259888322695
CHRNA10,non-target,-14.429041278028585
CHRNA5,non-target,-0.5899026730955358
CHRNA6,non-target,0.4916616964601322
CHRNB1,non-target,-8.581635184000648
CHST10,non-target,1.9138920833945672
CHST11,non-target,13.02493893874302
CHST12,non-target,45.68143441365239
CHST14,non-target,12.307870487544651
CHST2,non-target,25.913615385291973
CHST7,non-target,-1.86536639400702
CHSY1,non-target,68.51096445402436
CHTF18,non-target,-18.67121086359802
CHTOP,non-target,-46.69869408988728
CHUK,non-target,-27.729892426951213
CHURC1,non-target,-17.32794575371169
CIAO1,non-target,-44.85926283948635
CIAO2A,non-target,-21.556769830549115
CIAO2B,non-target,-26.423290215493044
CIART,non-target,0.6364275832453637
CIB1,non-target,-15.83436061328708
CIB2,non-target,-1.8004142192423476
CIBAR1,non-target,-0.3492627769994148
CIC,non-target,23.29192792343171
CIDEB,non-target,-15.706146455087383
CIITA,non-target,41.11853978435968
CILK1,non-target,1.424465074346024
CIP2A,non-target,-4.570877483825707
CIPC,non-target,-19.338337649484696
CIRSR,non-target,-16.38108392241367
CIRBP,non-target,17.218193093944137
CISD1,non-target,14.332092685680882
CISD2,non-target,-19.369374483352345
CISD3,non-target,16.36770025443282
CISH,non-target,18.39437092137946
CIT,non-target,16.67641526189996
CITED2,non-target,83.13144024410991
CITED4,non-target,27.308685066570177
CIZ1,non-target,-28.11532960293127
CKAP2,non-target,-2.9247278179490053
CKAP2L,non-target,6.379267820334678
CKAP4,non-target,23.995061811695095
CKAP5,non-target,-27.10579319513116
CKB,non-target,21.264292250637723
CKLF,non-target,41.829834827844856
CKS1B,non-target,29.520180373614235
CKS2,non-target,49.37865660347123
CLASP1,non-target,-22.509033395576207
CLASP2,non-target,-43.83759833957644
CLASRP,non-target,-43.8198902052841
CLBA1,non-target,-5.981342900257144
CLCC1,non-target,-15.168411098748996
CLCF1,non-target,11.248559403416609
CLCN2,non-target,-8.167102881697543
CLCN3,non-target,-28.969695277789285
CLCN5,non-target,-14.715775119677106
CLCN6,non-target,-5.50032561629899
CLDN15,non-target,-11.696775754080653
CLDN5,non-target,15.61629246597422
CLDND1,non-target,-10.540196699327302
CLDND2,non-target,22.00814251811557
CLEC11A,non-target,-6.426423706401708
CLEC16A,non-target,-15.124442273925906
CLEC2B,non-target,72.3921180026086
CLEC2D,non-target,68.35863127541042
CLHC1,non-target,-11.558179066945089
CLIC1,non-target,-4.066540772871282
CLIC2,non-target,-1.5964723152700635
CLIC3,non-target,18.161942764941266
CLIC4,non-target,62.273653833456194
CLIC5,non-target,22.32288311337441
CLIC6,non-target,7.145892797314656
CLINT1,non-target,-4.719745550177294
CLIP1,non-target,-0.0590410008570122
CLIP2,non-target,7.241486243999531
CLIP3,non-target,1.3158559802332448
CLIP4,non-target,20.056628925546715
CLK1,non-target,85.33603439408809
CLK2,non-target,-23.340227178175365
CLK3,non-target,-6.345454355298446
CLK4,non-target,45.669371844048946
CLN3,non-target,-1.5358216243792622
CLN5,non-target,6.522947967780162
CLN6,non-target,35.09793623089708
CLN8,non-target,-17.311928623231164
CLNK,non-target,2.8762028198963105
CLOCK,non-target,-14.598397689534876
CLPB,non-target,-1.690472961833433
CLPP,non-target,-36.61745891892877
CLPTM1,non-target,-41.30235024102302
CLPTM1L,non-target,11.705296831943963
CLPX,non-target,-29.85960889106055
CLSPN,non-target,18.866703974470735
CLSTN1,non-target,-1.414735937085349
CLSTN3,non-target,35.690790870652975
CLTA,non-target,-39.1058861034314
CLTB,non-target,-40.246871499028835
CLU,non-target,117.0639980949854
IFT38,non-target,12.957477445632165
CLUH,non-target,12.163061532279862
CLYBL,non-target,5.330453548336204
CMAS,non-target,-10.913552278392752
CMC1,non-target,-16.245926834666754
CMC2,non-target,-3.443518481736504
CMC4,non-target,6.80177280216067
CMIP,non-target,38.20709789618953
CMPK1,non-target,-50.1920687849342
CMPK2,non-target,55.43327831562895
CMSS1,non-target,25.956502374761403
CMTM1,non-target,-0.3897395594170482
CMTM2,non-target,-5.203777370792576
CMTM3,non-target,33.23384420554469
CMTM6,non-target,-11.60592325100131
CMTM7,non-target,-13.378198422513426
CMTM8,non-target,3.4863339578952512
CMTR1,non-target,-22.790519134364413
CMTR2,non-target,-38.80853070584801
CNBP,non-target,-32.99319978945515
CNDP2,non-target,-23.95818905189894
CNEP1R1,non-target,-31.071957685911617
CNIH1,non-target,-18.3292273407027
CNIH2,non-target,-9.726949284194838
CNIH4,non-target,-31.24281797363443
CNKSR1,non-target,-8.460125208296597
CNKSR2,non-target,-1.1110717458320127
CNN2,non-target,46.44429311247908
CNN3,non-target,26.8956100484689
CNNM2,non-target,-4.955691539165277
CNNM3,non-target,-26.405817946046824
CNNM4,non-target,-5.137985734420006
CNOT1,non-target,-38.31474862060116
CNOT10,non-target,-36.47935991960991
CNOT11,non-target,-27.791142777966225
CNOT2,non-target,-50.76425861238195
CNOT3,non-target,-44.30597666703873
CNOT4,non-target,-26.324439815523075
CNOT6,non-target,-47.133468671869274
CNOT6L,non-target,24.69365936099271
CNOT7,non-target,-18.85427555051383
CNOT8,non-target,-2.1694362333793524
CNOT9,non-target,-24.101297034127487
CNP,non-target,-15.54141828225553
CNPPD1,non-target,-8.577286590240561
CNPY2,non-target,-5.303179361027048
CNPY3,non-target,5.611327706456781
CNPY4,non-target,-12.904780693252084
CNST,non-target,-13.62435006848947
CNTLN,non-target,-21.3575454115623
CNTNAP1,non-target,2.05607022690562
CNTRL,non-target,-44.21768081397611
CNTROB,non-target,-24.543618340302043
COA1,non-target,-26.70610463131355
COA3,non-target,-26.471120964347534
COA4,non-target,15.875705639865652
COA5,non-target,-24.26970408712104
COA6,non-target,-18.21627176405945
COA7,non-target,-11.047635766157113
COA8,non-target,-36.831510026557154
COASY,non-target,-17.84240693746563
COCH,non-target,15.906290832536152
COG2,non-target,-26.840883345894273
COG5,non-target,-16.389429553933642
COG6,non-target,-19.922637881738193
COG7,non-target,-38.08213033251476
COIL,non-target,-39.29110871432044
COL18A1,non-target,-2.3623603849588517
COL5A2,non-target,-4.87148811938171
COL6A2,non-target,26.869668539885467
COL6A3,non-target,20.88563333856276
COL9A2,non-target,5.555433970188389
COLGALT1,non-target,-10.55948078405983
COLGALT2,non-target,5.447750108908255
COLQ,non-target,-1.822458570557013
COMMD1,non-target,5.630436048043019
COMMD10,non-target,-5.690034703804522
COMMD2,non-target,-39.22743319290563
COMMD3,non-target,-12.33789613661986
COMMD4,non-target,0.3365491938466907
COMMD5,non-target,-22.56964628025329
COMMD6,non-target,14.13671261670784
COMMD7,non-target,10.849116364250785
COMMD8,non-target,-9.935534719249162
COMMD9,non-target,-16.55565475073261
COMT,non-target,-4.026132396639103
COMTD1,non-target,-5.637099363275605
COP1,non-target,-49.24653718923795
COPA,non-target,-35.86560012804345
COPB2,non-target,-32.18848750004212
COPE,non-target,-20.6673716238975
COPG1,non-target,-9.654258030254791
COPG2,non-target,30.970019338428116
COPRS,non-target,20.072977212709212
COPS2,non-target,-30.909705495376727
COPS3,non-target,-23.89978000924097
COPS4,non-target,-49.69726801838743
COPS5,non-target,-53.72153124612148
COPS7A,non-target,-39.07520717722809
COPS7B,non-target,-24.418527208169156
COPS8,non-target,-33.701226398097916
COPS9,non-target,-31.879789846375687
COPZ1,non-target,-20.701543589387057
COQ10A,non-target,-12.495463762784595
COQ10B,non-target,-18.97029529519358
COQ2,non-target,4.461051355732951
COQ3,non-target,17.87468763712919
COQ4,non-target,-18.028984618074876
COQ5,non-target,-21.991182625054165
COQ6,non-target,-14.622190459655885
COQ7,non-target,-11.354021724928916
COQ8A,non-target,2.7042575409130296
COQ8B,non-target,-27.334581433154856
COQ9,non-target,-28.94818735028967
CORO1A,non-target,32.00853685609244
CORO1B,non-target,38.00057607756321
CORO1C,non-target,20.422951550641567
CORO2A,non-target,23.477807785613
CORO6,non-target,-10.782148221758142
CORO7,non-target,8.621004604548867
COTL1,non-target,-5.856905249649633
COX10,non-target,-42.04089262709295
COX11,non-target,-35.17725937514374
COX14,non-target,-13.988493299730672
COX15,non-target,-40.83267004503048
COX16,non-target,-13.504405881650095
COX17,non-target,-6.600670255549446
COX18,non-target,-17.13043686156914
COX19,non-target,-15.360010313052149
COX20,non-target,34.20309270265435
COX4I1,non-target,-40.670828590524025
COX5B,non-target,-35.856131974027754
COX6A1,non-target,-38.321902224148225
COX6B1,non-target,-50.495551942572035
COX6C,non-target,-34.205016299552064
COX7A2,non-target,-24.15147060787123
COX7A2L,non-target,-17.416124925160375
COX7B,non-target,-34.640770772726896
COX7C,non-target,-31.723263148601035
COX8A,non-target,-4.9968180235116035
CPD,non-target,8.73834730509533
CPEB2,non-target,20.570259613524257
CPEB3,non-target,-12.61157322724213
CPEB4,non-target,14.130822866917962
CPED1,non-target,-3.2789999700488512
CPLANE1,non-target,26.908629629750752
CPLANE2,non-target,-7.462129780254983
CPM,non-target,47.38575643749825
CPNE1,non-target,62.21286000732416
CPNE2,non-target,-4.568153334741026
CPNE3,non-target,6.936741520656137
CPNE5,non-target,-0.5650396893293496
CPNE8,non-target,-19.641579949844964
CPOX,non-target,32.48903909143741
CPPED1,non-target,33.17030697620928
CPQ,non-target,20.68174998116231
CPSF2,non-target,-30.852155777525695
CPSF3,non-target,-19.199696678835405
CPSF6,non-target,-25.771209324114512
CPSF7,non-target,-38.60067192498999
CPT1A,non-target,-11.342714633725755
CPT1B,non-target,-10.098551973121802
CPT2,non-target,-14.117515178696973
CPTP,non-target,-21.470296923925943
CRABP2,non-target,3.1364274835895594
CRACD,non-target,-3.669534880743646
CRACR2A,non-target,-8.21402418100057
CRADD,non-target,1.6307408714738567
CRAMP1,non-target,-14.994384504810805
CRAT,non-target,-6.604441085043455
CRBN,approved,54.48942682411778
CREB1,non-target,-38.1412709790328
CREB3,non-target,-4.217198304646786
CREB3L2,non-target,9.91847352038637
CREB3L4,non-target,-18.322639535237347
CREBBP,in-trial,-16.94841588368837
CREBL2,non-target,8.730338799174106
CREBRF,non-target,89.67956598879364
CREBZF,non-target,-8.487662470238098
CREG1,non-target,62.62804225090238
CRELD1,non-target,7.732928917586129
CRELD2,non-target,27.08813147000225
CREM,non-target,-23.827342744837768
CRIM1,non-target,52.69882120157888
CRIP1,non-target,19.499655019560407
CRIPT,non-target,-30.459536105088983
CRISPLD1,non-target,-5.691126374518533
CRK,non-target,-36.529523626054136
CRKL,non-target,-47.55927570121336
CRLF2,non-target,0.0606220735654764
CRLF3,non-target,-31.066862263141015
CRLS1,non-target,-8.027932403872597
CROT,non-target,-6.2256878003108085
CRTAM,non-target,45.570553355357426
CRTAP,non-target,24.027774618747532
CRTC1,non-target,-9.991913772905813
CRTC2,non-target,-8.003308524331572
CRTC3,non-target,-12.706372444591429
CRY1,non-target,18.52440770046537
CRY2,non-target,-10.54213222354852
CRYBG1,non-target,11.29340815227395
CRYBG3,non-target,-3.7336104486111297
CRYL1,non-target,5.476869540306379
CRYZ,non-target,3.8125793032051143
CRYZL1,non-target,-23.196728172379796
CS,non-target,-21.407951560207113
CSAD,non-target,-6.59983042611973
CSDE1,non-target,-48.7946871983527
CSE1L,non-target,27.298629724875884
CSF1,in-trial,2.543480188345709
CSF2,in-trial,24.52563566523371
CSF2RA,approved,-4.762289684603598
CSF2RB,approved,15.673585115859774
CSGALNACT1,non-target,10.46155872803974
CSGALNACT2,non-target,39.57938932181776
CSK,non-target,21.711126289240184
CSKMT,non-target,-1.2057473811120367
CSNK1D,non-target,-27.54460424104849
CSNK1E,approved,-12.499845954377008
CSNK1G1,non-target,-36.20257685632016
CSNK1G2,non-target,-18.403316835472157
CSNK1G3,non-target,-24.05079563721307
CSNK2A1,in-trial,-29.584441692996503
CSNK2A2,non-target,-30.708754698386795
CSNK2B,non-target,-44.90243045910941
CSPP1,non-target,-27.75394943469168
CSRNP1,non-target,3.438834534469573
CSRNP2,non-target,-6.572622380022479
CSRP1,non-target,-16.791730643617413
CST3,non-target,10.091403583021147
CST6,non-target,24.905874507942553
CST7,non-target,97.1885041769293
CSTB,non-target,-0.0854159211177858
CSTF2,non-target,-24.298298777664456
CSTF2T,non-target,-6.209507635066103
CTBP2,non-target,4.783594398560209
CTBS,non-target,35.969398338193876
CTC1,non-target,1.2490243940371186
CTDNEP1,non-target,-41.777491057542385
CTDSP1,non-target,6.72848298136159
CTDSP2,non-target,14.083550309786908
CTDSPL,non-target,8.342464119680782
CTDSPL2,non-target,-32.543985469133574
CTH,non-target,75.11341947929756
CTHRC1,non-target,23.308540945630615
CTLA4,in-trial,37.64170046444138
CTNNA1,non-target,29.236998233114676
CTNNAL1,non-target,5.102447955536422
CTNNB1,in-trial,-8.468864991032317
CTNNBIP1,non-target,7.789765814349387
CTNNBL1,non-target,-40.04618083248916
CTNND1,non-target,11.594167183004416
CTNS,non-target,28.986035017167453
CTPS1,non-target,48.25275816685019
CTPS2,non-target,-9.509766212479027
CTRL,non-target,-18.673338065857063
CTSA,non-target,41.29644677428723
CTSB,non-target,41.46857638978519
CTSC,non-target,24.300109851226207
CTSD,non-target,59.312117776751414
CTSF,non-target,-1.9830114407762205
CTSH,non-target,-14.935710357947718
CTSK,non-target,2.158844963255541
CTSL,non-target,10.188954215506506
CTSO,non-target,29.34003752772368
CTSS,in-trial,52.68069074153161
CTSW,non-target,146.75523235728417
CTSZ,non-target,17.475551053735416
CTTN,non-target,19.714558354053995
CTTNBP2NL,non-target,15.317381445067925
CTU1,non-target,-20.479100090863152
CTU2,non-target,19.727947558945612
CUEDC2,non-target,-19.83751964532968
CUL2,non-target,-39.115473834542335
CUL3,non-target,-55.77375313265909
CUL4A,approved,-39.49476708539853
CUL4B,non-target,-12.499707922684934
CUL5,non-target,-45.55821908831707
CUL7,non-target,-4.087267436006072
CUL9,non-target,-17.14795382747614
CUTA,non-target,78.64941235001578
CUTC,non-target,-5.101577551689648
CUX1,non-target,20.36416563770668
CUZD1,non-target,-16.783188963448517
CWC15,non-target,-45.62735779866184
CWC22,non-target,-46.22654734363996
CWC25,non-target,-39.903747417431255
CWC27,non-target,-46.69280724394011
CWF19L1,non-target,-43.13303205643507
CX3CR1,non-target,38.88907557782705
CXADR,non-target,-2.0396697892805933
CXCL10,in-trial,26.1293759305906
CXCL11,non-target,-5.57492999346984
CXCL16,non-target,18.19622207646378
CXCL2,non-target,-12.595107396183195
CXCL8,non-target,57.27145698455225
CXCL9,non-target,-10.845106167444529
CXCR3,non-target,33.74099418169955
CXCR4,approved,82.60952015741616
CXCR5,non-target,9.092044334035284
CXCR6,non-target,61.48832458980477
CXXC1,non-target,-38.54821112074469
CXXC5,non-target,42.96232032621314
CXorf38,non-target,-25.001281274323997
CXorf65,non-target,8.876785837374998
CYB561,non-target,25.866259209113903
CYB561A3,non-target,-16.144372473113272
CYB561D1,non-target,-10.822593561702451
CYB561D2,non-target,-24.770047468250365
CYB5A,non-target,17.334025305959468
CYB5B,non-target,-7.920220853652087
CYB5D1,non-target,-16.05266411405268
CYB5D2,non-target,-2.6208179191352894
CYB5R1,non-target,-6.387863808464288
CYB5R3,non-target,8.295906234906496
CYB5R4,non-target,-26.04433114150582
CYB5RL,non-target,-22.813003826912507
CYBA,non-target,21.240457226917457
CYBC1,non-target,-19.26850529190932
CYBRD1,non-target,28.06745933557242
CYC1,non-target,3.534455455988843
CYCS,non-target,90.01602718257163
CYFIP1,non-target,49.25009522798816
CYFIP2,non-target,21.348688275651583
ZFTRAF1,non-target,-14.59668962729324
CYLD,non-target,-5.6588228555502935
CYP1A1,non-target,25.874850184745224
CYP1B1,non-target,-13.255078132451471
CYP20A1,non-target,-20.372136275457088
CYP2D6,non-target,-9.762994879231014
CYP2E1,non-target,8.9133893360339
CYP2R1,non-target,4.358412932579026
CYP2U1,non-target,-0.5956028854714029
CYP4F22,non-target,-9.295884030457016
CYP4V2,non-target,29.33548115857941
CYP51A1,non-target,82.90292316198493
CYP7B1,non-target,11.153491932357149
CYREN,non-target,-27.82191195726547
CYRIA,non-target,-6.499847737642125
CYRIB,non-target,-27.38841800466751
CYS1,non-target,27.049916402590387
CYSLTR1,approved,14.994894797275528
CYSLTR2,non-target,37.832864273369424
CYSTM1,non-target,5.548433750994474
CYTH1,non-target,19.75436957760959
CYTH2,non-target,4.342527572289957
CYTH3,non-target,-13.176157724143303
CYTH4,non-target,76.57174925945911
CYTIP,non-target,26.386525571054733
CZIB,non-target,-20.085100897275144
D2HGDH,non-target,-13.609581606799765
DAAM1,non-target,9.64322694546108
DACT1,non-target,12.100933316406696
DAG1,non-target,-18.780338601817306
DAGLB,non-target,-26.11065785412561
DALRD3,non-target,-15.896897077960432
DAP,non-target,-7.259137333233355
DAP3,non-target,-24.199101324653626
DAPK1,non-target,-2.8862462481176494
DAPK2,non-target,35.66828910428672
DAPK3,non-target,-28.126451885860615
DAPP1,non-target,3.932776358879489
DARS1,non-target,17.5692666587952
DARS2,non-target,-15.626884020090715
DAXX,non-target,-44.03931457705659
DAZAP1,non-target,13.802842315640357
DAZAP2,non-target,6.792787734806936
DBF4,non-target,-15.426983602937137
DBF4B,non-target,-21.833498618118625
DBI,non-target,24.047245049857665
DBN1,non-target,11.825942930631056
DBNDD2,non-target,25.418587325732563
DBNL,non-target,-11.286220986639298
DBP,non-target,21.999353165243875
DBR1,non-target,-39.08086690393424
DBT,non-target,-39.88111955597881
DCAF1,non-target,-32.9081138537427
DCAF10,non-target,-25.512284698698764
DCAF11,non-target,-6.041814265481032
DCAF12,non-target,-40.95437291680419
DCAF15,non-target,-24.974087213508863
DCAF16,non-target,-3.406637688747346
DCAF17,non-target,-22.65705905480074
DCAF4,non-target,-6.954681985339289
DCAF5,non-target,-10.430011173985337
DCAF6,non-target,-7.080805618672469
DCAF7,non-target,-59.38859812066881
DCAKD,non-target,-22.788519129403568
DCBLD1,non-target,-1.8505313405807613
DCBLD2,non-target,27.06446354502367
DCHS1,non-target,-0.285323912677164
DCK,non-target,-0.3590333997327472
DCLRE1A,non-target,-27.28462110843901
DCLRE1B,non-target,-19.8789734081091
DCLRE1C,non-target,-21.14755272877186
DCP1A,non-target,-44.5415970685346
DCP1B,non-target,13.994971649753955
DCP2,non-target,-26.13773357884062
DCPS,non-target,-10.663445947854544
DCTD,non-target,6.132397221186072
DCTN2,non-target,-16.391873051763525
DCTN3,non-target,-7.463748441467653
DCTN4,non-target,-26.886197158851548
DCTN6,non-target,-32.19787876925418
DCTPP1,non-target,57.120728497874346
DCUN1D1,non-target,-47.326573279140064
DCUN1D2,non-target,-25.73023436868248
DCUN1D3,non-target,19.237748432085652
DCUN1D4,non-target,-9.698926727206915
DCUN1D5,non-target,83.69962107682859
DCXR,non-target,41.70682689704427
DDA1,non-target,-18.867380654775506
DDAH2,non-target,13.83464655229252
DDB1,approved,-37.45658789692999
DDB2,non-target,52.88544253671882
DDHD1,non-target,-2.955238037453521
DDHD2,non-target,7.804720320922328
DDI2,non-target,-29.385880347372886
DDIAS,non-target,-4.053889048348978
DDIT3,non-target,127.26023376586578
DDIT4,non-target,81.90719795008987
DDOST,non-target,-30.99787051744057
DDR1,non-target,17.349337932093437
DDRGK1,non-target,-15.313146585373994
DDT,non-target,15.697945977588892
DDTL,non-target,-20.520149286460477
DDX1,non-target,17.38791590792987
DDX17,non-target,38.84786326101959
DDX19A,non-target,-19.42566559886394
DDX19B,non-target,-29.610959310153017
DDX20,non-target,-24.376451407658134
DDX23,non-target,-48.38944505463422
DDX24,non-target,-32.01412661869154
DDX28,non-target,-9.86105878431138
DDX31,non-target,-3.034040718328281
DDX39A,non-target,123.33133358002402
DDX39B,non-target,-26.52877611273872
DDX3X,non-target,-15.420108067505092
DDX3Y,non-target,-33.51473782710736
DDX42,non-target,-41.54309466306876
DDX43,non-target,-14.204738890787675
DDX5,non-target,-29.93469091157063
DDX50,non-target,-35.91566646937191
DDX54,non-target,-22.224082402322797
DDX55,non-target,-13.040569453690877
RIGI,non-target,49.92185159769257
DDX59,non-target,-10.141724848370073
DDX6,non-target,19.609770595312835
DDX60,non-target,69.26776156248457
DDX60L,non-target,78.3610077644994
DEAF1,non-target,17.653196554358587
DECR1,non-target,9.479003971851103
DEDD,non-target,-53.20399680867675
DEDD2,non-target,-0.492984425436352
DEF6,non-target,13.335505356046562
DEF8,non-target,-12.934999109410334
DEGS1,non-target,-0.1571168366566695
DEK,non-target,-6.640200313542053
DELE1,non-target,-14.778824222898928
DENND10,non-target,19.90416874501729
DENND11,non-target,21.235532145389495
DENND1A,non-target,-13.864953479906127
DENND1B,non-target,7.416236790925164
DENND1C,non-target,3.0196407022931453
DENND2B,non-target,7.783292574794001
DENND2D,non-target,32.44245059217854
DENND3,non-target,37.711002881496874
DENND4A,non-target,15.246065141932316
DENND4B,non-target,-37.35831515455813
DENND4C,non-target,20.60452363336644
DENND5A,non-target,22.161728544148797
DENND6A,non-target,-14.027848215070229
DENND6B,non-target,14.855810804970018
DENR,non-target,-25.564744599648353
DEPDC1,non-target,12.86877193719466
DEPDC1B,non-target,16.921624620055102
DEPDC5,non-target,-25.38102492540177
DEPDC7,non-target,4.352831064694316
DEPP1,non-target,-5.700355229583202
DEPTOR,non-target,-10.618831143940794
DERA,non-target,0.7987453260326021
DERL1,non-target,-23.480799036374435
DERL2,non-target,-16.03828126364507
DERL3,non-target,14.9966134841637
DESI1,non-target,58.43994670749195
DESI2,non-target,-34.70922917252435
DET1,non-target,-10.545400265538833
DEXI,non-target,-24.93322301429121
DFFA,non-target,-7.7654760347009
DFFB,non-target,-13.562094563672806
DGAT1,non-target,-21.096086868354902
DGAT2,non-target,10.875469844429569
DGCR2,non-target,-29.58065188870674
DGKA,non-target,43.332765993284006
DGKD,non-target,12.151596347248278
DGKE,non-target,-13.69491450126709
DGKG,non-target,-16.666156496356376
DGKH,non-target,-1.2101774979781863
DGKI,non-target,34.17587948477104
DGKQ,non-target,-10.000051381165926
DGKZ,non-target,-24.803002512577933
DGLUCY,non-target,11.97759035005319
DGUOK,non-target,-11.9360388118595
DHCR24,non-target,76.5044080982513
DHCR7,non-target,54.98869999628036
DHDDS,non-target,-37.17551922303033
DHFR2,non-target,-18.867215394635917
DHPS,non-target,-31.529293448924523
DHRS1,non-target,11.98629567451055
DHRS11,non-target,-10.336415277267884
DHRS12,non-target,17.77520043114783
DHRS13,non-target,-14.06742657418012
DHRS2,non-target,-7.076012781939929
DHRS3,non-target,54.083717969829515
DHRS4,non-target,-16.243080972405618
DHRS7,non-target,5.812280385916189
DHRS7B,non-target,-16.0291550073821
DHTKD1,non-target,1.2660898095661253
DHX15,non-target,-14.349752790726654
DHX29,non-target,-36.19463579474101
DHX30,non-target,-29.293880246874775
DHX32,non-target,-8.059534038125372
DHX34,non-target,-24.61413118567668
DHX35,non-target,-24.670497144658565
DHX36,non-target,-39.5791677967217
DHX38,non-target,-63.37657866296801
DHX40,non-target,-24.86326881990262
DHX57,non-target,-21.106441607143015
DHX58,non-target,40.47127813710798
DHX9,non-target,6.657841268891322
DIAPH1,non-target,-44.13910515986286
DIAPH2,non-target,-12.10411288849883
DIAPH3,non-target,-4.319450037778243
DICER1,non-target,-47.77119244104006
DIDO1,non-target,-16.815308595311723
DIMT1,non-target,13.44417494092437
DIP2A,non-target,-18.34652217617197
DIP2B,non-target,-27.425202717154654
DIP2C,non-target,-13.133481086311043
DIPK1A,non-target,-9.202175862918772
DIPK2A,non-target,-31.02503672157656
DIS3,non-target,-37.983607060096865
DIS3L,non-target,-23.115515601110072
DIS3L2,non-target,-32.140963205158876
DISC1,non-target,2.262612915803922
DISP3,non-target,-10.738706834800196
DIXDC1,non-target,16.56491980609721
DKC1,non-target,55.428936803389
DLAT,non-target,7.715155732048191
DLD,non-target,-25.335094178357483
DLG1,non-target,-26.12122380158483
DLG3,non-target,-24.131729290498964
DLG4,non-target,39.51087972820864
DLG5,non-target,14.380993992683916
DLGAP4,non-target,6.344706143634313
DLGAP5,non-target,27.804290697881186
DLK2,non-target,-8.338270108712376
DLL3,non-target,-4.255073785841486
DLST,non-target,-39.56463544822885
DMAC1,non-target,0.8816328512523484
DMAC2,non-target,-39.01756062745641
DMAC2L,non-target,-4.0633788738608105
DMC1,non-target,-0.8343096905693864
DMD,non-target,27.44603905718272
DMRT2,non-target,-17.47511446174358
DMTF1,non-target,-5.2000681527947465
DMTN,non-target,19.027223251480176
DMWD,non-target,18.4154852186307
DMXL1,non-target,-1.2843532425515345
DMXL2,non-target,5.743811178981667
DNA2,non-target,-5.680103188083905
DNAAF10,non-target,-26.66674437708519
DNAAF2,non-target,-17.972549180749084
DNAAF5,non-target,0.9590099767563084
DNAAF9,non-target,9.154422900681055
DNAI2,non-target,-5.743085279532753
DNAI3,non-target,-0.032822999373538
DNAJA1,non-target,18.40589346548786
DNAJA2,non-target,-39.68513884072532
DNAJA4,non-target,6.946116179536728
DNAJB1,non-target,-3.1740050409331864
DNAJB11,non-target,29.763702333488595
DNAJB12,non-target,-32.29997323994616
DNAJB14,non-target,-35.2682101871631
DNAJB2,non-target,34.026565657063806
DNAJB4,non-target,2.0415991926272596
DNAJB5,non-target,-3.138582315073928
DNAJB6,non-target,-32.31688812982881
DNAJB9,non-target,65.41445993170258
DNAJC1,non-target,9.098848266352766
DNAJC10,non-target,-8.588489956247415
DNAJC12,non-target,31.657400290586818
DNAJC13,non-target,-26.53370803128522
DNAJC14,non-target,-34.4313602759639
DNAJC15,non-target,-36.07725447665178
DNAJC16,non-target,-17.451666569134236
DNAJC18,non-target,17.84617662235956
DNAJC19,non-target,-15.278779470587793
DNAJC2,non-target,4.962832504308335
DNAJC21,non-target,-45.25129505591483
DNAJC24,non-target,-21.098916494306753
DNAJC27,non-target,-17.511567529614073
DNAJC3,non-target,43.932668887417016
DNAJC30,non-target,-23.78376342986454
DNAJC4,non-target,8.809091093181928
DNAJC5,non-target,-30.81546462387433
DNAJC6,non-target,30.018172255624776
DNAJC7,non-target,-26.02030851921549
DNAJC8,non-target,-43.336139578326915
DNAJC9,non-target,-5.811767116687714
DNAL1,non-target,-5.8291988562482615
DNAL4,non-target,-7.134860709502756
DNASE1,non-target,2.2875985440270816
DNASE1L1,non-target,-1.503003401324835
DNASE2,non-target,3.9472542365548655
DNHD1,non-target,-11.040960602014428
DNLZ,non-target,-13.311769251336992
DNM1L,non-target,-23.50955885878477
DNM3,non-target,-2.1016522703860585
DNMBP,non-target,-8.62713259047547
DNMT1,approved,1.8681295960124895
DNMT3A,approved,22.60965460796864
DNMT3B,non-target,-5.816081196381368
DNPEP,in-trial,-1.7517511876837757
DNPH1,non-target,60.33803595512418
DNTTIP1,non-target,-29.76588647116063
DNTTIP2,non-target,-35.62218654795236
DOCK10,non-target,24.62398423609562
DOCK11,non-target,5.126727431752996
DOCK2,non-target,-0.8140713447628704
DOCK3,non-target,-3.8226127750199503
DOCK5,non-target,9.760554856120056
DOCK7,non-target,33.48074894981017
DOCK8,non-target,-2.4940249411490356
DOCK9,non-target,18.82317642316175
DOHH,non-target,-16.92207642064503
DOK1,non-target,-21.922784947642945
DOK2,non-target,7.001128759900605
DOK3,non-target,-9.378080544252075
DOK4,non-target,9.31620645574924
DOK5,non-target,28.32668206492939
DOLK,non-target,-15.024404644041004
DOLPP1,non-target,-27.414778939405252
DONSON,non-target,-19.442541982805576
DOP1A,non-target,-14.015963179141004
DOP1B,non-target,-6.192203102044636
DOT1L,non-target,15.182786472172362
DPCD,non-target,6.911763281409525
DPEP2,non-target,24.788964150346843
DPF2,non-target,-21.8674986520988
DPF3,non-target,26.06668106123824
DPH1,non-target,-21.33288483206756
DPH2,non-target,-0.1140930053752669
DPH3,non-target,22.377072540173145
DPH5,non-target,19.4966417369498
DPH6,non-target,4.112796383009365
DPH7,non-target,-25.15776231613
DPM1,non-target,-9.286133154496747
DPM2,non-target,-14.319771767042392
DPM3,non-target,0.1943587591865802
DPP3,non-target,-24.74759915595222
DPP4,in-trial,45.14373685790368
DPP7,non-target,-0.0361291140224295
DPP8,non-target,-31.422086335409364
DPP9,non-target,-29.49726899974363
DPY19L1,non-target,-7.842982407711337
DPY19L3,non-target,-13.640507608158524
DPY19L4,non-target,-7.682039486251244
DPY30,non-target,-37.33126186987795
DPYD,non-target,39.444559668064386
DPYSL2,non-target,93.292450685905
DR1,non-target,-56.10063762318156
DRAM1,non-target,28.997212644051817
DRAM2,non-target,12.38633499394669
DRAP1,non-target,55.1097003160059
DRG2,non-target,-37.35896429004959
DRICH1,non-target,-10.971212355751597
DROSHA,non-target,-25.279055555123268
DSCC1,non-target,23.985541480009044
DSE,non-target,15.96712652332809
DSG2,non-target,-8.798239155059816
DSN1,non-target,-1.3114476535319142
DST,non-target,10.611984655501791
DSTN,non-target,-26.84711041841151
DSTYK,non-target,22.802719661872032
DTD1,non-target,18.42522844017936
DTD2,non-target,-6.607245804425337
DTHD1,non-target,0.906907907603296
DTL,non-target,4.884060825560326
DTNB,non-target,-21.84530215418678
DTNBP1,non-target,-5.225120983144297
DTWD1,non-target,-24.068136533604516
DTWD2,non-target,-9.32406494006722
DTX3,non-target,17.528193536782492
DTX3L,non-target,52.03247551090872
DTYMK,non-target,57.189948806351374
DUS1L,non-target,16.27047352021752
DUS2,non-target,-18.65634233945974
DUS3L,non-target,-0.2211320867775228
DUS4L,non-target,-20.66183472836399
DUSP1,non-target,0.2397284733872808
DUSP10,non-target,39.27768708752465
DUSP11,non-target,-35.11523240597303
DUSP12,non-target,-14.782452932380677
DUSP14,non-target,7.999222231776852
DUSP16,non-target,12.148236327748023
DUSP18,non-target,6.470048326590988
DUSP19,non-target,-2.193829841762534
DUSP2,non-target,43.70238044907857
DUSP22,non-target,30.46357090911037
DUSP23,non-target,-2.183292824737194
DUSP3,non-target,-11.188741218948977
DUSP4,non-target,51.06082187280689
DUSP5,non-target,121.54561458141931
DUSP6,non-target,58.949920829497024
DUSP7,non-target,-8.731461463129934
DUSP8,non-target,5.271709594274465
DUT,non-target,50.04325078608016
DVL1,non-target,-22.335504642045077
DVL2,non-target,-23.47519635900603
DVL3,non-target,-12.04277049942923
DXO,non-target,-17.72100266337435
DYM,non-target,-34.07353444385589
DYNC1I2,non-target,-12.17944109430364
DYNC1LI1,non-target,-25.307059585644936
DYNC1LI2,non-target,-20.7499122318988
DYNC2H1,non-target,5.0390141573567755
DYNC2I1,non-target,5.666023921380638
DYNC2I2,non-target,-8.320680954682324
DYNC2LI1,non-target,11.016314648509132
DYNLL1,non-target,-22.095165817109592
DYNLL2,non-target,-24.985268488261045
DYNLRB1,non-target,-3.167434597562812
DYNLT1,non-target,43.666556632141635
DYNLT2,non-target,-7.802284264980263
DYNLT2B,non-target,19.855401075748343
DYNLT3,non-target,50.10035912250613
DYNLT4,non-target,-8.283154931154428
DYRK1A,non-target,-24.670224412589015
DYRK1B,non-target,21.698057625200676
DYRK2,non-target,36.52617132185248
DYRK3,non-target,-4.328880095130512
DYRK4,non-target,-9.903744042196989
DZANK1,non-target,-7.383170721645283
DZIP1,non-target,-6.836497076778226
DZIP3,non-target,3.6548242605067
E2F1,non-target,-0.6503721452520352
E2F2,non-target,17.380433501025273
E2F3,non-target,-27.57361231171899
E2F4,non-target,19.69778047532725
E2F5,non-target,2.6499477836557133
E2F6,non-target,-8.683325134722079
E2F7,non-target,1.669562745925063
E2F8,non-target,-7.360144714319676
EAF1,non-target,-26.488767776010334
EAF2,non-target,45.22868975221055
EARS2,non-target,-12.817621521265467
EBAG9,non-target,-11.394375381941032
EBF4,non-target,20.420147250823774
EBI3,non-target,96.92290401606571
EBP,non-target,68.34077731575918
EBPL,non-target,-19.92913540756363
ECD,non-target,-37.16060374023049
ECE1,non-target,31.963347461382323
ECH1,non-target,22.926633804805594
ECHDC1,non-target,-21.94121129975224
ECHDC2,non-target,3.843557785656419
ECHS1,non-target,-18.955392356248467
ECI1,non-target,13.751257133415123
ECI2,non-target,-8.888586361547775
ECPAS,non-target,-34.412564085789136
ECSIT,non-target,-5.240201137624406
ECT2,non-target,1.597695633378578
EDA,non-target,-6.968172818798397
EDARADD,non-target,22.39655688993822
EDC3,non-target,-40.29381548145613
EDC4,non-target,-41.85112506567284
EDEM1,non-target,13.555090429685569
EDEM2,non-target,-5.810565677431716
EDEM3,non-target,-16.549133133520755
EDF1,non-target,-11.715431134552626
EDRF1,non-target,-40.7729110978331
EEA1,non-target,1.3313605001228812
EED,non-target,36.4135309870833
EEF1AKMT1,non-target,-6.492547332524736
EEF1AKMT2,non-target,-46.61492736619325
EEF1AKMT3,non-target,-9.909082206936436
EEF1B2,non-target,51.73102926880048
EEF1E1,non-target,20.537075966879097
EEF1G,non-target,30.96719713217317
EEF2K,non-target,-7.890128907538762
EEF2KMT,non-target,-4.18283923013271
EEFSEC,non-target,-22.86847765685462
EEPD1,non-target,-3.1940600066568305
EFCAB11,non-target,-14.492111392354277
EFCAB13,non-target,-1.5919452773077651
EFCAB14,non-target,-19.964747832193172
DRC8,non-target,4.651408282026078
EFCAB7,non-target,-17.950036526909766
EFEMP2,non-target,-0.0331665294232455
EFHC1,non-target,5.971048881340148
EFHD1,non-target,-16.661296184137388
EFHD2,non-target,38.954000120661966
EFL1,non-target,-33.91592325004425
EFNA4,non-target,-15.815847366941432
EFNB1,non-target,-2.7327731095139285
EFNB2,in-trial,-4.725950803423715
EFR3A,non-target,-7.052364400690483
EFTUD2,non-target,13.739393647723851
EGFL6,non-target,28.76110179742965
EGFL7,non-target,-4.005453360658938
EGLN1,non-target,0.4068970766182549
EGLN2,non-target,-24.94094772272362
EGLN3,non-target,65.59395707868174
EGR1,non-target,43.06071281631393
EGR2,non-target,53.459568576905006
EGR3,non-target,38.45550981396173
EHBP1,non-target,-10.349548680836362
EHBP1L1,non-target,23.444741677956415
EHD1,non-target,-2.8704704561293064
EHD3,non-target,4.166413686014553
EHD4,non-target,22.196423833352572
EHHADH,non-target,-11.034939097858398
EHMT1,non-target,-42.56056884034802
EHMT2,non-target,-18.322653103752582
EI24,non-target,-34.59057297661945
EID1,non-target,13.276646405636356
EID2,non-target,-27.16112049258307
EID2B,non-target,-11.5362699993036
EID3,non-target,-23.45334330966638
EIF1,non-target,71.08517342373412
EIF1AD,non-target,-43.288638554340565
EIF1AX,non-target,-20.89394534934281
EIF1AY,non-target,-52.419877138442416
EIF1B,non-target,-21.175367024733557
EIF2A,non-target,-9.73395904914941
EIF2AK1,non-target,-47.195831239583526
EIF2AK2,non-target,11.836576410070547
EIF2AK3,non-target,12.619986131496754
EIF2AK4,non-target,-16.24446478236371
EIF2B3,non-target,5.993667405414608
EIF2D,non-target,-6.564433842882219
EIF2S2,non-target,-14.848592988508834
EIF2S3,non-target,-23.07114823234704
EIF3A,non-target,-55.125939670154025
EIF3D,non-target,-29.708573824629855
EIF3F,non-target,-11.527785425521625
EIF3H,non-target,-44.977473879954154
EIF3J,non-target,46.9696687179497
EIF3K,non-target,-27.176726716956058
EIF3L,non-target,11.40401683781618
EIF3M,non-target,18.94930228931994
EIF4A1,non-target,69.7462269033765
EIF4A2,non-target,33.465660806063596
EIF4B,non-target,-3.3438124353075693
EIF4E,non-target,-8.65741488796256
EIF4E2,non-target,-29.461067547106207
EIF4E3,non-target,9.730871831317662
EIF4EBP1,non-target,84.71769135987815
EIF4EBP2,non-target,15.59391772513974
EIF4EBP3,non-target,-1.511437884730718
EIF4ENIF1,non-target,-6.838466183581784
EIF4G1,non-target,29.089643832724175
EIF4G2,non-target,-28.011889570325412
EIF4G3,non-target,-8.78458098623848
EIF4H,non-target,-41.69979912943172
EIF5,non-target,78.82834971918236
EIF5A2,non-target,-13.41165802471601
EIF5B,non-target,22.501216822162004
EIPR1,non-target,-44.67576492143214
ELAC1,non-target,-1.8810463022853792
ELAC2,non-target,-13.844926701358313
ELAPOR1,non-target,77.23604038448781
ELAPOR2,non-target,-20.651732684438148
ELAVL1,non-target,-16.018331313701655
ELF2,non-target,-24.037935977834376
ELF4,non-target,-15.380120178485532
ELK1,non-target,-32.30325502598031
ELK3,non-target,-5.242952976515977
ELK4,non-target,8.628866528024366
ELL,non-target,-30.505708186418097
ELL2,non-target,-6.099297767927183
ELMO1,non-target,-10.11220322392552
ELMO2,non-target,-2.519216918571596
ELMOD2,non-target,-23.67778240014495
ELMOD3,non-target,-26.61966167383385
ELOA,non-target,-31.16193623925332
ELOB,non-target,-23.94825459781482
ELOC,non-target,-0.5971149709631666
ELOF1,non-target,-34.46424570664248
ELOVL1,non-target,-34.42544164744684
ELOVL4,non-target,10.61951710791894
ELOVL5,non-target,-38.84975304501546
ELOVL6,non-target,27.2400508506253
ELOVL7,non-target,2.105312832428508
ELP1,non-target,-37.32187426312196
ELP2,non-target,-25.157756404594135
ELP3,non-target,-27.848792839340508
ELP4,non-target,-30.44635769594088
ELP5,non-target,-12.6092173047601
ELP6,non-target,-19.868092331752457
EMB,non-target,75.46254944425876
EMC1,non-target,-9.460971014874309
EMC10,non-target,12.515573777843777
EMC2,non-target,-36.55289136739523
EMC3,non-target,3.864548211798621
EMC4,non-target,-51.39641963148921
EMC6,non-target,-0.0663282734888071
EMC7,non-target,-20.375769374248936
EMC8,non-target,-8.337280314177782
EMC9,non-target,-10.461921932002555
EMD,non-target,-20.962535800393592
EME1,non-target,-9.986681915070465
EME2,non-target,-13.033322698044763
EMG1,non-target,56.79850548337678
EMILIN2,non-target,-10.292337189022286
EML2,non-target,16.798180398445528
EML4,in-trial,3.865449667554425
EML5,non-target,-4.248980378610553
EMP1,non-target,55.80570860855926
EMP3,non-target,32.12283873864108
ENC1,non-target,24.57819612996396
ENDOD1,non-target,-1.7807463940455268
ENDOG,non-target,-5.970688654283151
ENDOV,non-target,2.531311228713283
ENG,non-target,-31.562742524764975
ENGASE,non-target,-18.73111084964086
ENKD1,non-target,-7.172954141107809
ENO1,non-target,-21.434895554128236
ENO2,non-target,52.211782013211774
ENO3,non-target,-3.208444888855452
ENOPH1,non-target,-14.881715594106064
ENOSF1,non-target,-0.9880047914606602
ENOX1,non-target,-6.517280967129602
ENOX2,non-target,-28.740975348896935
ENPP1,non-target,-9.313646004712345
ENPP2,in-trial,45.30050033709714
ENPP3,non-target,4.565110989523222
ENPP4,non-target,5.226692035105562
ENPP6,non-target,15.793753616106626
ENSA,non-target,-13.294317657255585
ENTPD1,non-target,38.52392163663784
ENTPD4,non-target,-24.010895091203498
ENTPD5,non-target,-15.195251302064188
ENTPD6,non-target,-12.370146983200916
ENTPD7,non-target,5.251174471040325
ENTR1,non-target,9.960602691009704
ENY2,non-target,-16.407380731074237
EOGT,non-target,30.791805772379444
EOLA1,non-target,-17.182520144000566
EOMES,non-target,45.81219639585492
EP300,non-target,-14.64138321278234
EPAS1,non-target,53.77262143061336
EPB41,non-target,26.72166810957675
EPB41L2,non-target,23.7562221
EPB41L3,non-target,-15.474011884772665
EPB41L4A,non-target,-1.840093380571508
EPB41L4B,non-target,-12.5379325587593
EPB41L5,non-target,7.160017343456953
EPC1,non-target,2.809793352760868
EPC2,non-target,1.661849355901057
EPDR1,non-target,5.9822706203954725
EPG5,non-target,4.255377318898527
EPGN,non-target,-2.1369009579872102
EPHA4,in-trial,10.037862178386304
EPHB1,in-trial,1.1973514033015942
EPHB6,non-target,9.447477864618268
EPHX1,non-target,9.524729874384947
EPHX2,non-target,11.967214860095046
EPHX4,non-target,1.838683458185312
EPM2A,non-target,-3.0142006221423596
EPM2AIP1,non-target,-2.406983702959669
EPN1,non-target,-25.189538693912635
EPN2,non-target,11.208452976104091
EPOP,non-target,33.67744733087331
EPRS1,non-target,8.162265541306974
EPS15,non-target,-25.368141286266734
EPS15L1,non-target,-39.140196186400125
EPS8,non-target,1.6696895650287225
EPSTI1,non-target,71.14366670894212
ERAL1,non-target,-24.95515740283823
ERAP1,in-trial,20.193402744522754
ERAP2,in-trial,20.386100594024665
ERBIN,non-target,-3.918956374557979
ERC1,non-target,1.6926048407068066
ERCC1,non-target,3.3159574150476754
ERCC2,non-target,-16.74984056358744
ERCC3,non-target,-45.0052224738993
ERCC4,non-target,-25.81387409333171
ERCC5,non-target,-15.01533164496622
ERCC6,non-target,6.668143626504789
ERCC6L,non-target,-21.22925326017088
ERCC6L2,non-target,-1.0376223316784536
ERCC8,non-target,-17.50624006655467
ERF,non-target,-15.02741528516106
ERG28,non-target,26.353850488899045
ERGIC1,non-target,-21.207422517669276
ERGIC2,non-target,-38.39813165450593
ERGIC3,non-target,14.991432853862015
ERH,non-target,-36.80244578410613
ERI1,non-target,18.068899525103873
ERI2,non-target,8.935452183919914
ERI3,non-target,-9.68744476858408
ERICH1,non-target,-28.78266695887864
ERLEC1,non-target,20.531374196609036
ERLIN1,non-target,-16.67408467974551
ERLIN2,non-target,-27.277156775952193
ERMAP,non-target,-3.2887763258532616
ERMARD,non-target,-17.89602893745788
ERMP1,non-target,24.47698030932455
ERN1,non-target,48.33371103211328
ERO1A,non-target,-27.580337041601855
ERO1B,non-target,63.419475592523234
ERP27,non-target,1.4845276538770005
ERP29,non-target,-2.970869301027005
ERP44,non-target,-10.5223624271292
ERRFI1,non-target,3.707066887839584
ESAM,non-target,-4.207426576396899
ESCO1,non-target,-37.50536629244932
ESCO2,non-target,-2.671355843996691
ESD,non-target,-16.01848865804691
ESPL1,non-target,1.7171053415210953
ESR1,in-trial,-2.3404397221940862
ESRRA,non-target,-23.93720201076926
ESYT1,non-target,17.845557860950777
ESYT2,non-target,36.42609667415487
ETAA1,non-target,-20.220679246615447
ETFA,non-target,-9.199930120319156
ETFB,non-target,15.773456230581838
ETFBKMT,non-target,-12.436937464159898
ETFDH,non-target,-21.10113428399152
ETHE1,non-target,60.93989203278037
ETNK1,non-target,-34.588326905568614
ETS1,non-target,30.081003673043607
ETS2,non-target,19.11548358014434
ETV2,non-target,-10.108106882881389
ETV3,non-target,-13.552802605595684
ETV6,non-target,27.062735675275693
ETV7,non-target,-1.59577108067196
EVA1B,non-target,24.84166224176219
EVA1C,non-target,-7.861103287780639
EVC,non-target,12.910157250231492
EVC2,non-target,9.800026036016572
EVI2A,non-target,138.45347679000466
EVI2B,non-target,71.92670399152851
EVI5,non-target,29.724491408237512
EVI5L,non-target,11.827506034660454
EVL,non-target,53.780353108710074
EWSR1,non-target,-30.013818819880523
EXD2,non-target,10.883646660373046
EXD3,non-target,-2.1607285005115315
EXO1,non-target,1.6042354378425163
EXO5,non-target,-0.3245411118367798
EXOC1,non-target,-16.03107836682433
EXOC2,non-target,-23.382888214833645
EXOC3,non-target,-25.535676414000108
EXOC5,non-target,-41.936660489888006
EXOC6,non-target,-27.919300882090734
EXOC6B,non-target,6.591961533656438
EXOC7,non-target,-5.993015823504966
EXOG,non-target,-11.028635541027905
EXOSC1,non-target,-34.10311142301722
EXOSC10,non-target,-37.711799353923446
EXOSC7,non-target,-8.631320681707768
EXOSC8,non-target,52.10064096251401
EXOSC9,non-target,-8.11550017517286
EXPH5,non-target,-8.606465045470252
EXT1,non-target,13.40184613950924
EXT2,non-target,-22.073624610438504
EXTL2,non-target,41.96127083664004
EXTL3,non-target,-17.69105763806871
EYA3,non-target,-41.21495948398245
EZH1,non-target,15.04530088460992
EZH2,approved,25.58546807298878
EZR,non-target,-24.19830987800111
F11R,non-target,45.9764175885358
F2R,non-target,73.34262827721186
F2RL1,non-target,-3.302725009654113
F2RL3,non-target,-0.4592635388629977
F5,non-target,40.70235950831488
F8,non-target,2.2867859515190525
F8A1,non-target,-15.489902585886547
FAAH,approved,-12.099137845598957
FAAH2,non-target,14.565924409464616
FAAP100,non-target,-22.22835807234506
FAAP20,non-target,-10.764462495492394
FAAP24,non-target,-20.267453533263648
FABP5,non-target,91.06086086788976
FADS1,non-target,67.79689957027472
FADS2,non-target,118.19781960087398
FADS3,non-target,-2.1395563449570223
FAF1,non-target,0.9355468802500204
FAF2,non-target,-30.87422884592358
FAH,non-target,18.933635488156856
FAHD1,non-target,-21.72442420473243
FAHD2A,non-target,-27.135513017144422
FAHD2B,non-target,-7.2110934184273425
FAIM,non-target,24.477663265620077
EEIG1,non-target,86.52599490391101
EEIG2,non-target,22.02609629969808
VCF1,non-target,-16.55003693740771
VCF2,non-target,-17.555196167246006
FAM107B,non-target,1.1197589020311511
FAM110A,non-target,-8.803539334707475
FAM110B,non-target,-11.280480464591186
FAM110C,non-target,-6.1179173029319545
FAM111A,non-target,21.873438347512423
FAM111B,non-target,26.71812531170238
FAM114A2,non-target,-11.287312683844206
FAM117A,non-target,17.608912352909318
FAM117B,non-target,1.3709564844936777
SIRAL2,non-target,-6.296586594554452
SIRAL1,non-target,-27.454610262193015
FAM120A,non-target,-47.26485751916325
FAM120AOS,non-target,-2.367245371307945
FAM120B,non-target,-17.11941642997463
FAM120C,non-target,-6.969762191747336
FAM124B,non-target,-7.559074776669306
HYCC1,non-target,-4.811976453334751
HYCC2,non-target,-18.115279710796912
FAM131A,non-target,-0.0813362520229604
FAM133B,non-target,-28.274970740205035
FAM135A,non-target,-6.06612209070892
TIMCC,non-target,52.84481831856872
FAM13A,non-target,36.17392861814985
FAM13B,non-target,6.123648138229612
FAM161A,non-target,-11.527629510330785
FAM161B,non-target,-10.983780051754389
FAM162A,non-target,11.258327432263409
FAM167B,non-target,-3.1346898705581814
FAM168A,non-target,20.00616850649894
FAM168B,non-target,-41.8154770703941
FAM169A,non-target,18.103515609722493
FAM171B,non-target,-1.3523299252300884
ARB2A,non-target,-0.6404076061453262
FAM174A,non-target,6.477526330510433
FAM174B,non-target,11.58376833234714
FAM174C,non-target,-3.536382206199141
FAM177A1,non-target,-12.638167586797968
FAM184A,non-target,7.529371616152943
FAM185A,non-target,-18.24546631480798
ENTREP3,non-target,6.3243244223739055
FAM193B,non-target,-1.2137413371056929
FAM199X,non-target,-22.422627274760515
ZBED8L,non-target,-19.08649544144388
ZBED11,non-target,12.254792046907523
FAM204A,non-target,-47.61005810779184
FAM209B,non-target,-11.247818991230938
FAM20B,non-target,-34.348770792017376
FAM20C,non-target,17.69199973715073
MIMS2,non-target,24.1736168651427
ATOSA,non-target,104.03597781382535
ATOSB,non-target,6.968728800075321
FAM216A,non-target,36.98904693670041
FAM217B,non-target,-25.009124660396235
FAM219A,non-target,-7.988846889664328
FAM219B,non-target,5.7654692872449615
FAM221A,non-target,-4.472598109810835
FAM222A,non-target,-7.390097872732053
FAM222B,non-target,-25.995640529307376
FAM227B,non-target,-8.69244897974115
FAM229A,non-target,-7.422517870997705
FAM229B,non-target,1.0647633057273218
FAM234A,non-target,26.446533955097458
FAM234B,non-target,-5.981726491291983
FAM241A,non-target,40.75519729066215
FAM241B,non-target,6.370356693242716
FAM24B,non-target,-22.71230688424725
FAM32A,non-target,-38.26525759088318
FAM3A,non-target,-18.97125614493066
FAM3C,non-target,48.23580030005419
FAM43A,non-target,32.32905718376221
FAM50A,non-target,-17.640027377800198
FAM50B,non-target,-27.72978509866627
FAM53B,non-target,25.206771931554854
FAM53C,non-target,-17.191426132721983
GARIN1A,non-target,-3.2296686752689996
FAM76A,non-target,-24.2068121074354
FAM76B,non-target,-30.620243785617543
FAM78A,non-target,-9.214820630612769
FAM78B,non-target,0.1085082551670607
FAM81A,non-target,-13.993720584371966
SACK1D,non-target,-4.207632562096045
SACK1G,non-target,-14.65704467648
SACK1H,non-target,0.212402232501765
FAM89A,non-target,7.325693282374918
FAM89B,non-target,23.770666970342734
FAM8A1,non-target,-3.0357979069672134
FAM91A1,non-target,-32.25008183574136
TSLIG3A,non-target,7.48467981887462
TSLIG3B,non-target,-12.405819838753075
TSLIG3C,non-target,-13.724378283934884
FAN1,non-target,1.4309764726738028
FANCA,non-target,9.460421903378412
FANCB,non-target,-22.402619605521235
FANCC,non-target,-17.47737613269417
FANCD2,non-target,-1.8388579164607108
FANCE,non-target,-15.249093032303188
FANCF,non-target,-19.430251802046108
FANCG,non-target,-13.915080304808903
FANCI,non-target,52.15512972050879
FANCL,non-target,5.383166711797006
FANCM,non-target,-33.2183837387875
FAR1,non-target,-28.257581706652072
FAR2,non-target,1.9140141646246829
FARP2,non-target,-15.193570171309425
FARS2,non-target,-19.230494182345954
FAS,non-target,56.45745103030381
FASLG,non-target,69.72196603971504
FASN,non-target,98.2264104106292
FASTK,non-target,-36.82712394039107
FASTKD1,non-target,-13.845452453541403
FASTKD2,non-target,-2.1684896728697822
FASTKD3,non-target,-25.111388349459823
FASTKD5,non-target,-17.53733320185373
FAT1,non-target,-9.772505968362765
FAXC,non-target,4.9045045147631035
FBF1,non-target,2.909988569043916
FBH1,non-target,-25.23298195384643
FBLN5,non-target,-8.44651251901872
FBLN7,non-target,-5.443551498555547
FBRS,non-target,-14.75560351517968
FBXL12,non-target,-19.05117566522438
FBXL15,non-target,-27.10610268738786
FBXL16,non-target,18.531728927864783
FBXL17,non-target,36.77791522898415
FBXL18,non-target,-28.3757358169852
FBXL19,non-target,-6.2832168102960395
FBXL20,non-target,-7.215946296743756
FBXL3,non-target,-20.045317454633643
FBXL4,non-target,-21.54872849679316
FBXL5,non-target,16.391868251079746
FBXL6,non-target,-7.397917814655162
FBXL8,non-target,35.88610652560302
FBXO10,non-target,0.5027828073183329
FBXO11,non-target,-20.624329160761743
FBXO2,non-target,8.242679154728703
FBXO21,non-target,-24.25256384014609
FBXO22,non-target,16.832903528927503
FBXO25,non-target,-12.419968804714882
FBXO28,non-target,-33.16887066348433
FBXO3,non-target,-7.052310553019626
FBXO30,non-target,25.62030799964067
FBXO31,non-target,-31.932625888956995
FBXO32,non-target,87.5557240812493
FBXO33,non-target,-30.35346613610542
FBXO34,non-target,-26.425226053809524
FBXO36,non-target,-8.163237860195702
FBXO38,non-target,-30.63923269234486
FBXO4,non-target,15.938053225935809
FBXO41,non-target,11.488377130170662
FBXO42,non-target,-16.083281417620054
FBXO43,non-target,-2.7386973237970857
FBXO44,non-target,21.54655496273172
FBXO45,non-target,-30.937082473997663
FBXO46,non-target,-19.804892405753066
FBXO48,non-target,-9.814108600117608
FBXO5,non-target,-13.95491684186713
FBXO6,non-target,21.022255995203455
FBXO7,non-target,-48.881431353308415
FBXO8,non-target,-10.154969936945696
FBXO9,non-target,-16.683639226133476
FBXW11,non-target,-29.85211898756354
FBXW2,non-target,-63.54804183510589
FBXW4,non-target,25.102133750098016
FBXW5,non-target,-6.11854762385705
FBXW7,non-target,-28.52021615595419
FBXW8,non-target,9.530733832774446
FBXW9,non-target,-13.657145682334596
FCER1G,non-target,56.486830631763574
FCF1,non-target,-34.379158023909994
FCGBP,non-target,55.02873123117707
FCGRT,approved,29.647560947265692
FCHO1,non-target,-12.821763730522278
FCHO2,non-target,6.963682854718715
FCHSD1,non-target,-8.293298587968735
FCHSD2,non-target,19.455191724058658
FCMR,non-target,38.25290509640235
FCSK,non-target,-21.117950983145818
FDFT1,non-target,4.278180619463773
FDPS,approved,14.24024765037022
FDX1,non-target,-10.05779485076758
FDXACB1,non-target,-18.242328398334585
FDXR,non-target,115.71200019424002
FECH,non-target,-14.61633700669397
FEM1A,non-target,-21.845619568910113
FEM1B,non-target,-42.42643067442037
FEM1C,non-target,-35.192817011807925
FEN1,non-target,74.57793121553141
FER,non-target,34.024654937404215
FERMT3,non-target,-25.915026768947993
FES,non-target,50.77779621265996
FEZ1,non-target,12.731171335531585
FEZ2,non-target,-8.047690317533773
FGD2,non-target,2.333425981618236
FGD3,non-target,71.62406017961284
FGF11,non-target,27.86565390558364
FGF2,non-target,17.897136003018968
FGFBP2,non-target,24.111330620781484
FGFBP3,non-target,-2.2798709681831943
FGFR1,approved,32.247856958290704
FGFR1OP2,non-target,6.051809938047351
FGFRL1,non-target,-10.0568483817079
FGGY,non-target,17.910491628000674
FGL2,non-target,57.33339886529464
FH,non-target,19.256679994922383
FHIP1B,non-target,-19.956286057156532
FHIP2A,non-target,-30.321621588354276
FHIP2B,non-target,2.4387925650733373
FHIT,non-target,-0.963989062455152
FHL1,non-target,2.387145198587646
FHL2,non-target,-0.3360070597843525
FHL3,non-target,3.1664275324012103
FHOD1,non-target,2.4839995512568316
FIBP,non-target,-7.464999007420938
FICD,non-target,-0.16109462658923
FIG4,non-target,20.996118040879775
FIGNL1,non-target,0.7871142065852155
FILIP1L,non-target,73.94660019940385
FIS1,non-target,-13.740092395496845
FITM1,non-target,-10.72208124648142
FITM2,non-target,-8.357641567658845
FIZ1,non-target,-26.38255682133496
FKBP11,non-target,70.18717620854139
FKBP14,non-target,-9.2059805143062
FKBP15,non-target,-44.97397828617763
FKBP1B,non-target,2.07689646989472
FKBP3,non-target,-6.303679789751816
FKBP4,non-target,28.597162284591757
FKBP5,non-target,-11.26616561925617
FKBP7,non-target,-7.435111726036465
FKBP8,non-target,-4.460318914874066
FKBPL,non-target,-26.811598452458696
FKRP,non-target,-11.492694094072013
FKTN,non-target,-14.32162771546744
FLACC1,non-target,-4.384754832664941
FLAD1,non-target,-21.67849628405666
FLCN,non-target,7.443185745665294
FLI1,non-target,7.817188919891578
FLII,non-target,-23.06169655826473
FLNA,non-target,-8.606535933109987
FLNB,non-target,25.136897552715062
FLOT1,non-target,45.41322865185251
FLOT2,non-target,22.785030255130177
FLT1,approved,9.148009237779766
FLT3LG,non-target,52.666332526189315
FLVCR1,non-target,-18.3473591556173
FLVCR2,non-target,6.188717501492332
FLYWCH2,non-target,-23.811787041272407
FMC1,non-target,14.99694529469398
FMNL1,non-target,51.34887709085255
FMNL2,non-target,-12.712489086602972
FMNL3,non-target,21.267889424482465
FMO4,non-target,-6.999651852742022
FMR1,non-target,-28.167846741001497
FN1,in-trial,15.155906047189507
FN3K,non-target,-2.271666400579266
FN3KRP,non-target,-8.627289179510692
FNBP1,non-target,38.8175844317293
FNBP4,non-target,-33.382631705396555
FNDC10,non-target,4.1751930741816095
FNDC3A,non-target,0.8314924147555564
FNDC3B,non-target,-1.099725540299924
FNIP1,non-target,1.81749834372172
FNIP2,non-target,19.793661437965977
FOCAD,non-target,-23.4243810926807
FOS,non-target,21.697967688803345
FOSB,non-target,1.709251848652252
FOSL1,non-target,18.91836848911323
FOSL2,non-target,43.962735893952406
FOXB1,non-target,-2.2888279098081896
FOXC1,non-target,-4.904800215717287
FOXD1,non-target,-5.403416352944686
FOXD2,non-target,-8.485309186501746
FOXD4L5,non-target,-8.345990686027706
FOXJ1,non-target,2.148063825231017
FOXJ2,non-target,-21.824325173952804
FOXJ3,non-target,-40.48078847211007
FOXK1,non-target,-7.501350097502761
FOXK2,non-target,-34.62549769443133
FOXM1,non-target,26.737002598885393
FOXN2,non-target,-31.716255964554083
FOXN3,non-target,-10.254562473042212
FOXO1,non-target,33.90772051847181
FOXO3,non-target,35.08015487072663
FOXO4,non-target,-4.933774708051028
FOXP1,non-target,39.12786295595342
FOXP3,non-target,29.501719086813463
FOXP4,non-target,14.324416382394908
FOXRED1,non-target,-15.040254269610514
FOXRED2,non-target,20.957327114654102
FPGS,non-target,-22.95007111392711
FPGT,non-target,-14.320844974512204
FRA10AC1,non-target,-8.408110264033049
FRAT1,non-target,-7.459462646338949
FRAT2,non-target,-10.003634415678356
FRG1,non-target,-52.72113280818699
FRMD3,non-target,-10.44888077824879
FRMD4B,non-target,31.366148409481728
FRMD6,non-target,7.998286890424072
FRMD8,non-target,-13.977012889999488
FRRS1,non-target,-7.047228336283962
FRS2,non-target,-16.709634781528546
FRS3,non-target,-14.599322940563132
FRY,non-target,11.629567676418992
FRYL,non-target,-29.871666248386997
FSCN1,non-target,46.35751211104104
FSD1,non-target,0.8704493690447558
FSD1L,non-target,22.285626856767124
FSIP1,non-target,-8.202747404415888
FTH1,non-target,114.0107855355794
FTL,non-target,59.61531760775559
FTO,in-trial,-22.67501593889843
FTSJ1,non-target,-5.046454381970392
FUBP1,non-target,-11.702162107651986
FUBP3,non-target,-44.57451408737026
FUCA1,non-target,18.259608794239043
FUCA2,non-target,8.427423755628547
FUNDC1,non-target,-29.40878499052568
FUNDC2,non-target,-19.319062966548127
FUOM,non-target,6.137866235190349
FURIN,non-target,13.163796703317216
FUS,non-target,0.0722533198384477
POFUT3,non-target,-12.386643957893853
POFUT4,non-target,-12.45212702512912
FUT4,non-target,-7.93962294960745
FUT7,non-target,62.49765865142759
FUT8,non-target,15.716761899236957
FUZ,non-target,-11.716179217378802
FXN,non-target,11.056773453531749
FXR1,non-target,-41.51367094685139
FXR2,non-target,-38.315660589806406
FXYD1,non-target,-2.6340409800163656
FXYD2,in-trial,34.505563873464645
FXYD5,non-target,-10.791502235355116
FXYD7,non-target,-0.9893922103632348
FYB1,non-target,85.38581397898038
FYCO1,non-target,13.453440822328114
FYN,approved,28.06051421130331
FYTTD1,non-target,-2.1059561023734545
FZD3,non-target,21.342816576581345
FZD6,non-target,20.7890785915483
FZR1,non-target,-29.857147100862104
G0S2,non-target,49.95991403455296
G2E3,non-target,-38.23211810162383
G3BP2,non-target,-31.077336908553693
G6PC3,non-target,-4.23651618448193
G6PD,non-target,7.1243285019186215
GAA,in-trial,6.290985889732515
GAB1,non-target,-10.745091187034566
GAB2,non-target,41.870596257094384
GAB3,non-target,48.24901294421664
GABARAP,non-target,52.71972643861582
GABARAPL1,non-target,20.52609957435664
GABBR1,approved,18.546731462518498
GABPA,non-target,-42.36377454790749
GABPB1,non-target,-4.368112405700434
GABPB2,non-target,-11.24942596342924
GAD1,non-target,0.4750277915011225
GADD45A,non-target,86.25377972092646
GADD45B,non-target,4.189447997335442
GADD45G,non-target,25.039005165716635
GADD45GIP1,non-target,-13.035086922980312
GAL3ST4,non-target,-2.2837587532521173
GALC,non-target,26.908453610847346
GALE,non-target,-5.906286503338073
GALK1,non-target,-10.934764896131576
GALK2,non-target,-17.701313869284288
GALM,non-target,8.812691597496466
GALNS,non-target,16.49346472273499
GALNT10,non-target,6.374926505352671
GALNT11,non-target,-25.11568661997924
GALNT12,non-target,5.563937737599782
GALNT18,non-target,-12.331598372095993
GALNT2,non-target,20.35305401166345
GALNT3,non-target,47.614400043752426
GALNT4,non-target,14.92114516587833
GALNT6,non-target,0.404990118463702
GALNT7,non-target,-8.553222035574032
GALR2,non-target,0.5314225953539425
GALT,non-target,-8.244591475832502
GAMT,non-target,24.74842285697058
GAN,non-target,-7.495546500513302
GANAB,non-target,-9.862140754712248
GANC,non-target,-12.675376476341112
GAPVD1,non-target,-47.99473821089821
GAREM2,non-target,11.494080655189569
GARRE1,non-target,9.509817179227156
GARS1,non-target,14.697270862405448
GART,in-trial,22.98152302327873
GAS2,non-target,-9.524816432928512
GAS2L1,non-target,0.3625603590580753
DRC4,non-target,-2.063003473322407
GATA3,non-target,14.353816853658811
GATAD1,non-target,-7.972475451609147
GATAD2A,non-target,-13.701560944776428
GATAD2B,non-target,-25.35739198897139
GATB,non-target,-23.99935737445864
GATC,non-target,-37.37100679337276
GATD1,non-target,-16.023683236512984
GATD3,non-target,-33.9195099142214
GBA1,non-target,19.72530295145189
GBA2,non-target,-22.06940834853243
GBE1,non-target,28.79020638489284
GBGT1,non-target,-7.246133347490651
GBP1,non-target,55.19166923531282
GBP2,non-target,58.33335541693314
GBP3,non-target,17.584799663292717
GBP4,non-target,63.818796980405466
GBP5,non-target,62.97471508231718
GCA,non-target,8.13921373915545
GCAT,non-target,-3.4997649282382164
GCC1,non-target,-26.755107105310874
GCC2,non-target,2.8420365212388745
GCDH,non-target,-20.653400633034117
GCFC2,non-target,-15.62227848266378
GCH1,non-target,-8.575003339771987
GCHFR,non-target,0.8188346106269974
GCLC,non-target,-15.19423734114801
GCLM,non-target,29.92770696791885
GCN1,non-target,-14.474271288914798
GCNA,non-target,5.742413767556205
GCNT1,non-target,7.7382041509896995
GCNT4,non-target,10.55265072358363
GCSAM,non-target,52.622806744997355
GDAP1,non-target,7.975729032038544
GDAP2,non-target,-38.316583554205046
GDE1,non-target,3.706478386293682
GDF11,non-target,65.5565110874741
GDF9,non-target,-9.016538793717135
GDI1,non-target,8.940149412155534
GDI2,non-target,-35.660477045796696
GDPD1,non-target,-13.068080809166132
GDPD3,non-target,-1.447357740603022
GDPD5,non-target,20.358960699074103
GDPGP1,non-target,-18.695812419137443
GEM,non-target,29.286917613956476
GEMIN2,non-target,-25.341041342324797
GEMIN4,non-target,8.402854715346992
GEMIN6,non-target,16.3603616259812
GEMIN7,non-target,-18.679862299224677
GEN1,non-target,-8.697888868292605
GET1,non-target,-30.330620717824477
GET3,non-target,-31.469628011131288
GFER,non-target,-30.710726762922977
GFI1,non-target,31.564975860349353
GFM1,non-target,-0.8524202870880894
GFM2,non-target,-39.6076070057128
GFOD1,non-target,36.898350494589856
GFOD2,non-target,-30.138297665074138
GFPT1,non-target,13.132793475752845
GFRA2,non-target,-7.74149888653957
GFUS,non-target,35.78198167312529
GGA1,non-target,-43.459370252414296
GGA2,non-target,4.176003838222428
GGA3,non-target,-27.535551325396497
GGACT,non-target,-2.5847311729730236
GGCT,non-target,20.05693627247497
GGCX,non-target,-19.411731023548867
GGH,non-target,38.34298578668261
GGNBP2,non-target,-25.486980109486996
GGT7,non-target,8.118362370555765
GHDC,non-target,-13.398523573439016
GHITM,non-target,-11.62529688161895
GID4,non-target,-21.414727757131335
GID8,non-target,-44.54573504777762
GIGYF2,non-target,-40.93910151208416
GIMAP2,non-target,95.53532086467553
GIMAP4,non-target,100.5356201416554
GIMAP5,non-target,63.39152608584067
GIMAP6,non-target,47.56435710414852
GIMAP7,non-target,84.93487496143135
GIMAP8,non-target,60.26728578488386
GIN1,non-target,-28.24542122680658
GINM1,non-target,-26.53736093749221
GINS1,non-target,1.7211743867767666
GINS2,non-target,40.10484064577687
GIPC1,non-target,20.156568151985848
GIPR,in-trial,-3.367171365356534
GIT1,non-target,-24.14493753339945
GIT2,non-target,-20.73679483788355
GJB2,non-target,-8.815587100825764
GJB6,non-target,-7.078577326025133
GJC1,non-target,8.812541981400138
GK5,non-target,-10.57803791692053
GKAP1,non-target,1.3690481728985116
GLA,non-target,-15.651247720452751
GLB1,non-target,-11.605419556204176
GLB1L,non-target,-4.479788638120062
GLB1L2,non-target,7.557805121487952
GLB1L3,non-target,-8.004355911580324
GLCCI1,non-target,48.39079636630702
GLCE,non-target,2.841054626297295
GLDC,non-target,10.380066672519812
GLE1,non-target,-42.55955846078802
GLG1,non-target,25.671593614008703
GLI1,non-target,-9.668949763596467
GLI4,non-target,-12.397431333199348
GLIPR1,non-target,63.99094893263217
GLIPR2,non-target,29.356396012566524
GLMN,non-target,-33.780665949745746
GLMP,non-target,5.759796538583383
GLO1,non-target,3.782868831545529
GLOD4,non-target,-19.86547305111566
GLRX,non-target,23.463721507978605
GLRX2,non-target,-9.764186601278729
GLRX3,non-target,5.158638501984176
GLRX5,non-target,3.2576942545389187
GLS,in-trial,0.8730232841557969
GLS2,non-target,6.202519421520777
GLT8D1,non-target,-27.082800619667537
GLTP,non-target,-17.34600042172439
GLUD1,non-target,-12.563869544038257
GLUL,non-target,27.40861970463118
GLYCTK,non-target,13.718176995713492
GLYR1,non-target,-32.45634584025329
GM2A,non-target,2.7503454762984596
GMCL1,non-target,-25.06878707787051
GMDS,non-target,-8.754625724854533
GMEB1,non-target,-35.88398414268472
GMEB2,non-target,-38.274428015957575
GMFB,non-target,-17.971058428710887
GMFG,non-target,23.58852564778491
GMNN,non-target,67.82803171393306
GMPPA,non-target,-4.955552389291029
GMPPB,non-target,65.13193716122532
GMPR,non-target,17.718624615910304
GMPR2,non-target,-27.518570581182946
GNA12,non-target,-16.871177099794128
GNA13,non-target,-28.284945497658057
GNA15,non-target,27.99454956786664
GNAI1,non-target,6.178092979155434
GNAI2,non-target,-0.1716165762035082
GNAI3,non-target,-31.018546895452463
GNAO1,non-target,0.8183858920392737
GNAQ,non-target,16.350916044551884
GNAZ,non-target,-11.765149337747172
GNB1,non-target,-22.5936275694409
GNB1L,non-target,4.183071572297748
GNB2,non-target,0.1386696873931055
GNB4,non-target,10.041729558976265
GNB5,non-target,17.204735530484427
GNE,non-target,-6.690372051647157
GNG10,non-target,13.206839849083854
GNG2,non-target,20.411248886189767
GNG4,non-target,64.46228658053806
GNG5,non-target,-33.106009344958835
GNG8,non-target,76.8306363003141
GNGT2,non-target,24.75802217298525
GNL1,non-target,-23.215583674552917
GNL2,non-target,-22.066102064455645
GNLY,non-target,137.99593143668102
GNMT,non-target,-13.1371625616077
GNPAT,non-target,-35.80642116234427
GNPDA1,non-target,19.437160537854876
GNPDA2,non-target,-24.282602961547585
GNPNAT1,non-target,30.31466411002241
GNPTAB,non-target,28.68897212155416
GNPTG,non-target,20.85031297327878
GNRH2,non-target,13.539494791438004
GNS,non-target,37.39872622300777
GOLGA1,non-target,-26.68526726706719
GOLGA2,non-target,-4.596113201732173
GOLGA3,non-target,-26.740592461495112
GOLGA5,non-target,-25.36463522123776
GOLGA7,non-target,-28.799953211942807
GOLGA7B,non-target,64.39593986503941
GOLGA8B,non-target,59.790121312978705
GOLGB1,non-target,32.365172815819825
GOLIM4,non-target,-23.453835625309697
GOLM1,non-target,26.07958765520702
GOLM2,non-target,15.4623161660703
GOLPH3,non-target,-58.412559211203565
GOLPH3L,non-target,-5.767709994126821
GOLT1B,non-target,-18.380909682300995
GON7,non-target,-7.7292486952318
GOPC,non-target,-37.108950171422485
GORAB,non-target,-16.11003286015935
GORASP1,non-target,-15.707764403760647
GORASP2,non-target,-20.658972683040076
GOSR1,non-target,-45.6487932606611
GOT1,non-target,19.518017449974167
GOT2,non-target,39.616313238457515
GP5,non-target,12.486414862741531
GPAA1,non-target,8.33166969415386
GPALPP1,non-target,-34.660529994835464
GPAM,non-target,-19.34969355819988
GPANK1,non-target,-29.36188458167109
GPAT2,non-target,-30.694063145787258
GPAT3,non-target,54.99991982963608
GPAT4,non-target,-13.488991812361556
GPATCH11,non-target,-26.94466615639308
GPATCH2,non-target,-15.553120939566313
GPATCH2L,non-target,-1.3892157197899495
GPATCH3,non-target,-28.607292961222377
GPATCH4,non-target,35.778395658654176
GPATCH8,non-target,-38.87839686826951
GPBP1,non-target,4.51143241002599
GPBP1L1,non-target,-39.40846104708717
GPC1,non-target,1.4826180500951942
GPC2,non-target,-11.082228643968088
GPCPD1,non-target,53.10115044411028
GPD1L,non-target,-20.363167366192805
GPD2,in-trial,21.11816095077566
GPHN,non-target,-7.313461655600375
GPI,non-target,2.8137063278256136
GPN1,non-target,-31.893550822971125
GPR107,non-target,-15.400077608270053
GPR108,non-target,11.789740880069717
GPR132,non-target,39.002946503077375
GPR135,non-target,-12.89746508584304
GPR137,non-target,16.411933605019502
GPR137B,non-target,11.388268252510926
GPR146,non-target,-5.357783308263863
GPR15,non-target,42.35698630951145
GPR150,non-target,-8.102153041083964
GPR155,non-target,39.278869801512506
GPR157,non-target,16.98446914258226
GPR160,non-target,14.665969209821476
GPR161,non-target,7.794557814852904
GPR171,non-target,111.36301349677126
GPR174,non-target,79.17355198110198
GPR18,non-target,51.75069190904824
GPR180,non-target,-11.301244706032804
GPR183,non-target,-8.161349220835723
GPR19,non-target,-5.166251838101125
GPR27,non-target,13.2291128323239
GPR34,non-target,-1.5251303310254791
GPR35,non-target,46.972302410218326
GPR55,non-target,7.722738408954157
GPR63,non-target,-13.2400144204729
GPR65,non-target,47.81222436116307
GPR68,non-target,43.09632065690317
GPHRB,non-target,-23.725700375879573
GPRASP1,non-target,-7.917735735062323
GPRASP2,non-target,-6.315975664948016
GPRIN3,non-target,14.926825038382631
GPS1,non-target,-39.99355420264716
GPS2,non-target,-12.893752447308328
GPSM1,non-target,14.462235372718906
GPSM2,non-target,11.681196300917582
GPSM3,non-target,67.15305238427047
GPT2,non-target,77.81066651444344
GPX4,non-target,21.751166844631737
GPX7,non-target,-17.374140975474656
GRAMD1A,non-target,29.406103789757037
GRAMD1B,non-target,30.224427906705376
GRAMD2B,non-target,29.508176419477376
GRAMD4,non-target,8.403281390478666
GRAP,non-target,2.3070838149977377
GRAP2,non-target,9.444857955095577
GRB10,non-target,32.86246947229147
GRB2,in-trial,-47.15869561845283
GRHL1,non-target,-9.595167014084035
GRHPR,non-target,-37.49779175912783
GRINA,non-target,39.40475418717333
GRIPAP1,non-target,7.573329073334615
GRK2,non-target,-2.9875795930155298
GRK3,non-target,14.335083292126717
GRK4,non-target,-7.2626301749240305
GRK5,non-target,25.825703969309885
GRK6,non-target,-10.128215265165124
GRN,non-target,79.74212063989025
GRPEL2,non-target,-12.547461056732471
GRSF1,non-target,-44.61476401295162
GSAP,non-target,42.79179819165555
GSDMA,non-target,-3.8560704014727
GSDMB,non-target,57.28354403390325
GSDMD,non-target,1.2930728037391883
GSDME,non-target,18.121675111826356
GSE1,non-target,57.73102707166652
GSK3A,in-trial,-41.82456289076
GSK3B,in-trial,-27.90120862989509
GSKIP,non-target,-37.67135757839884
GSN,non-target,27.0379172658895
GSPT1,non-target,-1.459851672221087
GSPT2,non-target,-8.362547214675386
GSR,approved,25.043043344167906
GSS,non-target,-6.368028709798078
GSTA4,non-target,30.35579945434584
GSTCD,non-target,-2.421130534693288
GSTK1,non-target,32.63245989838057
GSTM1,non-target,-13.318506475991772
GSTM3,non-target,19.611487455675604
GSTO1,non-target,-0.4981180288027922
GSTO2,non-target,-9.434997148289808
GSTP1,in-trial,12.437678095020312
GSTZ1,non-target,9.443572142664024
QTMAN,non-target,-9.282591391329468
GTF2A1,non-target,-18.469665964750916
GTF2A2,non-target,18.390472674881057
GTF2B,non-target,-25.32466870775952
GTF2E2,non-target,-37.421234226919104
GTF2F2,non-target,-27.67172139384589
GTF2H1,non-target,-43.468778891212146
GTF2H3,non-target,15.045754518855256
GTF2H5,non-target,16.023633933220083
GTF2I,non-target,-9.376980471285371
GTF2IRD1,non-target,9.360115874921435
GTF3A,non-target,5.577542326407307
GTF3C1,non-target,-38.617361253635586
GTF3C2,non-target,-25.03570249428398
GTF3C3,non-target,-43.00804342812757
GTF3C4,non-target,-22.677001826039827
GTF3C5,non-target,-43.866847573368744
GTF3C6,non-target,22.563062762605806
GTPBP1,non-target,-4.23107364868405
GTPBP10,non-target,-19.489358380489097
GTPBP2,non-target,-17.712616373971798
GTPBP3,non-target,-16.441359267232418
GTPBP6,non-target,-33.54411125963994
GTPBP8,non-target,-31.06543728793544
GTSE1,non-target,3.462494882538361
GTSF1,non-target,-29.634436329860772
GUCA1B,non-target,-10.942294793976709
GUCD1,non-target,-33.41528034700679
GUCY1B1,in-trial,-9.41323697695186
GUF1,non-target,-3.908162235990048
GUSB,non-target,-4.958892284418861
GVQW3,non-target,-9.38163067678082
GXYLT1,non-target,-21.49979695409603
GYG1,non-target,-7.3160187265480845
GYPC,non-target,5.118961981298729
GYPE,non-target,-9.298037232230802
GZF1,non-target,-31.890344930572923
GZMA,non-target,55.92272713369241
GZMB,non-target,-72.75595404012081
GZMH,non-target,84.45871645905845
GZMK,non-target,63.223895070393375
GZMM,non-target,1.7729134794072865
H1-0,non-target,110.3578974354461
H1-1,non-target,0.8118107687028745
H1-10,non-target,87.35556037267531
H1-2,non-target,-85.3389770034879
H1-3,non-target,-13.281881187334344
H1-4,non-target,10.088634538243332
H1-5,non-target,-101.6226379491023
H2AC11,non-target,23.677999383610995
H2AC15,non-target,-9.209468517292432
H2AC6,non-target,8.555713094864338
H2AC8,non-target,3.0284064776708863
H2AJ,non-target,46.80284968747631
H2AC25,non-target,42.73661174060485
H2AX,non-target,60.67687670326353
H2AZ1,non-target,54.01436535948745
H2BC15,non-target,-13.880125872060349
H2BC21,non-target,35.14282665456452
H2BC3,non-target,-14.201078467078572
H2BC8,non-target,9.227071668017972
H2BC9,non-target,-12.48793083083197
H2BC26,non-target,2.2428051637572275
H3-3A,non-target,-23.897886229464927
H3-3B,non-target,-26.240422784922725
H3-5,non-target,-9.48247037297822
H3C10,non-target,18.511628706417273
H3C6,non-target,14.265982345306847
H3C8,non-target,23.74881192480908
H4C16,non-target,-3.6405468223610575
H4C11,non-target,-22.98923261369897
H4C2,non-target,-3.056677823939523
H4C3,non-target,6.268714100292764
H4C5,non-target,-12.660075310185706
H4C9,non-target,-10.512505752151222
H6PD,non-target,32.9355341657457
HAAO,non-target,-0.6306819127344786
HABP4,non-target,2.533360156054504
HACD1,non-target,-2.7600318843136797
HACD2,non-target,-23.03660490387458
HACD3,non-target,21.05571256000208
HACD4,non-target,28.18695434664582
HACE1,non-target,-20.1736575621065
HACL1,non-target,-19.96474964604433
HADH,non-target,14.971298110818054
HADHA,non-target,-71.12132121879957
HADHB,non-target,-26.182917174219355
HAGH,non-target,3.7866636290388502
HAGHL,non-target,24.54218320479067
HAPLN3,non-target,66.8029251152995
HARBI1,non-target,-15.658322837002189
HAS3,non-target,-9.505147796081433
HASPIN,non-target,-9.004377659700468
HAT1,non-target,-1.6310795354265792
HAUS1,non-target,-7.733758255918303
HAUS2,non-target,-25.07688568928351
HAUS3,non-target,-29.314677612800267
HAUS4,non-target,-5.990373680137542
HAUS8,non-target,-22.56886520811622
HAVCR2,in-trial,68.10060330513238
HAX1,non-target,-7.356056640442787
HBEGF,non-target,52.34484263917934
HBP1,non-target,134.08818073024793
HBS1L,non-target,-32.79990516338389
HCCS,non-target,-30.832796152152287
HCFC1,non-target,-16.315949189406226
HCFC1R1,non-target,-6.751517568473702
HCFC2,non-target,0.188669765854937
HCLS1,non-target,-0.4823549352320337
HCN2,non-target,0.97858780648389
HCN3,non-target,-6.50476950918771
HCST,non-target,42.99010443318647
HDAC1,approved,21.23838632513534
HDAC11,approved,-0.6001231266975443
HDAC2,approved,-18.053151746417782
HDAC3,approved,-28.45134006662094
HDAC4,approved,42.33463511466556
HDAC5,approved,42.39224786125544
HDAC6,approved,5.853815012224377
HDAC7,approved,28.263453408461135
HDAC8,approved,-22.99697067445227
HDAC9,approved,-10.567612714478749
HDDC2,non-target,9.780844367208848
HDDC3,non-target,-2.0437209304438024
HDGF,non-target,10.489964597918725
HDGFL2,non-target,-18.91087020483367
HDGFL3,non-target,-55.771485849442435
HDHD2,non-target,-13.542689673690116
HDHD3,non-target,-20.956110426482315
HDHD5,non-target,-8.45012486320843
HDLBP,non-target,-16.470237902859733
HDX,non-target,-12.250694204075907
HEATR3,non-target,-8.724428095083686
HEATR5A,non-target,-9.243435801689309
HEATR5B,non-target,-18.9648386052605
HEATR6,non-target,-18.477753988152266
HEBP1,non-target,-10.945979698519627
HEBP2,non-target,-14.560521846540452
HECA,non-target,6.493488727923719
HECTD1,non-target,-35.03209103211627
HECTD2,non-target,36.53063495057051
HECTD3,non-target,-11.38865315911763
HECTD4,non-target,4.004633593110199
HEG1,non-target,5.314505625020923
HELB,non-target,27.856656525428836
HELLS,non-target,-3.116357944889465
HELQ,non-target,-29.74240110689895
HELZ,non-target,-14.529470387277996
HELZ2,non-target,51.68824151480252
HEMGN,non-target,-4.674398445257425
HEMK1,non-target,24.87343499556134
HENMT1,non-target,-11.092513124030326
HERC1,non-target,-9.564974435004414
HERC2,non-target,-19.67708138351538
HERC3,non-target,46.9451269082385
HERC4,non-target,10.966269922224717
HERC5,non-target,61.72933441673695
HERC6,non-target,73.35250894028651
HERPUD1,non-target,41.87675506593891
HERPUD2,non-target,2.2038691734932496
HES1,non-target,-5.62996985904595
HES6,non-target,6.57911080846752
HESX1,non-target,-11.27423042301668
HEXA,non-target,35.53856636154611
HEXB,non-target,-7.306085236741062
HEXD,non-target,1.7127111639179564
HEXIM1,non-target,53.1003175438967
HEXIM2,non-target,-3.582099511910522
HGH1,non-target,-0.3133831752704712
HGSNAT,non-target,36.936031934871465
HHAT,non-target,4.2577029573945095
HHEX,non-target,-7.80729426440698
HHLA2,non-target,72.23183034709687
HIBADH,non-target,-10.955976336905657
HIBCH,non-target,-4.0729415650447365
HIC1,non-target,19.712885922522123
HIC2,non-target,-23.43285493091695
HIF1A,non-target,26.4469371517002
HIF1AN,non-target,-42.10081725736563
HIGD1A,non-target,-7.655673016982213
HIGD2A,non-target,-10.752048011653793
HIKESHI,non-target,-22.15161347871209
HILPDA,non-target,25.40973688109671
HINT1,non-target,1.651924524755496
HINT2,non-target,15.405831873492003
HINT3,non-target,-29.212241517019844
HIP1,non-target,2.13112844061278
HIP1R,non-target,-6.606890714046924
HIPK1,non-target,12.243606056738514
HIPK2,non-target,-29.17129004176719
HIPK3,non-target,18.089895676931047
HIRA,non-target,-14.10689501941522
HIRIP3,non-target,-7.62039717973816
HIVEP2,non-target,2.268010751872865
HIVEP3,non-target,46.48897020188806
HJURP,non-target,16.899451215957416
HK1,non-target,-36.11874895252341
HK2,non-target,34.03702187757744
HKDC1,non-target,3.3910118218662824
HLCS,non-target,-7.796663097839175
HLF,non-target,13.09631723019915
HLTF,non-target,14.349520358551606
HLX,non-target,-18.660528885364233
HM13,non-target,6.708976083146624
HMBOX1,non-target,-12.52964443956765
HMBS,non-target,23.235489549349506
HMCES,non-target,-10.480814207580162
HMG20A,non-target,-26.375583500963064
HMG20B,non-target,-10.380650767960782
HMGA1,non-target,-15.077734188010275
HMGB2,non-target,40.78519448837993
HMGB3,non-target,-13.98462724606378
HMGCS1,non-target,58.983383683828414
HMGN1,non-target,-18.022480496685063
HMGN3,non-target,41.52634040260677
HMGN4,non-target,-10.979358674207896
HMGN5,non-target,19.455567381820597
HMGXB3,non-target,-34.31708321427276
HMGXB4,non-target,-24.49056964653427
HMHB1,non-target,-5.242629586276893
HMMR,non-target,42.05386817445126
HMOX1,non-target,79.04092051006133
HMOX2,non-target,-26.542851974316672
HMSD,non-target,49.46504559665422
HNF1B,non-target,-3.084452308435479
HNRNPA0,non-target,-46.62109187860161
HNRNPA2B1,non-target,19.420024313442564
HNRNPA3,non-target,-4.257203763076682
HNRNPAB,non-target,98.42043084545504
HNRNPC,non-target,-1.856587903560225
HNRNPD,non-target,37.11595282084412
HNRNPDL,non-target,4.31542661278867
HNRNPF,non-target,5.113329810699885
HNRNPH2,non-target,2.3377775798038463
HNRNPH3,non-target,7.740131760559834
HNRNPL,non-target,-29.386756334190157
HNRNPLL,non-target,2.33525933766064
HNRNPM,non-target,23.768018266830477
HNRNPR,non-target,-30.088152576853343
HNRNPU,non-target,-35.51238006914784
HNRNPUL1,non-target,-46.47705586880028
HNRNPUL2,non-target,-44.07557506311849
HOMER1,non-target,13.492731320100171
HOMER2,non-target,48.98445071836117
HOMEZ,non-target,15.948931285440525
HOOK1,non-target,9.929449133052998
HOOK2,non-target,-13.038193024512344
HOOK3,non-target,-27.7101768305065
HOPX,non-target,19.94587887928547
HOXB2,non-target,-36.07587011740831
HOXB3,non-target,-10.605783384703436
HOXB4,non-target,-12.9964299336245
HOXB6,non-target,3.5191688464204964
HOXB7,non-target,-10.014870012193844
HOXC4,non-target,-7.387590875020365
HP1BP3,non-target,-15.559896488305665
HPCAL1,non-target,-7.052520365255783
HPDL,non-target,17.32339092769706
HPF1,non-target,-12.336945827787764
HPGD,non-target,0.4519924944148681
HPGDS,non-target,11.307613525039304
HPRT1,non-target,10.728851498682602
HPS1,non-target,-13.05903396401444
HPS3,non-target,-14.48499786763504
HPS4,non-target,-30.630336254525066
HPS5,non-target,-27.40304731218227
HPS6,non-target,-24.415599408107596
HPSE,non-target,31.221360929548712
HRAS,non-target,3.44409178042499
HRH1,approved,-4.963959438663898
HRH2,approved,25.717349448721617
HROB,non-target,-27.03384690047703
HS1BP3,non-target,-9.52750372432922
HS2ST1,non-target,-9.41122106058805
HS3ST1,non-target,8.346430394932682
HS3ST3B1,non-target,7.313999776659418
HS6ST1,non-target,-9.048270495142212
HSBP1,non-target,-32.10788698744668
HSBP1L1,non-target,6.11603588315984
HSD11B1,non-target,21.915890809833044
HSD17B1,non-target,-8.577115602005515
HSD17B10,non-target,-29.266655218232312
HSD17B11,non-target,-32.99312477890097
HSD17B12,non-target,-15.935195498414087
HSD17B14,non-target,18.60256864015224
HSD17B4,non-target,-4.196447700536377
HSD17B6,non-target,-4.175355350413469
HSD17B8,non-target,28.62890171727835
HSD3B7,non-target,31.46753541056229
HSDL1,non-target,-12.019759197141552
HSDL2,non-target,-0.9807780319392188
HSF1,non-target,-38.98722976365535
HSF2,non-target,-30.901640286533564
HSF4,non-target,49.52637422814365
HSF5,non-target,-3.3435809220357697
HSH2D,non-target,25.385206568447625
HSP90AA1,in-trial,50.914428999162816
HSP90AB1,in-trial,67.91153426482266
HSP90B1,non-target,40.16071214179459
HSPA13,non-target,33.24822488582234
HSPA14,non-target,23.980899091709095
HSPA1B,non-target,63.25686291623401
HSPA1L,non-target,-10.04714950956017
HSPA2,non-target,15.735598657717516
HSPA4,non-target,-6.071934211271322
HSPA4L,non-target,3.2243678218363865
HSPA5,non-target,42.77724811181557
HSPA6,non-target,16.496190203846616
HSPA8,in-trial,7.79631961695053
HSPA9,non-target,17.03186165518107
HSPB1,non-target,79.05470848669972
IFT25,non-target,-4.7250637304060445
HSPBAP1,non-target,-16.036056054256168
HSPBP1,non-target,-8.961574921542814
HSPD1,non-target,88.56365635703604
HSPE1,non-target,107.52104612259264
HSPH1,non-target,66.20167068524914
HTATIP2,non-target,21.219136971494436
HTATSF1,non-target,-18.604030829096345
HTRA2,non-target,-4.539033255022732
HTT,non-target,-30.05255576388221
HUS1,non-target,-22.434658577035353
HUS1B,non-target,-17.055413896496866
HUWE1,non-target,-8.971881824024075
HVCN1,non-target,12.09691152298973
HYAL2,non-target,2.2595835259341257
HYAL3,non-target,-2.9233356269957516
HYI,non-target,39.25471277228432
HYKK,non-target,1.0077318513613571
HYLS1,non-target,-13.294774115872242
HYOU1,non-target,47.76671972199025
IAH1,non-target,-11.750088008031602
IARS1,non-target,33.85549925472662
IARS2,non-target,-25.389155947611012
IBA57,non-target,-15.196854034962206
IBTK,non-target,-51.58835830333728
ICA1,non-target,11.327819523676643
ICA1L,non-target,-7.275489526356455
ICAM1,in-trial,37.08143137757293
ICAM2,non-target,35.5514859518569
ICAM3,non-target,51.87943748834235
ICE2,non-target,-29.492660339868376
ICMT,non-target,15.675508728850836
ICOS,in-trial,-20.09208423844493
ID1,non-target,0.5039314234476416
ID2,non-target,-3.1599985405013817
ID3,non-target,47.978527085404096
IDE,non-target,-4.41022246314895
IDH1,approved,14.955427081793331
IDH2,approved,31.409517993465577
IDH3A,non-target,15.282970534873046
IDH3B,non-target,-16.982943258158418
IDH3G,non-target,-41.43096952486085
IDI1,non-target,14.265978037848985
IDNK,non-target,7.29078866643768
IDS,non-target,14.30735454612144
IDUA,non-target,22.44305980933942
IER2,non-target,41.68703274912258
IER3,non-target,42.52393385173519
IER3IP1,non-target,-34.50138269679413
IER5,non-target,131.41363698174897
IER5L,non-target,22.053124061122823
IFFO1,non-target,-16.03363965178701
IFFO2,non-target,22.926769167803545
IFI16,non-target,7.214849285042514
IFI27,non-target,9.970355867317268
IFI27L1,non-target,25.60633779437458
IFI27L2,non-target,35.453650144492876
IFI30,non-target,47.68297861673366
IFI35,non-target,34.45143636674695
IFI44,non-target,63.5757155426405
IFI44L,non-target,95.83068896409316
IFI6,non-target,83.71647962955392
IFIH1,non-target,55.21873361115227
IFIT1,non-target,29.41377182886107
IFIT2,non-target,76.59824615130464
IFIT3,non-target,80.92529930856232
IFIT5,non-target,53.212060141091335
IFITM1,non-target,23.459486271027853
IFITM2,non-target,54.2747958477597
IFITM3,non-target,19.497446295848885
IFNAR1,approved,-0.5996289361255028
IFNAR2,approved,37.04511546848986
IFNG,approved,18.03516427548294
IFNGR1,approved,22.438165487081108
IFNGR2,approved,27.80757450024093
IFNLR1,in-trial,0.3946908526312711
IFRD1,non-target,21.473632300281057
IFRD2,non-target,49.801601672395606
IFT122,non-target,-7.949589317483533
IFT140,non-target,-10.063900266754231
IFT172,non-target,-12.691525483012487
IFT20,non-target,-9.964094285595833
IFT22,non-target,3.896863157249559
IFT27,non-target,19.98007353235454
IFT43,non-target,-4.786037372665892
IFT46,non-target,-15.777798506590957
IFT52,non-target,-17.28756754452936
IFT57,non-target,17.574703543518293
IFT80,non-target,-8.41982160706244
IFT88,non-target,-0.1282763767878876
IFTAP,non-target,-6.217563977297334
IGF1R,approved,27.78739155319559
IGF2BP3,non-target,4.375387150153145
IGF2R,non-target,15.231897688870808
IGFBP2,non-target,0.0099553025335848
IGFBP3,non-target,1.3146892059731516
IGFBP4,non-target,43.494171475700675
IGFLR1,non-target,149.98487135879893
IGHM,non-target,21.129441829642975
IGIP,non-target,12.130421791304016
IGSF3,non-target,2.831775177161374
IGSF8,non-target,-2.545975243329492
IGSF9B,non-target,54.93448251528599
IKBIP,non-target,-15.737295431844842
IKBKB,in-trial,-8.429163279500594
IKBKE,non-target,41.97419120969837
IKZF1,non-target,-7.570890605341069
IKZF2,non-target,21.505398621526684
IKZF3,non-target,15.903928737929071
IKZF4,non-target,-6.118586319849672
IKZF5,non-target,-29.625420258427145
IL10,non-target,59.11858621794556
IL10RA,non-target,70.78778093411734
IL10RB,in-trial,6.06236336841135
IL11RA,in-trial,12.445254746474882
IL12A,approved,-1.5863854288436798
IL12RB1,non-target,21.363805718515895
IL12RB2,non-target,-0.2125577154933502
IL13,approved,12.45792338964936
IL15,in-trial,20.499435224616473
IL15RA,in-trial,-8.072632843305437
IL16,non-target,68.36693265535307
IL17F,approved,-12.961920213013336
IL17RA,approved,33.226806662357156
IL17RB,non-target,16.319919987962948
IL18BP,non-target,-10.715091672267077
IL18R1,in-trial,42.719586310277805
IL18RAP,in-trial,58.20628339846181
IL1R1,approved,-0.2729290623399099
IL1RAP,approved,36.77193042730205
IL1RN,non-target,42.80509372100298
IL2,non-target,104.3396676409355
IL21,in-trial,21.883706553519897
IL21R,non-target,49.52400651924012
IL22,in-trial,123.66075148557267
IL23A,approved,63.083302915785715
IL23R,non-target,21.09050400057151
IL24,non-target,28.634229980009437
IL26,non-target,15.310960179504365
IL27RA,non-target,30.564247972063725
IL2RA,approved,-25.54169187718478
IL2RB,approved,-4.366523850485383
IL3,non-target,140.75311707691495
IL31RA,approved,7.094628215090313
IL32,non-target,-185.3333315779597
IL3RA,approved,76.97665016423386
IL4,in-trial,67.16331675776637
IL4I1,non-target,87.22410570218108
IL4R,approved,20.753796899848982
IL5,approved,130.23091721988126
IL6,approved,17.92548547012625
IL6R,approved,15.404534007170955
IL6ST,approved,30.186374153774295
IL7,non-target,9.947066977685555
IL7R,non-target,55.84170245758721
IL9R,non-target,24.939868867408126
ILDR1,non-target,6.945325403851078
ILDR2,non-target,-2.523209700884781
ILF2,non-target,34.8303531291476
ILF3,non-target,-8.79092507467549
ILK,non-target,15.011467772185432
ILKAP,non-target,-39.713434759102874
ILRUN,non-target,-16.718962208493405
HACL2,non-target,-21.7545142401913
IMMP1L,non-target,-24.41720441793313
IMMP2L,non-target,10.756462053779728
IMMT,non-target,-20.02594401068559
IMP4,non-target,37.280947564465286
IMPA1,in-trial,-14.810681115048078
IMPA2,non-target,16.470211962215508
IMPACT,non-target,17.044620152334684
IMPDH1,approved,-18.534255400081467
IMPDH2,approved,70.57992697165656
INAFM1,non-target,-8.947810153162022
INAFM2,non-target,-3.090488569011423
INCA1,non-target,-5.488393131673416
INCENP,non-target,9.43328393673553
INF2,non-target,-17.786792904414952
ING1,non-target,-22.15084318365038
ING2,non-target,-22.646549075676074
ING3,non-target,-21.300838653275452
ING4,non-target,13.89206432882875
ING5,non-target,-14.060004586995843
INIP,non-target,-41.514621840142034
INO80,non-target,-13.814999905443564
INO80B,non-target,-1.1526308125070674
INO80C,non-target,-12.745988305164309
INO80D,non-target,-22.01281209409434
INO80E,non-target,-37.546445880574176
INPP1,non-target,13.328100591343269
INPP4A,non-target,47.11591763858618
INPP4B,non-target,-7.412875820859874
INPP5A,non-target,29.018655516238287
INPP5B,non-target,-7.22522662938606
INPP5D,in-trial,6.254468360157948
INPP5E,non-target,-8.23775754267554
INPP5F,non-target,30.540854827964512
INPP5K,non-target,-3.3696993932175707
INPPL1,non-target,-3.0623492109437387
INSIG1,non-target,79.26712909499379
INSIG2,non-target,-10.488084506392395
INSL3,non-target,6.9915738678886825
INSM1,non-target,18.58355605494976
INSR,approved,-1.14109527272572
INTS10,non-target,-36.06382829712047
INTS11,non-target,-50.51388309810835
INTS12,non-target,-34.628011668919015
INTS13,non-target,-25.049583422804037
INTS14,non-target,-35.87293774627409
INTS2,non-target,-42.988494810358134
INTS6,non-target,-23.59384039458904
INTS6L,non-target,-6.904616313482012
INTS7,non-target,-8.731553266524179
INTS8,non-target,-38.165867412068145
INVS,non-target,-25.916271381625577
IP6K2,non-target,-7.675994883520464
IPCEF1,non-target,25.57077232660571
IPMK,non-target,-20.08597091578852
IPO11,non-target,10.865719985252026
IPO13,non-target,-29.55549568009943
IPO4,non-target,-12.247920519055286
IPO8,non-target,-42.1497840885865
IPO9,non-target,-19.729056416916052
IPP,non-target,-8.733232146651822
IPPK,non-target,-34.54516325481246
IQCB1,non-target,-18.15327130600407
IQCC,non-target,-19.21945718913606
IQCE,non-target,-10.186123478663268
DRC9,non-target,13.003064022336469
IQCN,non-target,21.47934617892584
IQGAP1,non-target,-33.799682685144354
IQGAP2,non-target,2.3758970807237367
IQGAP3,non-target,4.66907440160725
IQSEC1,non-target,22.39341524979338
IRAG2,non-target,95.88710384374048
IRAK1,approved,-1.7871094070462827
IRAK1BP1,non-target,-13.913689788874782
IRAK2,non-target,12.023953290641003
IRAK3,non-target,6.001744100281537
IRAK4,in-trial,-14.975982607686245
IREB2,non-target,-40.41100397725665
IRF1,non-target,30.152373586933223
IRF2,non-target,28.080363136765076
IRF2BP1,non-target,-26.056835547729506
IRF2BP2,non-target,0.3014848696892643
IRF2BPL,non-target,4.034718053150564
IRF3,non-target,-34.97580315846522
IRF4,non-target,-23.925751194094243
IRF5,non-target,6.4469283071035335
IRF6,non-target,-7.8608684455584354
IRF7,non-target,56.422113613438285
IRF8,non-target,59.38999538131731
IRF9,non-target,61.66086951147147
IRGM,non-target,-9.377939375759365
IRGQ,non-target,-15.130626998927196
IRS1,in-trial,17.630279035287373
IRS2,non-target,5.611989535618808
IRX3,non-target,24.18376771062872
IRX5,non-target,-3.159085155250405
ISCA1,non-target,-26.7043988316618
ISCA2,non-target,-28.51743713596234
ISCU,non-target,58.31120697493782
ISG15,non-target,61.359037700312136
ISG20,non-target,99.6582453377121
ISL2,non-target,14.700464262638013
ISOC1,non-target,-18.048756964859496
ISOC2,non-target,25.544091355880113
IST1,non-target,-33.524170879668766
ISY1,non-target,-56.58976944951785
ISYNA1,non-target,12.02894999670201
ITCH,non-target,-37.7145633933331
ITFG1,non-target,-0.286736558847456
ITFG2,non-target,-13.549333754653285
ITGA1,non-target,49.16077491540818
ITGA10,non-target,-8.12321321830566
ITGA2,in-trial,41.10268770270448
ITGA2B,non-target,-9.091302982634994
ITGA3,non-target,1.4038858785921124
ITGA4,approved,10.95619604111979
ITGA5,non-target,36.74201796258675
ITGA6,non-target,28.058418194012862
ITGA9,non-target,12.762099407881578
ITGAL,approved,46.89970943286597
ITGAM,non-target,47.581192723645984
ITGAV,in-trial,12.195734490363352
ITGAX,non-target,99.896231948433
ITGB1,approved,19.117141676896928
ITGB1BP1,non-target,21.77057225109822
ITGB1BP2,non-target,-12.475388340520515
ITGB2,approved,54.48378541345161
ITGB3,in-trial,4.769735347230667
ITGB3BP,non-target,2.713325691841547
ITGB5,in-trial,-4.587612660581897
ITGB7,approved,10.685252924531191
ITIH4,non-target,-8.6044358884373
ITK,in-trial,72.63026433103143
ITM2A,non-target,55.950698283466295
ITM2B,non-target,80.37401216138512
ITM2C,non-target,-13.946470145464268
ITPA,non-target,-20.625279488554735
ITPK1,non-target,-22.517141805888613
ITPKB,non-target,36.19400880261174
ITPKC,non-target,-5.5742857672342865
ITPR1,non-target,38.02428703248905
ITPR2,non-target,22.924645318853297
ITPR3,non-target,-32.394436395612736
ITPRID2,non-target,-14.86865676427047
ITPRIP,non-target,-14.378724672959844
ITPRIPL1,non-target,-8.40760238145227
ITPRIPL2,non-target,30.66135309149425
ITSN1,non-target,-3.464159052505051
ITSN2,non-target,-23.713296423908726
IVD,non-target,-17.157032402786808
IVNS1ABP,non-target,-9.53688427319572
IWS1,non-target,-50.99522487409289
IZUMO4,non-target,42.53354850715598
JADE1,non-target,-15.284932788928913
JADE2,non-target,-1.160760890023339
JAG1,non-target,-1.5792546721583698
JAGN1,non-target,-38.42052582097432
JAK2,approved,61.6292882433976
JAKMIP2,non-target,1.2301031508699791
JAM2,non-target,20.151575330892904
JAM3,non-target,8.550349072950508
JAML,non-target,73.65649947599236
JARID2,non-target,37.56202294214129
JAZF1,non-target,16.33116652549657
JCHAIN,non-target,-8.233391260886581
JDP2,non-target,-7.669080957113811
JHY,non-target,20.201976763951368
JKAMP,non-target,-24.51348576696981
JMJD1C,non-target,29.507472888468925
JMJD4,non-target,-9.005300019443355
JMJD6,non-target,-3.1156619337272957
JMJD8,non-target,-8.811633484839765
JMY,non-target,78.11709930909969
JOSD1,non-target,-13.118923075833758
JOSD2,non-target,-3.2199227280967997
JPH1,non-target,-12.152259645321903
JPT1,non-target,-13.608186045592603
JPT2,non-target,14.296084179970869
JRK,non-target,-29.78732076360522
JRKL,non-target,8.889195963874606
JTB,non-target,-6.850556917845675
JUN,non-target,66.24826790839785
JUNB,non-target,18.198892246006036
JUND,non-target,24.816087282420416
KANK1,non-target,-9.935856434894696
KANSL1,non-target,-11.26007091143694
KANSL1L,non-target,22.118554691986855
KANSL3,non-target,-20.427454445835668
KAT14,non-target,-26.52482479611686
KAT2A,non-target,-11.75445357232292
KAT2B,non-target,40.60276491673665
KAT5,non-target,-26.51195453515956
KAT6A,non-target,-9.598186226851288
KAT6B,non-target,13.756128277124786
KAT7,non-target,-21.31892321920063
KAT8,non-target,-25.753802161236205
KATNA1,non-target,-27.544820751262865
KATNAL1,non-target,3.989351625822127
KATNAL2,non-target,-9.680415476473916
KATNB1,non-target,-26.333851125615123
KATNBL1,non-target,-28.498581233116543
KATNIP,non-target,-14.939717636559948
KBTBD11,non-target,32.163347165809675
KBTBD2,non-target,-11.3411453075082
KBTBD3,non-target,-7.505084808947221
KBTBD6,non-target,-22.765733760049137
KBTBD7,non-target,-9.992790738698938
KBTBD8,non-target,-0.2816713570466831
KCMF1,non-target,-46.05174363970435
KCNA2,approved,5.096785993744692
KCNA3,approved,27.113182684930972
KCNAB2,non-target,4.07272450543753
KCNAB3,non-target,-12.85405967248091
KCNC3,approved,6.502793918638418
KCNC4,approved,12.21765649516267
KCND1,approved,-7.111223141774633
KCNG1,approved,1.4019211744492182
KCNG3,approved,-6.575931646981803
KCNH4,approved,-2.4028331297712824
KCNIP2,non-target,-13.006564163199094
KCNJ14,non-target,-14.660264020442318
KCNK1,non-target,4.392033633851571
KCNK12,non-target,-6.292495314870291
KCNK5,non-target,12.968583784683714
KCNK6,non-target,-0.2884679972544101
KCNMB3,non-target,4.869260464484269
KCNMB4,non-target,-8.636693297459402
KCNN4,in-trial,14.50459028926747
KCNQ1,approved,7.020066146421537
KCNQ3,approved,0.6436218889459419
KCNQ5,approved,20.819971731491485
KCTD10,non-target,-33.697308009034394
KCTD11,non-target,-3.8771252182383527
KCTD12,non-target,12.662896523659947
KCTD13,non-target,-1.1031459415765308
KCTD15,non-target,25.633836921037275
KCTD17,non-target,-2.5456168903508307
KCTD18,non-target,-14.904290841081547
KCTD2,non-target,-17.889990621571535
KCTD20,non-target,-29.496559162710387
KCTD21,non-target,-2.9533718891487255
KCTD3,non-target,0.1639812409589396
KCTD5,non-target,-28.95838202091978
KCTD6,non-target,-14.53509560079786
KCTD9,non-target,-20.900103497514877
KDELR1,non-target,-5.75996630067858
KDELR2,non-target,-17.349492171130034
KDELR3,non-target,-1.8802650672293435
KDM1A,in-trial,-18.52136760591239
KDM1B,non-target,-5.921771265130474
KDM2A,non-target,-5.20891951219176
KDM2B,non-target,0.3373894662670267
KDM3A,non-target,62.877112542973975
KDM3B,non-target,-27.42063904873804
KDM4A,non-target,-19.46570082777779
KDM4B,non-target,38.5796085847905
KDM4C,non-target,12.797256097746237
KDM5A,non-target,-24.022990812036543
KDM5B,non-target,50.17837637127221
KDM5C,non-target,-8.475524643419513
KDM5D,non-target,-21.367954332024254
KDM6A,non-target,6.235142062842428
KDM6B,non-target,58.10492990604593
KDM7A,non-target,16.543545541411262
KDM8,non-target,-17.738381029850316
KDSR,non-target,9.066211625787384
KEAP1,approved,-35.250838490631516
KHDC4,non-target,-27.12922948895347
KHDRBS1,non-target,-34.5086426618878
KHK,non-target,-5.356502413181246
KHNYN,non-target,1.5562567812683874
KHSRP,non-target,2.6357397996532277
KIAA0040,non-target,-3.408999092740717
BLTP2,non-target,-13.650813266974628
KIAA0232,non-target,-20.401681150265635
KIAA0319L,non-target,30.239750599690694
KIAA0408,non-target,38.14551238342053
KIAA0513,non-target,5.134116095192361
KIAA0586,non-target,-8.628395623415898
KIAA0753,non-target,-21.590984353525705
KIAA0825,non-target,19.000562374227144
MATCAP2,non-target,-6.675422362649452
MATCAP1,non-target,-9.623745867302164
KIAA0930,non-target,10.718035492902189
BLTP1,non-target,-0.7747820185581537
KIAA1143,non-target,-17.01624531916956
KIAA1191,non-target,-22.019062155298226
KIAA1217,non-target,37.82650832359621
KIAA1328,non-target,-19.95586395161035
KIAA1586,non-target,-24.64499730658373
KIAA1671,non-target,24.484322048799218
KIAA2013,non-target,-27.18325997721449
BRD10,non-target,19.659568632519083
KICS2,non-target,-3.6554778719863186
KIDINS220,non-target,-16.353008945631558
KIF11,in-trial,22.75954958599324
KIF13B,non-target,37.24920022816982
KIF14,non-target,-0.5922531978356981
KIF15,non-target,2.421058456196301
KIF16B,non-target,22.934019008708727
KIF18A,non-target,-14.437276362962947
KIF18B,non-target,-0.571532276154862
KIF1B,non-target,23.61750919598775
KIF1C,non-target,-18.833212602051223
KIF20A,non-target,2.3146711875153394
KIF20B,non-target,-3.90808509522887
KIF21A,non-target,-13.935349005908414
KIF21B,non-target,54.37136742685084
KIF22,non-target,11.109062219929967
KIF23,non-target,6.7521061091395
KIF26A,non-target,-1.4421160192260645
KIF27,non-target,-12.589289517705495
KIF2A,non-target,3.949874004823736
KIF2C,non-target,19.546903918108963
KIF3A,non-target,10.117115208727098
KIF3B,non-target,8.761644869973543
KIF3C,non-target,-2.3988260259471352
KIF4A,non-target,1.132118296826545
KIF5B,in-trial,-34.0929886862555
KIF5C,non-target,-2.8460199255038248
KIF7,non-target,12.514493574803444
KIF9,non-target,-13.555888131253624
KIFAP3,non-target,22.547412153791843
KIFBP,non-target,-1.189217630997656
KIFC1,non-target,19.69408951729477
KIFC2,non-target,17.991645951010316
KIRREL2,non-target,3.6744802388923623
KIZ,non-target,4.247843175825612
KL,non-target,-1.9045170151583657
KLC1,non-target,-36.417780594256506
KLC2,non-target,-11.314334052798218
KLC4,non-target,-14.004530879857375
KLF10,non-target,47.397023527183514
KLF11,non-target,-6.62053549766683
KLF12,non-target,29.70978078105095
KLF13,non-target,13.947579886839492
KLF16,non-target,-22.450143090315688
KLF2,non-target,63.87382665106168
KLF3,non-target,43.87546694485119
KLF5,non-target,21.9428450903347
KLF6,non-target,76.22828464627855
KLF7,non-target,16.921470844070132
KLF8,non-target,-3.3077587854295385
KLF9,non-target,23.903572489727285
KLHDC1,non-target,1.3716234389561268
KLHDC10,non-target,-32.07261718747126
KLHDC2,non-target,-2.347987881048269
KLHDC3,non-target,-33.51760033406493
KLHDC4,non-target,-22.43617391981471
KLHDC7B,non-target,47.93158093279833
KLHDC8B,non-target,-11.521980471927757
KLHL11,non-target,1.3778663853241906
KLHL12,non-target,-16.924126715564636
KLHL13,non-target,-10.829369510357225
KLHL15,non-target,-5.067771885389917
KLHL17,non-target,-16.421085845814023
KLHL18,non-target,-14.3628598401287
KLHL2,non-target,18.315827742035538
KLHL20,non-target,-20.58037116925347
KLHL21,non-target,-6.8265946538059525
KLHL22,non-target,11.000075724309196
KLHL23,non-target,4.944806452705196
KLHL24,non-target,91.67560065513646
KLHL25,non-target,-16.03983056067886
KLHL26,non-target,-26.96676907680973
KLHL28,non-target,4.004975697890612
KLHL29,non-target,-8.602708962339966
KLHL3,non-target,4.270186053168797
KLHL34,non-target,-7.83254621260749
KLHL36,non-target,1.0346240430953724
KLHL42,non-target,-4.098342482261958
KLHL5,non-target,10.422980241601428
KLHL6,non-target,-2.14264438189654
KLHL7,non-target,-24.118611536410913
KLHL8,non-target,-19.227255263459796
KLHL9,non-target,-10.133846194907148
KLK1,non-target,-1.143465817283504
KLKB1,non-target,-7.849750572339088
KLRB1,non-target,22.81264889271077
KLRC3,non-target,-10.826386160519414
KLRD1,non-target,-9.852194162789448
KLRG1,non-target,90.37396577500468
KLRK1,non-target,-18.7502233247369
KMT2A,in-trial,44.11141344075847
KMT2B,non-target,-11.479561906628694
KMT2C,non-target,20.50269499536157
KMT2E,non-target,66.5599016147636
KMT5A,non-target,-15.197476544159288
KMT5B,non-target,16.31405435279831
KMT5C,non-target,-9.450073259471118
KNL1,non-target,9.642613067154931
KNOP1,non-target,-13.391380619847771
KNSTRN,non-target,8.566286270568382
KNTC1,non-target,-5.357013722433185
KPNA1,non-target,-25.05038649995861
KPNA2,non-target,5.409465643172756
KPNA3,non-target,38.786308567076965
KPNA4,non-target,-12.48287840423526
KPNA5,non-target,-15.662378453939006
KPNA6,non-target,-40.88653278447526
KPTN,non-target,-14.65158496255446
KRAS,non-target,23.356164580740213
KRABD3,non-target,-12.532312143595597
KRABD2,non-target,11.958935445449676
KRABD4,non-target,-13.440049908169982
KRCC1,non-target,61.81175828193185
KRI1,non-target,-14.830314642652532
KRIT1,non-target,-41.986548009192674
KRR1,non-target,-10.122109147421543
KRT10,non-target,-19.227085084330795
KRT18,non-target,-1.79469536189002
KRTCAP2,non-target,-28.485859841134072
KRTCAP3,non-target,-4.675530913984801
KSR1,non-target,10.070831962176186
KTI12,non-target,-29.6962619774192
KTN1,non-target,-28.614039438717715
KXD1,non-target,18.370088332903645
KYAT1,non-target,-12.267006717906332
KYAT3,non-target,-12.091669541439742
L1CAM,non-target,31.871092388819296
L2HGDH,non-target,-23.925268703216386
L3HYPDH,non-target,-4.948672518384586
L3MBTL1,non-target,-5.519013784035625
L3MBTL2,non-target,-23.14655459880737
L3MBTL3,non-target,12.48418068285171
L3MBTL4,non-target,-1.5228499708242362
LACC1,non-target,32.72213123754908
LACTB,non-target,7.45803819376615
LACTB2,non-target,3.8253554477616114
LAG3,in-trial,15.852010213836556
LAGE3,non-target,-34.8033688059713
LAIR1,non-target,47.51091496673075
LAIR2,non-target,7.150759915639683
LAMB3,non-target,5.074953193066759
LAMP1,non-target,16.484945993219096
LAMP2,non-target,17.77143797718873
LAMP3,non-target,25.262544829339532
LAMTOR1,non-target,-17.804388129505796
LAMTOR2,non-target,-4.340020495941467
LAMTOR3,non-target,-46.71263071018861
LAMTOR4,non-target,-21.09321114437462
LAMTOR5,non-target,-40.91309067449688
LANCL1,non-target,-9.572092556247478
LANCL2,non-target,-1.4169963688493752
LANCL3,non-target,-13.669497526683104
LAP3,in-trial,-5.897048964709332
LAPTM4A,non-target,-12.03057093406682
LAPTM4B,non-target,-3.3372235422737027
LAPTM5,non-target,46.63290013471422
LARP1,non-target,-8.0267808827225
LARP1B,non-target,-13.689845387529578
LARP4,non-target,-12.181973756778158
LARP4B,non-target,-49.53079635551225
LARP7,non-target,-31.604257691459576
LARS1,non-target,-8.372465590848398
LARS2,non-target,-31.254050537809633
LASP1,non-target,23.4220058526235
LAT,non-target,3.617551386612245
LAT2,non-target,20.732008014074655
LATS1,non-target,-14.402874257213009
LATS2,non-target,14.187571934002408
LAX1,non-target,16.372182153704195
LAYN,non-target,-4.356413697900389
LBH,non-target,43.53338323319253
LBHD1,non-target,-6.333507659520412
LBR,non-target,6.322290092445162
LBX2,non-target,-8.830657742712578
LCAT,non-target,-6.275615883186127
LCK,approved,-4.436298276419309
LCLAT1,non-target,-8.609203950002966
LCMT1,non-target,-39.77578443613235
LCMT2,non-target,-15.72211994817507
LCOR,non-target,-27.900797161268553
LCORL,non-target,-15.48362097049294
LCP1,non-target,-17.729363700046747
LCP2,non-target,-3.403889930232135
LDAF1,non-target,-9.770609950683268
LDAH,non-target,-30.16584346410251
LDB1,non-target,-15.589835438363252
LDHB,non-target,-27.53314245773522
LDHC,non-target,-13.354821794948286
LDLR,non-target,21.634081234230667
LDLRAD4,non-target,44.649629120757474
LDLRAP1,non-target,18.262872773679565
LDOC1,non-target,-16.489002350203723
LEF1,non-target,29.004042826866723
LEMD2,non-target,-43.07086594823781
LEMD3,non-target,-22.0091638218376
LENG8,non-target,113.74061131921232
LENG9,non-target,-8.263507659451582
LEO1,non-target,-34.86951712654544
LEPR,in-trial,17.42290561204553
LEPROTL1,non-target,14.69183365135416
LETM1,non-target,-21.394299471477797
LETM2,non-target,-2.233648806490488
LETMD1,non-target,-16.128056661553043
LFNG,non-target,26.46424519300841
LGALS1,non-target,-22.359952614155883
LGALS3,in-trial,39.870015167351646
LGALS3BP,non-target,0.6918564999654239
LGALS4,non-target,-8.477807272223947
LGALS8,non-target,0.7993859178023021
LGALS9,non-target,14.403417311046397
LGALSL,non-target,-1.7314862265801487
LGMN,non-target,42.574375942424105
LHFPL6,non-target,13.007024252698304
LHPP,non-target,16.595275185809943
LIF,non-target,64.8879797291584
LIG1,non-target,18.22821013153256
LIG3,non-target,-28.237776964243693
LIG4,non-target,-10.332341793589164
LIMA1,non-target,58.19704503057403
LIMD1,non-target,-37.028651198831255
LIMD2,non-target,53.756499128497545
LIME1,non-target,10.129601094152214
LIMK1,non-target,6.717131162074068
LIMK2,non-target,-5.817506749121168
LIMS2,non-target,11.799345860688732
LIN37,non-target,-20.730237473242163
LIN52,non-target,-14.46908896738033
LIN54,non-target,-32.15416217743005
LIN7A,non-target,7.519743131559778
LIN7B,non-target,-3.454804695257223
LIN7C,non-target,-26.892290228641148
LIN9,non-target,-21.763430860685343
LINS1,non-target,15.864324790874411
LIPA,non-target,12.223809044715336
LIPC,non-target,-7.83965026907384
LIPE,non-target,-18.25411768372212
LIPT2,non-target,-11.794643243168688
LITAF,non-target,18.33834631000372
LIX1L,non-target,-1.2048815660532028
LLGL1,non-target,-9.678728856857562
LLGL2,non-target,1.6284079936549485
LLPH,non-target,-32.92126686305024
LMAN1,non-target,17.56877210298474
LMAN2,non-target,-11.680824181778666
LMAN2L,non-target,-8.935907593484073
LMBR1,non-target,-32.331671212223576
LMBR1L,non-target,5.126437598882795
LMBRD1,non-target,16.210906678967287
LMBRD2,non-target,-18.756941893590668
LMCD1,non-target,-16.548116209700904
LMF2,non-target,-7.622452928911783
LMLN,non-target,-5.036075934630748
LMNA,non-target,40.13934623929566
LMNB1,non-target,30.883638932246058
LMNB2,non-target,-0.3067916360397191
LMNTD2,non-target,-6.5697660311437795
LMO4,non-target,10.305465406287174
LMO7,non-target,17.206013582691067
LMTK2,non-target,-31.735482820288492
LMTK3,non-target,-1.1296693293078903
LNP1,non-target,-7.222397509538111
LNPEP,in-trial,42.54740733700444
LNPK,non-target,-2.5766478739218712
LNX2,non-target,-22.34646543365012
LONP2,non-target,-52.3566016786456
LONRF1,non-target,0.1363799895073345
LONRF2,non-target,4.6770654850218465
LONRF3,non-target,-4.490962329030317
LOXL1,non-target,-6.84470281527364
LOXL2,in-trial,3.0287933449202407
LPAR2,non-target,19.825485693150053
LPAR3,non-target,-0.947474832941642
LPAR5,non-target,-14.94034279260466
LPAR6,non-target,92.57299601407531
LPCAT1,non-target,31.823077809865335
LPCAT2,non-target,1.7330227046662194
LPCAT3,non-target,-6.343962793864821
LPCAT4,non-target,-5.314912205168338
LPGAT1,non-target,-12.79208336924964
LPIN1,non-target,0.326860694773084
LPIN2,non-target,28.90904469571531
LPXN,non-target,27.49056625759952
LRATD2,non-target,56.12130039653135
LRBA,non-target,4.165304317398707
LRCH1,non-target,-25.761281113418747
LRCH3,non-target,-1.0186487296949025
LRCH4,non-target,-13.890489092574873
LRFN3,non-target,-3.3242304669171596
LRFN4,non-target,-0.3635560433570456
LRIF1,non-target,46.90299792600617
LRIG1,non-target,12.753709613009429
LRIG2,non-target,-19.39503475269974
LRIG3,non-target,-1.7017718641713706
LRP10,non-target,22.099969947407327
LRP11,non-target,32.98384447520262
LRP12,non-target,-1.0550890665830213
LRP2BP,non-target,-4.7440135809512
LRP5,non-target,-5.7478864797061675
LRP8,non-target,17.957205144034713
LRPAP1,non-target,1.1982887136756275
LRPPRC,non-target,1.9072481304004991
LRR1,non-target,19.414435314468538
LRRC1,non-target,2.5052664354152867
LRRC20,non-target,-1.2336549714238576
LRRC23,non-target,-13.227961078354028
LRRC27,non-target,-1.1789922782205953
LRRC28,non-target,0.0811094073101514
LRRC32,non-target,24.029707934988483
LRRC34,non-target,-5.671616365425842
LRRC37A2,non-target,-9.15958467888915
LRRC37A3,non-target,-6.585882167111168
LRRC37B,non-target,15.368474180161945
LRRC39,non-target,-9.708637852454936
LRRC40,non-target,-37.81271222437602
LRRC41,non-target,20.00591743983593
LRRC42,non-target,-16.291749571768012
LRRC45,non-target,6.071636091225443
LRRC46,non-target,-9.244916788453368
LRRC47,non-target,-46.7261077702364
LRRC56,non-target,-8.569475290317905
LRRC57,non-target,-18.04828425409824
LRRC58,non-target,-20.90935044723206
LRRC59,non-target,92.8081597046336
LRRC61,non-target,-17.00486025558998
LRRC8A,non-target,-6.1017526467406595
LRRC8B,non-target,31.9404502968919
LRRC8C,non-target,4.34590119836344
LRRC8D,non-target,-9.86633625534025
LRRCC1,non-target,-1.8247519252976665
LRRFIP1,non-target,-31.364877778308053
LRRFIP2,non-target,9.41272631218971
LRRN3,non-target,0.1362303297701714
LRSAM1,non-target,-15.635786122626024
LRWD1,non-target,-21.23662481051849
LSG1,non-target,-24.503197116844945
LSM1,non-target,-26.45904965555553
LSM10,non-target,-22.031399733778382
LSM11,non-target,-20.258444292082498
LSM12,non-target,-36.72394439403073
LSM14A,non-target,-55.75703613269145
LSM14B,non-target,-37.08030777475684
LSM2,non-target,-7.89525697025364
LSM3,non-target,-23.247193590841817
LSM4,non-target,59.24850153990878
LSM5,non-target,19.737920551693747
LSM6,non-target,22.57979347460234
LSM7,non-target,-17.569675695989677
LSM8,non-target,-50.47844632694781
LSMEM1,non-target,-9.482502341964263
LSP1,non-target,-3.0961194026739354
LSR,non-target,20.8783287882426
LSS,non-target,31.92381366634524
LST1,non-target,50.50668646311838
LTA,in-trial,34.437196084210406
LTA4H,in-trial,-31.916380944349267
LTB,in-trial,-6.416391344484889
LTB4R,in-trial,-4.628555439561548
LTBP3,non-target,32.67749427104349
LTBP4,non-target,18.75747082853657
LTBR,non-target,-7.547022468404616
LTK,non-target,20.873624404712743
LTN1,non-target,-28.664050504676386
LTV1,non-target,39.545021083101894
LUC7L,non-target,-5.632668695465152
LUC7L2,non-target,-45.953438131267326
LUC7L3,non-target,1.846612532740707
LUZP1,non-target,-2.8562342487909187
LXN,non-target,6.803045232026574
LY6E,non-target,18.83227737963827
LY6G5B,non-target,-19.347649895758607
LY6G5C,non-target,-8.315111927703237
LY75,non-target,28.667980868491508
LY86,non-target,-5.113249799960017
LY9,non-target,53.66087205247103
LY96,non-target,33.63003124037892
LYAR,non-target,95.5347241534098
LYG1,non-target,-9.537036909405805
LYL1,non-target,1.6222300148255495
LYN,approved,1.4378317145879955
LYPD3,non-target,2.7116076670638596
LYPLA1,non-target,-24.155349680351502
LYPLA2,non-target,-34.556126134139966
LYPLAL1,non-target,-16.968162323625496
LYRM1,non-target,31.17665093992587
LYRM2,non-target,-27.73764706801262
LYRM4,non-target,-18.552754585142292
LYRM7,non-target,-18.408384437828506
LYRM9,non-target,23.00065027843253
LYSMD1,non-target,-11.864040406636784
LYSMD2,non-target,13.251073821639215
LYSMD3,non-target,-3.2126225826333688
LYSMD4,non-target,-12.23738498019855
LYST,non-target,62.8641881064205
LYZ,non-target,21.308471737795525
LZIC,non-target,-40.329619883797264
LZTFL1,non-target,19.3577033022211
LZTR1,non-target,-16.214493477135512
LZTS1,non-target,20.516664425283867
LZTS2,non-target,-5.2746944341676185
LZTS3,non-target,-3.582176057778202
M6PR,non-target,2.96108600137768
MACC1,non-target,-6.371584656588623
MACIR,non-target,-0.2655725640774425
MACO1,non-target,3.791497171639664
MACROD1,non-target,24.47895103401341
MACROH2A1,non-target,-14.777208116277018
MACROH2A2,non-target,3.4792466064575565
MAD1L1,non-target,29.318549661842212
MAD2L1,non-target,51.31691343149182
MAD2L1BP,non-target,-43.7436161268677
MAD2L2,non-target,-5.260589520887066
MADD,non-target,-18.743369390116
MAEA,non-target,-46.32285165452995
MAEL,non-target,-13.647412929913813
MAF,non-target,-30.75125581815355
MAF1,non-target,-27.776464752443232
MAFF,non-target,-0.0479237109643625
MAFG,non-target,-19.796112524572575
MAFK,non-target,-23.28520254488086
MAGED1,non-target,-9.216824133024248
MAGED2,non-target,29.36255570091417
MAGEE1,non-target,-10.621456596645436
MAGEF1,non-target,32.281075385081856
MAGEH1,non-target,-17.173702081564816
MAGI3,non-target,-5.004186206231527
MAGOH,non-target,-25.277634291832783
MAGOHB,non-target,-22.261434555672786
MAGT1,non-target,-9.715646700427405
MAIP1,non-target,-14.978555688040572
MAK16,non-target,41.754028913964895
MAL,non-target,53.639192109670354
MALSU1,non-target,9.328889333691572
MALT1,non-target,-28.438495263151538
MAML1,non-target,-30.006292301687765
MAML2,non-target,26.17074013765577
MAML3,non-target,35.620763693959084
MAMLD1,non-target,28.357487137047553
MAN1A1,non-target,13.305152967026208
MAN1A2,non-target,-24.815332294306955
MAN1B1,non-target,-4.001630539755925
MAN1C1,non-target,41.75422111764086
MAN2A1,non-target,-9.886889671374972
MAN2A2,non-target,59.69614725102422
MAN2B1,non-target,26.103986060002796
MAN2B2,non-target,10.320037572063807
MANBA,non-target,-2.2352797564419173
MANBAL,non-target,-28.96349145301148
MANEA,non-target,-41.43470810004528
MANEAL,non-target,-3.304908136499828
MANF,non-target,76.01403261521693
MANSC1,non-target,-3.201267762740543
MAP10,non-target,-5.366883578911575
MAP1A,non-target,36.61264946874719
MAP1LC3A,non-target,41.15671490564023
MAP1LC3B,non-target,46.24395086060329
MAP1S,non-target,-38.11182046330683
MAP2K1,in-trial,-10.67752626402654
MAP2K2,in-trial,-14.825850360823798
MAP2K3,non-target,4.467498859651026
MAP2K4,non-target,-25.351523097900195
MAP2K5,non-target,-4.453626080815535
MAP2K6,non-target,5.513848816989942
MAP3K1,in-trial,75.65723201809503
MAP3K10,non-target,-9.045365241452735
MAP3K11,non-target,-29.921224451517535
MAP3K12,non-target,12.060443095700776
MAP3K13,non-target,-10.85036651516701
MAP3K14,non-target,-7.924380279413963
MAP3K2,non-target,-28.854900158928036
MAP3K20,non-target,-9.44550038940043
MAP3K21,non-target,33.105408474676445
MAP3K3,non-target,4.3148020366952125
MAP3K4,non-target,-11.864605387399491
MAP3K5,non-target,-4.761415611213979
MAP3K6,non-target,-2.4069570940973417
MAP3K7,non-target,-45.81191050548379
MAP3K7CL,non-target,-16.505961227980126
MAP3K8,in-trial,19.547858250416244
MAP3K9,non-target,-6.374080747972784
MAP4,non-target,-1.4425305998406843
MAP4K1,non-target,22.843343004735072
MAP4K2,non-target,-33.23060157026518
MAP4K3,non-target,-13.39540505863802
MAP4K4,non-target,45.178747041098035
MAP4K5,non-target,-5.5833807584669986
MAP6D1,non-target,-7.718253266117998
MAP7,non-target,-4.33614885625751
MAP7D1,non-target,-11.476829273476469
MAP7D2,non-target,-10.71170847961177
MAP7D3,non-target,-17.406928564344884
MAP9,non-target,9.83954624587898
MAPK1,in-trial,2.6690656209718973
MAPK11,in-trial,27.338231585685246
MAPK12,non-target,14.989601661689534
MAPK13,non-target,18.82405962997307
MAPK14,in-trial,-47.37364703718762
MAPK1IP1L,non-target,-33.919837015953505
MAPK3,in-trial,-7.235476620582365
MAPK6,non-target,70.572277870413
MAPK7,non-target,-12.402227826740704
MAPK8,in-trial,14.537903497697078
MAPK8IP3,non-target,0.1655723571304316
MAPK9,in-trial,-25.861905822660862
MAPKAP1,non-target,-36.5094517237018
MAPKAPK2,non-target,3.902725838395932
MAPKAPK3,non-target,41.845063525409024
MAPKAPK5,in-trial,-29.376930117265477
MAPKBP1,non-target,-12.584985638486105
MAPRE1,non-target,-29.78874959539286
MAPRE2,non-target,39.81297659788112
MAPRE3,non-target,1.6660838416645636
MAPT,non-target,-11.63126934292968
MARCHF3,non-target,-5.512484138161138
MARCHF6,non-target,-15.348897731466655
MARCHF7,non-target,20.379549476066007
MARCHF8,non-target,36.33954419192943
MARCHF9,non-target,44.92358078817315
MARCKSL1,non-target,39.13129320479559
MARF1,non-target,-21.840892540250863
MARK2,non-target,-34.9873232257901
MARK3,non-target,-43.12431129744001
MARS1,non-target,26.88085441370198
MARS2,non-target,-18.17395836552332
MAST2,non-target,-9.20347442542375
MAST3,non-target,47.91256135810079
MAST4,non-target,28.38773250616375
MASTL,non-target,-14.90610792014109
MATK,non-target,41.66753456810723
MAU2,non-target,-26.16228850633297
MAVS,non-target,-18.275649175753102
MAX,non-target,-31.34209651392928
MAZ,non-target,-30.35324828200333
MB,non-target,11.540838174481609
MB21D2,non-target,0.9205022276144684
MBD1,non-target,-35.08030856724886
MBD2,non-target,10.21643622204985
MBD3,non-target,3.7281796663134776
MBD4,non-target,-51.05113351370085
MBD5,non-target,21.184252512958825
MBD6,non-target,-7.863331695364628
MBIP,non-target,-12.832633464266117
MBLAC2,non-target,-13.309778846102477
MBNL1,non-target,18.0509760451679
MBNL2,non-target,3.8797077042468664
MBNL3,non-target,-12.255656088152053
MBOAT1,non-target,5.725145844682156
MBOAT2,non-target,8.93436717558474
MBOAT7,non-target,37.08672318140423
MBTD1,non-target,-28.58318202071071
MBTPS1,non-target,-19.4099308825577
MC1R,in-trial,-2.55494567313141
MCAM,non-target,10.034918024934171
MCAT,non-target,-13.501886453792222
MCC,non-target,10.459515735147148
MCCC1,non-target,-19.308495832730124
MCCC2,non-target,-7.997295787066364
MCEE,non-target,-4.660146655556718
MCF2L2,non-target,16.99341130667487
MCFD2,non-target,-37.18604122721283
MCM10,non-target,22.595164108133165
MCM2,non-target,29.850358023721416
MCM3,non-target,20.80781155118669
MCM4,non-target,38.36894337619635
MCM5,non-target,10.940981252020649
MCM6,non-target,1.755413733179746
MCM7,non-target,35.239408006267844
MCM8,non-target,-1.893978119691483
MCM9,non-target,-22.522738601624052
MCMBP,non-target,6.003934283092195
MCOLN1,non-target,-13.691270192423389
MCOLN2,non-target,-14.821148821548974
MCOLN3,non-target,66.03980691522037
MCPH1,non-target,-43.80963983491481
MCRIP1,non-target,-4.647172486636388
MCRS1,non-target,-7.302644720750725
MCTP2,non-target,0.3600997829735159
MCTS1,non-target,-19.368198624881035
MCU,non-target,-18.1201416957123
MCUB,non-target,8.068444190079935
MCUR1,non-target,20.25769568719164
MDC1,non-target,-13.515168116179046
MDFIC,non-target,14.973536321550958
MDGA1,non-target,2.739436566678767
MDH1,non-target,-31.438807713927183
MDH2,non-target,-38.53703114583982
MDK,non-target,58.835799978542866
SAXO6,non-target,-6.9421555693929635
MDM2,in-trial,107.672850617351
MDM4,non-target,39.50233856993491
MDP1,non-target,4.285084443525366
ME1,non-target,-5.0121389287811615
ME2,non-target,17.010081752931217
ME3,non-target,-6.232988586029227
MEA1,non-target,-11.727768720687076
MEAF6,non-target,-26.98867303675116
MEAK7,non-target,35.19822839302083
MECP2,non-target,-0.679326968668633
MECR,non-target,-5.433427396615573
MED1,non-target,-33.41799010765664
MED10,non-target,-11.967084719351684
MED11,non-target,-17.46127805945005
MED12,non-target,21.477412167812883
MED12L,non-target,16.323243223904203
MED13,non-target,-28.268213180849155
MED13L,non-target,-6.39000862148859
MED14,non-target,-33.80116888300725
MED15,non-target,-19.08146073063347
MED16,non-target,-24.43641695848245
MED17,non-target,-49.079335720166455
MED18,non-target,-33.064763297619606
MED19,non-target,-32.36415554191074
MED20,non-target,-21.753205258769032
MED23,non-target,-12.477294434750954
MED24,non-target,-40.58159945161899
MED25,non-target,-33.036541174585345
MED28,non-target,-64.04531360941813
MED30,non-target,-13.422242456228952
MED4,non-target,-62.96583209583044
MED6,non-target,-51.42815628801886
MED7,non-target,-18.664113025019017
MED8,non-target,1.2374860143113864
MEF2A,non-target,-14.815001114277768
MEF2D,non-target,45.861936139434455
MEGF6,non-target,10.613030868103982
MEGF8,non-target,-6.4673126090558695
MEGF9,non-target,-13.928631406230268
MEIS1,non-target,-5.512698341037229
MELK,non-target,18.517030018102773
MEN1,in-trial,-26.701478418981377
MEPCE,non-target,-0.858550176117357
MERTK,in-trial,-1.3009065793649883
MESD,non-target,-28.76601628140872
MESP1,non-target,-10.867317054166172
MEST,non-target,25.93505677311259
MET,in-trial,4.049735512569087
METAP1D,in-trial,-13.21890095286576
METAP2,in-trial,-11.942259505067875
METRN,non-target,25.06968130155248
METRNL,non-target,72.78734571627557
METTL1,non-target,17.874120664875743
METTL13,non-target,-47.07946119661434
METTL14,non-target,-26.596464015725747
METTL15,non-target,-27.131534847836964
METTL17,non-target,-37.00082409237951
METTL18,non-target,-36.11271095635417
METTL21A,non-target,-14.856715898315448
METTL22,non-target,-28.08701902596793
METTL23,non-target,3.9322285285636127
METTL25,non-target,-18.876315147532768
METTL25B,non-target,-18.18937241826409
METTL26,non-target,-21.88675346175275
METTL27,non-target,-11.373319727641372
METTL2A,non-target,-10.768688313674817
METTL3,non-target,-45.0507982982063
METTL4,non-target,-30.09097706417207
METTL5,non-target,33.09039550993467
TMT1A,non-target,7.133548070204953
METTL8,non-target,-10.114505605348612
METTL9,non-target,-33.34629448016886
MEX3C,non-target,-19.84579277016963
MEX3D,non-target,-0.349519155336593
MFAP3,non-target,-19.44069227722372
MFAP3L,non-target,-5.915889375501199
MFF,non-target,-59.55677926859482
MFGE8,non-target,31.5286372813281
MFHAS1,non-target,-12.812989955767645
MFN1,non-target,-26.072498725163097
MFN2,non-target,-32.721516324288764
MFNG,non-target,21.631701598334313
MFSD1,non-target,4.833083776359897
SLC75A1,non-target,15.090611299530453
MFSD11,non-target,-2.6802274764259857
MFSD12,non-target,-20.70437081938997
SLC68A1,non-target,-10.961031329645309
SLC71A1,non-target,-30.080412088535727
SLC71A2,non-target,-35.212627363874
MFSD2A,non-target,19.299967762102145
SLC33A2,non-target,-1.6541386656614725
SLC60A1,non-target,-3.5505072983660457
SLC60A2,non-target,-21.595339526101572
SLC61A1,non-target,-24.503416883650868
MFSD6,non-target,-4.293963024102577
MFSD8,non-target,-23.399034582826364
SLC67A2,non-target,-27.25693337501788
MGA,non-target,-20.188720685233292
MGAT1,non-target,-5.917739716879107
MGAT2,non-target,21.41838851260458
MGAT4A,non-target,40.46039228761911
MGAT4B,non-target,16.956054613436866
MGAT5,non-target,5.682958720808455
MGLL,in-trial,8.565627468269687
MGME1,non-target,-21.960022403820588
MGMT,non-target,-11.379204791988355
MGRN1,non-target,-26.68437676893065
MGST1,non-target,-20.42661789737242
MGST2,non-target,-15.181830323411296
MGST3,non-target,59.66154969523044
MIA,non-target,-7.927058090228229
MIA2,non-target,-9.068788554358344
MIA3,non-target,-11.524599919077431
MIB1,non-target,12.493256873310267
MIB2,non-target,5.096999909758346
MICA,non-target,-1.0397685872950646
MICAL1,non-target,48.97692417909699
MICAL2,non-target,60.89040650488841
MICAL3,non-target,-14.454264607551885
MICALL1,non-target,-10.865890651100932
MICB,non-target,-23.491506487722365
MICOS10,non-target,39.178479589264086
MICOS13,non-target,-22.38925471446124
MICU1,non-target,14.812275418955082
MICU2,non-target,19.69591611041679
MICU3,non-target,-7.274901652268551
MID1IP1,non-target,28.340661689536663
MID2,non-target,6.741363259280564
MIDEAS,non-target,-7.316914496726459
MIDN,non-target,1.5940016481048065
MIEF1,non-target,-26.67340090102713
MIEF2,non-target,-8.240031625146848
MIEN1,non-target,-5.648547664394958
MIER1,non-target,-37.21066346101816
MIER2,non-target,-15.65338883375468
MIER3,non-target,-6.89315186555731
MIF,approved,8.977672056418887
MIF4GD,non-target,-9.52698151761938
MIGA1,non-target,-24.190030570624987
MIGA2,non-target,-25.961042057501867
MIIP,non-target,7.832045488447906
MINDY1,non-target,21.43602434607062
MINDY2,non-target,4.194088523754109
MINDY3,non-target,-4.882061791031781
MINK1,non-target,37.08554620587806
MINPP1,non-target,4.524283342741863
MIOS,non-target,-18.082739829679905
MIPEP,non-target,-12.16294245876311
MIS18A,non-target,23.36451574541269
MIS18BP1,non-target,-22.231022057723155
MITD1,non-target,-22.78865064649536
MIX23,non-target,4.908692953929582
MKI67,non-target,16.908696561018075
MKLN1,non-target,34.63952541823494
MKNK1,in-trial,29.521037026675486
MKNK2,in-trial,36.24002963318542
MKRN1,non-target,-1.8443018632343733
MKRN2,non-target,-30.32646756036354
MKRN3,non-target,-11.070581794509932
MKS1,non-target,-18.00270065264907
MLC1,non-target,2.2837123015404894
MLEC,non-target,24.01651272303252
MLF1,non-target,-1.4620268495980635
MLF2,non-target,-27.96748807429259
MLH1,non-target,-1.0698572776392108
MLH3,non-target,-19.42197321980077
MLKL,non-target,7.50474538798674
MLLT1,non-target,-14.912466884564711
MLLT10,non-target,-27.454681477887068
MLLT11,non-target,45.19829669714403
MLLT3,non-target,28.07078484122083
MLLT6,non-target,1.993113631431631
MLST8,in-trial,27.52220315906525
MLX,non-target,-24.48074080732927
MLXIP,non-target,-23.70261650877028
MLYCD,non-target,-18.879111713541356
MMAA,non-target,-23.31227555084349
MMAB,non-target,12.328787426077383
MMACHC,non-target,-13.682621655024592
MMADHC,non-target,-21.439325697051732
MMD,non-target,20.60306709005692
MMGT1,non-target,-30.19272713291534
MMP25,non-target,32.923755498826274
MMS22L,non-target,-15.00877530167647
MMUT,non-target,-19.427554513478253
MNAT1,non-target,-32.19110289348762
MND1,non-target,21.49135843747942
MOAP1,non-target,4.115786026775417
MOB1A,non-target,-26.242700573419555
MOB1B,non-target,-14.745040237615171
MOB2,non-target,-15.333063765694469
MOB3A,non-target,24.849035042244054
MOB3B,non-target,4.29734622021116
MOB3C,non-target,1.3112265018044116
MOB4,non-target,-53.56334601203729
MOCS2,non-target,10.303595629608452
MOCS3,non-target,-23.702674943038456
MOGS,non-target,-30.449440593583507
MOK,non-target,-21.342192090017676
MON1A,non-target,-29.93821142849818
MON1B,non-target,-36.61951090997133
MON2,non-target,-19.052595091865584
MORC2,non-target,12.5124729937787
MORC3,non-target,21.485874418649576
MORC4,non-target,-7.899717893208048
MORF4L1,non-target,-29.93332229998494
MORF4L2,non-target,-11.393340106981588
MORN2,non-target,12.11585943647634
MORN3,non-target,1.1583245292566282
MORN4,non-target,1.8890828743969148
MOSMO,non-target,-16.88401048612407
MOSPD1,non-target,-20.41647498621092
MOSPD2,non-target,-24.575429775365176
MOSPD3,non-target,20.37494798421077
MOV10,non-target,40.1852694988208
MPC1,non-target,-0.3044059759876063
MPC2,non-target,-19.76370013093948
MPDU1,non-target,25.511540927338675
MPG,non-target,-38.24995665092131
MPHOSPH6,non-target,-7.755555813603436
MPHOSPH8,non-target,-39.65781509620454
MPHOSPH9,non-target,3.6031630081064825
MPI,non-target,12.01286968010084
MPLKIP,non-target,-24.805861042621032
MPND,non-target,-17.616900113744617
MPP1,non-target,-5.700786710788537
MPP7,non-target,5.537472565524205
MPPE1,non-target,-18.53193983296408
MPRIP,non-target,-33.575105502124934
MPST,non-target,5.65395440694753
MPV17,non-target,-12.571869522811513
MPV17L,non-target,-8.18747160191517
MPV17L2,non-target,-13.400558041636494
MPZ,non-target,-0.7875920260864646
MPZL1,non-target,-17.753367331260527
MPZL2,non-target,15.424602287841664
MPZL3,non-target,16.433798606622698
MRC2,non-target,55.085813727220675
MRE11,non-target,-31.202818605368495
MREG,non-target,30.01527807509436
MRFAP1,non-target,-13.760109986532123
MRFAP1L1,non-target,-24.965489554052425
MRGBP,non-target,-22.35750711839401
MRI1,non-target,-31.708076214200563
MRM1,non-target,-0.0517628785108594
MRM2,non-target,-23.385440243478342
MRM3,non-target,-27.24277526326655
MRNIP,non-target,-5.234610353019154
MROH6,non-target,-6.0703871052069855
MRRF,non-target,9.43314966712527
MRS2,non-target,-21.190054553238483
MRTFA,non-target,-17.766953945076626
MRTFB,non-target,5.22977066347226
MSANTD1,non-target,-10.537173480791028
MSANTD2,non-target,-17.9734152578098
MSANTD3,non-target,-6.756731741739462
MSANTD4,non-target,-21.728583823395628
MSC,non-target,31.461969100792626
MSH2,non-target,-8.906530915943046
MSH3,non-target,-36.410105103303614
MSH5,non-target,-8.00599118756598
MSH6,non-target,-6.914046311552653
MSI2,non-target,6.9718678329666135
MSL1,non-target,-23.04377981930344
MSL2,non-target,-8.858044533941134
MSL3,non-target,-20.698672548576003
MSMO1,non-target,47.21496123419911
MSN,non-target,-62.178852864368594
MSRA,non-target,10.722308141261756
MSRB1,non-target,7.896576688930355
MSRB2,non-target,42.04218080049381
MSS51,non-target,-18.190033166734427
MST1,non-target,-3.2764407823401
MSTO1,non-target,10.247874212846854
MT1E,non-target,-5.446005790272179
MT1F,non-target,7.662958803967085
MT1G,non-target,-1.5091995229400517
MT1H,non-target,-4.219131551631927
MT1X,non-target,43.413312067247205
MT2A,non-target,31.038040917990415
MTA1,non-target,-10.96197276260177
MTA2,non-target,-7.9126953993284275
MTA3,non-target,-1.3123893124236023
MTAP,non-target,-5.226472892385395
MTBP,non-target,-14.948276847763903
MTCH1,non-target,-9.628191515565325
MTCH2,non-target,-35.0413746481133
MTCP1,non-target,-3.500492492737069
MTDH,non-target,34.091256279812995
MTERF1,non-target,-34.04886425528682
MTERF2,non-target,4.750608675192489
MTERF3,non-target,-21.509681909876235
MTERF4,non-target,-2.635315038720402
MTF1,non-target,-31.77072650187813
MTF2,non-target,-29.746948862806807
MTFMT,non-target,-24.50506262127168
MTFP1,non-target,-0.7580384912910153
MTFR1,non-target,-13.416386618275348
MTFR1L,non-target,-7.787631057836483
MTFR2,non-target,9.984518445629996
MTG1,non-target,-27.91390585388341
MTG2,non-target,-27.42301849299561
MTHFD1,non-target,31.61516777648103
MTHFD1L,non-target,62.44524645150191
MTHFD2,non-target,47.58162360550828
MTHFD2L,non-target,-13.464698679233209
MTHFR,non-target,2.041102337432541
MTHFS,non-target,-12.40715570568617
MTHFSD,non-target,-26.340579345083952
MTIF2,non-target,4.356221939826725
MTIF3,non-target,-23.735628119978184
MTM1,non-target,-12.999002276802775
MTMR1,non-target,-17.321569708778426
MTMR10,non-target,-7.270395182986867
MTMR11,non-target,-7.813923622508878
MTMR12,non-target,-39.67280366168138
MTMR14,non-target,-32.805190288677515
MTMR2,non-target,12.737894294332795
MTMR3,non-target,-12.960759551505092
MTMR4,non-target,-22.03019858029636
MTMR6,non-target,-36.89771904822085
MTMR8,non-target,-8.967451181477577
MTMR9,non-target,-28.49804891110655
MTO1,non-target,-23.45476126942154
MTOR,in-trial,-35.299327719220706
MTPAP,non-target,-32.33540439439409
MTPN,non-target,-33.5917174047596
MTR,non-target,-14.633311616627536
MTRES1,non-target,-23.810264223618997
MTREX,non-target,-26.615693910935377
MTRF1,non-target,-36.94813825878148
MTRF1L,non-target,-18.414218284183416
MTRFR,non-target,-28.78106198594311
MTRR,non-target,-5.19364044737906
MTSS1,non-target,51.24580865456079
MTSS2,non-target,-1.3628651275045562
MTURN,non-target,11.462434459371062
MTUS1,non-target,21.148483528225587
MTX1,non-target,-32.48493447825407
MTX2,non-target,8.579976139225904
MTX3,non-target,77.84360414555145
MUC1,in-trial,56.672169290484455
MUC20,non-target,11.280380859810942
MUL1,non-target,-35.095438061692654
MUS81,non-target,-22.44692298824313
MUSTN1,non-target,-14.28168529362675
MUTYH,non-target,-25.463248315883657
MVB12A,non-target,-29.5609224667908
MVB12B,non-target,80.79327140304103
MVD,non-target,47.7481728619475
MVP,non-target,32.624652883087684
MX1,non-target,72.90578294746943
MX2,non-target,30.202852730895575
MXD1,non-target,75.60984816800702
MXD3,non-target,5.814960042710799
MXD4,non-target,77.53733777885776
MXI1,non-target,59.27596297234508
MXRA7,non-target,13.396493202221912
MXRA8,non-target,-5.772274239477937
MYADM,non-target,5.935974673276583
MYB,non-target,33.06235810020584
MYBL1,non-target,12.510236878075364
MYBL2,non-target,54.4537182520196
MYC,non-target,59.06350462659833
MYCBP,non-target,17.433974137029907
MYCBP2,non-target,-21.23124108207995
MYCBPAP,non-target,-4.871412944026092
MYD88,non-target,9.750591411489248
MYDGF,non-target,17.280386494467553
MYEF2,non-target,-4.942291255168826
MYG1,non-target,9.226087868622502
MYH10,non-target,33.948120027598556
MYH3,non-target,-16.186875805936808
MYH9,non-target,6.198242480226919
MYL12A,non-target,56.20577635108615
MYL12B,non-target,-17.243081307866266
MYL5,non-target,3.2451415160089208
MYL6,non-target,28.67235292562627
MYL6B,non-target,1.7659466058634152
MYL9,non-target,3.08379581434259
MYLIP,non-target,16.09019853169796
MYNN,non-target,-26.42302660988239
MYO18A,non-target,0.8488691498123823
MYO18B,non-target,43.96822578978396
MYO19,non-target,-0.6348413275409156
MYO1B,non-target,66.44336026282708
MYO1C,non-target,40.888307922598194
MYO1D,non-target,32.857892272816024
MYO1E,non-target,1.3710700402756213
MYO1F,non-target,54.98675305911042
MYO1G,non-target,8.693849603764372
MYO3B,non-target,-1.869204054174326
MYO5A,non-target,16.19105424533792
MYO6,non-target,20.89222413824936
MYO9A,non-target,-8.968288275277944
MYOF,non-target,51.79107222601563
MYOM1,non-target,-4.744376065963552
MYOM2,non-target,-8.73502817079276
MYPOP,non-target,-14.507717594109574
MYRF,non-target,-10.214477921628797
MYSM1,non-target,-27.99374800087557
MZB1,non-target,38.077891819875525
MZF1,non-target,-15.418922489996165
MZT1,non-target,4.771789393454128
N4BP1,non-target,3.678505138717047
N4BP2,non-target,-2.6302082639957973
N4BP2L1,non-target,58.76787136184774
N4BP2L2,non-target,16.27424877169088
N4BP3,non-target,27.15818984693477
HEMK2,non-target,-10.573321512323124
NAA10,non-target,-21.294559764424022
NAA15,non-target,20.837517066513698
NAA16,non-target,-33.984952246874194
NAA20,non-target,13.313310704910773
NAA25,non-target,-18.892718948989195
NAA30,non-target,-50.043583411943025
NAA35,non-target,-37.055449862661504
NAA38,non-target,-2.7089489121476427
NAA40,non-target,-23.62721144232708
NAA60,non-target,-33.36194291542476
NAA80,non-target,-8.984302643394969
NAAA,non-target,-23.151867909263288
NAALADL1,non-target,-18.592046928652227
NAB1,non-target,2.381237723752591
NAB2,non-target,54.580829336264344
NABP1,non-target,25.638357367334695
NABP2,non-target,13.530260171218066
NACC1,non-target,10.305919884897662
NACC2,non-target,27.442075152952857
NADK,non-target,-16.46532872063122
NADK2,non-target,-19.12925923731588
NAF1,non-target,-8.281008505748707
NAGA,non-target,2.4429047135327813
NAGK,non-target,-2.8876728461044547
NAGLU,non-target,-12.201511896955816
NAGPA,non-target,-12.614806729654044
NAIF1,non-target,-30.84513290448947
NAMPT,in-trial,48.63692310773959
NANP,non-target,-25.009941986005497
NANS,non-target,1.6021134632120777
NAP1L2,non-target,-14.606343451222292
NAP1L3,non-target,-11.767987254619037
NAP1L4,non-target,19.63957291405919
NAP1L5,non-target,-10.880154978124772
NAPA,non-target,-6.847415436144634
NAPB,non-target,-7.736192212610933
NAPEPLD,non-target,-18.29659815988516
NAPG,non-target,-37.3527771066624
NAPRT,non-target,5.39973681655519
NAPSA,non-target,-6.449292988471374
NARF,non-target,31.85982229814776
NARS1,non-target,33.057811239866446
NARS2,non-target,-5.730684186263581
NASP,non-target,-11.763472716164614
NAT1,non-target,-21.89641347603826
NAT14,non-target,3.91575758062114
NAT9,non-target,-14.464001385629588
NATD1,non-target,18.677857156877845
NAV1,non-target,-4.812461120768908
NAXD,non-target,-14.298299703567771
NAXE,non-target,-7.73715561421804
NBAS,non-target,-24.819831803383497
NBEAL1,non-target,-3.591755566018373
NBEAL2,non-target,5.20757306280142
NBL1,non-target,40.09724384861058
NBN,non-target,-10.399831461031738
NBPF11,non-target,-10.433239105459744
NBPF20,non-target,-11.160834900178926
NBPF3,non-target,-10.625378047266596
NBR1,non-target,67.69241070251897
NCALD,non-target,10.03337194018746
NCAPD2,non-target,12.468008454654026
NCAPD3,non-target,6.575285887811854
NCAPG2,non-target,38.343610468321366
NCAPH,non-target,22.27840321361798
NCAPH2,non-target,-13.217300216074198
NCBP3,non-target,-48.4091771588835
NCDN,non-target,0.6781185776753086
NCEH1,non-target,10.106811289802732
NCF1,non-target,-5.834666189485756
NCF2,non-target,22.304989050904556
NCF4,non-target,22.99979861384264
NCK1,non-target,-37.817114972298945
NCK2,non-target,-12.216933728525268
NCKAP1,non-target,43.76206455173193
NCKAP1L,non-target,5.262557689113655
NCKAP5L,non-target,6.465931016124368
NCKIPSD,non-target,-0.2664803830105858
NCLN,non-target,8.013197177045129
NCOA1,non-target,24.453087944010907
NCOA2,non-target,19.390002579191226
NCOA3,non-target,20.263414482880947
NCOA4,non-target,-38.478287614793174
NCOA5,non-target,-7.451129803057403
NCOA6,non-target,-32.477821712667485
NCOA7,non-target,11.914346389901125
NCOR1,non-target,-25.640487103037884
NCOR2,non-target,10.646268524713363
NCR3,non-target,43.31632894154591
NCR3LG1,non-target,20.442876358500897
NCS1,non-target,38.58359757644322
NCSTN,in-trial,-1.2271830659744911
NDC1,non-target,45.94165894294593
NDC80,non-target,14.169898721278344
NDE1,non-target,-19.60395947817641
NDEL1,non-target,-32.56881870382242
NDFIP1,non-target,-9.90792404115792
NDFIP2,non-target,20.262575971600924
NDN,non-target,-14.630634623905816
NDOR1,non-target,-25.982352897112577
NDRG1,non-target,34.76654839414007
NDRG2,non-target,-0.6529810833746014
NDRG3,non-target,2.03557628067108
NDST1,non-target,6.488464123448395
NDST2,non-target,-19.046603175972308
NDUFA1,in-trial,-29.400271304010445
NDUFA10,in-trial,-48.87658751024202
NDUFA11,in-trial,-42.97622211873244
NDUFA12,in-trial,-19.787741771737657
NDUFA13,in-trial,-41.1330452469555
NDUFA2,in-trial,-19.94612169685376
NDUFA3,in-trial,-16.023570020592206
COXFA4,in-trial,-15.006926518006404
NDUFA5,in-trial,-24.41897823038809
NDUFA6,in-trial,-29.128542724434553
NDUFA7,in-trial,-18.596344207145872
NDUFA8,in-trial,-37.432148168785815
NDUFA9,in-trial,-35.79736296869593
NDUFAB1,in-trial,2.881297767753537
NDUFAF1,in-trial,-28.14929305819211
NDUFAF2,in-trial,5.3695570910401464
NDUFAF3,in-trial,15.371754445264244
NDUFAF4,in-trial,10.121380174183985
NDUFAF5,non-target,-26.553732710934323
NDUFAF6,non-target,-3.2425970584266115
NDUFAF7,non-target,-31.67235928688629
NDUFAF8,non-target,43.1742392293622
NDUFB1,in-trial,11.916634943896804
NDUFB10,in-trial,-35.51246067121969
NDUFB11,in-trial,-42.21215404466196
NDUFB2,in-trial,-21.668207005439612
NDUFB3,in-trial,5.439271464980592
NDUFB4,in-trial,-39.22740109248499
NDUFB5,in-trial,-20.667665877991748
NDUFB6,in-trial,-23.882344609744056
NDUFB7,in-trial,-39.88592082416621
NDUFB8,in-trial,-20.63372463463706
NDUFB9,in-trial,-27.18662249567358
NDUFC1,in-trial,-19.692200575225623
NDUFC2,in-trial,-32.38467277069764
NDUFS1,in-trial,-36.51747618620035
NDUFS2,in-trial,-30.40479915921009
NDUFS3,in-trial,-41.97752449274633
NDUFS4,in-trial,4.635923214413292
NDUFS5,in-trial,-33.75001622951586
NDUFS6,in-trial,-21.927761808900808
NDUFS7,in-trial,-30.200751392625687
NDUFS8,in-trial,-41.44388383432564
NDUFV1,in-trial,-33.66199307993566
NDUFV2,in-trial,-17.29750403820753
NDUFV3,in-trial,-20.548338116624834
NEB,non-target,-5.955286698454167
NECAB3,non-target,22.106191431106808
NECAP1,non-target,-17.29482944190366
NECAP2,non-target,20.055719572259676
NECTIN1,non-target,3.0618642043253312
NECTIN3,non-target,16.220955009608993
NEDD1,non-target,-22.90758316793424
NEDD4,non-target,9.785870309901735
NEDD4L,non-target,10.52676765847709
NEDD8,non-target,-37.684657302767725
NEDD9,non-target,9.822586697138512
NEFH,non-target,-21.89790558067088
NEIL1,non-target,11.11556180414349
NEIL2,non-target,-12.443367722850695
NEIL3,non-target,-1.573552224956859
NEK1,non-target,2.933764556835442
NEK10,non-target,-7.922602070561864
NEK11,non-target,-8.74393874045842
NEK2,non-target,9.13903216077018
NEK3,non-target,14.260123260914115
NEK4,non-target,-24.108184115602473
NEK6,non-target,42.0421702330558
NEK7,non-target,20.52217707307379
NEK8,non-target,-0.1436187499888059
NEK9,non-target,-6.032461996391379
NELFCD,non-target,-9.255108739872474
NELFE,non-target,-35.01155385113315
NELL2,non-target,26.466174182847453
NEMF,non-target,-35.05404379094572
NEMP1,non-target,25.755981518893837
NEMP2,non-target,1.9466639214112813
NENF,non-target,7.34460864515718
NEO1,non-target,25.75939133013748
NET1,non-target,-5.609209823768978
NETO2,non-target,8.571830462069949
NEU1,non-target,18.941272988737214
NEU3,non-target,-19.996201134369112
NEURL1,non-target,-13.519655980687771
NEURL4,non-target,-17.567423691710893
NEXN,non-target,-10.390518155547996
NF1,non-target,0.3381681487644723
NF2,non-target,-18.554328647365637
NFAT5,non-target,18.24824622251463
NFATC1,non-target,16.74746079157757
NFATC2,non-target,9.903451000803438
NFATC2IP,non-target,-25.951224864225622
NFATC3,non-target,-3.3249913429556552
NFE2L1,non-target,53.24228536641967
NFE2L2,in-trial,-23.19403125482585
NFE2L3,non-target,33.27801178483518
NFIA,non-target,0.6341099204740761
NFIC,non-target,2.7193123666221433
NFIL3,non-target,100.14256107957064
NFIX,non-target,-1.2104281287144067
NFKB1,non-target,-0.0375419505802625
NFKB2,non-target,11.153987938676716
NFKBIA,non-target,28.72506397159999
NFKBIB,non-target,-14.429663490585192
NFKBID,non-target,56.029921137814256
NFKBIL1,non-target,-14.779900447862202
NFKBIZ,non-target,51.01659617042672
NFRKB,non-target,-28.577916156051185
NFS1,non-target,-36.7595532301823
NFU1,non-target,12.092344909322088
NFX1,non-target,1.6688726664024311
NFXL1,non-target,-10.048214160886836
NFYB,non-target,-28.633140384573153
NFYC,non-target,-40.86629997638723
NGDN,non-target,-21.7266107942071
NGLY1,non-target,-27.032694100656396
NGRN,non-target,-21.016004039135144
NHEJ1,non-target,-11.831785451816652
NHLH1,non-target,-8.05909649660771
NHLRC2,non-target,-14.76863400104998
NHLRC3,non-target,-11.542282923768315
NIBAN1,non-target,34.59301081095207
NIBAN2,non-target,8.685337024086271
NID1,non-target,7.730484222718246
NID2,non-target,-6.50401200039537
NIF3L1,non-target,-27.949516738227786
NIN,non-target,-9.83423576590817
NINJ1,non-target,77.99334842675546
NINJ2,non-target,17.431496780057543
NIP7,non-target,12.89193386064561
NIPA1,non-target,30.68921809284381
NIPA2,non-target,18.779724011354347
NIPAL1,non-target,-8.877783204568594
NIPAL2,non-target,13.76661733543428
NIPAL3,non-target,-3.015533871186534
NIPAL4,non-target,4.023840275560411
NIPBL,non-target,-41.43936781259484
NIPSNAP1,non-target,-12.351254873983704
NIPSNAP2,non-target,-23.70501388731341
NIPSNAP3A,non-target,20.056590383419223
NISCH,non-target,-21.195551684299904
NIT1,non-target,-27.63017978609597
NIT2,non-target,-17.344662908712834
NKAP,non-target,-32.7142266658252
NKAPD1,non-target,-21.62998669980099
NKD1,non-target,-9.619641224848914
NKD2,non-target,4.718142972996687
NKG7,non-target,53.08931772220014
NKIRAS1,non-target,-7.387434736797773
NKIRAS2,non-target,-24.60595706230822
NKRF,non-target,-16.07039983400139
NKTR,non-target,-16.59071645224442
NKX3-1,non-target,-5.101987054666588
NLGN2,non-target,4.013564213225135
NLGN3,non-target,-6.355951755666698
NLK,non-target,-1.463276991278611
NLN,non-target,29.378773597761867
NLRC5,non-target,49.95716285650476
NLRP1,non-target,39.94326208150037
NLRP2,non-target,-40.58431185438478
NLRP6,non-target,12.264633347002167
NLRX1,non-target,-12.543790824319307
NMB,non-target,-5.3317952049227335
NME1,non-target,56.93121694854261
NME2,non-target,24.34714320957689
NME3,non-target,-2.7844649935418926
NME4,non-target,32.7640660220471
NME6,non-target,-41.069436908699295
NME7,non-target,36.76922200375849
NMI,non-target,-24.582777117940783
NMNAT3,non-target,-4.847128942077322
NMRAL1,non-target,-5.277180872916513
NMRK1,non-target,55.11057353567568
NMT1,non-target,-38.07965811656091
NMT2,non-target,47.3385315802671
NMU,non-target,10.040390643777435
NNT,non-target,-16.922075161738142
NOA1,non-target,-27.758330323284824
NOCT,non-target,-18.33330948484067
NOD1,non-target,-12.59991354848953
NOD2,non-target,13.420746361982069
NOL12,non-target,-29.33029025355377
NOL3,non-target,39.01820171662638
NOL4L,non-target,23.568418082519827
NOL7,non-target,-0.9310412264407214
NOLC1,non-target,35.076425839999466
NOM1,non-target,-18.84373537887552
NOMO1,non-target,-23.211396589627373
NONO,non-target,-27.000826789925338
NOP10,non-target,-27.132296426486665
NOP53,non-target,97.80428828698722
NOP9,non-target,-12.453965698985463
NOS3,in-trial,-10.485101707123532
NOSIP,non-target,-4.850291511668156
NOTCH1,non-target,-7.595494482917206
NOTCH2,non-target,3.0722233150740155
NPAS2,non-target,-10.61571633349792
NPC1,non-target,-9.50058695553076
NPC2,non-target,80.52708128745259
NPDC1,non-target,36.79651307189279
NPEPL1,in-trial,9.313552655539896
NPEPPS,in-trial,-19.73156759696445
NPHP3,non-target,-7.099605297434128
NPHP4,non-target,-18.60207809516998
NPIPB15,non-target,-15.824469010562124
NPL,non-target,7.076583439819768
NPLOC4,non-target,-47.65665602612214
NPM3,non-target,32.20244719894229
NPR2,in-trial,-11.21860463776848
NPRL2,non-target,-25.85921335413322
NPRL3,non-target,-23.492857557939903
NPTN,non-target,-10.750287521523887
NPTX1,non-target,93.65359061994786
NPTXR,non-target,-0.8532595925042917
NPW,non-target,1.0679824301931795
NQO1,non-target,110.9355802657212
NQO2,non-target,-12.429855534244991
NR1D1,non-target,20.858259606148717
NR1D2,non-target,40.34382934946894
NR1H2,in-trial,-31.27502096200843
NR1H3,in-trial,-13.178316226263687
NR2C1,non-target,-23.44086701399623
NR2C2,non-target,-10.364566131564246
NR2C2AP,non-target,-12.732622569757178
NR2F6,non-target,-14.496868715276344
NR3C1,approved,67.88970060050802
NR3C2,in-trial,16.2537898094719
NR4A1,non-target,58.32359000535149
NR4A2,non-target,70.50014242989263
NR4A3,non-target,52.07013062480966
NR6A1,non-target,-9.044662369663998
NRARP,non-target,2.389463613329134
NRAS,non-target,-17.137551839111296
NRBF2,non-target,-37.2980987922125
NRBP1,non-target,-10.707607200363976
NRBP2,non-target,23.487932114357093
NRDC,non-target,-17.47582664709098
NREP,non-target,4.042524582903141
NRF1,non-target,-41.80290281239451
NRGN,non-target,5.051202463230227
NRIP1,non-target,20.84483616996795
NRIP3,non-target,2.3212921142815497
NRM,non-target,7.16411756776791
NRN1,non-target,4.263881552375843
NRP1,non-target,16.67533892276526
NRP2,non-target,11.986297824864836
NRROS,non-target,7.466997684241822
NSA2,non-target,-41.18544548054349
NSD1,non-target,-48.199373826285374
NSD2,non-target,-24.97340237233719
NSD3,non-target,-23.243729071709804
NSDHL,non-target,-1.9679002285894924
NSF,non-target,32.764292984771714
NSFL1C,non-target,-41.830983127015394
NSG1,non-target,25.62991404041956
NSL1,non-target,-28.615739663939383
NSMAF,non-target,-19.613847610532225
NSMCE1,non-target,39.730356867096006
NSMCE2,non-target,-32.542758574665044
NSMCE3,non-target,-9.675770655403609
NSMCE4A,non-target,-4.416632422951025
NSMF,non-target,72.97091541235865
NSUN2,non-target,5.155808969952095
NSUN3,non-target,-32.12505366510703
NSUN4,non-target,-28.73897723481673
NSUN5,non-target,-25.944577686776903
NSUN6,non-target,-14.749058850447168
NT5C,non-target,-9.07979477058639
NT5C2,non-target,-11.29579563297012
NT5C3B,non-target,10.285259638081271
NT5DC1,non-target,4.036742385714126
NT5DC2,non-target,24.551949088618745
NT5DC3,non-target,4.204704731868051
NT5E,non-target,22.95455885952431
NT5M,non-target,5.452336703031982
NTAN1,non-target,13.2894117059548
NTAQ1,non-target,-22.922047573191353
NTHL1,non-target,2.679701640291152
NTMT1,non-target,-13.351725281371635
NTNG2,non-target,66.05729079589184
NTPCR,non-target,-25.854964601874578
NTRK1,approved,32.40344308042365
NTRK2,approved,27.29178920600731
NUAK2,non-target,13.65689782581939
NUB1,non-target,34.40082881426541
NUBP1,non-target,-13.240917123863378
NUBP2,non-target,-33.4363065158664
NUBPL,non-target,-5.394199096537721
NUCB1,non-target,28.17899273840941
NUCB2,non-target,115.16907017257591
NUCKS1,non-target,19.994131241549937
NUDC,non-target,50.75329821394155
NUDCD1,non-target,14.634700785770912
NUDCD2,non-target,-17.223584782888285
NUDCD3,non-target,-28.794621575860592
NUDT1,non-target,3.3819098561735976
NUDT11,non-target,-0.4862870140022999
NUDT12,non-target,1.2892919300113987
NUDT13,non-target,-13.10274934418876
NUDT14,non-target,19.50699867015843
NUDT15,non-target,-11.459009933937898
NUDT16,non-target,-0.6841072054564865
NUDT16L1,non-target,-18.28862529971054
NUDT17,non-target,-9.220683450240754
NUDT18,non-target,-10.222693456390836
NUDT19,non-target,-29.461651478774723
NUDT2,non-target,-41.36160370977961
NUDT21,non-target,-12.75164590042587
NUDT22,non-target,-21.669066281207236
NUDT3,non-target,-0.4614457013674003
NUDT5,non-target,-26.80869416078888
NUDT7,non-target,-1.3413010956211475
NUDT8,non-target,-5.943474172636956
NUDT9,non-target,-22.109716858864875
NUF2,non-target,15.650440561824794
NUFIP2,non-target,-45.82604880716152
NUGGC,non-target,20.45116690395935
NUMA1,non-target,4.886189049216701
NUMB,non-target,-14.46174960566398
NUMBL,non-target,-7.751456279556581
NUP107,non-target,-4.181287045748442
NUP133,non-target,-42.98254088824888
NUP153,non-target,-50.2305913350767
NUP188,non-target,0.5545250130923828
NUP205,non-target,-13.542524912684964
NUP210,non-target,10.579798157580283
NUP35,non-target,-22.49734462882929
NUP37,non-target,-8.019059252225214
NUP42,non-target,-31.51371666015025
NUP43,non-target,-29.227253402375055
NUP50,non-target,-61.43713493453034
NUP54,non-target,-36.52826734143339
NUP62CL,non-target,-12.786387623657967
NUP85,non-target,-24.576728321673357
NUP88,non-target,-12.37204161356855
NUP93,non-target,2.3571371776817984
NUP98,non-target,-50.9799584704542
NUS1,non-target,63.550217010611384
NUSAP1,non-target,30.129888453210047
NUTF2,non-target,-11.607963162454846
NXPE3,non-target,5.025512610298793
NXT1,non-target,-22.52771862339461
NXT2,non-target,-12.970811914767738
OAF,non-target,23.85842344897235
OARD1,non-target,-14.936033722334583
OAS1,non-target,55.87270428569616
OAS2,non-target,23.647684552629546
OAS3,non-target,65.56865116863673
OASL,non-target,82.53887704264234
OAT,non-target,-10.558323633726156
OAZ1,non-target,-45.218152383852406
OAZ2,non-target,-12.112837506371042
OAZ3,non-target,-10.618127818894209
OBI1,non-target,-30.937025689749216
OBSCN,non-target,35.06806368629708
OCEL1,non-target,-6.441757269691358
OCIAD1,non-target,-29.43791360829324
OCIAD2,non-target,-0.7543625523211167
ODAPH,non-target,21.017526837915643
ODC1,in-trial,88.54853593164692
ODF2,non-target,-26.276432996908344
ODF2L,non-target,-5.251104086504665
CIMAP1B,non-target,18.689879533599637
ODR4,non-target,-33.30073685024431
OFD1,non-target,-8.178628770880886
OGA,non-target,75.71125885178098
OGDH,non-target,-3.767248707597313
OGFOD1,non-target,-21.906462059707632
OGFOD2,non-target,-30.897195028083825
OGFOD3,non-target,-15.32457660197707
OGFR,non-target,-20.65235976234841
OGFRL1,non-target,-9.10156395884117
OGG1,non-target,-21.676561635489037
OGT,non-target,107.38478883149088
OIP5,non-target,12.992324978728352
OLA1,non-target,-6.892498931176358
OLIG3,non-target,-9.54962925201172
OMA1,non-target,-1.8659442613554045
OPA1,non-target,-33.00500450305569
OPA3,non-target,-26.488894575475545
OPLAH,non-target,-5.46578746209332
OPN3,non-target,8.976685808113402
OPTN,non-target,65.48287221373398
OR6C70,non-target,-12.385753833145856
OR7D2,non-target,-16.502943348289712
ORAI1,non-target,0.4102391192589228
ORAI2,non-target,19.303276122450175
ORAI3,non-target,12.543462651015725
ORC1,non-target,16.849421395992014
ORC2,non-target,-39.26307026278504
ORC3,non-target,-16.77588487010829
ORC4,non-target,-38.50985364101225
ORC5,non-target,-24.933364868789
ORC6,non-target,25.198664904977296
ORMDL1,non-target,-28.799037862687857
ORMDL2,non-target,18.0047223308709
ORMDL3,non-target,34.13216440761414
OS9,non-target,28.501085770364853
OSBP2,non-target,16.41845981683103
OSBPL10,non-target,19.18437462613257
OSBPL11,non-target,-34.935936348251765
OSBPL1A,non-target,-3.927293656309667
OSBPL2,non-target,-14.291802637499533
OSBPL3,non-target,13.929112350517924
OSBPL6,non-target,-1.8636252533540965
OSBPL7,non-target,-9.771952232041413
OSBPL8,non-target,-50.95044025174696
OSBPL9,non-target,-18.659507524236293
OSER1,non-target,-10.691426791046212
OSGEP,non-target,-25.34111348054545
OSGEPL1,non-target,-19.93939378591236
OSGIN2,non-target,-26.9362345787514
OSM,non-target,58.209756473066705
OST4,non-target,18.729660656777657
OSTC,non-target,13.090054686833758
OSTF1,non-target,19.939385246987857
OSTM1,non-target,11.717348579455011
OTOF,non-target,3.633121756277669
OTUB1,non-target,-48.16091739804606
OTUB2,non-target,19.032706778242908
OTUD1,non-target,14.611306666593874
OTUD3,non-target,-29.92745229717112
OTUD4,non-target,-29.15457582253993
OTUD5,non-target,-3.68329298871215
OTUD6B,non-target,-27.412903087582393
OTUD7B,non-target,7.836495806763672
OTULIN,non-target,-19.78028746434782
OTULINL,non-target,12.776633231270448
OVGP1,non-target,-10.447233320959487
OXA1L,non-target,-10.44718401608328
OXCT1,non-target,1.0706088529362592
OXLD1,non-target,1.248218399160334
OXNAD1,non-target,21.020264295616105
OXR1,non-target,-13.13436991992445
OXSM,non-target,-24.51256202139996
OXSR1,non-target,-34.053910344741645
P2RX4,non-target,18.202230581015275
P2RX5,non-target,35.02893509891112
P2RX7,in-trial,14.524512335957017
P2RY10,non-target,40.496933402081424
P2RY11,non-target,28.69254449712856
P2RY14,non-target,29.30827055640656
P2RY8,non-target,1.8748798016169228
P3H1,non-target,-25.031751056499942
P3H4,non-target,2.6610418665551605
P4HA1,non-target,46.95323184608281
P4HA2,non-target,28.859256452910348
P4HB,non-target,-12.842842428750432
P4HTM,non-target,-2.976864269148503
PA2G4,non-target,39.51046942563372
PAAF1,non-target,-20.752370507099556
PABIR1,non-target,7.025293032935569
PABIR2,non-target,-9.20462524010592
PABIR3,non-target,-9.631774768553784
PABPC1L,non-target,7.214919741681236
PABPC4,non-target,22.578211808700058
PACC1,non-target,-18.569531626885382
PACRGL,non-target,-18.3206364853836
PACS1,non-target,8.56903299475726
PACS2,non-target,-1.8080941653534215
PACSIN2,non-target,15.093040077578626
PACSIN3,non-target,29.686877956217348
PAF1,non-target,-44.406987976961354
PAFAH1B1,non-target,-48.73248828963074
PAFAH1B2,non-target,-32.04975137293528
PAFAH1B3,non-target,17.669386981237064
PAFAH2,non-target,-15.617256550896265
PAG1,non-target,36.03586832649992
PAGR1,non-target,9.960472249518972
PAICS,non-target,21.29862507367972
PAIP1,non-target,-30.0798140227255
PAIP2,non-target,-14.113499733965844
PAIP2B,non-target,-10.525433847014606
PAK1,non-target,17.28140508041882
PAK2,non-target,-50.470846268263166
PAK4,non-target,-17.66077674613126
PALLD,non-target,-13.56855999572788
PALM2AKAP2,non-target,-7.904277196714294
PALS1,non-target,-4.461008366688925
PALS2,non-target,1.9102691268067389
PAN2,non-target,-2.1632943900174744
PAN3,non-target,-29.064559442447408
PANK1,non-target,-14.058103046132224
PANK2,non-target,-22.74644452478527
PANK3,non-target,-12.850355410202209
PANK4,non-target,-11.846543410479796
PANX1,non-target,-19.762639766330537
PANX2,non-target,12.832213820951823
PAOX,non-target,0.8320112748090889
PAPOLA,non-target,-30.58396798420736
PAPOLG,non-target,-35.85519584787861
PAPSS1,non-target,-5.49094604559328
PAQR3,non-target,-28.13223853457447
PAQR4,non-target,-16.682378114788865
PAQR6,non-target,-10.783547339076918
PAQR7,non-target,-3.2180253508957333
PAQR8,non-target,16.72875305371554
PARD6A,non-target,-13.141811802380296
PARD6B,non-target,-11.55078512908696
PARD6G,non-target,11.295643103465292
PARK7,non-target,0.2712938029833367
PARL,non-target,-3.2756099189293715
PARN,non-target,-32.96594559162687
PARP1,in-trial,-24.23549857261472
PARP10,non-target,7.70018088419818
PARP11,non-target,6.8751501555405214
PARP12,non-target,41.46458909810793
PARP14,non-target,46.289146726221226
PARP15,non-target,41.51688053187156
PARP16,non-target,-0.1734859216329051
PARP2,in-trial,-17.218445327943503
PARP3,in-trial,-6.318457433895517
PARP4,non-target,6.423895731134362
PARP6,non-target,-8.39507659522355
PARP8,non-target,69.34184377983614
PARP9,non-target,40.729018176258165
PARPBP,non-target,-6.776433601009572
PARS2,non-target,-23.212003837597063
PARVB,non-target,6.3243541317139
PARVG,non-target,29.26210300055591
PASK,non-target,-13.90532137623076
PATJ,non-target,98.60362875976196
PATL1,non-target,-12.672659872931272
PATL2,non-target,56.21789945007606
PATZ1,non-target,-9.371647607451678
PAWR,non-target,-13.386842404165831
PAXIP1,non-target,-1.065598105425438
PAXX,non-target,-16.867668362238756
PBDC1,non-target,-39.70088136764331
PBK,non-target,39.87846980649133
PBLD,non-target,7.259902791814521
PBRM1,non-target,-29.406586479314967
PBX2,non-target,12.497085107765656
PBX3,non-target,4.200450867882594
PBX4,non-target,34.10469051146382
PBXIP1,non-target,70.18889076518562
PC,non-target,-4.298110821285796
PCBD1,non-target,17.285031885459123
PCBD2,non-target,-8.244983354505031
PCBP1,non-target,-43.53320501408394
PCBP2,non-target,-36.74355652312549
PCBP3,non-target,15.25862034190699
PCBP4,non-target,12.346383293363743
PCCA,non-target,18.38269170126239
PCCB,non-target,-8.297270006902089
PCDH12,non-target,-0.3555762362695797
PCED1B,non-target,43.457637316389224
PCGF1,non-target,-35.47318519424995
PCGF2,non-target,20.95684246550383
PCGF3,non-target,-18.76911325745168
PCGF5,non-target,44.55834174701465
PCGF6,non-target,-36.621344436790594
PCIF1,non-target,12.8142499233156
PCK2,non-target,76.57464427483953
PCLAF,non-target,53.868138451253486
PCM1,non-target,-11.098356884304335
PCMT1,non-target,-11.534904328657182
PCMTD1,non-target,97.3812229292479
PCMTD2,non-target,-12.61286336130027
PCNA,non-target,11.368151243323837
PCNT,non-target,-18.80766165741169
PCNX1,non-target,27.97203455036748
PCNX2,non-target,19.777798367351497
PCNX3,non-target,-33.03195876046012
PCNX4,non-target,-27.55341031483916
PCOLCE,non-target,-5.709597047791771
PCP2,non-target,-8.666013366483812
PCSK1N,non-target,0.5245596694452678
PCSK5,non-target,20.85087800399516
PCSK6,non-target,17.37085117515726
PCSK7,non-target,-19.971085616519883
PCTP,non-target,12.35725651842526
PCYOX1,non-target,-9.739122373534656
PCYOX1L,non-target,-5.452117467965408
PCYT1A,non-target,-10.517077047503696
PCYT2,non-target,6.845715878885524
PDCD1,approved,28.037383104384528
PDCD10,non-target,-41.3737646305807
PDCD1LG2,non-target,23.72746372304037
PDCD2,non-target,-28.13717798046751
PDCD2L,non-target,14.389745038784469
PDCD4,non-target,101.05509193121524
PDCD5,non-target,-4.7967601247896985
PDCD6,non-target,-47.45545941613701
PDCD6IP,non-target,-53.84079315167535
PDCL,non-target,-37.55177183406189
PDCL3,non-target,-20.46415166948111
PDE12,non-target,-45.29988386850638
PDE1B,in-trial,15.754618082088028
PDE3B,approved,66.17605016527381
PDE4A,approved,26.622906546215543
PDE4B,approved,35.59384969304568
PDE4D,approved,54.632744593507766
PDE6B,in-trial,26.31800710239224
PDE6D,in-trial,6.810875564662999
PDE6G,in-trial,10.944400271706527
PDE7A,in-trial,36.21405946341245
PDE7B,in-trial,37.60038827381576
PDE8A,in-trial,6.191487658433217
PDE9A,in-trial,29.319041310075097
PDGFA,non-target,15.287148493347582
PDGFB,non-target,-3.6735112913928183
PDHA1,non-target,-27.25704745414819
PDHB,non-target,-21.81956821600447
PDHX,non-target,-31.534427951371157
PDIA3,non-target,9.319963283976104
PDIA4,non-target,5.141106683681462
PDIA5,non-target,37.48327239568509
PDIA6,non-target,49.10571242302708
PDIK1L,non-target,-33.9324919197418
PDK1,non-target,23.430278257749375
PDK2,non-target,26.652679968927732
PDK3,non-target,-4.70009175023691
PDLIM1,non-target,24.175055279477323
PDLIM2,non-target,29.22308146927405
PDLIM4,non-target,3.6639773015431376
PDLIM5,non-target,-12.681191370429572
PDLIM7,non-target,8.772537611592886
PDP1,non-target,1.1882002433691743
PDP2,non-target,-24.280814631750264
PDPK1,in-trial,-32.81544519376135
PDPR,non-target,-26.45352190384965
PDS5A,non-target,-43.433457496697066
PDS5B,non-target,-34.30455764981459
PDSS1,non-target,-0.352355615299236
PDSS2,non-target,-35.78106078289218
PDXDC1,non-target,-27.91135774279921
PDXK,non-target,-8.392294585439549
PDXP,non-target,-2.0361460540840164
PDZD11,non-target,-14.20568478128586
PDZD8,non-target,-37.67028690070507
PEA15,non-target,6.757664144878562
PEAK1,non-target,26.59645396056268
PEAK3,non-target,2.858905857589344
PEBP1,non-target,7.400241995949192
PECAM1,non-target,14.21066189565075
PECR,non-target,0.7685423603502031
PEDS1,non-target,-45.51737505573508
PEF1,non-target,-28.52914948799865
PELI1,non-target,40.45196616688974
PELI2,non-target,11.458974757530704
PELI3,non-target,-11.654116318001876
PELO,non-target,-16.489375423951937
PEMT,non-target,9.711808552878177
PEPD,non-target,-3.1777461023058233
PER1,non-target,41.928814062615494
PER2,non-target,6.061045700498318
PER3,non-target,-1.472849755466022
PERP,non-target,6.743232398892708
PET100,non-target,-26.433414145410552
PET117,non-target,-32.313947054283794
PEX10,non-target,-6.919835593771431
PEX11A,non-target,-3.4189201900797777
PEX11B,non-target,-11.328546791704923
PEX11G,non-target,-8.47451106138908
PEX12,non-target,-14.57233029379764
PEX13,non-target,-37.160157352426054
PEX14,non-target,-26.64601558992042
PEX16,non-target,-27.543650711815943
PEX19,non-target,-24.951023359082395
PEX2,non-target,-19.133874603050213
PEX26,non-target,-37.60109078749357
PEX3,non-target,-12.092438123107009
PEX5,non-target,-13.276224866774768
PEX5L,non-target,-8.036129813793423
PEX6,non-target,-7.083163926775602
PEX7,non-target,-12.253596467543836
PFAS,non-target,17.765287349977903
PFDN1,non-target,-35.82972900742713
PFDN2,non-target,15.751290218778252
PFDN4,non-target,-5.81672066216444
PFDN5,non-target,-6.405471306192855
PFDN6,non-target,6.487716674628483
PFKFB1,non-target,-16.440835844102043
PFKFB2,non-target,2.446627991306007
PFKFB3,non-target,19.62136987077243
PFKFB4,non-target,29.75908682432259
PFKM,non-target,4.19320071568639
PFKP,non-target,9.039465184443069
PFN1,non-target,-43.71039042491278
PFN2,non-target,8.329199886517694
PGAM1,non-target,17.80815362856836
PGAM5,non-target,8.003658590537105
PGAP1,non-target,16.48165758662356
PGAP2,non-target,-23.336099457771898
PGAP3,non-target,11.344713629086492
PGAP6,non-target,1.4830696818605655
PGBD1,non-target,-2.3112947106537014
PGBD2,non-target,-16.425992075486572
PGBD4,non-target,-8.122212492839294
PGD,non-target,16.179765678410686
PGGHG,non-target,47.52300930870823
PGGT1B,non-target,-33.113157847008345
PGK1,non-target,3.924773607553987
PGLS,non-target,-4.503227034615136
PGM1,non-target,15.487106606969856
PGM2,non-target,-23.01305968307778
PGM2L1,non-target,1.2301914213531806
PGP,non-target,52.878098215827855
PGRMC1,non-target,-1.7257764909778548
PGRMC2,non-target,-37.970283795888896
PGS1,non-target,-15.111827905094366
PHACTR1,non-target,-0.7214295893735917
PHACTR2,non-target,5.765287099026598
PHACTR4,non-target,-33.43048472445424
PHAF1,non-target,-41.917342435917014
PHAX,non-target,-35.80072291424175
PHB1,non-target,20.252916903870812
PHC1,non-target,13.410905482542084
PHC2,non-target,-29.08046102985239
PHC3,non-target,35.81426994441957
PHETA1,non-target,-9.256138876321913
PHEX,non-target,13.2323757888627
PHF1,non-target,45.78293325085472
PHF10,non-target,-30.599301493813215
PHF11,non-target,56.77086256191638
PHF12,non-target,-10.816072657747364
PHF13,non-target,-7.653737469050114
PHF14,non-target,-29.69210312118898
PHF19,non-target,27.71370368149358
PHF2,non-target,-20.358267648318897
PHF20,non-target,-18.064048852978825
PHF20L1,non-target,-28.13746640351659
PHF21A,non-target,62.99771346679996
PHF23,non-target,-25.90746040804517
PHF3,non-target,-10.758899451858667
PHF6,non-target,20.504593038922
PHF8,non-target,-45.533048257100745
PHGDH,non-target,166.18255571029258
PHIP,non-target,-12.947888449934291
PHKA1,non-target,8.345893716652846
PHKA2,non-target,-32.199246080961764
PHKB,non-target,-8.817969275806
PHKG2,non-target,-34.2797282647916
PHLDA1,non-target,87.12233142162222
PHLDA2,non-target,43.998746265186206
PHLDA3,non-target,82.4699858366813
PHLDB1,non-target,10.39590142769813
PHLDB2,non-target,13.600498075380376
PHLPP1,non-target,43.077827902427195
PHLPP2,non-target,-4.397785407852122
PHOSPHO2,non-target,-3.3424486948776484
PHPT1,non-target,88.2155947457817
PHRF1,non-target,-47.10097273970902
PHTF1,non-target,22.05886574771277
PHTF2,non-target,20.032667639932196
PHYH,non-target,9.739425456327638
PHYKPL,non-target,0.204687028841486
PI16,non-target,23.147848811279328
PI4K2A,non-target,-7.604169682865411
PI4K2B,non-target,-13.11335863969338
PI4KA,non-target,-12.178123083323626
PI4KB,non-target,-31.307910647999524
PIAS1,non-target,-32.50962681135959
PIAS2,non-target,-15.463043311710026
PIAS3,non-target,5.500216931735127
PIAS4,non-target,-40.19346919603232
PIBF1,non-target,-21.006719179529213
PICALM,non-target,-29.52311405697219
PICK1,non-target,3.5851746268779188
PIDD1,non-target,-16.768103440223655
PIEZO1,non-target,-32.99156760601844
PIF1,non-target,-18.3007387043576
PIGA,non-target,-21.907841890020837
PIGB,non-target,-24.991692327790492
PIGC,non-target,-19.60087627354171
PIGF,non-target,-24.283268390839066
PIGG,non-target,-19.13133110468759
PIGH,non-target,-32.515606345025155
PIGK,non-target,-15.56661406587989
PIGL,non-target,-17.599900438244493
PIGM,non-target,-13.877593751054343
PIGN,non-target,-32.44253110967596
PIGO,non-target,-31.44760030307905
PIGP,non-target,-4.903896338713497
PIGQ,non-target,-24.86378381900684
PIGS,non-target,-33.241592316063866
PIGT,non-target,2.179586669188746
PIGU,non-target,-23.62632013930923
PIGV,non-target,19.33618075055936
PIGW,non-target,34.7174874190861
PIGX,non-target,-5.675222072301129
PIH1D1,non-target,-9.850824272066433
PIK3AP1,non-target,34.7394344968293
PIK3C2A,non-target,-9.8781326622616
PIK3C2B,non-target,-0.5531850071814995
PIK3C3,non-target,-13.384128909360385
PIK3CA,approved,-24.936885824673112
PIK3CB,in-trial,-1.7486132641756975
PIK3CD,approved,-2.046534506265763
PIK3CG,approved,34.46607389063578
PIK3IP1,non-target,90.40746305813458
PIK3R1,in-trial,19.32324586306869
PIK3R2,in-trial,5.188420341834522
PIK3R4,non-target,-40.80206512223142
PIK3R5,in-trial,18.416730286805738
PIK3R6,non-target,9.71106281553319
PIKFYVE,in-trial,-19.13091190181564
PILRB,non-target,6.406710458062544
PIM1,in-trial,24.303651124455815
PIM2,in-trial,26.826702903135764
PIM3,in-trial,28.64601620588757
PIMREG,non-target,10.372486775173885
PIN1,non-target,-25.836947414714384
PIN4,non-target,-20.54096495580168
PINK1,non-target,28.881514483951516
PINLYP,non-target,-12.60768192691773
PIP4K2A,non-target,-5.9986913045387285
PIP4K2B,non-target,-29.960248701751343
PIP4K2C,non-target,-12.525795650142795
PIP4P1,non-target,-35.02871791770425
PIP4P2,non-target,0.0770285009939411
PIP5K1A,non-target,-35.57957527180117
PIP5K1C,non-target,1.3536977173185416
PIR,non-target,44.66459872710288
PISD,non-target,-20.63894988026741
PITHD1,non-target,-4.545465277483306
PITPNA,non-target,-28.377583673251294
PITPNB,non-target,-45.29799751042511
PITPNC1,non-target,49.9900020235527
PITPNM1,non-target,17.6051065937429
PITPNM2,non-target,42.22595734896359
PITRM1,non-target,-14.405926529085482
PITX1,non-target,-0.1561474375053153
PIWIL4,non-target,-6.912066569622386
PJA1,non-target,-17.603847006521267
PJA2,non-target,46.41460931964155
PJVK,non-target,-6.252942645422093
PKD1,non-target,-19.90589014267163
PKD2,non-target,-1.681865705465268
PKIA,non-target,62.55040099168844
PKIG,non-target,-0.2149135757364349
PKM,non-target,27.828248669450193
PKMYT1,non-target,11.049659260469609
PKN1,non-target,-2.6061953451011752
PKN2,non-target,-14.964699166375844
PKN3,non-target,-10.36296180761438
PKNOX1,non-target,-25.40837409898855
PKP4,non-target,-0.0560986918319065
PLA2G12A,non-target,-3.1448591655901734
PLA2G15,non-target,-16.668644108896714
PLA2G4A,non-target,-13.258495834725665
PLA2G4C,non-target,12.042388172906987
PLA2G6,non-target,0.901792244355036
PLAA,non-target,-38.00730730036732
PLAAT3,non-target,42.00178854430932
PLAAT4,non-target,87.93327979452664
PLAC8,non-target,88.943670855525
PLAG1,non-target,7.15547002397976
PLAGL1,non-target,8.765102193629035
PLAT,in-trial,-7.876354607380128
PLAUR,non-target,29.31076240452391
PLB1,non-target,-9.551379664446925
PLBD2,non-target,-12.309165285653918
PLCB1,non-target,-11.201698809657849
PLCB2,non-target,13.6847725299907
PLCB3,non-target,-6.71561499841243
PLCG1,non-target,81.38418225656999
PLCG2,non-target,23.534171504872617
PLCL1,non-target,11.776306034290736
PLCL2,non-target,12.423171886097473
PLCXD1,non-target,-9.505021371266984
PLCXD2,non-target,2.8975550795869225
PLD1,non-target,1.987265018780766
PLD2,non-target,6.42261171518071
PLD3,non-target,31.889924928266808
PLD6,non-target,4.457511638388711
PLEC,non-target,57.61639877196374
PLEK,non-target,9.281117577649288
PLEKHA1,non-target,16.32040083227527
PLEKHA2,non-target,-5.670487939613238
PLEKHA3,non-target,-23.80384948085136
PLEKHA5,non-target,-6.278863961581209
PLEKHA7,non-target,21.41433448682383
PLEKHA8,non-target,-11.250651327510116
PLEKHB1,non-target,13.859990980210153
PLEKHB2,non-target,-32.867256550883994
PLEKHF1,non-target,11.77837909973062
PLEKHF2,non-target,-5.365265124128283
PLEKHG1,non-target,3.2557625223764357
PLEKHG2,non-target,31.530012608597943
PLEKHG3,non-target,68.76100385359945
PLEKHG4,non-target,10.73547649002174
PLEKHH2,non-target,-10.000540154201806
PLEKHJ1,non-target,-32.06308649107053
PLEKHM1,non-target,-9.297346951184853
PLEKHM2,non-target,-34.75387775046007
PLEKHM3,non-target,-15.52606182863673
PLEKHO1,non-target,13.184302974956037
PLEKHO2,non-target,1.5255850894692742
PLGLB2,non-target,-0.7620649896335864
PLGRKT,non-target,-4.607891730494434
PLIN2,non-target,-13.675578301611088
PLIN3,non-target,1.9247007254654924
PLK1,in-trial,28.1128943517151
PLK2,non-target,43.47972002890443
PLK3,non-target,30.340184322580967
PLK4,in-trial,-5.672236173520602
PLOD1,non-target,11.128875706681988
PLOD3,non-target,17.57695586426134
PLP2,non-target,6.917339665311364
PLPBP,non-target,-26.549725236260503
PLPP1,non-target,46.57248175720099
PLPP2,non-target,-11.05101536426291
PLPP5,non-target,26.39042613232569
PLPP6,non-target,-5.132801418364427
PLRG1,non-target,-19.884580865222237
PLS1,non-target,-4.709012436067315
PLS3,non-target,-5.193897949258214
PLSCR1,non-target,48.17021404853901
PLTP,non-target,-1.8425509561386275
PLXNA3,non-target,18.457680181608655
PLXNA4,non-target,22.125250035116327
PLXNB2,non-target,58.69507756597295
PLXNC1,non-target,41.46472146328592
PLXND1,non-target,0.418931780674909
PM20D1,non-target,-11.585392482984764
PM20D2,non-target,33.74738048951476
PMAIP1,non-target,89.77823637882305
PMCH,non-target,61.86978589900383
PML,non-target,-7.434007737770746
PMM1,non-target,-2.039231094338401
PMM2,non-target,-5.476918032184757
PMPCB,non-target,-52.33787744054569
PMS1,non-target,-2.251679270121618
PMS2,non-target,-34.939388565154225
PMVK,non-target,13.13616274266348
PNKD,non-target,-3.5048296616309904
PNLDC1,non-target,37.520830534082606
PNMA1,non-target,12.704636061285612
PNMA3,non-target,-17.149503620223534
PNO1,non-target,35.70501833474452
PNP,in-trial,32.244319283706396
PNPLA2,non-target,-13.129995019226408
PNPLA4,non-target,-6.332954197237126
PNPLA6,non-target,-15.171094834409285
PNPLA7,non-target,14.414403524628604
PNPLA8,non-target,-11.330766064566362
PNPO,non-target,10.607911326055538
PNPT1,non-target,0.0258738032042676
PNRC1,non-target,204.97810649075328
PNRC2,non-target,-22.457803653946485
POC1A,non-target,-4.800569578596779
POC1B,non-target,7.099039468839732
POC5,non-target,-30.691338702386076
PODXL,non-target,-10.881286276318573
PODXL2,non-target,1.1115521166677027
POFUT1,non-target,-3.68504310050978
POFUT2,non-target,-7.373283344608656
POGK,non-target,-26.545694145176817
POGLUT1,non-target,-1.8073977237712384
POGLUT2,non-target,2.037955711036337
POGLUT3,non-target,19.75001829546675
POGZ,non-target,-38.992953889365936
POLA2,approved,0.6382025710562971
POLB,non-target,-18.332382800363643
POLD1,approved,-1.166885400514327
POLD3,approved,-15.036351052971616
POLD4,approved,40.08267839819808
POLDIP2,non-target,4.076099586850252
POLDIP3,non-target,-30.392411681014
POLE,approved,-19.49431292334036
POLE2,approved,12.73178754679318
POLE3,approved,-14.906366110135892
POLE4,non-target,-5.330209515617407
POLG,non-target,-25.7707963472524
POLG2,non-target,-34.08768840394741
POLH,non-target,60.79934932912527
POLI,non-target,21.42894186535893
POLK,non-target,-31.22926095888424
POLL,non-target,-28.679919266794855
POLM,non-target,-23.274659620118708
POLQ,non-target,-3.980866029503043
POLR1D,non-target,-19.206994004072353
POLR1H,non-target,-35.74482835269263
POLR2B,non-target,-54.644943564189845
POLR2C,non-target,-44.39942990100521
POLR2G,non-target,-21.07241684097519
POLR2I,non-target,-18.87819175626648
POLR2K,non-target,16.75393858699238
POLR2L,non-target,-10.755916792592007
POLR3E,non-target,-22.230539806190972
POLR3G,non-target,23.224842873283205
POLR3GL,non-target,2.034785282166443
POLR3H,non-target,50.28261475663516
POLR3K,non-target,2.1840665012353733
POLRMT,non-target,-20.41785140350723
POM121,non-target,-27.00716141344626
POM121C,non-target,-15.411901889182287
POMC,non-target,-11.405464052209387
POMGNT1,non-target,3.0159579331109208
POMGNT2,non-target,2.970376938740794
POMP,non-target,-22.64693720890438
POMT1,non-target,-18.421267475037407
POMT2,non-target,-14.87842137313036
PON2,non-target,21.601225484692034
POP7,non-target,-4.095237309237073
POPDC2,non-target,-0.4638003431221331
POR,non-target,2.323742368375287
PORCN,non-target,-16.698345165788254
POT1,non-target,-40.0814510959001
POU2AF1,non-target,68.40214910166326
POU2F2,non-target,19.97367499729562
POU4F1,non-target,-6.889977673613264
POU6F1,non-target,-8.537418248292576
PPARA,in-trial,9.474047540022084
PPARD,in-trial,-14.497559992206094
PPARG,approved,19.59056580827056
PPARGC1B,non-target,1.6982472332470142
PPAT,approved,5.004116538973454
PPCDC,non-target,29.64662739265061
PPCS,non-target,-11.565409258743747
PPDPF,non-target,101.00808446076682
PPFIBP1,non-target,44.23983279756836
PPFIBP2,non-target,-6.134915194442132
PPHLN1,non-target,-68.00027291706954
PPIA,approved,-30.54499906627784
PPIB,non-target,34.67732547589397
PPID,non-target,8.788188827272236
PPIE,non-target,-36.11995372847043
PPIF,non-target,5.555631196662695
PPIG,non-target,-53.75231059793665
PPIH,non-target,-25.02688860135346
PPIL1,non-target,17.247729503984843
PPIL3,non-target,-15.159424159916831
PPIL4,non-target,-29.355266479906447
PPIP5K1,non-target,-10.50634244648238
PPIP5K2,non-target,-36.810918708380854
PPM1A,non-target,-22.99850148039638
PPM1B,non-target,-20.636840554611663
PPM1D,non-target,-12.735081901338878
PPM1F,non-target,-10.052415536945544
PPM1G,non-target,5.54238258054842
PPM1K,non-target,-1.7228568093048426
PPM1L,non-target,4.876317424684394
PPM1M,non-target,7.321187744852817
PPM1N,non-target,-4.23337630977698
PPME1,non-target,15.711273372545072
PPOX,non-target,-15.18074705078349
PPP1CA,non-target,-9.44621747535552
PPP1CB,non-target,-16.492500628856614
PPP1CC,non-target,-2.259700077107363
PPP1R10,non-target,16.73913242758196
PPP1R11,non-target,-39.415581208867806
PPP1R12A,non-target,-35.321457990708026
PPP1R12B,non-target,-12.53447093512461
PPP1R12C,non-target,-26.288753461516546
PPP1R13B,non-target,-11.245533132004388
PPP1R13L,non-target,-1.1694247485821745
PPP1R14B,non-target,-23.488494264971973
PPP1R14C,non-target,-4.163917787515509
PPP1R15A,non-target,74.75045983397949
PPP1R15B,non-target,-9.352766450468266
PPP1R16A,non-target,-13.350319876667768
PPP1R16B,non-target,13.456919055536494
PPP1R18,non-target,2.9078676661905547
PPP1R21,non-target,-10.788601888451732
PPP1R26,non-target,-4.718903172754711
SAXO4,non-target,-9.415701345646395
PPP1R35,non-target,-12.736451731892387
PPP1R37,non-target,-27.216129417339232
PPP1R3B,non-target,13.372974576432526
PPP1R3D,non-target,-15.829679512560451
PPP1R3E,non-target,-2.470240417961302
PPP1R3F,non-target,16.92535121096463
PPP1R7,non-target,-27.848304671313247
PPP1R8,non-target,-39.91490498073995
PPP1R9B,non-target,15.93687641570431
PPP2CA,in-trial,-45.127826928484616
PPP2CB,in-trial,-24.45681534210044
PPP2R1A,non-target,-31.190085185344277
PPP2R1B,non-target,-38.386947336672335
PPP2R2A,non-target,-21.45878967038764
PPP2R2B,non-target,6.479061785912411
PPP2R2D,non-target,-42.79141519201615
PPP2R3B,non-target,-6.426005380365432
PPP2R3C,non-target,-31.023057042125487
PPP2R5A,non-target,-18.826825461694536
PPP2R5B,non-target,12.867107964176189
PPP2R5C,non-target,31.472840091533843
PPP2R5D,non-target,-16.63644573782874
PPP2R5E,non-target,-49.123713034420994
PPP3CA,approved,16.58860228193427
PPP3CB,non-target,-27.31830785331061
PPP3CC,non-target,-8.498936089760244
PPP3R1,non-target,-47.94822776057944
PPP4C,non-target,-49.08593794753165
PPP4R1,non-target,-12.820113224402991
PPP4R2,non-target,-38.86769496686092
PPP4R3A,non-target,-31.59847942522373
PPP4R3B,non-target,-41.598891703045176
PPP4R4,non-target,1.3188533921886052
PPP5C,in-trial,-8.698341173742952
PPP6C,non-target,-65.09033024217443
PPP6R1,non-target,-15.701761198789976
PPP6R2,non-target,-21.882349098605133
PPP6R3,non-target,-24.46442019520796
PPRC1,non-target,9.049631759986346
PPT1,non-target,-12.815789348292263
PPT2,non-target,-5.696999268840908
PPTC7,non-target,-15.064015675998304
PQBP1,non-target,-33.71780533010876
PRAF2,non-target,24.98556517284631
PRAG1,non-target,36.1691104574997
PRAM1,non-target,0.8720863850960257
PRC1,non-target,-1.404792655046312
PRCC,non-target,-28.15598471943061
PRCP,non-target,18.902992722179764
PRDM1,non-target,21.84289175924695
PRDM15,non-target,-28.162794363274102
PRDM4,non-target,-43.651783128102124
PRDM5,non-target,-0.5407588390858322
PRDM8,non-target,58.52524861595862
PRDX1,non-target,65.62535577723278
PRDX2,non-target,20.50655435528167
PRDX3,non-target,5.877197552244273
PRDX4,non-target,2.165157106930677
PRDX5,non-target,5.889653747411917
PRDX6,non-target,-35.454725499136536
PREB,non-target,8.153807034241888
PRELID1,non-target,29.044019272835033
PRELID2,non-target,12.531199829380787
PRELID3A,non-target,-10.981145159417428
PRELID3B,non-target,-15.30194173269309
PREP,non-target,-31.886293135153466
PREPL,non-target,16.774349141599757
PREX1,non-target,15.241875870955807
PRF1,non-target,13.765345517402944
PRG4,non-target,2.670565865945259
PRICKLE3,non-target,-25.85522383985509
PRIM1,approved,-1.031194580165329
PRIM2,approved,-27.733654851359105
PRIMPOL,non-target,-11.857046153985364
PRKAA1,in-trial,-14.790412024560098
PRKAB1,in-trial,16.246582037298257
PRKAB2,in-trial,-23.091628580226217
PRKACA,non-target,26.766086251349993
PRKACB,non-target,55.14495411455914
PRKAG1,in-trial,-28.242388806585804
PRKAG2,in-trial,-20.74731975204992
PRKAR1A,non-target,26.20817107783626
PRKAR1B,non-target,20.36291265239042
PRKAR2A,non-target,-22.089548297103686
PRKAR2B,non-target,3.065757763716283
PRKCA,approved,20.39136397862568
PRKCB,approved,-8.021118391861535
PRKCD,approved,-5.454930103871528
PRKCE,approved,-8.980153002833122
PRKCH,approved,-4.488262777859343
PRKCI,approved,-27.358543528910634
PRKCQ,approved,25.276151871078152
PRKCSH,non-target,-15.87242922016872
PRKCZ,approved,6.079820574018272
PRKD2,non-target,32.88737238500828
PRKD3,approved,19.74514838264747
PRKDC,in-trial,23.469137503274386
PRKRA,non-target,-8.44799090898719
PRKX,non-target,-16.776334381910008
PRMT1,non-target,31.9344545386374
PRMT2,non-target,47.44145270633075
PRMT3,non-target,21.02474149933951
PRMT5,in-trial,2.2353220508298413
PRMT6,non-target,-26.618643032416117
PRMT9,non-target,-22.582148956563845
PRNP,non-target,67.49366299298764
PROCA1,non-target,10.45779993974292
PROCR,non-target,-2.87130620328526
PROK2,non-target,12.776583890993368
PRORP,non-target,-21.224832504678357
PROS1,non-target,5.374015163663106
PROSER1,non-target,-12.93450120233365
PROSER3,non-target,-28.92991173565632
PRPF3,non-target,-22.10715121453823
PRPF31,non-target,-7.04039014816324
PRPF38A,non-target,-38.516119751467805
PRPF38B,non-target,-29.624991572918407
PRPF39,non-target,-29.45328258611453
PRPF40A,non-target,-47.37801310234631
PRPF40B,non-target,-5.401916613842268
PRPF8,non-target,-53.599898656053504
PRPS1,non-target,-0.4693997997841705
PRPS2,non-target,-29.134917545726577
PRPSAP1,non-target,-20.61660652555797
PRPSAP2,non-target,0.24715006778433
PRR11,non-target,19.06686593139797
PRR12,non-target,-24.80551884947326
PRR14,non-target,-30.03468149012272
PRR14L,non-target,-52.72269069756229
PRR22,non-target,-8.927116440944948
PRR29,non-target,7.151283996988685
PRR3,non-target,-3.8301210314429945
PRR5,non-target,8.477548301755377
PRR5L,non-target,8.930402026885668
PRR7,non-target,22.787022702750363
PRRC1,non-target,-27.872263321961857
PRRC2A,non-target,-38.89541950646727
PRRC2C,non-target,-78.19176523367857
PRRG2,non-target,-13.453821346706972
PRRX2,non-target,12.954057615082228
PRSS16,non-target,-1.524666251118994
PRSS21,non-target,-30.76643877824879
PRSS23,non-target,87.785440600011
PRSS53,non-target,-13.33699144419125
PRTFDC1,non-target,0.113064811173313
PRUNE1,non-target,-35.47933343395426
PRUNE2,non-target,-6.758670715320001
PRX,non-target,-9.53367583829243
PRXL2A,non-target,14.856786109423105
PRXL2B,non-target,-3.280474427327892
PRXL2C,non-target,9.577497524148916
PSAP,non-target,25.01106331464697
PSAT1,non-target,156.7921085141307
PSD,non-target,6.286415488957847
PSD4,non-target,6.953727787805074
PSEN1,in-trial,-0.4386208904065825
PSEN2,in-trial,10.440748085425474
PSENEN,in-trial,-13.217204885313675
PSIP1,non-target,-12.442794848854357
PSKH1,non-target,0.2532258936278566
PSMA1,approved,-27.82163228628237
PSMA2,approved,-17.941802768671565
PSMA3,approved,17.16721217260461
PSMA4,approved,-2.3256590952066083
PSMA5,approved,-1.089195990527443
PSMA7,approved,-20.577933619425092
PSMA8,approved,-20.43317150146489
PSMB1,approved,-24.886454585600728
PSMB10,approved,3.2461664510118395
PSMB2,approved,-3.957062484611948
PSMB3,approved,-43.62018472090392
PSMB5,approved,-1.6507076057713597
PSMB6,approved,-11.915612134162195
PSMB7,approved,-33.40895052199013
PSMB8,approved,19.2985053472761
PSMB9,approved,28.636061600876623
PSMC1,approved,-16.829201691203533
PSMC2,approved,-10.15303032187503
PSMC3IP,non-target,-3.328966167903966
PSMC5,approved,-21.888127829535943
PSMC6,approved,-33.38711444814634
PSMD1,approved,13.94324256259948
PSMD10,non-target,-22.7414460783218
PSMD11,approved,0.3686374784580177
PSMD12,approved,-19.102292935290937
PSMD14,approved,-17.84153469135582
PSMD2,approved,-17.18884576605501
PSMD3,approved,33.33289392053441
PSMD4,approved,-20.92261366581528
PSMD5,non-target,-34.25101124231134
PSMD7,approved,-18.16820677108711
PSMD8,approved,-51.28332231909515
PSMD9,non-target,-37.50529602066653
PSME1,non-target,37.48232657602805
PSME2,non-target,-6.316034623150152
PSME3,non-target,11.860501048087627
PSME3IP1,non-target,-39.473444200309615
PSME4,non-target,-32.93315266426911
PSMF1,non-target,-62.29566389936709
PSMG1,non-target,59.55306516691267
PSMG2,non-target,-59.17501425852947
PSMG3,non-target,-4.4872960117278495
PSPC1,non-target,-14.205802192024924
PSPH,non-target,29.40928153825322
PSRC1,non-target,-13.388727457975172
PSTPIP1,non-target,14.914104559867752
PSTPIP2,non-target,22.599450631530093
PTAFR,approved,-10.479974362668086
PTAR1,non-target,3.0027147618907915
PTBP1,non-target,-17.779886759497554
PTBP2,non-target,-6.586501025777494
PTBP3,non-target,-38.52658806039248
PTCD2,non-target,-21.32246133663215
PTCH1,non-target,5.606272515334798
PTDSS1,non-target,-5.7451462584457005
PTDSS2,non-target,-12.022217458799068
PTEN,non-target,11.731276212821308
PTER,non-target,-1.9540762699642091
PTGDR2,in-trial,-2.0350734077899872
PTGER2,non-target,97.27495742110804
PTGER3,approved,-14.313025766198182
PTGER4,in-trial,58.82382374562993
PTGES2,non-target,-10.833459371583292
PTGES3,non-target,-20.987628007520257
PTGFRN,non-target,33.242906615618075
PTGIR,in-trial,79.9382679927797
PTGIS,non-target,54.95038169513217
PTGR1,non-target,-0.9888087709995864
PTGR2,non-target,-4.253480995026744
PTGS2,approved,8.698026392395436
PTK2B,in-trial,28.092579508933223
PTMS,non-target,63.319641684487465
PTOV1,non-target,-2.549319058789275
PTP4A3,non-target,27.103380009976508
PTPA,non-target,-24.242410781771
PTPDC1,non-target,-10.92308252361201
PTPMT1,non-target,-31.46139747328117
PTPN1,non-target,-8.728586812127162
PTPN11,non-target,-5.588054177137508
PTPN12,non-target,31.756460028973464
PTPN13,non-target,35.82654921272985
PTPN14,non-target,23.089243373142754
PTPN18,non-target,-2.4499395278560336
PTPN2,non-target,-35.79820600830834
PTPN22,non-target,62.98171448273602
PTPN23,non-target,-31.05852577712206
PTPN3,non-target,-5.844600254772817
PTPN4,non-target,42.974023962115375
PTPN6,non-target,16.896623859381695
PTPN7,non-target,43.40483205867199
PTPN9,non-target,-0.9998412126241424
PTPRA,non-target,-23.97448698855725
PTPRC,non-target,19.914421094002652
PTPRE,non-target,13.867565253329994
PTPRG,non-target,-7.519475321557027
PTPRK,non-target,28.198071557029284
PTPRM,non-target,5.857491618841018
PTRH1,non-target,-10.349413894205837
PTRH2,non-target,-12.044454135705712
PTRHD1,non-target,8.240780543478303
PTS,non-target,-6.897404498984109
PTTG1,non-target,18.66524483071191
PTTG1IP,non-target,19.948824741192265
PUDP,non-target,-22.124356585428657
PUF60,non-target,12.693141347888565
PUM1,non-target,-33.66268091918697
PUM2,non-target,-46.96627690202565
PUM3,non-target,-9.97555939062506
PURA,non-target,-33.30319430465828
PURB,non-target,-7.586279325881776
PUS1,non-target,25.863732126991625
PUS10,non-target,-19.9228220379817
PUS3,non-target,-22.620260923400227
PUS7,non-target,37.44413242454518
PUS7L,non-target,-31.16308164965461
PUSL1,non-target,-20.715139181263076
PVR,non-target,4.48887334028677
PWWP2A,non-target,-35.197341262370166
PWWP2B,non-target,12.286230301523569
PXDN,non-target,-14.304967717665548
PXK,non-target,49.30290037479875
PXMP4,non-target,-15.230828132664152
PXN,non-target,32.46474305856524
PXYLP1,non-target,1.8010536708146103
PYCARD,non-target,36.00048598323578
PYCR1,non-target,109.31890682246392
PYCR2,non-target,-39.294186709745
PYCR3,non-target,1.82062157452836
PYGB,non-target,-11.677107039116464
PYGM,non-target,-6.324063112747747
PYGO2,non-target,-25.932148357082227
PYHIN1,non-target,-27.184155118191484
PYM1,non-target,-36.35380833824812
PYROXD1,non-target,-8.513543428528786
PYROXD2,non-target,8.340530234311805
PYURF,non-target,-10.779928165191768
QARS1,non-target,-7.973163570979513
QDPR,non-target,-1.5922044016194452
QKI,non-target,-42.63261905981867
QPCT,non-target,8.779392408314243
QPCTL,non-target,-5.980228362613869
QPRT,non-target,2.0786865009832467
QRICH1,non-target,-60.185973351073926
QRICH2,non-target,-11.911645334641316
QRSL1,non-target,-21.92296416294571
QSER1,non-target,-5.036646260513382
QSOX1,non-target,-12.636759724943005
QSOX2,non-target,-9.542916372462477
QTRT1,non-target,13.127383032130709
QTRT2,non-target,-27.979527703224363
R3HCC1,non-target,-34.00242534987016
R3HCC1L,non-target,-31.908409493307747
R3HDM1,non-target,-27.839047867750462
R3HDM2,non-target,0.4375209457236904
R3HDM4,non-target,12.464629893304712
RAB10,non-target,-29.646012585253207
RAB11A,non-target,-13.065087119528163
RAB11B,non-target,-2.924976471963907
RAB11FIP1,non-target,22.958677287899818
RAB11FIP2,non-target,-15.348197745630715
RAB11FIP3,non-target,-10.549043792236716
RAB11FIP4,non-target,36.99239263476458
RAB11FIP5,non-target,12.460215409179613
RAB12,non-target,-17.55815309894002
RAB13,non-target,22.660060956049453
RAB14,non-target,-48.87851390291669
RAB15,non-target,11.694263236923478
RAB18,non-target,-28.45174303221947
RAB19,non-target,0.2264533947339758
RAB1A,non-target,-31.131960280731445
RAB1B,non-target,-11.653346219232978
RAB20,non-target,14.922975786078425
RAB21,non-target,-21.995217786272892
RAB22A,non-target,-47.08269917099605
RAB23,non-target,-5.22388931349553
RAB24,non-target,-11.94249694404769
RAB27A,non-target,29.660803935496133
RAB27B,non-target,13.641506159379746
RAB28,non-target,-26.810477503566915
RAB29,non-target,15.483724000418787
RAB2A,non-target,-42.862976182001994
RAB2B,non-target,8.508855648609424
RAB30,non-target,1.395419697150157
RAB31,non-target,-7.517464564115372
RAB32,non-target,-8.061337200730636
RAB33A,non-target,22.779285364419724
RAB33B,non-target,-17.704749108466622
RAB34,non-target,-44.41598031626083
RAB35,non-target,-32.548372563271464
RAB37,non-target,57.88429484802299
RAB39A,non-target,4.55388112891757
RAB39B,non-target,2.621069310664689
RAB3A,non-target,-6.7135694232081375
RAB3D,non-target,-8.16387165260657
RAB3GAP1,non-target,54.49701994369548
RAB3GAP2,non-target,-31.649967277021226
RAB3IP,non-target,-6.333294927528402
RAB40B,non-target,-2.1546406011058443
RAB40C,non-target,-28.00750265207147
RAB43,non-target,-18.88488866039112
RAB4A,non-target,-25.19128224726087
RAB4B,non-target,7.813931044585345
RAB5A,non-target,-40.4029560944548
RAB5B,non-target,46.03577702498245
RAB5C,non-target,-33.583285653704735
RAB5IF,non-target,-17.333563082932233
RAB6A,non-target,-23.839077601203723
RAB6B,non-target,0.7286317150050863
RAB7A,non-target,-40.50484776762577
RAB8A,non-target,13.92357837809216
RAB8B,non-target,11.485902408617209
RAB9A,non-target,1.2502627800750332
RAB9B,non-target,-6.50984277637081
RABAC1,non-target,55.74482360178746
RABEP1,non-target,-16.39916627197483
RABEP2,non-target,-17.76882257414643
RABEPK,non-target,-9.771233981571328
RABGAP1,non-target,-14.37604850700559
RABGAP1L,non-target,20.97115664428736
RABGEF1,non-target,-39.247155465342765
RABGGTA,non-target,-21.811527894386085
RABGGTB,non-target,42.02498791464435
RABIF,non-target,-15.923440193259715
RABL3,non-target,-18.08624513099556
RABL6,non-target,-26.772130851666684
RAC1,non-target,-19.233716940055285
RAC2,non-target,-18.015993533096907
RAC3,non-target,13.74390728927142
RACGAP1,non-target,-21.21298997958848
RAD1,non-target,-19.564283539991667
RAD17,non-target,-45.897523910355545
RAD18,non-target,-12.287180157018527
RAD21,non-target,-23.34791316194921
RAD23A,non-target,-16.63618936631848
RAD23B,non-target,-27.30732369677011
RAD50,non-target,1.6749240853177974
RAD51,non-target,7.87929426779795
RAD51AP1,non-target,-3.9082272312712423
RAD51B,non-target,-16.951742722115075
RAD51C,non-target,-3.998800390348374
RAD51D,non-target,-28.727931585643017
RAD52,non-target,-19.041195167142703
RAD54B,non-target,-7.851315346220598
RAD54L,non-target,-1.610814091209927
RAD54L2,non-target,-44.73926308957721
RAD9A,non-target,-17.589549401805005
RADX,non-target,-12.7009613636857
RAE1,non-target,-34.98522607888744
RAF1,in-trial,-40.63924800009923
RAI1,non-target,0.3640639434926148
RALA,non-target,-27.677366796659967
RALB,non-target,16.713811766011517
RALBP1,non-target,-34.58085190990766
RALGAPA1,non-target,-10.069135629620376
RALGAPA2,non-target,4.3569910657801145
RALGAPB,non-target,-34.979396828510964
RALGDS,non-target,8.510579704684176
RALGPS1,non-target,6.398933263596073
RALGPS2,non-target,-3.6115489385505577
RALY,non-target,-28.227612036520128
RAMAC,non-target,-21.809106612643095
RAMP1,in-trial,70.22256009921996
RANBP10,non-target,-10.842204543367934
RANBP3,non-target,-48.7898273758511
RANBP6,non-target,-22.231347187071957
RANBP9,non-target,-0.7039010902775354
RANGAP1,non-target,-7.605256321988098
RANGRF,non-target,-16.1467786500686
RAP1A,non-target,-29.626400986039375
RAP1GAP2,non-target,7.898711942551173
RAP1GDS1,non-target,-16.849855928282064
RAP2A,non-target,0.0809828397020311
RAP2B,non-target,-6.11967059763575
RAP2C,non-target,-27.747072662313595
RAPGEF1,non-target,-9.09344074954712
RAPGEF2,non-target,21.284924850498943
RAPGEF5,non-target,-4.909726377250892
RAPGEF6,non-target,-9.67988689616865
RAPGEFL1,non-target,-8.873712620546963
RAPH1,non-target,15.615656297776525
RARA,approved,17.544685932490907
RARG,approved,1.599686845130338
RARS2,non-target,-36.644444148975786
RASA1,non-target,-6.106845028544048
RASA2,non-target,-4.697093908453833
RASA3,non-target,63.52533471548952
RASAL3,non-target,20.14393444664515
RASD1,non-target,-3.6067862690815073
RASGEF1A,non-target,42.49338697914856
RASGEF1B,non-target,26.96634534173525
RASGRF2,non-target,24.380715010086032
RASGRP1,non-target,34.51549636689041
RASGRP2,non-target,27.74137479092555
RASGRP3,non-target,31.30611799311717
RASGRP4,non-target,-2.2164453487358635
RASSF1,non-target,4.528122237462597
RASSF2,non-target,52.30700417413069
RASSF3,non-target,17.83959940351903
RASSF4,non-target,16.727820523355167
RASSF5,non-target,-22.91828925465319
RASSF7,non-target,6.162794902047966
RASSF8,non-target,-0.7931255322723612
RAVER1,non-target,-19.04352126965439
RAVER2,non-target,-1.3906656821971477
RB1,non-target,-4.882364941922744
RB1CC1,non-target,-16.466864410092672
RBAK,non-target,-25.91684403124732
RBBP5,non-target,-41.69418549307763
RBBP6,non-target,-53.77957619524326
RBBP7,non-target,-18.046049117886383
RBBP8,non-target,-4.270239595647453
RBBP9,non-target,14.53756588119549
RBCK1,non-target,-24.80417990799916
RBFA,non-target,-5.029826426753829
RBFOX2,non-target,8.866787211711257
RBIS,non-target,-35.9399136284685
RBKS,non-target,10.541647205643192
RBL1,non-target,-28.16318868909221
RBL2,non-target,97.65621024987264
RBM10,non-target,-46.39802993322208
RBM11,non-target,-6.445777708270306
RBM12,non-target,-20.02254136387285
RBM12B,non-target,-15.971034747019935
RBM15,non-target,-27.351230568707663
RBM15B,non-target,-21.882842775819213
RBM17,non-target,64.03196412170105
RBM18,non-target,-29.52213796293385
RBM23,non-target,-33.82423858779346
RBM26,non-target,-37.779545753146486
RBM27,non-target,-38.268762893782174
RBM3,non-target,39.19333407531894
RBM33,non-target,-0.0805536003561684
RBM34,non-target,-22.644780795402067
RBM38,non-target,6.285129543740673
RBM39,non-target,-26.371405148942852
RBM4,non-target,-16.98284788865347
RBM41,non-target,-25.87538563401102
RBM42,non-target,-40.41764713891165
RBM43,non-target,2.122479169804048
RBM45,non-target,-36.03795962321994
RBM47,non-target,12.978318284957863
RBM4B,non-target,-20.005507290001415
RBM5,non-target,7.370971399692546
RBM6,non-target,-22.784891861993085
RBM7,non-target,-43.537917946158
RBMS1,non-target,-13.17359414624581
RBMS2,non-target,7.290469252676231
RBMS3,non-target,2.2948719439548184
RBMX,non-target,-4.645099693016992
RBMX2,non-target,-36.34978602155477
RBMXL1,non-target,-23.213396980198656
RBPJ,non-target,49.410815626683586
RBPMS,non-target,-0.8989630505625511
RBSN,non-target,-11.74374241275107
RBX1,approved,-14.564982282532108
RC3H1,non-target,-11.48192383542774
RC3H2,non-target,-5.7311366916137985
RCAN1,non-target,34.7434813035602
RCAN2,non-target,18.663967418223063
RCAN3,non-target,34.8356090868691
RCBTB1,non-target,-16.269377096249794
RCBTB2,non-target,75.90588455804766
RCC1,non-target,74.66369984642334
RCC1L,non-target,-31.464142625687092
RCC2,non-target,-7.663587758520833
RCCD1,non-target,10.956299311570756
RCE1,non-target,-31.33200106050239
RCHY1,non-target,-29.576592632832188
RCN1,non-target,43.32126713996258
RCN2,non-target,-17.048484938483238
RCN3,non-target,4.208289419899535
RCOR1,non-target,-28.87355773622022
RCOR3,non-target,11.560543810369822
RCSD1,non-target,-0.5603949633587604
RDH10,non-target,23.97719485209203
RDH11,non-target,-8.680904475346393
RDH13,non-target,-18.805552418711088
RDH14,non-target,-13.330143822944764
RDM1,non-target,2.876066980828201
RDX,non-target,17.514873950028328
REC8,non-target,-7.011078816583985
RECK,non-target,5.711093792956746
RECQL,non-target,-12.305779000251391
RECQL4,non-target,-11.074625985852522
RECQL5,non-target,-24.235338029669247
REEP2,non-target,1.7863768161139226
REEP3,non-target,21.011019627860023
REEP4,non-target,-18.902348324175037
REEP5,non-target,-23.348270907327095
REEP6,non-target,-4.500650117841232
REG4,non-target,-9.545736337109425
REL,non-target,65.33449832496609
RELA,non-target,-30.318572642983877
RELB,non-target,36.19299887806012
RELCH,non-target,-29.39615718735419
RELL1,non-target,36.85784581904958
RELL2,non-target,-2.642885602913045
RELT,non-target,-28.10827763277165
RENBP,non-target,3.977301114259963
REPIN1,non-target,-6.1220705046065715
REPS1,non-target,-27.170617015307077
RER1,non-target,-28.50972657178579
RERE,non-target,-3.953645187776175
RESF1,non-target,42.21018436356169
REST,non-target,-11.30159367041846
RETREG1,non-target,38.31870069570101
RETREG2,non-target,-8.718795159652359
RETREG3,non-target,20.02732491671145
RETSAT,non-target,-22.373181765539577
REV3L,non-target,-8.723343664413706
REXO1,non-target,-34.94174898148979
REXO2,non-target,5.026523048024643
REXO4,non-target,-11.73449591460196
REXO5,non-target,9.473414058995727
RFC1,non-target,-10.9149308816423
RFC2,non-target,-6.189088619956578
RFC3,non-target,17.504883212602206
RFC4,non-target,0.7993707642685308
RFC5,non-target,-2.1353824935241854
RFESD,non-target,-15.90649669030226
RFFL,non-target,26.24351609365603
RFK,non-target,-6.8456215802189915
RFNG,non-target,-22.506055780556338
RFT1,non-target,-20.310655778183612
RFTN1,non-target,35.05036943314847
RFWD3,non-target,-25.143017420057557
RFX1,non-target,-36.08177136256774
RFX2,non-target,-11.166795953397852
RFX3,non-target,11.064265819890773
RFX5,non-target,23.25288012532961
RFX7,non-target,13.083038248896443
RFXANK,non-target,-13.62021432672301
RFXAP,non-target,-18.293830255641502
RGCC,non-target,42.59273969598315
RGL1,non-target,28.09690393736969
RGL2,non-target,-4.427931475019402
RGL4,non-target,26.515087275700857
RGMB,non-target,3.8923990038563065
RGP1,non-target,-15.89779528272304
RGS1,non-target,61.820961745879025
RGS10,non-target,-4.887990096431125
RGS12,non-target,-2.342629554412869
RGS14,non-target,13.619600510256754
RGS16,non-target,76.83523698736987
RGS19,non-target,-12.66418665800398
RGS2,non-target,38.0582602011606
RGS3,non-target,54.907071499635066
RGS5,non-target,-12.47347594743801
RGS6,non-target,13.569903052194606
RHBDD1,non-target,-23.406594903293648
RHBDD2,non-target,12.473530088721017
RHBDD3,non-target,-20.07214949682184
RHBDF2,non-target,7.933847556287167
RHBDL1,non-target,-10.29844102412707
RHEB,non-target,-21.674830036579227
RHEBL1,non-target,25.507647693800767
RHNO1,non-target,-29.372222188050028
RHOA,non-target,-31.486259287105867
RHOB,non-target,83.287421721814
RHOBTB2,non-target,-4.734158238958166
RHOBTB3,non-target,7.352151126393323
RHOC,non-target,98.8769659862996
RHOF,non-target,12.313463454393093
RHOG,non-target,-5.912359519737914
RHOH,non-target,-16.782479837927585
RHOQ,non-target,4.702485924925391
RHOT1,non-target,-44.629815666637114
RHOT2,non-target,-43.90142178706069
RHOU,non-target,26.987097588390355
RHPN1,non-target,-0.3859534115994686
RIBC2,non-target,-6.440059950515477
RIC1,non-target,-27.93231188433741
RIC3,non-target,9.096974828898825
RIC8A,non-target,-37.6880184631378
RIC8B,non-target,-9.66425720374651
RICTOR,non-target,35.147259799217494
RIDA,non-target,-5.068508978886224
RIF1,non-target,-34.83672661658712
RILP,non-target,15.129401058657448
RILPL1,non-target,-5.630694936040153
RILPL2,non-target,22.387560573436986
RIMKLA,non-target,14.094991452992248
RIMKLB,non-target,-3.697738623708763
RIMS3,non-target,29.514564790169032
RIN3,non-target,12.361593865383703
RING1,non-target,-29.75811848835424
RINL,non-target,17.26299811764592
RINT1,non-target,-38.23492276849949
RIOK1,non-target,-3.67377238937074
RIOK2,non-target,-22.23359843210467
RIOK3,non-target,41.90305575970968
RIOX1,non-target,-33.1121542532598
RIOX2,non-target,30.660838283843393
RIPK1,in-trial,-5.087918606683078
RIPK2,non-target,49.565094116153595
RIPK3,non-target,6.669533742833419
RIPOR1,non-target,64.61476441174806
RIT1,non-target,8.507396417758118
RITA1,non-target,-4.501945190627947
RLF,non-target,6.683649182760067
RLIM,non-target,-46.37067150340142
RLN2,non-target,0.6378203304082982
RMC1,non-target,-39.13221937557287
RMDN1,non-target,0.1585154245953693
RMDN2,non-target,0.9612616247877288
RMDN3,non-target,-27.7113134282574
RMI1,non-target,-17.09999401220311
RMI2,non-target,16.83450834108488
RMND1,non-target,-34.92506091402985
RMND5A,non-target,-20.512957160965172
RMND5B,non-target,14.837037073533011
RNASE4,non-target,6.150984843552416
RNASE6,non-target,14.985425736547706
RNASEH1,non-target,7.722261092233542
RNASEH2A,non-target,-18.543409695149567
RNASEH2B,non-target,-24.931238726559183
RNASEH2C,non-target,-8.817619770068779
RNASEK,non-target,45.27866963058775
RNASEL,non-target,-0.4352189734182096
RNASET2,non-target,-0.3869971914456733
RND1,non-target,2.751825733704965
RNF10,non-target,-45.19523723359873
RNF103,non-target,-2.6094984288882053
RNF11,non-target,13.78621179219254
RNF111,non-target,-27.997370963283004
RNF114,non-target,-26.919841609184683
RNF115,non-target,-30.625800223886284
RNF121,non-target,-16.030411488912886
RNF122,non-target,-5.031681821937319
RNF125,non-target,47.68009839145433
RNF126,non-target,-23.438445072695895
RNF13,non-target,-20.47577101991752
RNF130,non-target,30.172820355082887
RNF135,non-target,-13.01427873327522
RNF138,non-target,-22.98198132645104
RNF139,non-target,-27.204302495383804
RNF14,non-target,-16.208413140227005
RNF141,non-target,-19.217786322059652
RNF144A,non-target,100.80224604745544
RNF144B,non-target,-8.859678379137646
RNF145,non-target,42.96212530942008
RNF146,non-target,7.449251553809471
RNF149,non-target,26.07545334443064
RNF157,non-target,34.09218869992583
RNF166,non-target,14.64077467908328
RNF167,non-target,14.371050719436472
RNF168,non-target,-8.489086047155576
RNF169,non-target,-22.12205044606517
RNF17,non-target,-22.901101451114883
RNF170,non-target,-18.840225813972072
RNF181,non-target,-30.15308627236107
RNF185,non-target,-32.02545404834026
RNF187,non-target,44.65501992997658
RNF19A,non-target,68.7767546015851
RNF19B,non-target,157.07220989130977
RNF2,non-target,-21.48135942079649
RNF20,non-target,-40.89487961189947
RNF207,non-target,-9.282305677437714
RNF208,non-target,11.35259053720802
RNF212,non-target,-8.192083459673933
RNF213,non-target,2.2372317309043743
RNF214,non-target,-24.11132969080968
RNF215,non-target,8.633752078910781
RNF216,non-target,-22.155150916879915
RNF217,non-target,-9.365697197238047
RNF24,non-target,17.131972243314628
RNF25,non-target,-26.745005353052665
RNF26,non-target,-26.47689964604669
RNF31,non-target,-27.12366872436014
RNF32,non-target,-9.027601908572422
RNF34,non-target,-23.433224747151467
RNF38,non-target,-28.684843041967643
RNF4,non-target,-57.06482472624601
RNF41,non-target,-30.623621364154804
RNF43,non-target,-6.153015263967227
RNF44,non-target,6.166642416642342
RNF5,non-target,7.658761439529012
RNF6,non-target,-40.78568734862015
RNF7,non-target,-46.959537765287024
RNF8,non-target,-42.766985370984344
RNFT1,non-target,-22.47822956795676
RNFT2,non-target,-5.237894187116017
RNH1,non-target,-24.74050609440755
RNLS,non-target,-4.8810092523103314
RNPEP,in-trial,-9.25487025593713
RNPEPL1,in-trial,-8.89355869359658
RNPS1,non-target,-17.118912125232086
RO60,non-target,-44.692232243227686
ROBO3,non-target,-7.091055525994608
ROCK1,approved,-43.8915708745694
ROCK2,approved,-26.18168647986664
ROGDI,non-target,-5.960351637616594
ROMO1,non-target,14.789382786963705
ROPN1L,non-target,17.11110513392067
ROR2,non-target,6.700116118333831
RORB,non-target,-8.918279344034818
RORC,non-target,46.266238985948355
RP2,non-target,-0.0815437320905688
RP9,non-target,-17.358128777914185
RPA1,non-target,5.125881484171632
RPA2,non-target,-36.589806390470336
RPA3,non-target,4.184488342909475
RPAIN,non-target,-38.28388094366819
RPAP1,non-target,-38.12974349289138
RPAP3,non-target,-27.353864184018068
RPE,non-target,-39.91264167994944
RPF1,non-target,-17.43898711155307
RPGR,non-target,-20.21375627069264
RPGRIP1L,non-target,-10.797362223324903
RPH3AL,non-target,-11.299422251360191
RPIA,non-target,18.702492351176797
RPN1,non-target,-18.649824227589377
RPN2,non-target,-24.462518955851408
RPP14,non-target,-23.70715008250777
RPP25,non-target,5.5530982703438125
RPP25L,non-target,-8.041563616140833
RPP30,non-target,-4.023279458687955
RPRD1A,non-target,-13.010365976172436
RPRD1B,non-target,-39.86063175495027
RPRD2,non-target,-31.3319375959242
RPTOR,in-trial,-27.787559077417
RPUSD1,non-target,-13.850203831225462
RPUSD2,non-target,-22.951356533753565
RPUSD3,non-target,-20.771846738537626
RPUSD4,non-target,-20.905562125847453
RRAD,non-target,27.48246771238387
RRAGA,non-target,-30.003108727067403
RRAGC,non-target,20.284320087437397
RRAGD,non-target,70.10355260541341
RRAS,non-target,20.900457243885786
RRAS2,non-target,21.88657531379538
RRBP1,non-target,-4.448708477845926
RREB1,non-target,-14.720923789912376
RRM1,approved,9.171405408461965
RRM2,approved,61.57078521511778
RRM2B,approved,18.32135813664719
RRP1B,non-target,33.29816135699043
RRP36,non-target,-13.202650719689665
RRP7A,non-target,2.4043842580005994
RRP8,non-target,-29.551895624638536
RRP9,non-target,36.10652674368447
RSAD1,non-target,-15.66696522633356
RSAD2,non-target,76.90476187866592
RSBN1,non-target,-26.5821963213322
RSBN1L,non-target,-43.222199745292635
RSF1,non-target,-18.85484270408568
RSPH3,non-target,9.539278956599516
RSPRY1,non-target,-53.72230271949371
RSRC1,non-target,-19.084263622618376
RSRC2,non-target,-31.21426664468706
RSRP1,non-target,75.85394685412649
RSU1,non-target,18.908292396272344
RTCA,non-target,-10.691136057786892
RTF1,non-target,-36.05707078419152
RTF2,non-target,-6.028432089771314
RTKN2,non-target,25.57442481798884
RTL6,non-target,2.767783782897952
RTL8A,non-target,-9.199433199621126
RTL8C,non-target,18.622786601401767
RTN3,non-target,9.566323732195206
RTN4,in-trial,-19.766118235960235
RTN4IP1,non-target,-22.136613544870443
RTP4,non-target,25.874007740083115
RTRAF,non-target,-44.49275067480983
RTTN,non-target,-10.949213810392957
RUBCN,non-target,-16.644730074622306
RUFY1,non-target,-10.554532857963377
RUFY2,non-target,-12.89776232211271
RUFY3,non-target,9.342049902134436
RUNDC1,non-target,-32.59238378621447
RUNX1,non-target,-8.144056663656533
RUNX2,non-target,-12.079292149168731
RUNX3,non-target,-19.03988921729704
RUSC1,non-target,-30.047475098579383
RUSC2,non-target,-0.4698114585910993
RUSF1,non-target,23.997651495112496
RUVBL1,non-target,65.84032315129285
RWDD1,non-target,-5.244249011602965
RWDD2A,non-target,-8.32309707306679
RWDD2B,non-target,15.792648290360775
RWDD3,non-target,-10.849239220709022
RWDD4,non-target,-12.47380858386524
RXRA,approved,32.54812072755963
RXRB,approved,-28.488184327018995
RXYLT1,non-target,16.055439872064557
RYBP,non-target,18.72404135234757
RYK,non-target,0.9264149500319808
RYR1,approved,4.372888177104509
S100A10,non-target,22.231931371984917
S100A11,non-target,47.180998669298425
S100A13,non-target,0.1675781722063014
S100A2,non-target,-5.372757452547876
S100A4,non-target,-33.43034361981619
S100A5,non-target,-5.668356843244445
S100A6,non-target,-3.290923758139627
S100P,non-target,62.31788324546184
S100PBP,non-target,30.473190664218816
S100Z,non-target,3.4062625137157183
S1PR1,approved,38.74215771858238
S1PR2,approved,-6.727569294858992
S1PR4,approved,28.00215889037685
SAAL1,non-target,-14.446165844744412
SAC3D1,non-target,-5.154186281421286
SACM1L,non-target,-25.12476692008451
SACS,non-target,-5.372609315216565
SAE1,non-target,19.09846920036554
SAFB,non-target,-56.28424434870714
SAFB2,non-target,-39.722449274633014
SALL2,non-target,-5.284189830147007
SAMD1,non-target,26.94787114598868
SAMD10,non-target,9.002474818680954
SAMD12,non-target,-6.002629663297447
SAMD3,non-target,69.48228330859364
SAMD4A,non-target,13.732931141273212
SAMD4B,non-target,-24.87879632620691
SAMD8,non-target,-26.179127775255665
SAMD9,non-target,60.35588546482424
SAMD9L,non-target,82.43844216394722
SAMHD1,non-target,25.800064528155136
SAMM50,non-target,-31.529671857391403
SAMSN1,non-target,-0.3612503128291748
SANBR,non-target,8.232630584750028
SAP130,non-target,-33.59265805570505
SAP18,non-target,-70.6415558376634
SAP30,non-target,8.54110787604489
SAP30BP,non-target,-43.603513697509925
SAP30L,non-target,-22.22751264275719
SAPCD1,non-target,-13.046960565979091
SAPCD2,non-target,8.82555181612159
SAR1A,non-target,-16.10736945752232
SAR1B,non-target,-31.10189361727481
SARAF,non-target,16.64053749057831
SARM1,non-target,-17.354206756251497
SARNP,non-target,-22.03714065852505
SARS2,non-target,-24.802539329712488
SASH1,non-target,1.184226487241652
SASH3,non-target,7.576000646597673
SASS6,non-target,-27.731220724240973
SAT1,non-target,73.75170807439646
SAT2,non-target,32.839035648409855
SATB1,non-target,36.99976598709904
SAV1,non-target,23.265078054259263
SAXO2,non-target,-11.609190883127452
SAYSD1,non-target,-11.537277472433471
SBDS,non-target,-33.40981666467517
SBF1,non-target,-17.66064435145529
SBF2,non-target,0.1015432429789104
SBK1,non-target,43.737139214602394
SBNO1,non-target,-44.202185926834225
SC5D,non-target,-6.560515058058466
SCAF1,non-target,-45.11779908457593
SCAF11,non-target,-47.37203969103549
SCAF4,non-target,-43.9614922022775
SCAF8,non-target,-35.68137635839965
SCAI,non-target,-4.675945529670943
SCAMP1,non-target,-21.454748547482335
SCAMP2,non-target,-41.563764591366
SCAMP3,non-target,-21.242199324891516
SCAMP4,non-target,-10.086959511180504
SCAND1,non-target,-21.28087327709
SCAP,non-target,-31.934287758152085
SCAPER,non-target,7.469924084805644
SCARB1,non-target,17.398503105045595
SCARB2,non-target,40.129620883887064
SCARF1,non-target,10.054244350698465
SCART1,non-target,50.16790378586128
SCCPDH,non-target,47.28311576377098
SCD,non-target,77.13075741144625
SCD5,non-target,3.732153520484861
SCFD1,non-target,-23.42298580026682
SCFD2,non-target,-19.4405373360015
SCIN,non-target,-16.11169535578607
SCLT1,non-target,-9.578822450709632
SCLY,non-target,11.852692763897617
SCMH1,non-target,-6.238296623531895
SCML1,non-target,-11.673797894112028
SCML2,non-target,-6.257140374511457
SCML4,non-target,3.3096826394386984
SCN8A,in-trial,-9.738886272735906
SCN9A,in-trial,12.98174388946196
SCNM1,non-target,-29.431957833977577
SCNN1D,non-target,-9.696945867064109
SCO1,non-target,-27.1410553981908
SCO2,non-target,-17.046033448620232
SCOC,non-target,-3.243842897190411
SCP2,non-target,-12.97647753229055
SCPEP1,non-target,43.264571233469816
SCRIB,non-target,-3.0317604988078233
SCRN1,non-target,-2.92986029014903
SCRN2,non-target,4.207649975701924
SCRN3,non-target,-30.012589078744774
SCX,non-target,-2.3832575801418354
SCYL1,non-target,-44.77068155463727
SCYL2,non-target,-23.95877003433776
SCYL3,non-target,-12.919619789752035
SDC4,non-target,84.07305394905457
SDCBP,non-target,26.470858544996705
SDCBP2,non-target,-6.838832873658636
SDCCAG8,non-target,-2.1633033028398594
SDF2L1,non-target,84.51330414625166
SDF4,non-target,14.970686625614595
SDHAF1,non-target,-27.24774357769768
SDHAF2,non-target,-40.03799053036794
SDHAF3,non-target,-3.420267437880278
SDHAF4,non-target,-10.928281505201229
SDHB,non-target,3.37246342954892
SDR39U1,non-target,-8.558861785036255
SDR42E1,non-target,-3.285677157013565
SDSL,non-target,4.914493038813332
SEC11A,non-target,-9.947273571378448
SEC11C,non-target,29.952448289067124
SEC13,non-target,17.858195738028883
SEC14L1,non-target,16.634095202099193
SEC14L2,non-target,27.54561719584932
SEC16A,non-target,-34.87159066587097
SEC22A,non-target,-33.769543854815176
SEC22B,non-target,-10.829458322569511
SEC22C,non-target,-21.76836606456857
SEC23A,non-target,-26.377145141296563
SEC23B,non-target,-16.47437503237522
SEC23IP,non-target,-50.734102309636995
SEC24A,non-target,-22.383305271505225
SEC24B,non-target,-47.1973302187594
SEC24C,non-target,-42.87173128071087
SEC24D,non-target,25.08566409937439
SEC31A,non-target,13.786783327726402
SEC31B,non-target,72.07820899128222
SEC61A1,non-target,22.268924264310765
SEC61A2,non-target,-4.692965522377887
SEC61B,non-target,22.776686270972647
SEC61G,non-target,-1.1418020501034338
SEC62,non-target,-11.73653280238596
SEC63,non-target,-11.01425200829444
SECISBP2,non-target,-27.84180882746934
SECISBP2L,non-target,24.18469898818493
SECTM1,non-target,46.13766501739182
SEH1L,non-target,30.10174930552003
SEL1L,non-target,-13.514726914570405
SEL1L3,non-target,1.9698501573544955
SELENOF,non-target,-28.91477011565784
SELENOH,non-target,17.398588950176038
SELENOI,non-target,13.076520204618957
SELENOK,non-target,42.94378499296621
SELENOM,non-target,18.669472113958697
SELENON,non-target,40.834913881250706
SELENOO,non-target,-30.670309567366164
SELENOS,non-target,33.52939956079813
SELENOT,non-target,-27.19253592029927
SELENOW,non-target,36.55405765322176
SELL,in-trial,20.075494262178335
SELPLG,in-trial,42.46022030479275
SEM1,approved,-23.039236801470548
SEMA4A,non-target,4.52192360515336
SEMA4B,non-target,-10.27598024787926
SEMA4C,non-target,21.356078546102285
SEMA4F,non-target,0.7215339647592481
SEMA6C,non-target,-8.295474516919947
SEMA7A,non-target,73.94852942866551
SENP1,non-target,-36.465664646019896
SENP2,non-target,-20.90023529195952
SENP3,non-target,-10.377785032656108
SENP5,non-target,-41.032136631992394
SENP7,non-target,25.601553977017307
SEPHS1,non-target,-19.349160116785193
SEPHS2,non-target,12.199991331361028
SEPSECS,non-target,-18.23943423066648
SEPTIN1,non-target,-2.0113806927887197
SEPTIN10,non-target,-4.159598076332741
SEPTIN11,non-target,6.302862140245144
SEPTIN2,non-target,-25.892116270484696
SEPTIN5,non-target,-1.3830920734531755
SEPTIN6,non-target,-15.53830256030674
SEPTIN7,non-target,-46.05185252209813
SEPTIN8,non-target,24.71214728703951
SEPTIN9,non-target,14.143564968992797
SERAC1,non-target,8.332687079774026
SERBP1,non-target,40.24652063698327
SERF2,non-target,-23.227960147325337
SERGEF,non-target,-14.5643493876604
SERINC1,non-target,68.12793742353954
SERINC3,non-target,19.03390890221136
SERINC5,non-target,21.6161791944839
SERP1,non-target,19.123635085088925
SERPINB1,non-target,-24.673646864051577
SERPINB6,non-target,12.587608130777571
SERPINB8,non-target,37.6499010187136
SERPINB9,non-target,60.387651463671375
SERPINE1,non-target,21.979801775361352
SERPINE2,non-target,103.22872576849753
SERPINH1,non-target,27.55392988847238
SERPINI1,non-target,6.008772788009483
SERTAD1,non-target,17.092647617484484
SERTAD2,non-target,91.23508664541356
SERTAD3,non-target,3.0475356035871894
SESN1,non-target,153.88162612195745
SESN2,non-target,97.85050444325582
SESN3,non-target,30.717245636804705
SESTD1,non-target,-9.555065850451037
SET,non-target,-5.273197518540859
SETBP1,non-target,33.76609238123765
SETD1B,non-target,-20.289258732200988
SETD3,non-target,-34.35658707670466
SETD4,non-target,-29.66631079880012
SETD5,non-target,-38.7369722002514
SETD6,non-target,-7.558989921695137
SETD7,non-target,43.903583583342176
SETD9,non-target,-10.744311120272483
SETDB1,non-target,-39.55576940275192
SETDB2,non-target,-15.094294644166716
SETMAR,non-target,-20.90247263160812
SETX,non-target,0.7432177150722197
SF3A3,non-target,-6.477664310645982
SF3B2,non-target,-56.4306458092984
SF3B3,non-target,4.981266468445578
SF3B5,non-target,-0.3252495626304513
SF3B6,non-target,-30.490912832522913
SFI1,non-target,55.83748209868298
SFMBT1,non-target,-28.35785841824443
SFMBT2,non-target,39.53553554015231
SFN,non-target,-7.357497334009339
SFPQ,non-target,29.990593061958403
SFR1,non-target,-14.395211822135687
SFRP1,non-target,-24.92631450949573
SFT2D1,non-target,29.62830776069428
SFT2D2,non-target,5.137268764346298
SFT2D3,non-target,-15.980054449235515
SFXN1,non-target,-15.080540358739611
SFXN2,non-target,24.899618614701264
SFXN3,non-target,7.152407328668677
SFXN4,non-target,6.1622351378799936
SFXN5,non-target,-2.5291282740537677
SGCB,non-target,30.33518653951806
SGF29,non-target,-8.155678337876417
SGK1,non-target,35.47515255265111
SGK3,non-target,-5.228873356393859
SGMS1,non-target,19.274799010762028
SGO1,non-target,7.444498947814741
SGO2,non-target,4.907536457252746
SGPL1,non-target,16.944103922458645
SGPP1,non-target,-5.631815502044016
SGPP2,non-target,9.632724656279308
SGSH,non-target,37.801447812950585
SGSM2,non-target,5.275156014208787
SGSM3,non-target,-0.2146085103371244
SGTA,non-target,-11.328098099910749
SGTB,non-target,8.434134746595992
SH2B1,non-target,-22.5592675354107
SH2B3,non-target,15.692187586458004
SH2D1A,non-target,-21.432720701833517
SH2D2A,non-target,35.94837328747733
SH2D3A,non-target,1.392991428290647
SH2D3C,non-target,10.22149897549206
SH2D4A,non-target,-4.128536251618564
SH3BGR,non-target,-9.380762802695322
SH3BGRL,non-target,80.74734216209607
SH3BGRL3,non-target,-14.452188218917504
SH3BP1,non-target,12.730804459028851
SH3BP2,non-target,-1.666424421743855
SH3BP5,non-target,26.933277816884544
SH3BP5L,non-target,-19.35383385630257
MNMIP1,non-target,0.8619602448877437
SH3GL1,non-target,-23.52820465112325
SH3GLB1,non-target,-16.85426304118554
SH3GLB2,non-target,-19.65510482374965
SH3KBP1,non-target,0.9370449399854266
SH3PXD2A,non-target,-31.479156343670464
SH3RF2,non-target,11.645060863381444
SH3TC1,non-target,16.002651871803977
SH3YL1,non-target,12.637620004510357
SHARPIN,non-target,-19.933862319285367
SHC1,non-target,-22.720809643900353
SHC4,non-target,46.27512501586179
SHCBP1,non-target,29.924395205810413
SHF,non-target,51.60332993036352
SHFL,non-target,10.681347410551105
SHISA2,non-target,51.56450012732197
SHISA5,non-target,6.64540254420903
SHISAL2A,non-target,-0.3289169275686454
SHKBP1,non-target,-22.342399190493623
SHLD1,non-target,-20.741428047236965
SHLD2,non-target,-9.838346762343086
SHMT1,non-target,-7.971317412410675
SHMT2,non-target,48.01621694133066
SHOC2,non-target,-8.794674728032334
SHPK,non-target,-14.11237358596006
SHPRH,non-target,-36.9424987279611
SHQ1,non-target,-17.328324241183747
SIAE,non-target,2.4467715872469356
SIAH1,non-target,-3.127012996346658
SIAH2,non-target,12.313029234554213
SIDT1,non-target,19.489749224671673
SIDT2,non-target,-22.472340297008945
SIGIRR,non-target,40.98203379743762
SIGLEC12,non-target,-8.731630359692627
SIGLEC6,non-target,28.495916241755577
SIGMAR1,approved,52.56276222907042
SIK2,non-target,-20.755312899502588
SIK3,non-target,5.582999148454344
SIKE1,non-target,-44.64993294808297
SIL1,non-target,2.7637777678208315
SIMC1,non-target,-16.67803339682828
SIN3A,non-target,-24.605305465439187
SIN3B,non-target,-28.326399906177528
SINHCAF,non-target,-23.55706558747559
SIPA1,non-target,-4.594063084334716
SIPA1L3,non-target,-6.051995258991563
SIRPG,non-target,37.08143524085087
SIRT2,non-target,-0.887148377337932
SIRT3,non-target,-11.497578760054926
SIRT4,non-target,-13.27342537653876
SIRT5,non-target,-14.085175524623764
SIRT6,non-target,-36.82948872553363
SIRT7,non-target,-28.530749005945903
SIT1,non-target,31.539714553654445
SIVA1,non-target,-8.946744180918373
SIX1,non-target,15.02276928699313
SIX4,non-target,-0.2907684505145316
SKA1,non-target,28.495253884002704
SKA2,non-target,-17.925073573665568
SKA3,non-target,3.9013205303024328
SKAP1,non-target,7.093727793326337
SKAP2,non-target,2.654919481872735
SKI,non-target,-2.7462820755667177
SKIL,non-target,9.101142841542234
SKIC2,non-target,-27.032987868759147
SKOR1,non-target,-8.531816070949452
SKP2,non-target,-7.003084992376439
SLA,non-target,30.078280920776347
SLA2,non-target,9.11304223287137
SLAIN1,non-target,11.307413638986596
SLAIN2,non-target,-46.676382808294505
SLAMF1,non-target,16.784893063083246
SLAMF6,non-target,50.47939058047712
SLAMF7,approved,25.73156682227304
SLAMF8,non-target,-1.6016699222672068
SLC10A3,non-target,-17.003369990513857
SLC10A7,non-target,-19.228481726734305
SLC11A2,non-target,-14.395980616041262
SLC12A2,non-target,-30.142041088813908
SLC12A4,non-target,1.5429380474015015
SLC12A6,non-target,36.87954659331678
SLC12A7,non-target,37.621257747400875
SLC12A8,non-target,11.803282658297782
SLC12A9,non-target,-10.176469348598213
SLC15A2,non-target,-9.029822733119358
SLC15A3,non-target,4.766295356560127
SLC15A4,non-target,-19.53806129074376
SLC16A1,non-target,66.85303163573515
SLC16A10,non-target,3.626210784350448
SLC16A13,non-target,9.999564286282649
SLC16A14,non-target,8.164351238134978
SLC16A3,non-target,67.73273860868096
SLC16A5,non-target,13.442319432528889
SLC16A6,non-target,20.72136956840646
SLC16A7,non-target,23.957647217915063
SLC17A5,non-target,-15.699293516740717
SLC17A9,non-target,-11.831343666351875
SLC18B1,non-target,-3.302794761385504
SLC19A1,non-target,4.5028129324913335
SLC19A2,non-target,-2.855126410958087
SLC1A4,non-target,76.47311411256973
SLC1A5,non-target,117.80400417214302
SLC20A1,non-target,1.2296538283804346
SLC22A15,non-target,-8.129952874019061
SLC22A17,non-target,2.6750840451999167
SLC67A1,non-target,11.95641446815698
SLC22A23,non-target,-5.406650340184029
SLC22A31,non-target,-11.209495859716638
SLC22A5,non-target,-8.166204509332177
SLC23A1,non-target,-6.254983937398696
SLC23A2,non-target,-15.79464210407999
SLC23A3,non-target,-9.39118911611292
SLC25A1,non-target,12.864223416333806
SLC25A10,non-target,0.691151891353942
SLC25A11,non-target,-10.18351979178197
SLC25A12,non-target,-20.178510455407174
SLC25A13,non-target,-2.2206449258597303
SLC25A14,non-target,-19.371525820973545
SLC25A15,non-target,-10.95869613553038
SLC25A16,non-target,-32.01748767512937
SLC25A17,non-target,-23.06304198448136
SLC25A19,non-target,-5.4025415602103335
SLC25A20,non-target,-14.075663614576545
SLC25A22,non-target,-11.45114866961571
SLC25A23,non-target,23.363644270697737
SLC25A24,non-target,15.433187527701064
SLC25A25,non-target,-25.17994383741855
SLC25A26,non-target,2.703334920912784
SLC25A28,non-target,-26.978323352095384
SLC25A29,non-target,8.794263513772272
SLC25A3,non-target,1.8515283524262711
SLC25A30,non-target,-9.193411701938931
SLC25A32,non-target,20.43561623865063
SLC25A33,non-target,19.083655420588695
SLC25A34,non-target,-10.124114011636651
SLC25A35,non-target,2.809147250647713
SLC25A36,non-target,5.891580671496158
SLC25A37,non-target,13.7756685239774
SLC25A38,non-target,-27.81836768934602
SLC25A39,non-target,11.39851578999332
SLC25A4,non-target,50.46079828950922
SLC25A40,non-target,-40.739584851886626
SLC25A42,non-target,-0.7516029971101711
SLC25A43,non-target,8.784941082205343
SLC25A44,non-target,-27.486671003823137
SLC25A45,non-target,7.99817280282767
SLC25A46,non-target,-34.55793539395142
SLC25A5,non-target,2.520868423325704
SLC25A51,non-target,-29.395398776284427
SLC25A53,non-target,-0.7390687584130399
SLC25A6,non-target,-19.725988204275392
SLC26A11,non-target,42.834666425787
SLC26A2,non-target,-18.84007613588553
SLC26A4,non-target,57.69353165601192
SLC26A6,non-target,-18.716337652998984
SLC27A1,non-target,-5.037846208010817
SLC27A2,non-target,19.529593034502444
SLC27A3,non-target,3.9013297005784686
SLC27A4,non-target,17.86123776444487
SLC27A5,non-target,13.991226836421587
SLC29A1,in-trial,34.83031845078077
SLC29A2,non-target,-4.1676278806534865
SLC29A3,non-target,5.808626311945271
SLC2A1,non-target,-8.072130408751216
SLC2A11,non-target,7.323566070823982
SLC2A13,non-target,-5.194158060500361
SLC2A14,non-target,-10.05330793975868
SLC2A3,non-target,73.92691950234915
SLC2A4RG,non-target,18.6642758562537
SLC2A6,non-target,-4.517981720640643
SLC2A8,non-target,8.458280195008577
SLC2A9,non-target,-2.2135126147641913
SLC30A1,non-target,-0.2750579384993183
SLC30A4,non-target,16.999020322156394
SLC30A5,non-target,-32.35308447169991
SLC30A6,non-target,-30.26777864085962
SLC30A7,non-target,1.898463176337786
SLC30A9,non-target,-12.538449346828829
SLC31A1,non-target,-16.88753719994112
SLC31A2,non-target,-2.0278249030567728
SLC33A1,non-target,8.462916169798618
SLC35A1,non-target,-32.37444072955708
SLC35A2,non-target,-20.85187248486829
SLC35A3,non-target,-38.14030391599834
SLC35A4,non-target,-36.79549594146926
SLC35A5,non-target,-16.500706476750004
SLC35B1,non-target,29.850987560956124
SLC35B2,non-target,6.312150264616984
SLC35B3,non-target,-11.881980645988632
SLC35B4,non-target,-28.39274470430637
SLC35C1,non-target,-21.539158273886013
SLC35H1,non-target,-9.773488276774904
SLC35D1,non-target,-0.9359139338660754
SLC35D2,non-target,82.90224693739957
SLC35E1,non-target,-33.12409683460866
SLC35E3,non-target,-5.792773609636346
SLC35E4,non-target,1.60519995994517
SLC35F2,non-target,4.070855985684517
SLC35F3,non-target,34.51170157742911
SLC35F5,non-target,-1.0727505759938794
SLC35F6,non-target,-2.0642685640423935
SLC35G1,non-target,-0.4049245774997215
SLC35G2,non-target,11.362613614286117
SLC36A1,non-target,-21.935638764923528
SLC36A4,non-target,-11.418597576084602
SLC37A1,non-target,19.324756645571952
SLC37A3,non-target,28.70459304004588
SLC37A4,non-target,-7.423208979258824
SLC38A1,non-target,11.767693619034407
SLC38A10,non-target,-7.082558236815056
SLC38A2,non-target,78.46379394788629
SLC38A5,non-target,65.45932121655734
SLC38A6,non-target,-13.451258950802982
SLC38A7,non-target,-6.12488508773115
SLC38A9,non-target,-10.483068470292476
SLC39A1,non-target,-6.094184710632406
SLC39A10,non-target,34.59521050334643
SLC39A11,non-target,-19.808025911586032
SLC39A13,non-target,-16.15837091224103
SLC39A14,non-target,26.93032812974796
SLC39A3,non-target,7.896772243132216
SLC39A6,non-target,-4.1239347356084055
SLC39A7,non-target,-13.366023808659966
SLC39A8,non-target,11.152549103828818
SLC39A9,non-target,-33.46405324976413
SLC3A1,non-target,-9.201562939175927
SLC3A2,non-target,134.76911448929545
SLC40A1,non-target,1.8489672840658615
SLC41A1,non-target,18.167336503510963
SLC41A2,non-target,40.93904075801708
SLC41A3,non-target,-13.910540571166155
SLC43A1,non-target,25.982303740722173
SLC43A2,non-target,31.519860990195525
SLC43A3,non-target,69.84465781062777
SLC44A1,non-target,9.979190045060756
SLC44A2,non-target,21.385664817933954
SLC45A4,non-target,-15.885982482754846
SLC46A3,non-target,4.566127143479045
SLC48A1,non-target,49.41418616263871
SLC49A4,non-target,7.061079710904676
SLC4A1AP,non-target,-43.06613073945713
SLC4A2,non-target,-10.8894640251973
SLC4A5,non-target,-8.783191909834946
SLC4A7,non-target,10.972272913174242
SLC4A8,non-target,-2.7124470789383444
SLC50A1,non-target,16.112137500637772
SLC52A2,non-target,-26.69464811509615
SLC5A3,non-target,99.584152542781
SLC5A5,non-target,-7.572100003879754
SLC5A6,non-target,31.465517876918636
SLC66A1,non-target,-11.040174503529926
SLC66A2,non-target,-8.933017900145996
SLC66A3,non-target,9.082013023214058
SLC6A6,non-target,-6.219222735541848
SLC6A8,non-target,-0.1292631079571323
SLC6A9,non-target,71.85785907312923
SLC7A1,non-target,66.14909637530151
SLC7A11,non-target,144.06550386789135
SLC7A5,non-target,100.14316234577797
SLC7A6,non-target,88.06849952044114
SLC8A1,non-target,-6.279209744391436
SLC8B1,non-target,-13.68789120844617
SLC9A1,non-target,-31.067013050665764
NHERF1,non-target,22.74007419794876
NHERF2,non-target,-7.1124358423832605
SLC9A5,non-target,-6.186928581831583
SLC9A6,non-target,-23.77514761223613
SLC9A7,non-target,28.77456366470282
SLC9A8,non-target,-4.34627507469597
SLC9A9,non-target,24.282931242478043
SLC9B1,non-target,-10.397903514531563
SLC9B2,non-target,0.5064969700596293
SLCO3A1,non-target,9.338708333683556
SLCO4A1,non-target,15.607241120960524
SLCO4C1,non-target,0.56076204592341
SLF1,non-target,-8.002739214433385
SLF2,non-target,-20.09292866954882
SLFN11,non-target,25.467906786780706
SLFN12,non-target,11.731377912798514
SLFN12L,non-target,17.02230655362497
SLFN13,non-target,-9.911508989819476
SLFN5,non-target,122.49417246036325
SLIRP,non-target,12.831446080895068
SLK,non-target,-23.665600088561582
SLMAP,non-target,-51.62250303237747
SLTM,non-target,-56.35867952396302
SLX4,non-target,-21.05740321642176
SLX4IP,non-target,-6.664862597056977
SLX9,non-target,-19.86591473324209
SMAD1,non-target,9.228049191566985
SMAD2,non-target,-1.2027549405427227
SMAD3,non-target,69.42212673885462
SMAD4,non-target,-19.61985453968458
SMAD5,non-target,-10.400404303993158
SMAD7,in-trial,22.427094173108724
SMAGP,non-target,14.506210124683856
SMAP1,non-target,10.591462321318277
SMAP2,non-target,-2.952504590304045
SMARCA2,non-target,13.81445780954977
SMARCA4,non-target,-30.176768552839913
SMARCA5,non-target,-66.09582265337296
SMARCAD1,non-target,-39.560395174682725
SMARCAL1,non-target,-36.67829041924724
SMARCB1,non-target,-30.900422759168773
SMARCC1,non-target,-28.37808498857125
SMARCC2,non-target,-34.18303698077347
SMARCD1,non-target,-24.67882302997114
SMARCD2,non-target,-56.30071263102033
SMARCE1,non-target,-37.68498473746333
SMC1A,non-target,-30.24050122608803
SMC2,non-target,10.832752727493707
SMC3,non-target,-28.201875887564285
SMC4,non-target,18.44997187811548
SMC5,non-target,-36.9049613437354
SMC6,non-target,-34.235740093459825
SMCHD1,non-target,-13.693049641106764
SMCO4,non-target,4.4779792072984135
SMCR8,non-target,-22.539127342346415
SMDT1,non-target,21.176691736020228
SMG1,non-target,-32.635252727225506
SMG6,non-target,16.48297359568715
SMG7,non-target,-39.337892489777566
SMG8,non-target,-36.40223347640406
SMG9,non-target,-6.320524435713364
SMIM1,non-target,-8.11898278664839
SMIM10,non-target,-3.18792153594268
SMIM10L1,non-target,-7.108511875666447
SMIM12,non-target,-35.798930061907605
SMIM13,non-target,-20.909717554468596
SMIM14,non-target,40.43571219040316
SMIM15,non-target,-11.420728978025483
SMIM19,non-target,48.04645065248218
SMIM20,non-target,-13.85903437013294
SMIM26,non-target,-28.501828695046793
SMIM29,non-target,19.52736729826684
SMIM3,non-target,25.79504877230774
SMIM30,non-target,14.389841356823382
UQCC5,non-target,-12.708349359466302
SMIM7,non-target,-22.263031274988084
SMKR1,non-target,4.0681048934309985
SMNDC1,non-target,-23.246813332252753
SMOX,non-target,91.8714841109973
SMPD1,non-target,35.19590367725031
SMPD2,non-target,-20.499656316953295
SMPD3,non-target,14.977778226497495
SMPD4,non-target,-27.003379438919367
SMPDL3A,non-target,-3.4540460996282665
SMS,non-target,20.004511903467137
SMTN,non-target,-1.4646091775012853
SMU1,non-target,-44.091457767825894
SMUG1,non-target,-29.6081156670914
SMURF1,non-target,-10.40265444396348
SMURF2,non-target,-3.1315186107172273
SMYD2,non-target,-9.646395060029278
SMYD3,non-target,-21.19154983437554
SMYD5,non-target,-7.869209869673211
SNAI3,non-target,19.833649520937513
SNAP23,non-target,-25.297755322487983
SNAP29,non-target,-24.001668036076307
SNAP47,non-target,5.105329642839773
SNAPC3,non-target,-0.6045819738789883
SNAPIN,non-target,-21.39273565688046
SNCA,non-target,4.617310954762172
SND1,non-target,0.9596843196864172
SNF8,non-target,-37.98696441263891
SNN,non-target,-7.489454306647391
SNPH,non-target,3.589046310776599
SNRK,non-target,9.366138108173883
SNRNP25,non-target,52.73404049412813
SNRNP27,non-target,-39.541733989698265
SNRNP35,non-target,-27.12290881421785
SNRNP40,non-target,25.664041777255505
SNRNP70,non-target,-36.45711725090172
SNRPA,non-target,-2.324807600199113
SNRPA1,non-target,-14.48861828742922
SNRPB,non-target,0.1602180255239602
SNRPB2,non-target,4.692000879815538
SNRPC,non-target,3.115255639976534
SNRPD2,non-target,-15.65560216592686
SNRPE,non-target,36.07655818535025
SNRPF,non-target,-13.749145144919586
SNRPG,non-target,20.4085715880239
SNRPN,non-target,1.0482796390783402
SNTA1,non-target,14.382353310223015
SNTB1,non-target,33.951731880577604
SNTB2,non-target,17.284506965264708
SNU13,non-target,-0.3743551853348729
SNUPN,non-target,-31.67509621754492
SNW1,non-target,-62.188324516148576
SNX1,non-target,-60.69436865699826
SNX10,non-target,23.195516502799975
SNX11,non-target,-17.895699244188062
SNX12,non-target,-45.66238006126429
SNX13,non-target,-29.394071216748326
SNX14,non-target,2.8570311155011345
SNX16,non-target,-9.818047302846232
SNX17,non-target,-34.51759692350332
SNX18,non-target,24.180896182477028
SNX19,non-target,-7.092600339716704
SNX2,non-target,-9.538119321014634
SNX20,non-target,24.68373854122271
SNX24,non-target,21.571015947758756
SNX25,non-target,-11.135501857762543
SNX27,non-target,-40.31484047246508
SNX29,non-target,-16.05350343140852
SNX3,non-target,-28.879089295013184
SNX30,non-target,-6.128097347042007
SNX33,non-target,6.456303033349563
SNX4,non-target,-36.52628760515908
SNX5,non-target,-18.115590308602595
SNX6,non-target,-37.19083925007902
SNX8,non-target,0.2768231187527545
SNX9,non-target,48.33421816021846
SOAT1,non-target,6.593474572272494
SOCS1,non-target,35.21753651726665
SOCS2,non-target,37.808810234028805
SOCS3,non-target,49.632987717851115
SOCS4,non-target,-32.69108181545243
SOCS5,non-target,-7.800785559389426
SOCS6,non-target,1.4024492247677511
SOCS7,non-target,-18.502183931249935
SOD1,non-target,-22.151464649055644
SOD2,non-target,-0.2299414338635917
MTCL3,non-target,28.30055828872454
SORBS3,non-target,13.607398255248782
SORD,non-target,-2.0466669117030363
SORL1,non-target,71.35678859204576
SORT1,non-target,43.28470045312687
SOS1,non-target,39.583426695138634
SOS2,non-target,35.41847243116023
SOX12,non-target,-5.39388358390183
SOX4,non-target,4.06716394012631
SOX7,non-target,-10.670482800719585
SP1,non-target,-25.708152716529213
SP100,non-target,19.846495100403896
SP110,non-target,-5.8901155391095115
SP140,non-target,-81.95250786621204
SP140L,non-target,-5.630784400490039
SP2,non-target,-30.021325257100173
SP3,non-target,-50.54451504792225
SP4,non-target,8.134349915719582
SPACA6,non-target,2.2701925170631605
SPACA9,non-target,-2.476272290645833
SPAG1,non-target,17.292176607994136
SPAG16,non-target,-3.019988036007381
SPAG4,non-target,-5.731747183273003
SPAG5,non-target,34.094628735641294
SPAG7,non-target,7.296987752339173
SPAG9,non-target,-8.103245269092909
SPART,non-target,6.5969828350098565
SPAST,non-target,-39.37271557275429
SPATA13,non-target,-14.86306822234495
SPATA2,non-target,-22.70579088945705
SPATA20,non-target,14.903611688470589
SPATA22,non-target,-11.19526170973124
SPATA24,non-target,-3.86487723821458
SPATA2L,non-target,-14.013098486263518
SPATA3,non-target,-0.3123398240018987
SPATA33,non-target,-10.815991935375775
AFG2A,non-target,-8.679912974476187
AFG2B,non-target,-26.640228062484834
SPATA7,non-target,-6.03873287786332
SPATC1L,non-target,21.382532308387812
SPATS2,non-target,2.253538212443926
SPATS2L,non-target,22.445870042646632
SPC24,non-target,46.030471699420126
SPC25,non-target,23.446667486469945
SPCS1,non-target,-44.86031103590091
SPCS2,non-target,-11.288182713011494
SPCS3,non-target,20.95694678173396
SPDL1,non-target,-9.870468026446616
SPECC1,non-target,0.8890071979809543
SPECC1L,non-target,-10.697925032325244
SPEF2,non-target,30.84359336108676
SPEN,non-target,-3.187433644572342
SPESP1,non-target,-15.361015661646752
SPG11,non-target,20.01861595323717
SPG21,non-target,-51.46147279309298
SPG7,non-target,-21.522607021300413
SPHK1,non-target,30.492078122279924
SPHK2,in-trial,-19.675565229434408
SPIB,non-target,2.2272036215165847
SPICE1,non-target,-16.92589724262928
SPIDR,non-target,-17.317137317366477
SPIN1,non-target,32.25115331625438
SPIN2B,non-target,-12.951796461588728
SPIN3,non-target,-4.551091519117203
SPIN4,non-target,-1.3463054615279326
SPINDOC,non-target,9.236859189864946
SPINK2,non-target,7.844776787492225
SPINT1,non-target,33.60651962041551
SPINT2,non-target,75.63694513606919
SPIRE1,non-target,15.392093003437948
SPN,non-target,38.64857953004633
SPNS1,non-target,-15.054947808768388
SPNS3,non-target,67.24705562023202
SPOCK2,non-target,23.575280867938275
SPON2,non-target,-3.279387646158348
SPOP,non-target,-38.58052856167499
SPOPL,non-target,-20.055161655088327
SPP1,in-trial,8.931650195247562
SPPL2A,non-target,25.07380541845299
SPPL2B,non-target,-16.438802437079975
SPPL3,non-target,-25.838941864385955
SPR,non-target,25.696871888075247
SPRED2,non-target,42.46599170640896
SPRING1,non-target,-27.142875858491788
SPRTN,non-target,-35.70308528859095
SPRY1,non-target,47.16839993558376
SPRYD3,non-target,-27.92383739180389
SPRYD4,non-target,-2.6534159555471235
SPRYD7,non-target,7.939850143218588
SPSB1,non-target,35.07551379434147
SPSB2,non-target,10.429370615328551
SPSB3,non-target,10.542403236320167
SPTAN1,non-target,26.184842543135986
SPTBN1,non-target,1.6329065911232494
SPTBN5,non-target,-8.394488512377281
SPTLC1,non-target,-47.626950005911965
SPTLC2,non-target,2.896510563316236
SPTSSA,non-target,1.3600350912816552
SPTY2D1,non-target,-5.810896908251872
SPX,non-target,-11.66461396265876
SQLE,non-target,14.900133900343176
SQOR,non-target,-36.71319302651306
SQSTM1,non-target,145.69203169685855
SRA1,non-target,-2.832380474862147
SRBD1,non-target,-23.247657807429032
SRC,approved,37.73301273432814
SRCAP,non-target,-32.64621865393968
SRD5A1,non-target,-0.9322448964426756
SRD5A3,non-target,49.2376352731333
SREBF1,non-target,51.35912216078569
SREBF2,non-target,28.800619395296284
SREK1IP1,non-target,-22.598587936343993
SRF,non-target,0.5873442501322804
SRGN,non-target,62.424224197059594
SRI,non-target,6.95922991232851
SRM,non-target,66.16026090264934
SRP54,non-target,-55.4408501751285
SRP68,non-target,-29.370578050380715
SRP9,non-target,-32.82594216909199
SRPK1,non-target,2.6929877875654427
SRPK2,non-target,-9.48762320725914
SRPRA,non-target,-3.266836461253083
SRPRB,non-target,64.32466765780362
SRR,non-target,-2.562463465961621
SRRD,non-target,-14.153002800129656
SRRM1,non-target,-23.470006307211353
SRSF10,non-target,-27.2380971205416
SRSF11,non-target,-40.6473917664648
SRSF2,non-target,86.64559969853848
SRSF4,non-target,-41.538734138568294
SRSF5,non-target,-16.44512058020217
SRSF6,non-target,-25.33122755394341
SRSF7,non-target,-23.98151774818548
SRSF8,non-target,-3.821784783013186
SRSF9,non-target,-12.301456292672242
SRXN1,non-target,-3.2857977862497543
SS18,non-target,-27.04322893768322
SS18L1,non-target,-31.330762345847333
SS18L2,non-target,-41.75299186590913
SSBP1,non-target,-21.84529120667038
SSBP2,non-target,35.34648381402949
SSBP3,non-target,8.609857039080467
SSBP4,non-target,-19.589795209246287
SSH1,non-target,23.928580959341502
SSH3,non-target,3.945810993725413
SSNA1,non-target,-34.65505809385068
SSR1,non-target,11.780074958860732
SSR2,non-target,37.62982942062376
SSR3,non-target,68.73331297816587
SSR4,non-target,16.819833258328046
SSRP1,non-target,40.51501251167537
SSTR3,in-trial,-6.5301997149798865
SSU72,non-target,-44.2286423585825
SSX2IP,non-target,-14.803903997159113
ST13,non-target,-34.62640605820368
ST20,non-target,4.009964690213706
ST3GAL1,non-target,46.50210495498393
ST3GAL2,non-target,1.7242103412108305
ST3GAL3,non-target,44.529113744968186
ST3GAL4,non-target,-12.050328607891888
ST3GAL5,non-target,38.4406798345721
ST6GAL1,non-target,24.696464384579784
ST6GALNAC4,non-target,-4.307997492261873
ST6GALNAC6,non-target,16.7364803731581
ST7,non-target,5.000721142838256
ST7L,non-target,0.8937595717175325
ST8SIA4,non-target,20.38569243437172
ST8SIA6,non-target,21.834979363694497
STAC3,non-target,-4.577139806045878
STAG1,non-target,-22.077683136255413
STAG2,non-target,-36.27946956919663
STAG3,non-target,-9.531120251843772
STAM,non-target,11.451995590412292
STAM2,non-target,-28.903368421282504
STAMBP,non-target,9.281448575059713
STAMBPL1,non-target,-10.764592909102095
STAP1,non-target,5.685051399267394
STAP2,non-target,-10.261522405171066
STARD10,non-target,58.23684551315663
STARD13,non-target,-6.416722109226889
STARD3,non-target,-28.537749253247032
STARD3NL,non-target,-8.758626459127106
STARD4,non-target,24.02580044204195
STARD5,non-target,-8.039543557494916
STARD7,non-target,-24.176474911054044
STARD8,non-target,-2.84303207794107
STARD9,non-target,3.9566904239443104
STAT1,non-target,34.51819929970575
STAT2,non-target,60.76347861991312
STAT3,in-trial,90.35702401919178
STAT4,non-target,62.21317726774655
STAT5A,non-target,50.173514074435765
STAT5B,non-target,3.560247922793379
STAT6,non-target,10.613214508494403
STAU1,non-target,-16.194569197565084
STAU2,non-target,-10.948668509785302
STBD1,non-target,13.93111015128529
STC1,non-target,-3.577666175532428
STC2,non-target,101.78827661990408
STEAP1,non-target,8.209559553582066
STEEP1,non-target,-32.10526224829587
STIL,non-target,-1.1091962265431905
STIM1,non-target,33.919786636101605
STIM2,non-target,-21.168202585606235
STING1,non-target,26.941515039341795
STIP1,non-target,-15.487929818731269
STK10,non-target,7.108359116013091
STK11,non-target,-32.1516335403803
STK11IP,non-target,-24.889681911734595
STK16,non-target,-21.536616215534107
STK17A,non-target,14.173021319962784
STK17B,non-target,56.71620654321612
WHR1,non-target,-23.766721945137437
STK24,non-target,-31.360554997010265
STK25,non-target,-31.31258983223719
STK26,non-target,-26.677337233682337
STK3,non-target,15.270130267839953
STK32C,non-target,-6.6344983246393285
STK33,non-target,0.8073752108298612
STK35,non-target,-37.686749552475625
STK36,non-target,-11.237942772563107
STK38,non-target,34.64808534104356
STK38L,non-target,3.2246636692185526
STK39,non-target,-0.386989858632712
STK4,non-target,17.98017139712302
STK40,non-target,4.070698528504536
STMN1,non-target,17.55836525362697
STMN3,non-target,42.71203100631525
STMP1,non-target,-19.364419682256106
STN1,non-target,31.448306212693016
STOM,non-target,32.235166606262034
STOML1,non-target,-17.013046699655153
STOML2,non-target,42.4604081577858
STON1,non-target,28.62379918180899
STON2,non-target,4.547575722104889
STOX1,non-target,-2.417203746751291
STPG1,non-target,-12.64666093112488
STRADA,non-target,-24.56975700797558
STRADB,non-target,-12.525800606206916
STRAP,non-target,13.123765107274158
STRBP,non-target,12.244835941066356
STRIP1,non-target,-32.84941855960394
STRIP2,non-target,33.944471068966855
STRN,non-target,-43.74967032561718
STRN3,non-target,-28.754837811407885
STRN4,non-target,-34.95701481363619
STS,non-target,-12.08005307762005
STT3A,non-target,15.642815276765864
STT3B,non-target,-11.51957579702102
STUB1,non-target,-44.53246683491788
STX10,non-target,-5.138693546617279
STX11,non-target,21.848920362137637
STX12,non-target,-3.715307603938276
STX16,non-target,9.95337667517316
STX17,non-target,7.147810257831128
STX1A,non-target,26.575466045088135
STX2,non-target,3.4369354308891764
STX3,non-target,27.55122220166024
STX4,non-target,-0.857653271471681
STX5,non-target,24.183242814493216
STX6,non-target,-19.55455411714067
STX7,non-target,-9.353441950427571
STX8,non-target,-17.822425763107166
STXBP1,non-target,13.050223248945684
STXBP2,non-target,-2.380397337332691
STXBP3,non-target,-33.332382651040994
STXBP4,non-target,-17.374334543493465
STXBP5,non-target,-9.510308867814263
STYX,non-target,-20.354004041994287
STYXL1,non-target,-7.480448060424787
SUB1,non-target,-31.84620196611891
SUCLA2,non-target,-29.7556675934447
SUCLG1,non-target,-31.862953761812463
SUCLG2,non-target,-19.266504333050214
SUCO,non-target,-8.23608004974438
SUDS3,non-target,-31.922547287254755
SUFU,non-target,-29.336605609839257
SUGP1,non-target,-43.01075247988095
SUGP2,non-target,-35.186426660431785
SUGT1,non-target,-7.294596733591424
SULF2,non-target,-5.978986503543673
SULT1A1,non-target,-9.753774824361845
SULT1B1,non-target,31.77185029999384
SUMF1,non-target,-6.261409165374697
SUMF2,non-target,24.312019384784424
SUMO2,non-target,-40.16303906651114
SUMO3,non-target,0.0732137800558057
SUN1,non-target,0.6743868850666033
SUN2,non-target,56.81847997029619
SUOX,non-target,12.531226806738877
SUPT16H,non-target,-19.972903103280363
SUPT20H,non-target,-39.95352620889804
SUPT3H,non-target,-3.531888209258646
SUPT4H1,non-target,42.245758267494764
SUPT7L,non-target,-29.003957526517713
SUPV3L1,non-target,-36.191397191503235
SURF1,non-target,-1.9508618839727991
SURF2,non-target,-16.0433815266654
SURF4,non-target,8.769284258657615
SUSD1,non-target,47.83584620133414
SUSD3,non-target,27.069984713961546
SUSD6,non-target,10.82411551035132
SUV39H1,non-target,-15.2903324235417
SUV39H2,non-target,10.28475250221699
SUZ12,non-target,-20.766491986386058
SV2A,non-target,5.6517731711149795
SV2C,non-target,-4.051608168751261
SVBP,non-target,4.618695485100825
SVIL,non-target,-8.438404106210728
SVIP,non-target,-2.258660374407422
SWAP70,non-target,-13.81471688426827
SWI5,non-target,-11.308028131166372
SWSAP1,non-target,-15.849194622635691
SWT1,non-target,11.14494394610451
SYAP1,non-target,-29.56183153250822
SYCE1,non-target,-23.17517865203897
SYCE2,non-target,5.7963614374513925
SYCE3,non-target,-4.250330896083631
SYCP2,non-target,-21.19406419535453
SYDE2,non-target,-3.83111431966622
SYF2,non-target,-13.852623843250145
SYK,approved,-7.518283931948527
SYNCRIP,non-target,-18.788049695834545
SYNE1,non-target,9.789448309956958
SYNE2,non-target,79.27452515065316
SYNE3,non-target,13.220772170917124
SYNE4,non-target,-7.733223266904026
SYNGAP1,non-target,18.50909560983713
SYNGR2,non-target,-12.03095575623469
SYNGR3,non-target,34.69774985571443
SYNJ1,non-target,-10.265005603902331
SYNJ2,non-target,-6.465005092184154
SYNJ2BP,non-target,17.100351150293605
SYNM,non-target,-3.9446268699582574
SYNRG,non-target,41.9870981717471
SYP,non-target,22.95513917888223
SYPL1,non-target,-4.98505614278685
SYT11,non-target,32.38554239423647
SYTL1,non-target,68.59405212294837
SYTL2,non-target,119.64595970012772
SYTL3,non-target,73.44128581083301
SYVN1,non-target,3.0944065648744137
SZRD1,non-target,-23.51488292162904
TAB1,non-target,-29.882626557977275
TAB3,non-target,-5.434140707478934
TACC1,non-target,-4.165955115548916
TACC3,non-target,39.20887886438988
TACO1,non-target,-39.010653091589425
TADA1,non-target,-29.76712525182524
TADA2A,non-target,-30.64143699226069
TADA2B,non-target,6.157963385804365
TADA3,non-target,6.227361965110423
TAF1,non-target,-27.034577389139866
TAF10,non-target,-21.216890406413032
TAF11,non-target,-53.11166598952161
TAF12,non-target,-25.803938926324943
TAF13,non-target,3.14124652026017
TAF15,non-target,-36.735611094724526
TAF1A,non-target,-17.4003399427591
TAF1B,non-target,-30.16001486620959
TAF1D,non-target,38.59451904069493
TAF2,non-target,-48.31327115342234
TAF3,non-target,-30.08590099617233
TAF4,non-target,-38.489890796580546
TAF4B,non-target,-1.800211632709382
TAF5,non-target,-23.364268626110412
TAF5L,non-target,-33.8989597351513
TAF6,non-target,-42.18302183959343
TAF6L,non-target,-25.033158633567396
TAF9,non-target,-3.887874904342842
TAF9B,non-target,13.555277466943842
TAFAZZIN,non-target,-24.974476713988725
TAGAP,non-target,20.38110654120967
TAGLN,non-target,-10.909817602349628
TAGLN2,non-target,-15.020853913571091
TALDO1,non-target,14.697802297743166
TAMALIN,non-target,23.988101459390197
TANGO2,non-target,-14.188443097024535
TANGO6,non-target,-34.217160816774374
TANK,non-target,70.82358584845534
TAOK1,non-target,-19.65736103022419
TAOK2,non-target,-23.53787310731232
TAOK3,non-target,-39.40922823481014
TAP1,non-target,5.392821776287889
TAP2,non-target,7.109988654243945
TAPBP,non-target,36.07059650432274
TAPBPL,non-target,3.348109369506794
TAPT1,non-target,3.84025171427821
TARBP1,non-target,12.396093369182449
TARBP2,non-target,-23.87647644764486
TARS2,non-target,-9.396612711264735
TARS3,non-target,-15.545275567834016
TAS2R14,non-target,-10.930524086841745
TASL,non-target,20.53348066192915
TASOR,non-target,-2.324147554628283
TASOR2,non-target,-33.36455474852653
TASP1,non-target,-12.894862363920234
TATDN1,non-target,-14.211954628829416
TATDN2,non-target,-27.960127725213564
TATDN3,non-target,-24.34144939702737
TAX1BP1,non-target,22.731823255739343
TAX1BP3,non-target,5.512758614684041
TBC1D1,non-target,33.73032154750837
TBC1D10A,non-target,15.484465756816126
TBC1D10B,non-target,-35.15304718206318
TBC1D10C,non-target,42.769370020159265
TBC1D13,non-target,-33.06749425766338
TBC1D14,non-target,-21.395557705851147
TBC1D15,non-target,-2.5559883942403068
TBC1D16,non-target,-5.832279315613641
TBC1D17,non-target,27.905500535240105
TBC1D19,non-target,-3.9190112047494856
TBC1D2,non-target,-1.850213475815077
TBC1D20,non-target,-11.995079856343388
TBC1D22A,non-target,-35.398061499714544
TBC1D22B,non-target,-18.806792993371175
TBC1D23,non-target,-24.01279927955323
TBC1D24,non-target,-0.4035821281945691
TBC1D25,non-target,-19.758454584077636
TBC1D2B,non-target,21.420012057122
TBC1D30,non-target,18.388205833620347
TBC1D31,non-target,-14.27890800530551
TBC1D32,non-target,-9.555004016448256
TBC1D4,non-target,18.519641767194223
TBC1D5,non-target,26.18159722487659
TBC1D7,non-target,-24.51424785085805
TBC1D8,non-target,-8.33126797881039
TBC1D9B,non-target,-7.295512506655466
TBCB,non-target,-11.777540221058176
TBCCD1,non-target,-30.416755630421743
TBCD,non-target,-33.38559206076172
TBCEL,non-target,39.83563249241412
TBCK,non-target,-11.19625494394637
TBK1,non-target,-20.776499526805555
TBKBP1,non-target,35.16534612847081
TBL1X,non-target,18.736813201970687
TBL1XR1,non-target,-33.89229279188573
TBL2,non-target,4.532273796524423
TBP,non-target,-42.043773757971714
TBPL1,non-target,-35.56253387267234
TBRG1,non-target,-31.573764282098853
TBRG4,non-target,15.099526883442005
TBX19,non-target,-4.381036246803146
TBX21,non-target,31.924773371061875
TBX6,non-target,-8.815921381132323
TBXA2R,in-trial,6.799238726195445
TBXAS1,non-target,-6.921650683097179
TC2N,non-target,55.98650934510997
TCAF1,non-target,27.6038031907692
TCAIM,non-target,-31.55418922956397
TCAP,non-target,-9.996529632191825
TCEA2,non-target,9.220468172435648
TCEAL1,non-target,31.43156697749895
TCEAL3,non-target,2.0031933616425324
TCEAL4,non-target,23.07871864418967
TCEAL8,non-target,5.411076781297396
TCEAL9,non-target,0.7791584756135622
TCEANC,non-target,-14.409566806404102
TCEANC2,non-target,-29.792296927252995
TCF12,non-target,-21.435318814339663
TCF19,non-target,13.681653527402132
TCF20,non-target,-36.73926799738135
TCF25,non-target,-15.742503803022766
TCF3,non-target,2.8060971197444817
TCF4,non-target,1.291891176380516
TCF7,non-target,62.84222692250629
TCF7L2,non-target,-7.918199919346757
TCFL5,non-target,-3.930698434363987
TCHP,non-target,-36.52729324692107
TCIRG1,non-target,18.31555169405448
TCN2,non-target,79.92284840645709
TCP1,non-target,115.30174391620648
TCP11L1,non-target,12.672096302404864
TCP11L2,non-target,55.64939174884842
TCTA,non-target,19.430094827681973
TCTN1,non-target,17.102476563307434
TCTN2,non-target,1.567259994848213
TCTN3,non-target,10.284652297759886
TDG,non-target,-5.915048832901351
TDP1,non-target,-13.975331417907336
TDP2,non-target,-35.39883252624192
TDRD1,non-target,-14.245360875491413
TDRD12,non-target,-14.309408883698373
TDRD3,non-target,-31.7912087561737
TDRD7,non-target,58.31178480467555
TDRD9,non-target,-15.853436702959792
TDRKH,non-target,2.2847830748997566
TEAD4,non-target,8.987108815749027
TEC,in-trial,15.670019211126112
TECPR1,non-target,-11.262176783122507
TECPR2,non-target,-0.5697532387817438
TECR,non-target,-23.714598568530945
TEDC1,non-target,-17.53704083491574
TEDC2,non-target,-7.602187470867453
TEF,non-target,-0.0786281282005016
TEFM,non-target,-38.11213105214417
TEN1,non-target,-9.890412806421176
TENT2,non-target,-15.658612764548474
TENT4A,non-target,-44.61934064237864
TENT4B,non-target,-17.529174043954058
TENT5A,non-target,24.57713932423884
TENT5C,non-target,64.43020216726059
TEP1,non-target,4.722594301816042
TEPSIN,non-target,-24.03198559305841
TERB1,non-target,-9.641608480004525
TERF1,non-target,-40.21285063770961
TERF2IP,non-target,-3.978738577429297
TERT,in-trial,-8.50183140162636
TES,non-target,33.50370022649248
TESC,non-target,-6.140022081545436
TESK1,non-target,8.048771875184972
TESK2,non-target,-6.935667676401283
TESMIN,non-target,-4.6638416013822255
TESPA1,non-target,21.277530659707452
TET2,non-target,14.917290141594911
TET3,non-target,-9.434543544529948
TEX10,non-target,-15.594611746600648
TEX2,non-target,-29.925124956181367
TEX22,non-target,-11.573242859395274
TEX261,non-target,-12.31594658152609
TEX264,non-target,-28.127322668874015
TEX29,non-target,10.413618787901957
TEX30,non-target,20.39864620569654
TFAM,non-target,6.425640618401246
TFAP2E,non-target,-5.346912360837675
TFAP4,non-target,-10.298287649111638
TFB1M,non-target,-21.24387676176681
TFB2M,non-target,-2.6564727641422277
TFCP2,non-target,-45.34182821518478
TFDP1,non-target,71.64842470836551
TFDP2,non-target,7.808855771511046
TFE3,non-target,20.746573532272137
TFEB,non-target,0.4443625164185381
TFG,non-target,-22.018029814465777
TFIP11,non-target,-42.087554203824546
TFPT,non-target,-25.98288884380247
TG,non-target,6.163620566941414
TGDS,non-target,-25.635307242296633
TGFB1,in-trial,-5.686534864887096
TGFB1I1,non-target,15.428333554191184
TGFB3,in-trial,-12.932591800193771
TGFBR1,in-trial,32.408154161155686
TGFBR2,non-target,33.44742264483449
TGFBR3,non-target,13.283111084050445
TGFBRAP1,non-target,-24.21094994164996
TGIF1,non-target,26.53625031797809
TGIF2,non-target,-23.522745262060734
TGM1,non-target,-14.203102959359311
TGOLN2,non-target,9.881798340328416
THADA,non-target,-11.874430698029627
THAP1,non-target,-38.087133570642784
THAP11,non-target,-35.053828530767206
THAP12,non-target,-21.8710960609417
THAP2,non-target,-16.81680044760061
THAP3,non-target,-35.09617212268495
THAP4,non-target,-30.324796522613457
THAP5,non-target,-36.103970503828414
THAP6,non-target,-28.33663314886158
THAP7,non-target,-22.63999261135257
THAP8,non-target,-7.984653071388021
THAP9,non-target,-17.707686219320816
THBS3,non-target,0.5192744312951447
THEM4,non-target,6.767783082220767
THEM6,non-target,-16.309337113648457
THEMIS,non-target,13.471798083904682
THEMIS2,non-target,19.20855042830956
THG1L,non-target,-2.5759600687506983
THNSL1,non-target,-5.8675683413538655
THOC2,non-target,-46.748096242731435
THOC6,non-target,19.25368092248396
THOC7,non-target,-19.398619303281787
THOP1,non-target,24.507881773293494
THRA,in-trial,10.16397595558458
THRAP3,non-target,-40.61911492096347
THUMPD1,non-target,-54.17919231389299
THUMPD2,non-target,-14.184565947027387
THUMPD3,non-target,-38.20954441302522
THYN1,non-target,-34.826456108475035
TIA1,non-target,-31.99397485284721
TIAL1,non-target,-32.79105887639327
TIAM1,non-target,54.96741608897786
TIAM2,non-target,43.80799143204663
TICAM1,non-target,-15.399473690936617
TICRR,non-target,-2.545968105710255
TIFA,non-target,21.696575895759462
TIGAR,non-target,23.30419254679104
TIGD1,non-target,-11.79817369150557
TIGD2,non-target,-4.527118993380264
TIGD3,non-target,-11.997556467684792
TIGD4,non-target,-9.724107305972383
TIGD5,non-target,-20.663340674397972
TIGD6,non-target,-9.512024682611898
TIGD7,non-target,14.903251453041875
TIGIT,in-trial,37.67336677829203
TIMD4,non-target,17.73951647761012
TIMELESS,non-target,-13.296426268699022
TIMM10,non-target,46.22640310879495
TIMM10B,non-target,-28.637641124274936
TIMM13,non-target,66.85297635214694
TIMM17A,non-target,21.50094181983262
TIMM17B,non-target,-34.22598401788483
TIMM21,non-target,-6.175858916630429
TIMM23,non-target,32.52863661291194
TIMM29,non-target,-31.21968098787136
TIMM50,non-target,2.0328762571979033
TIMM8A,non-target,-0.5497009236033108
TIMM8B,non-target,5.9708268858731275
TIMM9,non-target,-15.02146478080546
TIMMDC1,non-target,-4.828305777208409
TIMP1,non-target,60.62966626799548
TIMP2,non-target,1.8491223756816904
TIPARP,non-target,22.358293634670304
TIPRL,non-target,-43.80973343565705
TIRAP,non-target,-18.020005923374686
TJAP1,non-target,-24.330050530198744
TK1,non-target,39.80264164525229
TK2,non-target,43.42490909008128
TKFC,non-target,10.62833982680258
TLCD1,non-target,4.467119826128055
TLCD3A,non-target,5.719406415105247
TLCD5,non-target,28.656922109243197
TLE1,non-target,-7.257443697260759
TLE2,non-target,-7.116156526197596
TLE4,non-target,2.852378113513478
TLE5,non-target,10.973735951910362
TLK1,non-target,-12.085827957470926
TLK2,non-target,-25.964594381093463
TLN1,non-target,-10.733312152821949
TLN2,non-target,-7.5914759348848655
TLNRD1,non-target,9.521767883882992
TLR1,non-target,42.89270238221835
TLR2,in-trial,-9.759944088572023
TLR5,non-target,-10.006754456860817
TLR6,non-target,16.87249991663925
TLX2,non-target,1.8314436879382976
TM2D1,non-target,-22.133686246678845
TM2D2,non-target,-28.481250134041176
TM2D3,non-target,-2.1273416762653974
TM6SF1,non-target,68.73940788065953
TM7SF2,non-target,8.420943017036942
TM7SF3,non-target,24.567113499639262
TM9SF2,non-target,-26.24809082933622
TM9SF3,non-target,-31.107151783406454
TM9SF4,non-target,-32.75792781126424
TMA7,non-target,-12.947816582524888
TMBIM1,non-target,12.556189081842538
TMBIM4,non-target,-3.9708023722090022
TMBIM6,non-target,15.56907690427812
TMC6,non-target,9.670250198747755
TMC8,non-target,51.539352057364304
TMCC1,non-target,-20.973527516727476
TMCC2,non-target,23.43097109769876
TMCO1,non-target,-32.74920837952115
SLC9D1,non-target,3.673676774375247
TMCO4,non-target,-15.559896277163247
TMCO6,non-target,-16.540394037408053
TMED1,non-target,-5.197515923104956
TMED10,non-target,-21.33177873519521
TMED2,non-target,-7.887901156056739
TMED3,non-target,-23.97463890978985
TMED4,non-target,-21.356630031645707
TMED5,non-target,6.208289656731949
TMED6,non-target,-20.455077817580147
TMED7,non-target,-13.633856901971232
TMED8,non-target,-17.476784367493874
TMED9,non-target,-14.99468079367592
TMEM101,non-target,-25.22707633029741
TMEM102,non-target,-10.907307254011416
SLC38A12,non-target,-28.934391181462978
TMEM106A,non-target,-3.9821553262102376
TMEM106B,non-target,26.49113420524724
TMEM106C,non-target,18.027973770758862
TMEM107,non-target,20.226215293808952
TMEM109,non-target,-1.5761807884761982
TMEM11,non-target,-40.91339743250277
TMEM115,non-target,-27.578272179618335
TMEM116,non-target,-0.3241115426896404
TMEM117,non-target,-3.789905024877094
TMEM120A,non-target,62.576485724022966
TMEM120B,non-target,-6.85578615909395
TMEM121,non-target,-10.414934920441764
TMEM123,non-target,11.865025545299735
TMEM126A,non-target,0.7442670699793013
TMEM126B,non-target,-26.6981445475153
TMEM127,non-target,-21.621754028642744
TMEM128,non-target,-13.981619331078354
TMEM131,non-target,1.7151511675079452
TMEM131L,non-target,-2.942783258924661
TMEM134,non-target,19.361448495776653
TMEM135,non-target,-8.72125376188646
TMEM138,non-target,-33.44471131893061
TMEM140,non-target,93.62028037513528
TMEM141,non-target,-10.032316091991694
TMEM143,non-target,-11.969974103890353
TMEM147,non-target,14.842365142114987
TMEM14A,non-target,26.770898845037255
TMEM14B,non-target,-44.91272321308461
TMEM14C,non-target,-13.631177860672867
TMEM150A,non-target,-4.358868486828118
TMEM154,non-target,36.89679835606848
TMEM156,non-target,0.6217983190946038
TMEM160,non-target,-21.94814016636472
TMEM161A,non-target,-11.348902818839044
TMEM161B,non-target,-13.15849638377877
TMEM163,non-target,-5.849220813904708
TMEM164,non-target,-8.591009158518661
TMEM165,non-target,-21.03432654747934
TMEM167A,non-target,17.118705490697014
TMEM167B,non-target,-12.617190916960716
TMEM168,non-target,8.484758867124121
TMEM169,non-target,7.4911512493851085
TMEM170A,non-target,-34.572533072876375
TMEM170B,non-target,-6.268367854634234
TMEM175,non-target,18.067812450798417
TMEM177,non-target,-18.995624650732044
TMEM178B,non-target,6.286910961488292
TMEM179B,non-target,-9.858936327247042
TMEM18,non-target,-27.513743838941483
TMEM181,non-target,-33.98912057772716
TMEM182,non-target,-4.509875260130859
TMEM183A,non-target,-35.28384323283529
TMEM184B,non-target,-6.451488528329567
TMEM184C,non-target,-38.561170830802986
TMEM185A,non-target,-0.170500494507794
TMEM185B,non-target,-10.90181905904643
TMEM186,non-target,-25.22634806966033
TMEM187,non-target,-10.168932914274423
TMEM19,non-target,-4.044511964699425
TMEM192,non-target,-20.02129246813595
VMA12,non-target,-42.26010810492888
TMEM200A,non-target,47.799634507170424
TMEM201,non-target,-1.1421000563244943
TMEM203,non-target,-29.36500830793104
TMEM204,non-target,-18.400804290741178
TMEM205,non-target,28.8255182345131
TMEM208,non-target,-15.422426555918651
TMEM209,non-target,-26.487833480281704
TMEM214,non-target,-9.737737758009
TMEM216,non-target,4.937101785871603
TMEM217,non-target,-7.33773398566198
TMEM218,non-target,-25.638355801000312
TMEM219,non-target,15.343834204029838
TMEM220,non-target,3.7397339937295135
TMEM222,non-target,-30.1642824915768
TMEM223,non-target,-26.747165231179547
TMEM229B,non-target,29.07927301815542
TMEM230,non-target,-11.014444315856814
TMEM231,non-target,-2.3232535463225106
TMEM234,non-target,-8.461358041256295
TMEM237,non-target,-10.1187585780676
SLC35D4,non-target,6.964781418639163
TMEM242,non-target,0.7131738338292118
TMEM243,non-target,43.16976108363317
TMEM245,non-target,-5.46318837514129
TMEM248,non-target,-60.500185542475855
TMEM25,non-target,2.3441688331272736
TMEM250,non-target,-22.126536534477896
LYSET,non-target,-3.2247454244719385
TMEM254,non-target,-5.410581679166451
TMEM256,non-target,0.4879193527811629
TMEM258,non-target,-13.54742539966196
TMEM259,non-target,-44.816678940313125
TMEM260,non-target,-20.25902374749157
TMEM263,non-target,9.354974841688774
TMEM265,non-target,-14.552825145211129
TMEM267,non-target,-7.253952779893818
TMEM268,non-target,-18.49045263077969
TMEM273,non-target,71.82979976300248
CDC50A,non-target,16.191904566644816
CDC50B,non-target,2.7629090228082904
TMEM33,non-target,14.491253119709516
TMEM35B,non-target,14.374051517935824
TMEM38A,non-target,-13.153442333018845
TMEM38B,non-target,7.04011264124662
TMEM39A,non-target,13.394602180441971
TMEM39B,non-target,-22.897408147247855
TMEM41A,non-target,-30.20043060190889
TMEM41B,non-target,-11.688094563202606
TMEM42,non-target,-9.594231620824894
TMEM43,non-target,-6.118343658853416
TMEM44,non-target,16.217754788002498
TMEM50A,non-target,-6.323967909561333
TMEM50B,non-target,6.938264575084484
TMEM53,non-target,-5.950775365112517
TMEM59,non-target,10.424199301500275
TMEM60,non-target,-8.244198912933348
TMEM62,non-target,-20.47089229039504
TMEM63A,non-target,78.11421660544148
TMEM63B,non-target,-7.998434708202979
TMEM64,non-target,8.906281243723441
TMEM65,non-target,7.632544828582421
TMEM67,non-target,-3.034367213178804
TMEM68,non-target,-19.70998311803805
TMEM69,non-target,-22.940500088209507
TMEM70,non-target,-4.835716400153117
TMEM71,non-target,62.075569465265154
TMEM79,non-target,-17.793117596231152
TMEM80,non-target,10.564993150330569
TMEM81,non-target,-22.49975607838462
TMEM86A,non-target,-8.847161282193175
TMEM86B,non-target,-7.989430563709583
TMEM87A,non-target,-21.00840574971504
TMEM87B,non-target,-13.000326694079604
TMEM8B,non-target,11.211546635571487
TMEM9,non-target,6.359274195755333
TMEM91,non-target,-13.843847649133194
TMEM94,non-target,-16.77512946471841
TMEM97,non-target,24.18823735691937
TMEM98,non-target,2.367619003595307
TMEM9B,non-target,-13.981746403566774
TMF1,non-target,0.3922757029321673
TMIGD2,non-target,5.781806036268062
TMLHE,non-target,-6.291471270511704
TMOD1,non-target,15.02710401820479
TMOD2,non-target,27.437921138004445
TMOD3,non-target,-28.134859161163593
TMPO,non-target,25.176342290492222
TMPPE,non-target,-18.31832907174952
TMPRSS13,non-target,0.3795496345374154
TMPRSS3,non-target,76.03880692992243
TMPRSS5,non-target,-12.03305635143546
TMPRSS6,in-trial,1.7900918449772547
TMSB10,non-target,-109.04475660198612
TMSB4Y,non-target,-7.573586012913114
TMTC1,non-target,0.9910850915937476
TMTC2,non-target,7.862289541415053
TMTC3,non-target,-15.53254587587393
TMTC4,non-target,-13.146760974611077
TMUB1,non-target,-31.979740201627564
TMUB2,non-target,5.833242818016383
TMX1,non-target,-17.25537067187859
TMX2,non-target,-5.45409843350177
TMX3,non-target,-36.6340052661965
TMX4,non-target,14.518546458487563
TNF,approved,32.13630509742583
TNFAIP1,non-target,-22.7790497151269
TNFAIP3,non-target,75.39869014061792
TNFAIP8,non-target,23.469314572346335
TIPE1,non-target,-5.592065325842235
TIPE2,non-target,19.680339956990988
TNFRSF10A,in-trial,18.405675655792837
TNFRSF10B,in-trial,91.23827580177188
TNFRSF10D,non-target,12.016289900945536
TNFRSF11A,non-target,44.02449768534058
TNFRSF12A,non-target,-2.8206598017464786
TNFRSF13C,in-trial,12.351382531841251
TNFRSF14,non-target,54.97583770344526
TNFRSF18,non-target,89.79963315900277
TNFRSF1A,non-target,10.248369225029364
TNFRSF1B,non-target,14.462218594249142
TNFRSF21,non-target,0.1066598498010993
TNFRSF25,non-target,10.309734764863896
TNFRSF4,in-trial,41.121891801333035
TNFRSF8,in-trial,38.60277918685441
TNFRSF9,in-trial,65.54380631291353
TNFSF10,non-target,48.340906586147504
TNFSF11,approved,16.942644917954578
TNFSF13,in-trial,3.487087431265678
TNFSF13B,approved,22.90546085284632
TNFSF14,in-trial,40.26854036081014
TNFSF4,in-trial,45.878108646716065
TNFSF8,non-target,102.44389325723728
TNFSF9,non-target,33.23144214457939
TNIK,non-target,60.47715629194291
TNIP1,non-target,-5.824417996943292
TNIP2,non-target,5.667118238466505
TNIP3,non-target,25.209909800204137
TNK1,non-target,-9.130567350615658
TNK2,non-target,3.60572108561392
TNKS,non-target,-18.72288105123492
CNOT12,non-target,-6.233597115375448
TNKS2,non-target,-5.718851625989093
TNNC1,non-target,-10.54098124996742
TNPO1,non-target,-32.58299115812019
TNPO2,non-target,-8.64049486470021
TNPO3,non-target,-45.101720015308395
TNRC6A,non-target,-39.29092942988614
TNRC6B,non-target,24.51252257316887
TNS3,non-target,-8.174809079562893
TOB1,non-target,45.94554766400373
TOB2,non-target,-25.88889478485109
TOE1,non-target,-3.870012952683046
TOGARAM1,non-target,-8.507781767843872
TOLLIP,non-target,-19.647676115415287
TOM1,non-target,4.7069480050137456
TOM1L2,non-target,18.674663247417257
TOMM20,non-target,-11.026548400064906
TOMM22,non-target,57.0269246274078
TOMM34,non-target,22.748757748627963
TOMM40,non-target,40.26538880487491
TOMM40L,non-target,-10.911188573736624
TOMM5,non-target,54.87752844535125
TOMM6,non-target,0.2262662657453707
TOMM7,non-target,28.849071877041272
TOMM70,non-target,-25.65138627125209
TOP1,in-trial,-37.23701286306925
TOP1MT,non-target,2.2097406096771928
TOP2A,approved,27.01624465488675
TOP2B,in-trial,-20.026325837427414
TOP3B,non-target,-31.4548965640741
TOPBP1,non-target,-12.508657104762468
TOPORS,non-target,-14.56881674172611
TOR1A,non-target,-27.65255234344727
TOR1AIP1,non-target,-40.78898208668452
TOR1AIP2,non-target,-29.83513882385545
TOR1B,non-target,-27.947712939115195
TOR2A,non-target,-15.71629945000428
TOR3A,non-target,-23.581230992688745
TOR4A,non-target,-2.4536794356515705
TOX,non-target,-0.3480414106212741
TOX2,non-target,7.10026687516579
TP53,in-trial,47.39979743326001
TP53BP1,non-target,-2.9417803561436418
TP53BP2,non-target,0.2409253422096663
TP53I13,non-target,-16.651772416251358
TP53I3,non-target,31.540787912014835
TP53INP1,non-target,97.56302543579932
TP53INP2,non-target,11.680138981885598
TP53RK,non-target,-30.942294250734687
TP63,non-target,12.32278667902913
TP73,non-target,20.023753571835513
TPCN1,non-target,8.074971320994502
TPCN2,non-target,-14.22206903488587
TPD52,non-target,-25.302074149780484
TPD52L2,non-target,-22.994428793518313
TPGS1,non-target,16.875582096194325
TPGS2,non-target,9.550785465361708
TPK1,non-target,13.011066080862072
TPM1,non-target,1.5981271041328995
TPM2,non-target,5.447044004809776
TPM4,non-target,117.77159271234729
TPMT,non-target,8.724940522922426
TPP1,non-target,100.78603658201187
TPP2,non-target,-30.07558502939598
TPR,non-target,-37.364918554524735
TPRA1,non-target,-21.21310854471951
TPRG1L,non-target,5.883982329162369
TPRKB,non-target,12.55858770284334
TPRN,non-target,-15.877916807286924
TPST1,non-target,0.0519654404727146
TPST2,non-target,17.02334825330888
TPX2,non-target,21.898409852944994
TRA2A,non-target,-24.27904191948298
TRA2B,non-target,-23.219420008655703
TRABD,non-target,-27.12753849114149
TRABD2A,non-target,12.814846147988996
TRAC,non-target,-205.780426803894
TRADD,non-target,46.30581599455889
TRAF1,non-target,60.164512750586745
TRAF2,non-target,-23.982476300838737
TRAF3,non-target,-10.979865541904696
IFT54,non-target,-2.7631313324755453
TRAF3IP2,approved,-13.93689679489468
TRAF3IP3,non-target,-21.64192887297193
TRAF4,non-target,-3.0502127383992517
TRAF5,non-target,24.496421215385467
TRAF6,non-target,-24.50776115198373
TRAF7,non-target,-32.0280501585222
TRAFD1,non-target,63.36439655901672
TRAK1,non-target,-26.219053887936223
TRAK2,non-target,-17.84176017024406
TRAM1,non-target,46.20269364379494
TRAM2,non-target,23.589841266324857
TRANK1,non-target,62.686399911389664
TRAP1,non-target,52.37014403822676
TRAPPC10,non-target,-47.005083237539885
TRAPPC11,non-target,-34.529571759507654
TRAPPC12,non-target,-25.70381819995558
TRAPPC13,non-target,-36.40957334160357
TRAPPC2L,non-target,-16.471425429221238
TRAPPC3,non-target,-38.21263083729004
TRAPPC4,non-target,-22.25233357199532
TRAPPC5,non-target,-28.749025799264697
TRAPPC6A,non-target,45.98028804434708
TRAPPC6B,non-target,-4.446335338560817
TRAPPC8,non-target,-36.37209745361013
TRAPPC9,non-target,0.0129458597494694
TRAT1,non-target,28.750525442282576
TRBC1,non-target,-119.07611279608354
TRBC2,non-target,-187.97141979933863
TRDC,non-target,-17.576336923058623
TRDMT1,non-target,-18.51655101021386
TREML2,non-target,38.7116423775853
TRERF1,non-target,43.18785772479536
TRGC1,non-target,-22.94201704854937
TRGC2,non-target,8.813135229287772
TRGJP1,non-target,-17.29378610033285
TRGJP2,non-target,-13.45771469962849
TRIB1,non-target,53.06117390682929
TRIB2,non-target,45.856878292645526
TRIB3,non-target,105.97967237567988
TRIM13,non-target,-9.531800574133632
TRIM14,non-target,28.217616773181305
TRIM16,non-target,16.785925183357016
TRIM17,non-target,-4.673728031080917
TRIM21,non-target,10.639880134928347
TRIM22,non-target,144.0418213717337
TRIM23,non-target,4.738604235460471
TRIM24,non-target,-28.48076408136919
TRIM25,non-target,-19.84845251754381
TRIM26,non-target,-25.147607405571566
TRIM27,non-target,-36.84136540511687
TRIM28,non-target,-8.88810649974359
TRIM3,non-target,-1.7045700518409863
TRIM33,non-target,-48.39776326837015
TRIM34,non-target,-5.313473352962367
TRIM35,non-target,-30.957322344260792
TRIM37,non-target,-22.53094873104418
TRIM38,non-target,-1.1756457912631404
TRIM39,non-target,-21.430550057416724
TRIM4,non-target,-21.82369755530711
TRIM41,non-target,-20.189891309174843
TRIM44,non-target,43.84146516451508
TRIM46,non-target,0.5580982252261796
TRIM47,non-target,-17.786612546983452
TRIM5,non-target,30.64988023861207
TRIM52,non-target,-5.194149116227403
TRIM56,non-target,-17.905756183566165
TRIM58,non-target,-7.5542292275435665
TRIM59,non-target,-26.33818396184937
TRIM6,non-target,-3.5174198986601337
TRIM61,non-target,-20.164554775221003
TRIM62,non-target,-12.487080946404648
TRIM65,non-target,-23.073620714459135
TRIM66,non-target,-15.94719211850652
TRIM68,non-target,-15.859573873772971
TRIM69,non-target,11.272551636001552
TRIM8,non-target,33.42464696777313
TRIO,non-target,-15.2503033050207
TRIOBP,non-target,-6.6862415876633365
TRIP10,non-target,32.89883421086143
TRIP11,non-target,-24.74173481808295
TRIP12,non-target,-33.02594905083253
TRIP13,non-target,63.19889812846503
TRIP4,non-target,-1.0593241369897657
TRIP6,non-target,-20.428716437344093
TRIQK,non-target,4.422272064444084
TRIR,non-target,-37.81165696166803
TRIT1,non-target,-20.7442871810926
TRMO,non-target,-11.570404376407112
TRMT1,non-target,19.743636833738435
TRMT10A,non-target,-14.2232270637641
TRMT10B,non-target,-23.61380724186901
TRMT10C,non-target,0.647690416411495
TRMT11,non-target,-19.276735226143696
TYW2,non-target,-22.27460740105413
TRMT13,non-target,-27.185715654239257
TRMT1L,non-target,-0.3198698573141995
TRMT2A,non-target,-22.553306349595356
TRMT2B,non-target,-25.594409966743893
TRMT44,non-target,-25.68455598683184
TRMT6,non-target,-13.720095569446
TRMT61A,non-target,-8.001471786710265
TRMT61B,non-target,-27.38689965649151
TRMU,non-target,-28.654279686994027
TRNT1,non-target,-5.316889556983935
TROAP,non-target,1.5529652160869176
TRPC1,non-target,4.4957306391668945
TRPC4AP,non-target,-28.76790415105198
TRPM2,non-target,-5.533838741317041
TRPS1,non-target,31.220394611682796
TRPT1,non-target,-10.93594857826776
TRPV2,non-target,50.39437863705263
TRRAP,non-target,-61.8166744379248
TRUB1,non-target,-8.794757167007598
TRUB2,non-target,-14.256784637451064
TSC1,non-target,-28.194110032832025
TSC2,non-target,-28.193858398290303
TSC22D1,non-target,31.55256093495467
TSC22D2,non-target,-21.082064164938856
TSC22D3,non-target,87.81832977271567
TSC22D4,non-target,-1.0844790026543674
TSEN15,non-target,-7.662442695082125
TSEN34,non-target,-12.618305699061116
TSEN54,non-target,-19.55096692554404
TSFM,non-target,-14.054657759718944
TSG101,non-target,-14.897010631542798
TSGA10,non-target,0.13917806466691
TSHR,non-target,9.549681566040748
TSHZ1,non-target,-18.70359170447668
TSHZ2,non-target,-11.811703308383995
TSHZ3,non-target,13.015689508197696
TSKS,non-target,-17.036958668709637
TSKU,non-target,11.746695925416544
TSLP,in-trial,-10.015859044024085
TSN,non-target,-35.184951125020845
TSNARE1,non-target,-14.594773929717144
TSNAX,non-target,-34.511904258746306
TSPAN13,non-target,42.686642277066845
TSPAN14,non-target,2.3773316754869875
TSPAN15,non-target,26.040138826641748
TSPAN17,non-target,-4.843072688091048
TSPAN18,non-target,37.01120495428424
TSPAN2,non-target,16.551569730373643
TSPAN3,non-target,43.09552060209989
TSPAN31,non-target,42.18310554925758
TSPAN32,non-target,9.227467372414145
TSPAN33,non-target,46.96124783806655
TSPAN4,non-target,-7.532162206430115
TSPAN5,non-target,-0.1265456836867713
TSPO,non-target,-22.87602939686067
TSPOAP1,non-target,104.8372267545543
TSPYL1,non-target,-9.642381666883672
TSPYL2,non-target,25.62648038840287
TSPYL4,non-target,-5.5153424490497
TSPYL5,non-target,-4.23564339033636
TSR2,non-target,-36.196731244947365
TSR3,non-target,-27.24069099255925
TSSC4,non-target,-33.95623060805545
TSSK4,non-target,-11.95343544851016
TSSK6,non-target,-12.22948473038912
TST,non-target,10.1236976733311
TSTD1,non-target,69.24393841341299
TSTD2,non-target,-20.76501295815791
TTBK1,non-target,9.796138389863366
TTBK2,non-target,-6.339333851373418
TTC12,non-target,-6.1402457431107855
TTC13,non-target,-6.170538504650916
TTC14,non-target,28.733015626664244
TTC17,non-target,25.010664267655255
TTC19,non-target,11.584190434444633
TTC21A,non-target,-6.707005722515756
TTC21B,non-target,-27.045502783341544
TTC22,non-target,10.798254020592331
TTC23,non-target,-5.518578559642975
TTC24,non-target,-0.4163690931632858
IFT56,non-target,-9.411820250681806
TTC28,non-target,7.648247893148981
TTC3,non-target,37.94454320779904
IFT70B,non-target,-8.262229907342657
TTC31,non-target,-8.017179338104834
TTC32,non-target,8.463825968161046
TTC33,non-target,-34.88126311548094
SKIC3,non-target,-30.3818185956181
TTC38,non-target,-5.549693088666827
TTC39B,non-target,23.442272161956925
TTC39C,non-target,35.94727316474321
TTC4,non-target,-9.859278420048872
TTC5,non-target,-22.81812753456296
TTC7A,non-target,8.02650900890225
TTC7B,non-target,6.76544870743406
TTC8,non-target,14.920753438081835
TTC9,non-target,51.939562091005065
TTC9C,non-target,-18.465023866912706
TTF1,non-target,-22.66350183708569
TTF2,non-target,4.098583730212937
TTI1,non-target,-26.343133143062328
TTK,non-target,3.9045492119961818
TTL,non-target,-20.77396626018933
TTLL1,non-target,5.857844518145318
TTLL11,non-target,-12.017356481552476
TTLL12,non-target,47.44506073629665
TTLL3,non-target,30.611401118261437
TTLL4,non-target,-21.99138145391305
TTLL5,non-target,-17.76769319549084
TTN,non-target,30.99249868643508
TTPAL,non-target,-3.774700188725951
TTYH2,non-target,32.69683242917096
TTYH3,non-target,42.4372864327705
TUBA1A,approved,10.126810911190006
TUBA1B,approved,65.98469347652421
TUBA1C,approved,68.15601658966112
TUBA4A,approved,58.8328427003916
TUBB,approved,70.4960309351848
TUBB2A,approved,30.87151549587611
TUBB3,approved,11.699573411857704
TUBB4B,approved,83.06095173066036
TUBB6,approved,28.28935593008932
TUBD1,non-target,-32.33807468390228
TUBE1,non-target,40.550441674335126
TUBG1,non-target,29.26684508114832
TUBG2,non-target,16.687013099553308
TUBGCP3,non-target,-19.48621757918224
TUBGCP4,non-target,-14.284934751232663
TUBGCP5,non-target,-13.18559404213766
TUFM,non-target,37.6854219707029
TUFT1,non-target,13.423452036743129
TULP3,non-target,-12.895207526832614
TUSC1,non-target,-13.13562974699962
TUSC2,non-target,-6.927090117570835
TUT7,non-target,-2.2859062829404784
TVP23B,non-target,-25.823433252832796
TVP23C,non-target,-3.584913349390122
TWF1,non-target,-23.563176045971858
TWF2,non-target,20.968935522998024
TWIST1,non-target,-15.68644517011828
TWNK,non-target,20.67412360246503
TWSG1,non-target,62.341071357939065
TXK,in-trial,50.33401380043566
TXLNA,non-target,-39.19052905025667
TXLNB,non-target,-0.6819879739879795
TXLNG,non-target,-6.740441425399294
TXN2,non-target,-28.57993698398768
TXNDC11,non-target,-3.914857922265933
TXNDC12,non-target,-27.33868489677651
TXNDC15,non-target,5.006854508012613
TXNDC16,non-target,3.164125909095624
TXNDC17,non-target,30.40595664948518
TXNDC5,non-target,39.88126867441647
TXNDC9,non-target,-38.83531512181515
TXNIP,non-target,222.23321194221953
TXNL1,non-target,-32.48834701397662
TXNL4A,non-target,-1.1597410386285103
TXNL4B,non-target,-0.245576294429334
TXNRD1,approved,48.25162885877117
TXNRD2,non-target,20.76103712390066
TYK2,approved,-6.3376176663966435
TYMP,non-target,59.630382394916616
TYMS,in-trial,6.4491202094064874
TYSND1,non-target,-8.485287333131756
TYW1,non-target,-24.497938462397286
TYW1B,non-target,-10.069395849881465
TYW3,non-target,0.4204802010639525
TYW5,non-target,-5.239697004707396
U2AF1L4,non-target,18.721090535443206
U2AF2,non-target,-12.152639406634847
U2SURP,non-target,-35.104782999764105
UAP1,non-target,46.78281847381015
UAP1L1,non-target,-4.6181337409861785
UBA1,non-target,-36.904930012820095
UBA2,non-target,-31.282686739234872
UBA3,in-trial,-24.16715489447033
UBA5,non-target,-14.23469630737837
UBA6,non-target,-47.28278800936081
UBA7,non-target,32.61386574241499
UBAC1,non-target,-16.717918070877516
UBAC2,non-target,-11.040460424504907
UBALD1,non-target,-7.647898766302696
UBAP2,non-target,-26.71127174275763
UBAP2L,non-target,-43.62509862794102
UBASH3A,non-target,3.486459202584809
UBASH3B,non-target,-13.595021571801253
UBB,non-target,-14.24979006024419
UBC,non-target,-7.305009828992316
UBE2A,non-target,-8.055494790950178
UBE2B,non-target,-33.867619212962516
UBE2C,non-target,-16.146536388336134
UBE2D1,non-target,-31.693307840016416
UBE2D2,non-target,-47.07970581222967
UBE2D3,non-target,-32.903767355961
UBE2D4,non-target,-9.321126206561908
UBE2E1,non-target,0.1825682516874044
UBE2E2,non-target,10.569572972411256
UBE2E3,non-target,5.147328342685321
UBE2F,non-target,41.32833166216554
UBE2G1,non-target,-6.077366558003059
UBE2G2,non-target,-18.62757188314628
UBE2H,non-target,17.190318677832146
UBE2I,non-target,-54.86752666162594
UBE2J1,non-target,-0.8772626939433318
UBE2J2,non-target,-49.15718677514396
UBE2K,non-target,-46.82271444099769
UBE2L3,non-target,-20.926116228771093
UBE2L6,non-target,20.284501231638146
UBE2M,non-target,-27.23299911629915
UBE2N,non-target,-26.750434522904413
UBE2O,non-target,-32.49824670685176
UBE2Q1,non-target,-45.43246460798768
UBE2Q2,non-target,-2.563759641114847
UBE2QL1,non-target,-5.690597985871658
UBE2R2,non-target,7.786173602108371
UBE2S,non-target,59.414917645915125
UBE2T,non-target,57.15620182913052
UBE2V1,non-target,-41.11622558547251
UBE2V2,non-target,-25.85762473644858
UBE2W,non-target,-17.19614600426667
UBE2Z,non-target,-0.0324547864337129
UBE3A,non-target,-53.39568483243951
UBE3B,non-target,-24.05746578116609
UBE3C,non-target,-22.476427837386183
UBE3D,non-target,-17.744298770169014
UBE4A,non-target,-34.45837950029621
UBE4B,non-target,-33.49179435034327
UBIAD1,non-target,-27.10728951382684
UBL3,non-target,38.79187724999545
UBL4A,non-target,-28.76846465339261
UBL5,non-target,-25.672984835206
UBL7,non-target,-25.657385599299264
UBLCP1,non-target,14.908897907795833
UBN1,non-target,-38.68508436021952
UBN2,non-target,-10.396753146575486
UBOX5,non-target,-16.09600872310762
UBP1,non-target,-39.645835149084625
UBQLN1,non-target,-43.52587124411738
UBQLN2,non-target,18.36178568805572
UBQLN4,non-target,-13.981100693348717
UBR2,non-target,46.45424557927836
UBR3,non-target,-29.380389134049732
UBR4,non-target,-28.216429051408763
UBR5,non-target,-24.000590898237068
UBR7,non-target,-14.435550428433515
UBTD1,non-target,-5.380323331310303
UBTD2,non-target,-6.066609599938971
UBTF,non-target,-19.901547642237635
UBXN1,non-target,-18.080268317768297
UBXN10,non-target,18.09827989944125
UBXN11,non-target,21.346040994854977
UBXN2A,non-target,-9.312371798164792
UBXN2B,non-target,-8.174783490724801
UBXN4,non-target,-23.50375153968564
UBXN6,non-target,-10.990242577008834
UBXN7,non-target,-11.673720217698603
UBXN8,non-target,-3.4393450039422055
UCHL1,non-target,13.82016299201711
UCHL3,non-target,-5.461194849810752
UCHL5,non-target,25.79312922313969
UCK1,non-target,-21.14917731113003
UCK2,non-target,65.31769635528049
UCKL1,non-target,-27.48550821612688
UCN,non-target,-8.872218804787394
UCP2,non-target,10.116937897637692
UCP3,non-target,19.920762550536818
UEVLD,non-target,41.918468910207885
UFC1,non-target,3.412716617903699
UFD1,non-target,-19.629505011226897
UFL1,non-target,-28.45286422783292
UFM1,non-target,44.562143658133806
UFSP1,non-target,-11.641125597252024
UFSP2,non-target,-15.0535986119538
UGCG,approved,-10.158315484311087
UGDH,non-target,24.532901516592194
UGGT1,non-target,-29.23206026106085
UGP2,non-target,-12.124035209732956
UHMK1,non-target,-50.877967603043885
UHRF1,non-target,52.66269495014737
BLTP3A,non-target,-13.509044478935143
BLTP3B,non-target,-12.650774060511464
UHRF2,non-target,-13.271596020826747
UIMC1,non-target,-39.759634840378546
ULBP2,non-target,-0.2416193398244447
ULK1,non-target,16.48869746842089
ULK2,non-target,-5.741133679849415
ULK4,non-target,-12.82353364261392
UMAD1,non-target,-16.145775929087307
UNC119,non-target,22.786608902122413
UNC119B,non-target,-19.865458643033037
UNC13D,non-target,0.7974539544062699
UNC45A,non-target,-30.868610886387927
UNC50,non-target,-29.64095418638807
UNC5CL,non-target,-10.444630417825811
UNC93B1,non-target,4.041078305780751
UNG,non-target,-5.40099869375215
UNK,non-target,-15.43968862353678
UPF2,non-target,-41.68400080770272
UPF3A,non-target,-24.11068600946976
UPP1,non-target,75.52005937473638
UPRT,non-target,-14.688792162946529
UQCC1,non-target,-30.183339290071913
UQCC2,non-target,18.65320491962754
UQCC3,non-target,-7.619401247145762
UQCR10,non-target,-32.33830307555985
UQCR11,non-target,-42.19186776788251
UQCRB,non-target,19.277865540246356
UQCRC1,non-target,-17.031040548822997
UQCRC2,non-target,-37.99377213122847
UQCRFS1,non-target,-16.580275836084162
UQCRH,non-target,-27.898961152879803
UQCRHL,non-target,-8.490782847247848
UQCRQ,non-target,-20.40528865624101
URB1,non-target,22.38171635008244
URB2,non-target,-0.2589522586837702
URGCP,non-target,-35.52671568817828
URI1,non-target,-40.58224106810704
URM1,non-target,-33.007497138441806
UROD,non-target,-24.91869455388496
UROS,non-target,13.418215079993052
USB1,non-target,-20.904776160296063
USF1,non-target,-27.85153857425151
USF2,non-target,-31.955165587018826
USF3,non-target,-23.41697473560593
USO1,non-target,-13.169589230513004
USP1,non-target,-12.131271813530049
USP10,non-target,-33.27172621983156
USP11,non-target,58.70058955772902
USP12,non-target,7.1161669025592955
USP13,non-target,12.028252603263942
USP14,non-target,-24.57356984523659
USP15,non-target,6.031110157154568
USP16,non-target,-39.074919945295896
USP18,non-target,31.47205651327077
USP19,non-target,-35.11811653848157
USP20,non-target,22.147416582163135
USP21,non-target,-27.56695662976645
USP22,non-target,-29.736038660545272
USP24,non-target,-22.01407688306017
USP25,non-target,23.236593225280934
USP28,non-target,0.3213389990049791
USP3,non-target,-13.215695691435904
USP30,non-target,-18.446593412153547
USP32,non-target,-8.643808378563298
USP33,non-target,-34.01236935380925
USP34,non-target,-43.200316104243846
USP35,non-target,1.228424393613854
USP36,non-target,-32.1129748467811
USP38,non-target,-43.71833094014339
USP39,non-target,-28.27123221208113
USP4,non-target,-31.63568679426557
USP40,non-target,4.43398558803238
USP42,non-target,-33.1908839205419
USP44,non-target,-11.39265014929472
USP45,non-target,-8.59704665850898
USP46,non-target,-8.829942369763769
USP47,non-target,-31.998889937182128
USP48,non-target,-20.34178921455958
USP5,non-target,-31.253854467879886
USP51,non-target,1.835749881257221
USP53,non-target,19.14551444868843
USP6NL,non-target,6.648729315734734
USP7,non-target,-46.287913145645724
USP9X,non-target,-24.510467933219417
USP9Y,non-target,-18.065832562861143
UTP18,non-target,-16.3432709143918
UTP23,non-target,-25.17729920189432
UTS2,non-target,3.575414817154946
UTY,non-target,-21.25039088045417
UVRAG,non-target,-15.230469063620273
UVSSA,non-target,-25.01194864881191
UXS1,non-target,0.4977916396875337
UXT,non-target,16.28131423597685
VAC14,non-target,-19.387038078829207
VAMP1,non-target,56.576968313367495
VAMP2,non-target,72.81861118923874
VAMP3,non-target,1.947590374168456
VAMP4,non-target,26.77278837507248
VAMP5,non-target,20.162413513025907
VAMP7,non-target,-41.28323176767529
VAMP8,non-target,22.46463749690113
VANGL1,non-target,3.700979922142462
VAPA,non-target,-61.69775019699136
VAPB,non-target,-30.678474175004425
VARS1,non-target,40.06036367326608
VARS2,non-target,-9.89554748372381
VASH1,non-target,10.060274870226516
VASP,non-target,7.194857946009283
VAT1,non-target,15.249596593071171
VAV1,non-target,-20.06469374214434
VAV3,non-target,11.292451233429736
VBP1,non-target,-1.2082639720509671
VCL,non-target,6.368180625647386
VCPIP1,non-target,-10.411323291450657
VCPKMT,non-target,-22.93180070952585
VDAC1,non-target,-3.566476679763781
VDAC2,non-target,-24.259124959250727
VDAC3,non-target,-1.6499900549618236
VDR,approved,48.768639274714566
VEGFA,in-trial,137.85036484434195
VEGFB,non-target,56.82687679683054
VEZF1,non-target,-0.7133546945183623
VEZT,non-target,1.0983526724307602
VGLL4,non-target,-6.8058034467763635
VHL,non-target,-25.193085257364796
VILL,non-target,-12.575983715242854
VIM,non-target,-69.78547055311934
VIPAS39,non-target,-23.527993791652403
VIPR1,non-target,12.0132118634835
VKORC1,in-trial,-1.4547445548511082
VKORC1L1,non-target,-24.565442368118568
VLDLR,non-target,53.56114550049271
VMA21,non-target,-49.1447427467038
VMAC,non-target,-0.8220623322756152
VMP1,non-target,50.61592730259645
VNN2,non-target,25.517825659376022
VOPP1,non-target,29.229588769029338
VPS11,non-target,-4.805116677654536
VPS13A,non-target,-33.818174350844465
VPS13B,non-target,10.902269768163851
VPS13C,non-target,29.76577478637334
VPS16,non-target,-22.610355284970293
VPS25,non-target,-33.3394510175782
VPS26A,non-target,-4.540482390497355
VPS26B,non-target,-13.22282168131027
VPS26C,non-target,-19.893810141926924
VPS28,non-target,-8.996607182327688
VPS29,non-target,-21.31958538636243
VPS33A,non-target,-39.67842334329044
VPS33B,non-target,-26.937517977600237
VPS35,non-target,-51.083284552137435
VPS35L,non-target,9.372091432110995
VPS36,non-target,-14.052622267251923
VPS37B,non-target,-7.072532019933415
VPS37C,non-target,-8.476290606944472
VPS39,non-target,-19.90144766456333
VPS41,non-target,-5.38993486615
VPS45,non-target,2.601695896189113
VPS4A,non-target,-51.76957825688479
VPS4B,non-target,-21.104565559156345
VPS50,non-target,-17.782779271761026
VPS52,non-target,-40.13791357534745
VPS54,non-target,-7.131986354907995
VPS8,non-target,26.85781774864891
VPS9D1,non-target,-3.8926252504600103
VRK1,non-target,17.737268310984533
VRK2,non-target,-25.213402853034268
VRK3,non-target,-18.735865248397108
VSIG10,non-target,25.744808073917472
VSIG10L,non-target,-5.502817608458074
VSIR,non-target,39.552670936245754
VSTM2L,non-target,9.119847547011371
VSTM4,non-target,-5.246689464131925
VTA1,non-target,-40.05287697601874
VTI1A,non-target,-30.42987098502052
VTI1B,non-target,-38.68356152077407
VWA5A,non-target,17.743741966319174
VWA7,non-target,-5.669019386463248
VWA8,non-target,-22.586843628183672
VWCE,non-target,19.782343856431517
VWDE,non-target,-8.3606202546136
WAC,non-target,-36.749395675902974
WAPL,non-target,-62.75652896568181
WARS1,non-target,41.07980808503939
WARS2,non-target,-20.28723408960549
WAS,non-target,-11.478087813764365
WASF1,non-target,-5.433369886696538
WASF2,non-target,-11.109341640041558
WASHC3,non-target,36.43060859757828
WASHC4,non-target,-9.388891614246663
WASHC5,non-target,-34.47579064079874
WASL,non-target,-1.1347291819865335
WBP1,non-target,24.862244620296735
WBP11,non-target,-30.36468203882518
WBP1L,non-target,-12.221972433803872
WBP2,non-target,11.871467178726926
WBP4,non-target,-12.756042752294691
WDFY1,non-target,72.49087425490625
WDFY2,non-target,20.612209712961388
WDHD1,non-target,-13.09027433428747
WDPCP,non-target,-16.964481109953983
WDR11,non-target,-7.027069027379511
WDR13,non-target,0.0565159381177409
WDR18,non-target,20.482688293920116
WDR19,non-target,-5.9035547350236035
WDR20,non-target,-40.848945272074985
WDR24,non-target,-33.93848452615484
WDR25,non-target,-14.725942420620768
WDR26,non-target,24.894749356748815
WDR27,non-target,-20.84115547784099
WDR35,non-target,-8.385571148331094
WDR37,non-target,-17.19382717150286
WDR41,non-target,-1.8440848490492503
WDR44,non-target,-20.135631204278976
WDR45B,non-target,-1.6426136181479432
WDR47,non-target,-19.74243773567839
WDR48,non-target,-1.198962756104817
WDR53,non-target,-37.37327984671208
WDR54,non-target,9.547479676789688
WDR59,non-target,-19.57928105908213
WDR5B,non-target,-8.938922036831876
WDR6,non-target,-18.399180285691344
SKIC8,non-target,-23.288992848295603
WDR62,non-target,-1.0085147046881453
WDR7,non-target,-19.70736410618804
WDR73,non-target,-28.900239253832662
WDR76,non-target,-2.587515342352608
WDR77,non-target,27.37015394044565
WDR81,non-target,19.982247595790906
WDR82,non-target,-50.629817214366625
WDR83,non-target,-37.383889900625654
WDR83OS,non-target,-12.690676054833014
WDR89,non-target,-39.41955522767109
WDR90,non-target,-17.52003410585048
WDR91,non-target,-14.839975689658932
WDSUB1,non-target,-5.073452095193718
WDTC1,non-target,49.29146668639149
WEE1,in-trial,-10.737560130659892
WHAMM,non-target,7.321779930459452
WHRN,non-target,31.723543827518473
WIPF1,non-target,-8.391740936669436
WIPF2,non-target,-27.015294646814713
WIPI1,non-target,63.54289121175956
WIPI2,non-target,-31.218311033365623
WIZ,non-target,-21.210187932272717
WNK1,non-target,3.008915840767623
WNT10B,non-target,-1.441465235530777
WNT5B,non-target,27.356402133863288
WRAP53,non-target,-17.062763810569887
WRAP73,non-target,-31.648356139401923
WRN,non-target,-15.528935993724774
WRNIP1,non-target,-44.616510507094425
WSB1,non-target,35.820588756041346
WSB2,non-target,24.725276559020372
WTAP,non-target,-39.98740671311009
WWC3,non-target,-22.777616181141553
WWOX,non-target,4.596667204541913
WWP1,non-target,-33.62310822893219
WWP2,non-target,-27.860038543272083
WWTR1,non-target,11.20409742844087
XAF1,non-target,85.57241014088633
XBP1,non-target,64.81790170334529
XCL1,non-target,28.60607414231139
XCL2,non-target,44.98624988552643
XIAP,non-target,-9.027463364086035
XIRP1,non-target,45.73442561279449
XKR3,non-target,-11.623234912039612
XKR6,non-target,-2.736916940864532
XKR8,non-target,-11.030163994135547
XKR9,non-target,-9.84354640517281
XPA,non-target,-5.7378077296359535
XPNPEP1,in-trial,-39.21592561286083
XPNPEP3,in-trial,-19.531154094851026
XPO1,approved,-26.826117183635123
XPO4,non-target,-8.943192484147445
XPO5,non-target,-9.679375171836613
XPO6,non-target,-39.117178454425826
XPO7,non-target,-36.976568028629245
XPOT,non-target,41.206372976943975
XPR1,non-target,-24.848202453228826
XRCC1,non-target,-23.476786075157595
XRCC2,non-target,2.779476007653656
XRCC4,non-target,-32.58841575783199
XRN1,non-target,71.98341506701185
XRN2,non-target,-45.17494200110638
XRRA1,non-target,-21.987068178239287
XXYLT1,non-target,2.627122552580694
XYLB,non-target,-10.021501333774433
XYLT1,non-target,-10.724749004039609
XYLT2,non-target,16.18993119506875
YAF2,non-target,-24.599881989438924
YARS1,non-target,-7.548853389139168
YARS2,non-target,-35.401938946518754
YBEY,non-target,-17.53408480747184
YBX1,non-target,23.68188799605964
YBX3,non-target,39.77957226985898
YDJC,non-target,-13.315831324331755
YEATS2,non-target,-23.89831058991847
YEATS4,non-target,-13.751975596139454
YES1,approved,6.063318131261781
YIF1A,non-target,-11.983281625026953
YIF1B,non-target,-19.510708552568797
YIPF1,non-target,-17.63466605362216
YIPF2,non-target,-9.180620991132344
YIPF3,non-target,-6.375447570566095
YIPF4,non-target,-9.682246185509229
YIPF5,non-target,-18.878431890300813
YIPF6,non-target,-5.173597698838305
YJEFN3,non-target,-11.131606978978809
YJU2,non-target,-34.225045342478424
YJU2B,non-target,-26.21282558406631
YKT6,non-target,-23.12895428110616
YME1L1,non-target,-47.973232908461
YOD1,non-target,-30.380177738305814
YPEL1,non-target,18.766462508232788
YPEL2,non-target,30.81091037992665
YPEL3,non-target,111.0785327709876
YPEL5,non-target,144.13110181480872
YRDC,non-target,30.238513556713684
YTHDC2,non-target,-31.97819934360142
YTHDF1,non-target,-42.72379424270593
YTHDF2,non-target,-62.004419715485646
YTHDF3,non-target,-35.85741686430408
YWHAB,non-target,-31.3711056666298
YWHAE,non-target,-3.080626556296101
YWHAG,non-target,-15.25242950585286
YWHAH,non-target,-4.957307231095627
YWHAQ,non-target,-0.6167699862863524
YWHAZ,non-target,-32.22513623734017
YY1,non-target,-48.49831727365801
YY1AP1,non-target,-33.12650946875632
YY2,non-target,-12.470619634473248
PTGR3,non-target,9.467902973059706
ZAP70,non-target,-30.511765200250036
ZBED1,non-target,-21.44063101714188
ZBED2,non-target,31.06083971250368
ZBED3,non-target,-3.761668943490875
ZBED4,non-target,-38.00923901523355
ZBED5,non-target,-22.886919549432665
SCAND3,non-target,-8.524773019762454
ZBP1,non-target,33.27368250865078
ZBTB1,non-target,57.19785995696943
ZBTB10,non-target,27.886354692912565
ZBTB12,non-target,-13.13493527681061
ZBTB14,non-target,-31.407875943708376
ZBTB16,non-target,-0.6034823830562791
ZBTB17,non-target,20.179939344037653
ZBTB18,non-target,15.214065019390176
ZBTB2,non-target,-32.39536859884433
ZBTB21,non-target,31.249181905736062
ZBTB22,non-target,7.929879650201715
ZBTB24,non-target,-27.65675374338122
ZBTB25,non-target,32.194590663404185
ZBTB26,non-target,-11.19315638137295
ZBTB3,non-target,-3.347770657706119
ZBTB32,non-target,69.0089870250014
ZBTB33,non-target,-26.82348330481184
ZBTB34,non-target,-24.11014000557159
ZBTB37,non-target,-13.217723416677686
ZBTB38,non-target,21.135705432372923
ZBTB39,non-target,-28.94368701340184
ZBTB40,non-target,-27.93011572531582
ZBTB41,non-target,-0.1227797322065124
ZBTB42,non-target,-11.378796162169255
ZBTB43,non-target,-17.06124768516789
ZBTB44,non-target,-0.2451689081764148
ZBTB45,non-target,-29.037554636692416
ZBTB46,non-target,16.27345488268703
ZBTB47,non-target,2.3428376410368923
ZBTB48,non-target,-25.206323212384167
ZBTB49,non-target,-20.743716726983404
ZBTB5,non-target,-4.687730406598683
ZBTB6,non-target,-31.032495046072444
ZBTB7A,non-target,-7.4222743355288685
ZBTB7B,non-target,14.120108381593647
ZBTB7C,non-target,6.043440034216689
ZBTB8A,non-target,-1.709695296495024
TSLIG1,non-target,-13.590913121178366
ZBTB9,non-target,-21.64483186683057
ZC2HC1A,non-target,34.47925224614334
ZC3H10,non-target,-13.249623281526672
ZC3H12A,non-target,15.00317476817987
ZC3H12B,non-target,-8.940439140300738
ZC3H12C,non-target,14.126102552867248
ZC3H12D,non-target,13.364611712662798
ZC3H13,non-target,-41.43030008843274
ZC3H14,non-target,-38.28023701049714
ZC3H15,non-target,-14.034641481608356
ZC3H3,non-target,-24.582211720621174
ZC3H4,non-target,10.9322419613719
ZC3H6,non-target,39.98861545605421
ZC3H7A,non-target,-3.5736320678986666
ZC3H7B,non-target,-11.857237356439336
ZC3HAV1,non-target,22.623981351491647
ZC3HAV1L,non-target,20.0120551659258
ZC3HC1,non-target,-36.63326293487496
ZC4H2,non-target,16.768270449509174
ZCCHC10,non-target,-34.54368369480213
ZCCHC14,non-target,0.0198835866930563
ZCCHC17,non-target,-31.76723399872439
ZCCHC18,non-target,-6.115991447319709
ZCCHC2,non-target,-27.647095875764776
ZCCHC24,non-target,21.370246393276577
ZCCHC3,non-target,-26.791587755156616
ZCCHC4,non-target,-27.590978404822533
ZCCHC7,non-target,-16.33696961555933
ZCCHC8,non-target,-31.145707368194337
ZCCHC9,non-target,-34.93016951489698
ZCRB1,non-target,-16.132463667200216
ZCWPW1,non-target,-2.490784700541941
ZCWPW2,non-target,-9.49922755400427
ZDBF2,non-target,2.1882833812213605
ZDHHC12,non-target,-11.9783621007728
ZDHHC13,non-target,-22.8335248297648
ZDHHC14,non-target,23.62076343098015
ZDHHC16,non-target,-12.892130114597927
ZDHHC17,non-target,-17.02667741666075
ZDHHC18,non-target,-27.02340545356105
ZDHHC2,non-target,36.16450957513393
ZDHHC20,non-target,-29.144945365584505
ZDHHC21,non-target,-10.758770611405572
ZDHHC23,non-target,3.083617297626972
ZDHHC24,non-target,-17.714291429915622
ZDHHC3,non-target,-28.769995158618425
ZDHHC4,non-target,7.106779007945868
ZDHHC5,non-target,-46.81941416445296
ZDHHC6,non-target,-31.983704792024195
ZDHHC7,non-target,-37.53974227745034
ZDHHC8,non-target,-12.735709795954936
ZDHHC9,non-target,-0.4327371658484296
ZEB1,non-target,-15.743902376762112
ZEB2,non-target,37.42938187417374
ZER1,non-target,41.182117444062705
ZFAND1,non-target,-15.798070403732993
ZFAND2A,non-target,5.522990473121652
ZFAND2B,non-target,-11.35787812675539
ZFAND3,non-target,26.123593343753697
ZFAND4,non-target,-14.25335262367588
ZFAND5,non-target,-12.380334945238182
ZFAT,non-target,-29.946158948731796
ZFC3H1,non-target,20.287468134047643
ZFHX2,non-target,8.546799371791023
ZFHX3,non-target,2.357918649920542
ZFP1,non-target,-9.460512278603256
ZFP14,non-target,6.9908719735259295
ZFP28,non-target,26.101459598558495
ZFP3,non-target,14.520971183311929
ZFP30,non-target,31.37919081891452
ZFP36,non-target,37.833605966102674
ZFP36L1,non-target,45.36857895308527
ZFP36L2,non-target,88.53781117038086
ZFP37,non-target,-9.09099698416887
ZFP41,non-target,-6.782158452443089
ZFP57,non-target,3.084395219183168
ZFP62,non-target,-11.331092702231592
ZFP64,non-target,-37.623668168954595
ZFP69,non-target,-2.750495405044896
ZFP69B,non-target,-0.9489314830787628
ZFP82,non-target,18.67603123592672
ZFP90,non-target,30.317523019945583
ZFP91,non-target,-47.6151292691351
ZFP92,non-target,-3.836984528298246
ZFPL1,non-target,-28.48159812357494
ZFR,non-target,-36.54092967021534
ZFTA,non-target,-1.7285333732992576
ZFX,non-target,-37.11676403372539
ZFY,non-target,-21.48474425459592
ZFYVE1,non-target,36.895419749217886
ZFYVE16,non-target,1.8917792907493496
ZFYVE21,non-target,-10.480415337215058
ZFYVE26,non-target,-17.77643592818523
ZFYVE27,non-target,-23.181906677369565
ZFYVE28,non-target,41.61533076849494
ZFYVE9,non-target,-6.51162232452715
ZG16B,non-target,-2.9384373556648526
ZGLP1,non-target,-13.112680662501896
ZGPAT,non-target,-45.02940258893881
ZGRF1,non-target,1.1750256303517428
ZHX1,non-target,6.862036707169973
ZHX2,non-target,23.383766272732668
ZHX3,non-target,-11.205513664558708
ZIK1,non-target,19.034659673475037
ZIM3,non-target,37.694766631973934
ZKSCAN1,non-target,-3.8163659441604074
ZKSCAN3,non-target,-4.689115405562819
ZKSCAN4,non-target,-16.207467599823698
ZKSCAN5,non-target,-23.290067001772872
ZKSCAN7,non-target,-0.2150968114389269
ZMAT1,non-target,22.867511550259675
ZMAT3,non-target,151.7585778669615
ZMIZ1,non-target,-3.492283646275912
ZMIZ2,non-target,36.503910718354625
ZMPSTE24,non-target,-9.72111008956305
ZMYM1,non-target,1.8954151807134487
ZMYM2,non-target,36.32456951078623
ZMYM3,non-target,27.09607840734341
ZMYM4,non-target,-9.52522121466481
ZMYM5,non-target,3.7542083333207823
ZMYM6,non-target,-20.565198165722823
ZMYND11,non-target,2.416733481034626
ZMYND19,non-target,-1.0264289536953983
ZMYND8,non-target,-1.724892018035618
ZNF10,non-target,-1.4648361664432816
ZNF100,non-target,-19.94013646037741
ZNF101,non-target,17.02636717395744
ZNF106,non-target,-48.33995889250783
ZNF107,non-target,-15.373232220262564
ZNF117,non-target,12.713640587563267
ZNF12,non-target,0.0520143869301256
ZNF121,non-target,-16.258353392217483
ZNF124,non-target,-17.299036984681734
ZBTB35,non-target,-41.341699788388375
ZNF132,non-target,-7.921273101039477
ZNF133,non-target,-20.89855202424435
ZNF134,non-target,-5.539932490043564
ZNF136,non-target,1.1519849177092212
ZNF138,non-target,-11.942217454290764
ZNF14,non-target,1.9625071046559572
ZNF140,non-target,0.0278093088040757
ZNF141,non-target,-5.811649069504189
ZNF142,non-target,-37.87870504413868
ZNF146,non-target,-39.68661550597993
ZNF148,non-target,-41.8789313382124
ZNF154,non-target,4.7492109418807305
ZNF155,non-target,-9.789791176688563
ZNF16,non-target,-20.44274659887216
ZNF160,non-target,54.97627342304431
ZNF165,non-target,-1.508723282623593
ZNF169,non-target,-18.566448501978112
ZNF17,non-target,-23.76788183152332
ZNF174,non-target,-23.938998773982743
ZNF175,non-target,29.37502210624125
ZNF177,non-target,-6.071426515573613
ZNF18,non-target,-28.723647133160103
ZNF180,non-target,-26.378239052764147
ZNF181,non-target,-5.7699601045889395
ZNF182,non-target,-28.49617006465114
ZNF184,non-target,-22.942293148552523
ZNF185,non-target,-14.315851045201931
ZNF189,non-target,-17.994442686716578
ZNF19,non-target,-12.806716221666804
ZNF195,non-target,-33.264901087961114
ZNF197,non-target,-7.304774370252569
ZNF2,non-target,-17.751160324634057
ZNF20,non-target,-3.1256899553955706
ZNF200,non-target,-9.60476461032985
ZNF202,non-target,-20.886689622864903
ZNF211,non-target,-2.2053497221401037
ZNF212,non-target,-14.035471791958942
ZNF213,non-target,-24.824037114674876
ZNF215,non-target,-10.324932573682917
ZNF217,non-target,23.354316006397813
ZNF219,non-target,14.821163568445634
ZNF22,non-target,39.636366661689195
ZNF221,non-target,-6.966762985222374
ZNF222,non-target,-6.913253308507489
ZNF223,non-target,-0.6281727778793549
ZNF224,non-target,13.576775168748258
ZNF225,non-target,-8.764291190475358
ZNF226,non-target,-3.5579876272399864
ZNF227,non-target,-21.812893787732865
ZNF229,non-target,-2.6369481132251167
ZNF23,non-target,-21.042318486600944
ZNF230,non-target,-13.63004769720372
ZNF232,non-target,-10.677944230329148
ZNF235,non-target,-4.507248611776686
ZNF236,non-target,-25.882446837239996
ZNF24,non-target,-26.945747344669105
ZNF248,non-target,-14.072515133166982
ZNF25,non-target,-6.7901238241401005
ZNF250,non-target,-2.940979542407329
ZNF251,non-target,11.556952492196968
ZNF253,non-target,22.32964749959792
ZNF254,non-target,11.797336162111998
ZNF256,non-target,13.950615488093725
ZNF257,non-target,-16.79520822230825
ZNF26,non-target,-16.801108570894975
ZNF260,non-target,38.35846287491069
ZNF263,non-target,-12.916622391382075
ZNF264,non-target,36.08376327627352
ZNF266,non-target,-15.752957087200535
ZNF267,non-target,39.74713038015137
ZNF268,non-target,-16.892738898818347
ZNF273,non-target,-16.19044170184067
ZNF274,non-target,35.418794296949955
ZNF275,non-target,-29.91480976495669
ZNF276,non-target,-8.602412221133719
ZNF277,non-target,0.6463484835668538
ZNF280B,non-target,-12.033839040125637
ZNF280C,non-target,-6.043109090496013
ZNF280D,non-target,-4.134171264725981
ZNF281,non-target,-4.135793719168148
ZNF282,non-target,9.475846163965215
ZNF283,non-target,-3.972115675815767
ZNF284,non-target,7.655382576347766
ZNF285,non-target,-5.194954258219155
ZNF286A,non-target,-17.620237784543058
ZNF287,non-target,2.40703913278141
ZNF292,non-target,18.993579907539416
ZNF296,non-target,-9.255220945296983
ZNF3,non-target,-32.02714547522334
ZNF30,non-target,-3.1892837003481422
ZNF300,non-target,-13.733328478914478
ZNF302,non-target,-11.057195720304158
ZNF304,non-target,-7.468841913563129
ZNF311,non-target,-6.509557805957904
ZNF316,non-target,-27.344842896983625
ZNF317,non-target,-37.53546233945668
ZNF318,non-target,-7.680327262709032
ZNF319,non-target,-17.757006691339424
ZNF32,non-target,27.124167567958363
ZNF320,non-target,7.632806324069887
ZNF322,non-target,-6.813445711781263
ZNF324,non-target,-19.169550034227697
ZNF326,non-target,-19.59914498146482
ZNF329,non-target,61.98236659514222
NOAZFP,non-target,-17.2493405177617
ZNF331,non-target,-4.875759573887575
ZNF333,non-target,-11.705235832162955
ZNF334,non-target,-5.887622389487462
ZNF337,non-target,1.6282753924479962
ZNF33A,non-target,-3.9769350491717583
ZNF33B,non-target,1.540931508390642
ZNF34,non-target,-10.733041093871853
ZNF343,non-target,-29.213043508869102
ZNF345,non-target,19.771435027990716
ZNF346,non-target,-38.498337602016505
ZNF347,non-target,-0.8430057787493274
ZNF35,non-target,-0.8513776811152288
ZNF350,non-target,-4.1877537957772715
ZNF354A,non-target,-1.9346511911843507
ZNF354B,non-target,-10.72717559054953
ZNF354C,non-target,14.9293981639858
ZNF358,non-target,39.25352569062772
ZNF362,non-target,29.88823929160992
ZNF367,non-target,-13.668932348552966
ZNF37A,non-target,-18.083244822759895
ZNF382,non-target,22.723769909855974
ZNF383,non-target,-6.47665393365772
ZNF384,non-target,-52.153533580164854
ZNF385A,non-target,4.41607004627173
ZNF391,non-target,-7.851610571398783
ZNF394,non-target,-18.730542926856423
ZNF396,non-target,-8.154421358133474
ZNF397,non-target,-1.3451029168271162
ZNF398,non-target,-25.269235085187507
ZNF408,non-target,-24.83483454800792
ZNF41,non-target,-28.67443596746715
ZNF410,non-target,-25.145567038115445
ZNF414,non-target,-8.043972299258499
ZNF416,non-target,-12.593078405579922
ZNF419,non-target,-10.740919176239853
ZNF420,non-target,-6.793210873447225
ZNF425,non-target,-8.607138814394952
ZNF426,non-target,-10.550502333652544
ZNF428,non-target,-5.06720964245829
ZNF43,non-target,-7.404445837056833
ZNF430,non-target,-27.658264321827687
ZNF431,non-target,-12.142769302146482
ZNF432,non-target,-5.757749755698558
ZNF436,non-target,-5.377099070694662
ZNF438,non-target,-3.511712692041337
ZNF44,non-target,18.98561480936813
ZNF440,non-target,-1.5130663626646967
ZNF441,non-target,19.365039950978517
ZNF444,non-target,-30.351583531619394
ZNF445,non-target,-22.71283520316929
ZNF446,non-target,-13.588312269951915
ZNF449,non-target,-1.799387220872143
ZNF45,non-target,-16.625373239660476
ZNF451,non-target,-42.91258434680438
ZNF460,non-target,-13.772076937267364
ZNF461,non-target,-4.278971932077869
ZNF470,non-target,19.88443523741508
ZNF473,non-target,-13.158335827737824
ZNF48,non-target,-16.91315339336042
ZNF480,non-target,18.13424503758893
ZNF483,non-target,0.2392052202718417
ZNF484,non-target,-10.33117447155104
ZNF485,non-target,-2.5977964504158
ZNF486,non-target,1.3412215118420896
ZNF490,non-target,-15.784724077786429
ZNF492,non-target,-3.875528841618299
ZNF493,non-target,14.401071752585992
ZNF496,non-target,-3.4014562821908054
ZNF497,non-target,-9.324843070208397
ZNF500,non-target,-18.34998635881795
ZNF501,non-target,-10.253721559908149
ZNF502,non-target,-8.289108525502348
ZNF507,non-target,-33.32021662764174
ZNF510,non-target,-22.867978964469597
ZNF511,non-target,-7.456222947825355
ZNF512,non-target,1.5005791492326026
ZNF512B,non-target,5.879179609040634
ZNF513,non-target,-6.795514425362124
ZNF514,non-target,1.485067383793428
ZNF516,non-target,5.038163234604747
ZNF517,non-target,-14.771627087315249
ZNF518A,non-target,-4.1291184877244405
ZNF518B,non-target,-16.443454938334433
ZNF519,non-target,-16.73427729496866
ZNF524,non-target,-18.880623049105456
ZNF526,non-target,-34.768377512397784
ZNF527,non-target,-10.416986576825584
ZNF529,non-target,-6.838753325338857
ZNF530,non-target,-11.849515182456363
ZNF532,non-target,-16.464071870414575
ZNF540,non-target,-3.446869751996367
ZNF543,non-target,-2.169238339030052
ZNF544,non-target,21.01992484553282
ZNF546,non-target,-12.260714082395358
ZNF547,non-target,-2.0713169859725356
ZNF548,non-target,2.169376398424166
ZNF549,non-target,6.65752545278001
ZNF550,non-target,0.3389445975117204
ZNF552,non-target,-21.98356158417219
ZNF554,non-target,-8.422640930428388
ZNF555,non-target,5.64345509230608
ZNF557,non-target,-28.15394720280179
ZNF558,non-target,-0.1364556729814552
ZNF559,non-target,7.941905923586428
ZNF561,non-target,-7.452756604359197
ZNF562,non-target,16.327662020933005
ZNF563,non-target,6.045945134576584
ZNF564,non-target,-17.68095746899381
ZNF565,non-target,-14.717398028889027
ZNF566,non-target,-0.021156615059412
ZNF567,non-target,4.615297243437716
ZNF568,non-target,13.793995030222982
ZNF569,non-target,-4.252132216346958
ZNF57,non-target,-0.2046647509368918
ZNF570,non-target,-2.3941315406287256
ZNF571,non-target,2.103871151966667
ZNF572,non-target,-7.294902260434651
ZNF573,non-target,30.007726752108013
ZNF574,non-target,-27.022831317758715
ZNF575,non-target,-8.446761971183035
ZNF576,non-target,-27.921027466370333
ZNF577,non-target,-3.4624641610621345
ZNF579,non-target,0.3910954356196446
ZNF580,non-target,24.131707871221128
ZNF581,non-target,7.4216805445271
ZNF582,non-target,3.055660375657362
ZNF583,non-target,6.777302493750142
ZNF584,non-target,-13.795401690987225
ZNF585A,non-target,28.938696908466312
ZNF585B,non-target,25.207762271151847
ZNF586,non-target,-2.0047227301228907
ZNF587,non-target,-19.462296531878692
ZNF587B,non-target,-10.80315613377681
ZNF589,non-target,-18.92354859569599
ZNF592,non-target,-36.312090214530926
ZNF593,non-target,28.08373478637469
ZNF594,non-target,-1.1016664716560658
ZNF595,non-target,-0.0034567775416528
ZNF596,non-target,-9.457612444842908
ZNF597,non-target,-13.35942132363583
ZNF599,non-target,-0.5862430692626871
ZNF600,non-target,25.3213771458645
ZNF605,non-target,-3.990487601278661
ZNF606,non-target,23.990869710134987
ZNF607,non-target,19.76818289903559
ZNF610,non-target,-0.9039026002412728
ZNF613,non-target,-5.500738902666254
ZNF614,non-target,-17.691153021527263
ZNF618,non-target,-9.216123618411077
ZNF619,non-target,10.044547126693791
ZNF620,non-target,-8.77171084539466
ZNF621,non-target,-16.26933405010467
ZNF622,non-target,-23.946006170856823
ZNF623,non-target,14.80720553323365
ZNF624,non-target,-11.039483234263018
ZNF625,non-target,16.622060277719186
ZNF626,non-target,14.01599676601326
ZNF627,non-target,8.350204504559107
ZNF628,non-target,-27.455903565382243
ZNF629,non-target,0.0348838165319259
ZNF630,non-target,4.08235584849679
ZNF638,non-target,-29.33073165738762
ZNF639,non-target,-35.317199928769014
ZNF641,non-target,-4.376390797324224
ZNF644,non-target,-50.45993247789537
ZNF646,non-target,-21.01938347533706
ZNF649,non-target,-5.485696133496613
ZNF652,non-target,24.015180915384647
ZNF653,non-target,-26.204016125233995
ZNF655,non-target,12.778562832854314
ZNF658,non-target,-8.610235274354492
ZNF664,non-target,-27.08292190364187
ZNF669,non-target,-20.77275650238321
ZNF670,non-target,-1.482641389060093
ZNF671,non-target,15.75464261319767
ZNF672,non-target,-21.12832223103438
ZNF674,non-target,-10.594584318898454
ZNF675,non-target,-23.67700574705076
ZNF677,non-target,28.119566149902003
ZNF678,non-target,4.281539052428137
ZNF680,non-target,41.583665708744526
ZNF681,non-target,5.237911432322156
ZNF682,non-target,33.40702863709059
ZNF684,non-target,-21.013983346520337
ZNF687,non-target,-27.26252597133913
ZNF688,non-target,-10.89570883607827
ZNF689,non-target,-31.37793913810852
ZNF691,non-target,-23.51128179287276
ZNF692,non-target,-18.413021234401075
ZNF695,non-target,-2.5526466468310716
ZNF696,non-target,-24.89009557143513
ZNF697,non-target,0.0818451498667064
ZNF699,non-target,-0.622879523714996
ZNF7,non-target,-18.919148868778077
ZNF70,non-target,21.2478071309413
ZNF700,non-target,14.966830919753598
ZNF704,non-target,40.16834003163824
ZNF706,non-target,5.0518210541447095
ZNF707,non-target,-21.81592987433795
ZNF708,non-target,-15.733095471315416
ZNF71,non-target,-4.128597278383071
ZNF710,non-target,-17.317886327094374
ZNF711,non-target,-9.984484963534197
ZNF713,non-target,-13.016834967275882
ZNF714,non-target,-17.205392823505964
ZNF717,non-target,-9.647212066473571
ZNF718,non-target,-13.629398748179096
KRABD5,non-target,-13.678206231548288
ZNF730,non-target,-8.696857036294757
ZNF736,non-target,8.54175781169237
ZNF74,non-target,-16.80570263718745
ZNF740,non-target,-21.71749047511474
ZNF747,non-target,-18.291712357509855
ZNF75A,non-target,43.55302007805968
ZNF75D,non-target,33.8770904964906
ZNF76,non-target,-17.04030124390938
ZNF764,non-target,-21.54290380591502
ZNF765,non-target,-21.521152730068383
ZNF766,non-target,-16.46842214709509
ZNF768,non-target,24.118753835554944
ZNF77,non-target,-8.198645991340438
ZNF770,non-target,-31.04902076307141
ZNF771,non-target,-15.2517883110576
ZNF772,non-target,12.852621757369263
ZNF773,non-target,-8.646882604116684
ZNF774,non-target,-10.86596221143646
ZNF776,non-target,-3.9436869555119713
ZNF777,non-target,-22.28879130743724
ZNF778,non-target,-14.10934159920678
ZNF780A,non-target,-24.864971381872852
ZNF780B,non-target,-12.560441987010128
ZNF782,non-target,-18.124930531636625
ZNF783,non-target,-1.0760725454794189
ZNF784,non-target,-11.837407485546953
ZNF785,non-target,-11.786438941468113
ZNF786,non-target,-26.702408268915928
ZNF787,non-target,-24.51421920238251
ZNF789,non-target,-14.835263802722062
ZNF79,non-target,-7.253045642885802
ZNF790,non-target,9.585790935671604
ZNF791,non-target,-9.554591235829944
ZNF792,non-target,-3.314165598649526
ZNF793,non-target,4.810372373709172
ZNF8,non-target,-10.979675201594866
ZNF80,non-target,-11.791367161235726
ZNF800,non-target,-31.014002171158324
ZNF805,non-target,-8.728489556155465
ZNF808,non-target,8.273638267346582
ZNF813,non-target,10.211231022642828
ZNF816,non-target,-6.078034740818926
ZNF821,non-target,-0.2221264821345651
ZNF823,non-target,7.034746429148911
ZNF827,non-target,15.594850861073928
ZNF829,non-target,-7.9269548965175
ZNF83,non-target,29.257526656701287
ZNF836,non-target,0.0091318635977882
ZNF837,non-target,-10.032764908773292
ZNF839,non-target,-16.323355769295194
ZNF84,non-target,-6.665307643133303
ZNF841,non-target,14.223584537422267
ZNF844,non-target,-3.5314877130257085
ZNF85,non-target,7.911988205953636
ZNF850,non-target,5.134119698723956
ZNF852,non-target,-16.1569638708017
ZNF862,non-target,3.1973075542329212
ZNF875,non-target,-9.0467030560843
ZNF879,non-target,-0.1365433102236591
ZNF880,non-target,10.901476776906806
ZNF888,non-target,5.830905040541029
ZNF891,non-target,-0.2021086067449549
ZNF90,non-target,8.124095242108744
ZNF92,non-target,-33.91228100224523
ZNF98,non-target,-8.887620271035226
ZNFX1,non-target,23.92205379660594
ZNHIT1,non-target,-24.065777089736734
ZNRD2,non-target,3.824073183366631
ZNRF1,non-target,35.71974721101021
ZNRF2,non-target,26.904009197361
ZNRF3,non-target,1.885053788704105
ZP3,non-target,0.5585121906439466
ZPR1,non-target,-8.282605727795051
ZRANB2,non-target,-38.4782805281882
ZRANB3,non-target,-9.288945974725156
ZRSR2,non-target,-28.957469099941672
ZSCAN12,non-target,-10.263644431298044
ZSCAN16,non-target,-19.501938719944267
ZSCAN18,non-target,5.4335840634874515
ZSCAN2,non-target,-15.7886946811483
ZSCAN20,non-target,-7.632322363043016
ZSCAN21,non-target,-18.98501601046549
ZSCAN22,non-target,-18.20896172271876
ZSCAN23,non-target,-8.398459824122028
ZSCAN25,non-target,-22.906820898600895
ZSCAN26,non-target,-8.783125808591123
ZSCAN29,non-target,-27.694838965614405
ZSCAN30,non-target,38.26645015221527
ZSCAN31,non-target,-8.666466517195913
ZSCAN32,non-target,-22.10567896365971
ZSCAN5A,non-target,-14.228766048851062
ZSCAN9,non-target,16.89364612089707
ZSWIM1,non-target,-3.7702819753275576
ZSWIM3,non-target,-22.475847115055917
ZSWIM4,non-target,-4.091555453155141
ZSWIM5,non-target,-8.585939656285822
ZSWIM6,non-target,22.189357552500457
ZSWIM7,non-target,-8.343450523763869
ZSWIM8,non-target,24.948085517350865
ZSWIM9,non-target,-17.073289540730435
ZUP1,non-target,-32.621003051946936
ZW10,non-target,-31.205322303489183
ZWILCH,non-target,31.198243331911954
ZWINT,non-target,52.10351492344527
ZXDB,non-target,-13.07894830659995
ZXDC,non-target,-34.60493657213803
ZYG11A,non-target,1.024011207729922
ZYG11B,non-target,-1.719140755896257
ZYX,non-target,46.54198200729714
ZZEF1,non-target,-25.116045004478465
ZZZ3,non-target,-22.352039707871185
